timestamp,station_id,station_name,latitude,longitude,rainfall_mm
2024-07-15 00:00:00,AWS_COLABA,Colaba,18.9067,72.8147,4.2
2024-07-15 01:00:00,AWS_COLABA,Colaba,18.9067,72.8147,2.2
2024-07-15 02:00:00,AWS_COLABA,Colaba,18.9067,72.8147,2.0
2024-07-15 03:00:00,AWS_COLABA,Colaba,18.9067,72.8147,2.0
2024-07-15 04:00:00,AWS_COLABA,Colaba,18.9067,72.8147,10.0
2024-07-15 05:00:00,AWS_COLABA,Colaba,18.9067,72.8147,5.4
2024-07-15 06:00:00,AWS_COLABA,Colaba,18.9067,72.8147,1.5
2024-07-15 07:00:00,AWS_COLABA,Colaba,18.9067,72.8147,4.4
2024-07-15 08:00:00,AWS_COLABA,Colaba,18.9067,72.8147,3.3
2024-07-15 09:00:00,AWS_COLABA,Colaba,18.9067,72.8147,0.1
2024-07-15 10:00:00,AWS_COLABA,Colaba,18.9067,72.8147,0.7
2024-07-15 11:00:00,AWS_COLABA,Colaba,18.9067,72.8147,3.6
2024-07-15 12:00:00,AWS_COLABA,Colaba,18.9067,72.8147,9.2
2024-07-15 13:00:00,AWS_COLABA,Colaba,18.9067,72.8147,2.0
2024-07-15 14:00:00,AWS_COLABA,Colaba,18.9067,72.8147,1.4
2024-07-15 15:00:00,AWS_COLABA,Colaba,18.9067,72.8147,2.9
2024-07-15 16:00:00,AWS_COLABA,Colaba,18.9067,72.8147,1.3
2024-07-15 17:00:00,AWS_COLABA,Colaba,18.9067,72.8147,1.9
2024-07-15 18:00:00,AWS_COLABA,Colaba,18.9067,72.8147,2.6
2024-07-15 19:00:00,AWS_COLABA,Colaba,18.9067,72.8147,0.6
2024-07-15 20:00:00,AWS_COLABA,Colaba,18.9067,72.8147,5.6
2024-07-15 21:00:00,AWS_COLABA,Colaba,18.9067,72.8147,0.5
2024-07-15 22:00:00,AWS_COLABA,Colaba,18.9067,72.8147,3.2
2024-07-15 23:00:00,AWS_COLABA,Colaba,18.9067,72.8147,5.3
2024-07-16 00:00:00,AWS_COLABA,Colaba,18.9067,72.8147,3.1
2024-07-16 01:00:00,AWS_COLABA,Colaba,18.9067,72.8147,2.3
2024-07-16 02:00:00,AWS_COLABA,Colaba,18.9067,72.8147,1.8
2024-07-16 03:00:00,AWS_COLABA,Colaba,18.9067,72.8147,1.5
2024-07-16 04:00:00,AWS_COLABA,Colaba,18.9067,72.8147,6.8
2024-07-16 05:00:00,AWS_COLABA,Colaba,18.9067,72.8147,3.6
2024-07-16 06:00:00,AWS_COLABA,Colaba,18.9067,72.8147,1.7
2024-07-16 07:00:00,AWS_COLABA,Colaba,18.9067,72.8147,1.1
2024-07-16 08:00:00,AWS_COLABA,Colaba,18.9067,72.8147,4.7
2024-07-16 09:00:00,AWS_COLABA,Colaba,18.9067,72.8147,6.7
2024-07-16 10:00:00,AWS_COLABA,Colaba,18.9067,72.8147,6.2
2024-07-16 11:00:00,AWS_COLABA,Colaba,18.9067,72.8147,0.9
2024-07-16 12:00:00,AWS_COLABA,Colaba,18.9067,72.8147,1.8
2024-07-16 13:00:00,AWS_COLABA,Colaba,18.9067,72.8147,1.5
2024-07-16 14:00:00,AWS_COLABA,Colaba,18.9067,72.8147,2.1
2024-07-16 15:00:00,AWS_COLABA,Colaba,18.9067,72.8147,5.6
2024-07-16 16:00:00,AWS_COLABA,Colaba,18.9067,72.8147,8.5
2024-07-16 17:00:00,AWS_COLABA,Colaba,18.9067,72.8147,3.7
2024-07-16 18:00:00,AWS_COLABA,Colaba,18.9067,72.8147,1.2
2024-07-16 19:00:00,AWS_COLABA,Colaba,18.9067,72.8147,2.5
2024-07-16 20:00:00,AWS_COLABA,Colaba,18.9067,72.8147,9.9
2024-07-16 21:00:00,AWS_COLABA,Colaba,18.9067,72.8147,2.9
2024-07-16 22:00:00,AWS_COLABA,Colaba,18.9067,72.8147,1.9
2024-07-16 23:00:00,AWS_COLABA,Colaba,18.9067,72.8147,2.0
2024-07-17 00:00:00,AWS_COLABA,Colaba,18.9067,72.8147,3.7
2024-07-17 01:00:00,AWS_COLABA,Colaba,18.9067,72.8147,0.9
2024-07-17 02:00:00,AWS_COLABA,Colaba,18.9067,72.8147,1.4
2024-07-17 03:00:00,AWS_COLABA,Colaba,18.9067,72.8147,6.1
2024-07-17 04:00:00,AWS_COLABA,Colaba,18.9067,72.8147,3.6
2024-07-17 05:00:00,AWS_COLABA,Colaba,18.9067,72.8147,2.9
2024-07-17 06:00:00,AWS_COLABA,Colaba,18.9067,72.8147,6.4
2024-07-17 07:00:00,AWS_COLABA,Colaba,18.9067,72.8147,1.1
2024-07-17 08:00:00,AWS_COLABA,Colaba,18.9067,72.8147,1.8
2024-07-17 09:00:00,AWS_COLABA,Colaba,18.9067,72.8147,3.5
2024-07-17 10:00:00,AWS_COLABA,Colaba,18.9067,72.8147,3.4
2024-07-17 11:00:00,AWS_COLABA,Colaba,18.9067,72.8147,0.3
2024-07-17 12:00:00,AWS_COLABA,Colaba,18.9067,72.8147,1.6
2024-07-17 13:00:00,AWS_COLABA,Colaba,18.9067,72.8147,2.2
2024-07-17 14:00:00,AWS_COLABA,Colaba,18.9067,72.8147,3.9
2024-07-17 15:00:00,AWS_COLABA,Colaba,18.9067,72.8147,3.4
2024-07-17 16:00:00,AWS_COLABA,Colaba,18.9067,72.8147,2.4
2024-07-17 17:00:00,AWS_COLABA,Colaba,18.9067,72.8147,0.1
2024-07-17 18:00:00,AWS_COLABA,Colaba,18.9067,72.8147,2.5
2024-07-17 19:00:00,AWS_COLABA,Colaba,18.9067,72.8147,2.8
2024-07-17 20:00:00,AWS_COLABA,Colaba,18.9067,72.8147,17.3
2024-07-17 21:00:00,AWS_COLABA,Colaba,18.9067,72.8147,2.1
2024-07-17 22:00:00,AWS_COLABA,Colaba,18.9067,72.8147,3.5
2024-07-17 23:00:00,AWS_COLABA,Colaba,18.9067,72.8147,7.3
2024-07-18 00:00:00,AWS_COLABA,Colaba,18.9067,72.8147,37.6
2024-07-18 01:00:00,AWS_COLABA,Colaba,18.9067,72.8147,51.0
2024-07-18 02:00:00,AWS_COLABA,Colaba,18.9067,72.8147,10.2
2024-07-18 03:00:00,AWS_COLABA,Colaba,18.9067,72.8147,13.7
2024-07-18 04:00:00,AWS_COLABA,Colaba,18.9067,72.8147,18.1
2024-07-18 05:00:00,AWS_COLABA,Colaba,18.9067,72.8147,9.0
2024-07-18 06:00:00,AWS_COLABA,Colaba,18.9067,72.8147,26.3
2024-07-18 07:00:00,AWS_COLABA,Colaba,18.9067,72.8147,14.4
2024-07-18 08:00:00,AWS_COLABA,Colaba,18.9067,72.8147,54.4
2024-07-18 09:00:00,AWS_COLABA,Colaba,18.9067,72.8147,15.7
2024-07-18 10:00:00,AWS_COLABA,Colaba,18.9067,72.8147,51.2
2024-07-18 11:00:00,AWS_COLABA,Colaba,18.9067,72.8147,78.9
2024-07-18 12:00:00,AWS_COLABA,Colaba,18.9067,72.8147,60.5
2024-07-18 13:00:00,AWS_COLABA,Colaba,18.9067,72.8147,49.4
2024-07-18 14:00:00,AWS_COLABA,Colaba,18.9067,72.8147,89.1
2024-07-18 15:00:00,AWS_COLABA,Colaba,18.9067,72.8147,63.4
2024-07-18 16:00:00,AWS_COLABA,Colaba,18.9067,72.8147,84.0
2024-07-18 17:00:00,AWS_COLABA,Colaba,18.9067,72.8147,27.9
2024-07-18 18:00:00,AWS_COLABA,Colaba,18.9067,72.8147,11.7
2024-07-18 19:00:00,AWS_COLABA,Colaba,18.9067,72.8147,37.3
2024-07-18 20:00:00,AWS_COLABA,Colaba,18.9067,72.8147,14.0
2024-07-18 21:00:00,AWS_COLABA,Colaba,18.9067,72.8147,38.0
2024-07-18 22:00:00,AWS_COLABA,Colaba,18.9067,72.8147,48.0
2024-07-18 23:00:00,AWS_COLABA,Colaba,18.9067,72.8147,14.9
2024-07-19 00:00:00,AWS_COLABA,Colaba,18.9067,72.8147,27.5
2024-07-19 01:00:00,AWS_COLABA,Colaba,18.9067,72.8147,40.0
2024-07-19 02:00:00,AWS_COLABA,Colaba,18.9067,72.8147,22.1
2024-07-19 03:00:00,AWS_COLABA,Colaba,18.9067,72.8147,87.6
2024-07-19 04:00:00,AWS_COLABA,Colaba,18.9067,72.8147,26.7
2024-07-19 05:00:00,AWS_COLABA,Colaba,18.9067,72.8147,13.9
2024-07-19 06:00:00,AWS_COLABA,Colaba,18.9067,72.8147,41.9
2024-07-19 07:00:00,AWS_COLABA,Colaba,18.9067,72.8147,23.6
2024-07-19 08:00:00,AWS_COLABA,Colaba,18.9067,72.8147,37.4
2024-07-19 09:00:00,AWS_COLABA,Colaba,18.9067,72.8147,19.4
2024-07-19 10:00:00,AWS_COLABA,Colaba,18.9067,72.8147,69.4
2024-07-19 11:00:00,AWS_COLABA,Colaba,18.9067,72.8147,67.4
2024-07-19 12:00:00,AWS_COLABA,Colaba,18.9067,72.8147,38.4
2024-07-19 13:00:00,AWS_COLABA,Colaba,18.9067,72.8147,66.0
2024-07-19 14:00:00,AWS_COLABA,Colaba,18.9067,72.8147,51.3
2024-07-19 15:00:00,AWS_COLABA,Colaba,18.9067,72.8147,51.5
2024-07-19 16:00:00,AWS_COLABA,Colaba,18.9067,72.8147,57.5
2024-07-19 17:00:00,AWS_COLABA,Colaba,18.9067,72.8147,33.4
2024-07-19 18:00:00,AWS_COLABA,Colaba,18.9067,72.8147,129.3
2024-07-19 19:00:00,AWS_COLABA,Colaba,18.9067,72.8147,41.5
2024-07-19 20:00:00,AWS_COLABA,Colaba,18.9067,72.8147,35.8
2024-07-19 21:00:00,AWS_COLABA,Colaba,18.9067,72.8147,15.8
2024-07-19 22:00:00,AWS_COLABA,Colaba,18.9067,72.8147,22.1
2024-07-19 23:00:00,AWS_COLABA,Colaba,18.9067,72.8147,74.6
2024-07-20 00:00:00,AWS_COLABA,Colaba,18.9067,72.8147,1.4
2024-07-20 01:00:00,AWS_COLABA,Colaba,18.9067,72.8147,6.8
2024-07-20 02:00:00,AWS_COLABA,Colaba,18.9067,72.8147,21.0
2024-07-20 03:00:00,AWS_COLABA,Colaba,18.9067,72.8147,5.4
2024-07-20 04:00:00,AWS_COLABA,Colaba,18.9067,72.8147,16.2
2024-07-20 05:00:00,AWS_COLABA,Colaba,18.9067,72.8147,10.4
2024-07-20 06:00:00,AWS_COLABA,Colaba,18.9067,72.8147,5.8
2024-07-20 07:00:00,AWS_COLABA,Colaba,18.9067,72.8147,1.1
2024-07-20 08:00:00,AWS_COLABA,Colaba,18.9067,72.8147,11.5
2024-07-20 09:00:00,AWS_COLABA,Colaba,18.9067,72.8147,5.0
2024-07-20 10:00:00,AWS_COLABA,Colaba,18.9067,72.8147,9.1
2024-07-20 11:00:00,AWS_COLABA,Colaba,18.9067,72.8147,14.4
2024-07-20 12:00:00,AWS_COLABA,Colaba,18.9067,72.8147,18.3
2024-07-20 13:00:00,AWS_COLABA,Colaba,18.9067,72.8147,6.8
2024-07-20 14:00:00,AWS_COLABA,Colaba,18.9067,72.8147,5.7
2024-07-20 15:00:00,AWS_COLABA,Colaba,18.9067,72.8147,3.1
2024-07-20 16:00:00,AWS_COLABA,Colaba,18.9067,72.8147,18.9
2024-07-20 17:00:00,AWS_COLABA,Colaba,18.9067,72.8147,37.1
2024-07-20 18:00:00,AWS_COLABA,Colaba,18.9067,72.8147,20.3
2024-07-20 19:00:00,AWS_COLABA,Colaba,18.9067,72.8147,23.4
2024-07-20 20:00:00,AWS_COLABA,Colaba,18.9067,72.8147,5.5
2024-07-20 21:00:00,AWS_COLABA,Colaba,18.9067,72.8147,13.8
2024-07-20 22:00:00,AWS_COLABA,Colaba,18.9067,72.8147,17.3
2024-07-20 23:00:00,AWS_COLABA,Colaba,18.9067,72.8147,4.0
2024-07-21 00:00:00,AWS_COLABA,Colaba,18.9067,72.8147,28.7
2024-07-21 01:00:00,AWS_COLABA,Colaba,18.9067,72.8147,2.5
2024-07-21 02:00:00,AWS_COLABA,Colaba,18.9067,72.8147,25.8
2024-07-21 03:00:00,AWS_COLABA,Colaba,18.9067,72.8147,2.5
2024-07-21 04:00:00,AWS_COLABA,Colaba,18.9067,72.8147,4.2
2024-07-21 05:00:00,AWS_COLABA,Colaba,18.9067,72.8147,14.0
2024-07-21 06:00:00,AWS_COLABA,Colaba,18.9067,72.8147,10.6
2024-07-21 07:00:00,AWS_COLABA,Colaba,18.9067,72.8147,7.3
2024-07-21 08:00:00,AWS_COLABA,Colaba,18.9067,72.8147,28.0
2024-07-21 09:00:00,AWS_COLABA,Colaba,18.9067,72.8147,3.1
2024-07-21 10:00:00,AWS_COLABA,Colaba,18.9067,72.8147,8.9
2024-07-21 11:00:00,AWS_COLABA,Colaba,18.9067,72.8147,15.3
2024-07-21 12:00:00,AWS_COLABA,Colaba,18.9067,72.8147,12.3
2024-07-21 13:00:00,AWS_COLABA,Colaba,18.9067,72.8147,5.9
2024-07-21 14:00:00,AWS_COLABA,Colaba,18.9067,72.8147,6.1
2024-07-21 15:00:00,AWS_COLABA,Colaba,18.9067,72.8147,18.1
2024-07-21 16:00:00,AWS_COLABA,Colaba,18.9067,72.8147,18.7
2024-07-21 17:00:00,AWS_COLABA,Colaba,18.9067,72.8147,12.6
2024-07-21 18:00:00,AWS_COLABA,Colaba,18.9067,72.8147,4.9
2024-07-21 19:00:00,AWS_COLABA,Colaba,18.9067,72.8147,6.3
2024-07-21 20:00:00,AWS_COLABA,Colaba,18.9067,72.8147,9.8
2024-07-21 21:00:00,AWS_COLABA,Colaba,18.9067,72.8147,10.9
2024-07-21 22:00:00,AWS_COLABA,Colaba,18.9067,72.8147,14.9
2024-07-21 23:00:00,AWS_COLABA,Colaba,18.9067,72.8147,8.5
2024-07-22 00:00:00,AWS_COLABA,Colaba,18.9067,72.8147,3.5
2024-07-22 01:00:00,AWS_COLABA,Colaba,18.9067,72.8147,3.5
2024-07-22 02:00:00,AWS_COLABA,Colaba,18.9067,72.8147,0.3
2024-07-22 03:00:00,AWS_COLABA,Colaba,18.9067,72.8147,5.8
2024-07-22 04:00:00,AWS_COLABA,Colaba,18.9067,72.8147,1.8
2024-07-22 05:00:00,AWS_COLABA,Colaba,18.9067,72.8147,4.4
2024-07-22 06:00:00,AWS_COLABA,Colaba,18.9067,72.8147,1.0
2024-07-22 07:00:00,AWS_COLABA,Colaba,18.9067,72.8147,5.6
2024-07-22 08:00:00,AWS_COLABA,Colaba,18.9067,72.8147,1.2
2024-07-22 09:00:00,AWS_COLABA,Colaba,18.9067,72.8147,0.0
2024-07-22 10:00:00,AWS_COLABA,Colaba,18.9067,72.8147,5.9
2024-07-22 11:00:00,AWS_COLABA,Colaba,18.9067,72.8147,0.2
2024-07-22 12:00:00,AWS_COLABA,Colaba,18.9067,72.8147,1.0
2024-07-22 13:00:00,AWS_COLABA,Colaba,18.9067,72.8147,7.5
2024-07-22 14:00:00,AWS_COLABA,Colaba,18.9067,72.8147,7.5
2024-07-22 15:00:00,AWS_COLABA,Colaba,18.9067,72.8147,2.1
2024-07-22 16:00:00,AWS_COLABA,Colaba,18.9067,72.8147,2.5
2024-07-22 17:00:00,AWS_COLABA,Colaba,18.9067,72.8147,1.5
2024-07-22 18:00:00,AWS_COLABA,Colaba,18.9067,72.8147,0.9
2024-07-22 19:00:00,AWS_COLABA,Colaba,18.9067,72.8147,1.0
2024-07-22 20:00:00,AWS_COLABA,Colaba,18.9067,72.8147,2.8
2024-07-22 21:00:00,AWS_COLABA,Colaba,18.9067,72.8147,3.5
2024-07-22 22:00:00,AWS_COLABA,Colaba,18.9067,72.8147,3.9
2024-07-22 23:00:00,AWS_COLABA,Colaba,18.9067,72.8147,3.9
2024-07-23 00:00:00,AWS_COLABA,Colaba,18.9067,72.8147,0.2
2024-07-23 01:00:00,AWS_COLABA,Colaba,18.9067,72.8147,1.7
2024-07-23 02:00:00,AWS_COLABA,Colaba,18.9067,72.8147,0.1
2024-07-23 03:00:00,AWS_COLABA,Colaba,18.9067,72.8147,2.0
2024-07-23 04:00:00,AWS_COLABA,Colaba,18.9067,72.8147,1.5
2024-07-23 05:00:00,AWS_COLABA,Colaba,18.9067,72.8147,5.5
2024-07-23 06:00:00,AWS_COLABA,Colaba,18.9067,72.8147,1.1
2024-07-23 07:00:00,AWS_COLABA,Colaba,18.9067,72.8147,0.3
2024-07-23 08:00:00,AWS_COLABA,Colaba,18.9067,72.8147,0.4
2024-07-23 09:00:00,AWS_COLABA,Colaba,18.9067,72.8147,3.6
2024-07-23 10:00:00,AWS_COLABA,Colaba,18.9067,72.8147,2.4
2024-07-23 11:00:00,AWS_COLABA,Colaba,18.9067,72.8147,0.3
2024-07-23 12:00:00,AWS_COLABA,Colaba,18.9067,72.8147,0.2
2024-07-23 13:00:00,AWS_COLABA,Colaba,18.9067,72.8147,3.0
2024-07-23 14:00:00,AWS_COLABA,Colaba,18.9067,72.8147,0.2
2024-07-23 15:00:00,AWS_COLABA,Colaba,18.9067,72.8147,4.3
2024-07-23 16:00:00,AWS_COLABA,Colaba,18.9067,72.8147,3.1
2024-07-23 17:00:00,AWS_COLABA,Colaba,18.9067,72.8147,0.2
2024-07-23 18:00:00,AWS_COLABA,Colaba,18.9067,72.8147,0.2
2024-07-23 19:00:00,AWS_COLABA,Colaba,18.9067,72.8147,10.8
2024-07-23 20:00:00,AWS_COLABA,Colaba,18.9067,72.8147,1.2
2024-07-23 21:00:00,AWS_COLABA,Colaba,18.9067,72.8147,1.2
2024-07-23 22:00:00,AWS_COLABA,Colaba,18.9067,72.8147,4.2
2024-07-23 23:00:00,AWS_COLABA,Colaba,18.9067,72.8147,7.4
2024-07-24 00:00:00,AWS_COLABA,Colaba,18.9067,72.8147,10.7
2024-07-24 01:00:00,AWS_COLABA,Colaba,18.9067,72.8147,3.5
2024-07-24 02:00:00,AWS_COLABA,Colaba,18.9067,72.8147,1.2
2024-07-24 03:00:00,AWS_COLABA,Colaba,18.9067,72.8147,0.2
2024-07-24 04:00:00,AWS_COLABA,Colaba,18.9067,72.8147,3.8
2024-07-24 05:00:00,AWS_COLABA,Colaba,18.9067,72.8147,2.0
2024-07-24 06:00:00,AWS_COLABA,Colaba,18.9067,72.8147,1.4
2024-07-24 07:00:00,AWS_COLABA,Colaba,18.9067,72.8147,5.9
2024-07-24 08:00:00,AWS_COLABA,Colaba,18.9067,72.8147,0.3
2024-07-24 09:00:00,AWS_COLABA,Colaba,18.9067,72.8147,1.7
2024-07-24 10:00:00,AWS_COLABA,Colaba,18.9067,72.8147,0.0
2024-07-24 11:00:00,AWS_COLABA,Colaba,18.9067,72.8147,1.6
2024-07-24 12:00:00,AWS_COLABA,Colaba,18.9067,72.8147,0.1
2024-07-24 13:00:00,AWS_COLABA,Colaba,18.9067,72.8147,0.3
2024-07-24 14:00:00,AWS_COLABA,Colaba,18.9067,72.8147,0.3
2024-07-24 15:00:00,AWS_COLABA,Colaba,18.9067,72.8147,2.6
2024-07-24 16:00:00,AWS_COLABA,Colaba,18.9067,72.8147,3.4
2024-07-24 17:00:00,AWS_COLABA,Colaba,18.9067,72.8147,2.2
2024-07-24 18:00:00,AWS_COLABA,Colaba,18.9067,72.8147,8.2
2024-07-24 19:00:00,AWS_COLABA,Colaba,18.9067,72.8147,1.2
2024-07-24 20:00:00,AWS_COLABA,Colaba,18.9067,72.8147,0.8
2024-07-24 21:00:00,AWS_COLABA,Colaba,18.9067,72.8147,5.1
2024-07-24 22:00:00,AWS_COLABA,Colaba,18.9067,72.8147,0.6
2024-07-24 23:00:00,AWS_COLABA,Colaba,18.9067,72.8147,8.3
2024-07-25 00:00:00,AWS_COLABA,Colaba,18.9067,72.8147,0.0
2024-07-25 01:00:00,AWS_COLABA,Colaba,18.9067,72.8147,8.8
2024-07-25 02:00:00,AWS_COLABA,Colaba,18.9067,72.8147,0.1
2024-07-25 03:00:00,AWS_COLABA,Colaba,18.9067,72.8147,5.5
2024-07-25 04:00:00,AWS_COLABA,Colaba,18.9067,72.8147,1.9
2024-07-25 05:00:00,AWS_COLABA,Colaba,18.9067,72.8147,12.4
2024-07-25 06:00:00,AWS_COLABA,Colaba,18.9067,72.8147,0.2
2024-07-25 07:00:00,AWS_COLABA,Colaba,18.9067,72.8147,2.0
2024-07-25 08:00:00,AWS_COLABA,Colaba,18.9067,72.8147,8.7
2024-07-25 09:00:00,AWS_COLABA,Colaba,18.9067,72.8147,1.9
2024-07-25 10:00:00,AWS_COLABA,Colaba,18.9067,72.8147,2.5
2024-07-25 11:00:00,AWS_COLABA,Colaba,18.9067,72.8147,3.0
2024-07-25 12:00:00,AWS_COLABA,Colaba,18.9067,72.8147,1.5
2024-07-25 13:00:00,AWS_COLABA,Colaba,18.9067,72.8147,2.5
2024-07-25 14:00:00,AWS_COLABA,Colaba,18.9067,72.8147,2.2
2024-07-25 15:00:00,AWS_COLABA,Colaba,18.9067,72.8147,5.8
2024-07-25 16:00:00,AWS_COLABA,Colaba,18.9067,72.8147,0.1
2024-07-25 17:00:00,AWS_COLABA,Colaba,18.9067,72.8147,0.8
2024-07-25 18:00:00,AWS_COLABA,Colaba,18.9067,72.8147,7.5
2024-07-25 19:00:00,AWS_COLABA,Colaba,18.9067,72.8147,5.5
2024-07-25 20:00:00,AWS_COLABA,Colaba,18.9067,72.8147,1.5
2024-07-25 21:00:00,AWS_COLABA,Colaba,18.9067,72.8147,2.4
2024-07-25 22:00:00,AWS_COLABA,Colaba,18.9067,72.8147,0.8
2024-07-25 23:00:00,AWS_COLABA,Colaba,18.9067,72.8147,0.5
2024-07-15 00:00:00,AWS_SANTACRUZ,Santacruz,19.082,72.843,1.4
2024-07-15 01:00:00,AWS_SANTACRUZ,Santacruz,19.082,72.843,3.7
2024-07-15 02:00:00,AWS_SANTACRUZ,Santacruz,19.082,72.843,12.1
2024-07-15 03:00:00,AWS_SANTACRUZ,Santacruz,19.082,72.843,0.8
2024-07-15 04:00:00,AWS_SANTACRUZ,Santacruz,19.082,72.843,4.2
2024-07-15 05:00:00,AWS_SANTACRUZ,Santacruz,19.082,72.843,0.4
2024-07-15 06:00:00,AWS_SANTACRUZ,Santacruz,19.082,72.843,11.8
2024-07-15 07:00:00,AWS_SANTACRUZ,Santacruz,19.082,72.843,1.5
2024-07-15 08:00:00,AWS_SANTACRUZ,Santacruz,19.082,72.843,8.5
2024-07-15 09:00:00,AWS_SANTACRUZ,Santacruz,19.082,72.843,2.3
2024-07-15 10:00:00,AWS_SANTACRUZ,Santacruz,19.082,72.843,7.8
2024-07-15 11:00:00,AWS_SANTACRUZ,Santacruz,19.082,72.843,2.6
2024-07-15 12:00:00,AWS_SANTACRUZ,Santacruz,19.082,72.843,2.7
2024-07-15 13:00:00,AWS_SANTACRUZ,Santacruz,19.082,72.843,1.5
2024-07-15 14:00:00,AWS_SANTACRUZ,Santacruz,19.082,72.843,4.8
2024-07-15 15:00:00,AWS_SANTACRUZ,Santacruz,19.082,72.843,3.0
2024-07-15 16:00:00,AWS_SANTACRUZ,Santacruz,19.082,72.843,4.3
2024-07-15 17:00:00,AWS_SANTACRUZ,Santacruz,19.082,72.843,0.2
2024-07-15 18:00:00,AWS_SANTACRUZ,Santacruz,19.082,72.843,8.0
2024-07-15 19:00:00,AWS_SANTACRUZ,Santacruz,19.082,72.843,9.8
2024-07-15 20:00:00,AWS_SANTACRUZ,Santacruz,19.082,72.843,2.9
2024-07-15 21:00:00,AWS_SANTACRUZ,Santacruz,19.082,72.843,13.6
2024-07-15 22:00:00,AWS_SANTACRUZ,Santacruz,19.082,72.843,11.2
2024-07-15 23:00:00,AWS_SANTACRUZ,Santacruz,19.082,72.843,4.9
2024-07-16 00:00:00,AWS_SANTACRUZ,Santacruz,19.082,72.843,8.6
2024-07-16 01:00:00,AWS_SANTACRUZ,Santacruz,19.082,72.843,6.8
2024-07-16 02:00:00,AWS_SANTACRUZ,Santacruz,19.082,72.843,0.1
2024-07-16 03:00:00,AWS_SANTACRUZ,Santacruz,19.082,72.843,1.9
2024-07-16 04:00:00,AWS_SANTACRUZ,Santacruz,19.082,72.843,5.2
2024-07-16 05:00:00,AWS_SANTACRUZ,Santacruz,19.082,72.843,10.3
2024-07-16 06:00:00,AWS_SANTACRUZ,Santacruz,19.082,72.843,0.2
2024-07-16 07:00:00,AWS_SANTACRUZ,Santacruz,19.082,72.843,2.4
2024-07-16 08:00:00,AWS_SANTACRUZ,Santacruz,19.082,72.843,2.4
2024-07-16 09:00:00,AWS_SANTACRUZ,Santacruz,19.082,72.843,3.8
2024-07-16 10:00:00,AWS_SANTACRUZ,Santacruz,19.082,72.843,0.8
2024-07-16 11:00:00,AWS_SANTACRUZ,Santacruz,19.082,72.843,2.4
2024-07-16 12:00:00,AWS_SANTACRUZ,Santacruz,19.082,72.843,6.3
2024-07-16 13:00:00,AWS_SANTACRUZ,Santacruz,19.082,72.843,1.4
2024-07-16 14:00:00,AWS_SANTACRUZ,Santacruz,19.082,72.843,1.0
2024-07-16 15:00:00,AWS_SANTACRUZ,Santacruz,19.082,72.843,2.3
2024-07-16 16:00:00,AWS_SANTACRUZ,Santacruz,19.082,72.843,0.6
2024-07-16 17:00:00,AWS_SANTACRUZ,Santacruz,19.082,72.843,12.9
2024-07-16 18:00:00,AWS_SANTACRUZ,Santacruz,19.082,72.843,2.7
2024-07-16 19:00:00,AWS_SANTACRUZ,Santacruz,19.082,72.843,1.1
2024-07-16 20:00:00,AWS_SANTACRUZ,Santacruz,19.082,72.843,3.2
2024-07-16 21:00:00,AWS_SANTACRUZ,Santacruz,19.082,72.843,2.3
2024-07-16 22:00:00,AWS_SANTACRUZ,Santacruz,19.082,72.843,2.0
2024-07-16 23:00:00,AWS_SANTACRUZ,Santacruz,19.082,72.843,1.4
2024-07-17 00:00:00,AWS_SANTACRUZ,Santacruz,19.082,72.843,1.3
2024-07-17 01:00:00,AWS_SANTACRUZ,Santacruz,19.082,72.843,0.2
2024-07-17 02:00:00,AWS_SANTACRUZ,Santacruz,19.082,72.843,8.6
2024-07-17 03:00:00,AWS_SANTACRUZ,Santacruz,19.082,72.843,4.6
2024-07-17 04:00:00,AWS_SANTACRUZ,Santacruz,19.082,72.843,3.6
2024-07-17 05:00:00,AWS_SANTACRUZ,Santacruz,19.082,72.843,2.3
2024-07-17 06:00:00,AWS_SANTACRUZ,Santacruz,19.082,72.843,0.7
2024-07-17 07:00:00,AWS_SANTACRUZ,Santacruz,19.082,72.843,1.0
2024-07-17 08:00:00,AWS_SANTACRUZ,Santacruz,19.082,72.843,0.3
2024-07-17 09:00:00,AWS_SANTACRUZ,Santacruz,19.082,72.843,1.2
2024-07-17 10:00:00,AWS_SANTACRUZ,Santacruz,19.082,72.843,0.6
2024-07-17 11:00:00,AWS_SANTACRUZ,Santacruz,19.082,72.843,10.7
2024-07-17 12:00:00,AWS_SANTACRUZ,Santacruz,19.082,72.843,5.9
2024-07-17 13:00:00,AWS_SANTACRUZ,Santacruz,19.082,72.843,2.8
2024-07-17 14:00:00,AWS_SANTACRUZ,Santacruz,19.082,72.843,0.9
2024-07-17 15:00:00,AWS_SANTACRUZ,Santacruz,19.082,72.843,0.6
2024-07-17 16:00:00,AWS_SANTACRUZ,Santacruz,19.082,72.843,2.1
2024-07-17 17:00:00,AWS_SANTACRUZ,Santacruz,19.082,72.843,6.1
2024-07-17 18:00:00,AWS_SANTACRUZ,Santacruz,19.082,72.843,0.3
2024-07-17 19:00:00,AWS_SANTACRUZ,Santacruz,19.082,72.843,4.5
2024-07-17 20:00:00,AWS_SANTACRUZ,Santacruz,19.082,72.843,1.2
2024-07-17 21:00:00,AWS_SANTACRUZ,Santacruz,19.082,72.843,1.5
2024-07-17 22:00:00,AWS_SANTACRUZ,Santacruz,19.082,72.843,2.7
2024-07-17 23:00:00,AWS_SANTACRUZ,Santacruz,19.082,72.843,0.9
2024-07-18 00:00:00,AWS_SANTACRUZ,Santacruz,19.082,72.843,22.1
2024-07-18 01:00:00,AWS_SANTACRUZ,Santacruz,19.082,72.843,14.5
2024-07-18 02:00:00,AWS_SANTACRUZ,Santacruz,19.082,72.843,18.0
2024-07-18 03:00:00,AWS_SANTACRUZ,Santacruz,19.082,72.843,37.7
2024-07-18 04:00:00,AWS_SANTACRUZ,Santacruz,19.082,72.843,26.8
2024-07-18 05:00:00,AWS_SANTACRUZ,Santacruz,19.082,72.843,37.6
2024-07-18 06:00:00,AWS_SANTACRUZ,Santacruz,19.082,72.843,17.0
2024-07-18 07:00:00,AWS_SANTACRUZ,Santacruz,19.082,72.843,34.4
2024-07-18 08:00:00,AWS_SANTACRUZ,Santacruz,19.082,72.843,8.5
2024-07-18 09:00:00,AWS_SANTACRUZ,Santacruz,19.082,72.843,26.0
2024-07-18 10:00:00,AWS_SANTACRUZ,Santacruz,19.082,72.843,70.2
2024-07-18 11:00:00,AWS_SANTACRUZ,Santacruz,19.082,72.843,34.3
2024-07-18 12:00:00,AWS_SANTACRUZ,Santacruz,19.082,72.843,59.8
2024-07-18 13:00:00,AWS_SANTACRUZ,Santacruz,19.082,72.843,61.4
2024-07-18 14:00:00,AWS_SANTACRUZ,Santacruz,19.082,72.843,76.1
2024-07-18 15:00:00,AWS_SANTACRUZ,Santacruz,19.082,72.843,45.7
2024-07-18 16:00:00,AWS_SANTACRUZ,Santacruz,19.082,72.843,78.8
2024-07-18 17:00:00,AWS_SANTACRUZ,Santacruz,19.082,72.843,22.6
2024-07-18 18:00:00,AWS_SANTACRUZ,Santacruz,19.082,72.843,27.8
2024-07-18 19:00:00,AWS_SANTACRUZ,Santacruz,19.082,72.843,26.6
2024-07-18 20:00:00,AWS_SANTACRUZ,Santacruz,19.082,72.843,32.9
2024-07-18 21:00:00,AWS_SANTACRUZ,Santacruz,19.082,72.843,55.1
2024-07-18 22:00:00,AWS_SANTACRUZ,Santacruz,19.082,72.843,17.8
2024-07-18 23:00:00,AWS_SANTACRUZ,Santacruz,19.082,72.843,34.7
2024-07-19 00:00:00,AWS_SANTACRUZ,Santacruz,19.082,72.843,33.9
2024-07-19 01:00:00,AWS_SANTACRUZ,Santacruz,19.082,72.843,43.1
2024-07-19 02:00:00,AWS_SANTACRUZ,Santacruz,19.082,72.843,21.7
2024-07-19 03:00:00,AWS_SANTACRUZ,Santacruz,19.082,72.843,41.4
2024-07-19 04:00:00,AWS_SANTACRUZ,Santacruz,19.082,72.843,16.9
2024-07-19 05:00:00,AWS_SANTACRUZ,Santacruz,19.082,72.843,5.0
2024-07-19 06:00:00,AWS_SANTACRUZ,Santacruz,19.082,72.843,8.8
2024-07-19 07:00:00,AWS_SANTACRUZ,Santacruz,19.082,72.843,25.6
2024-07-19 08:00:00,AWS_SANTACRUZ,Santacruz,19.082,72.843,40.3
2024-07-19 09:00:00,AWS_SANTACRUZ,Santacruz,19.082,72.843,26.7
2024-07-19 10:00:00,AWS_SANTACRUZ,Santacruz,19.082,72.843,55.5
2024-07-19 11:00:00,AWS_SANTACRUZ,Santacruz,19.082,72.843,71.7
2024-07-19 12:00:00,AWS_SANTACRUZ,Santacruz,19.082,72.843,69.8
2024-07-19 13:00:00,AWS_SANTACRUZ,Santacruz,19.082,72.843,56.5
2024-07-19 14:00:00,AWS_SANTACRUZ,Santacruz,19.082,72.843,85.3
2024-07-19 15:00:00,AWS_SANTACRUZ,Santacruz,19.082,72.843,58.7
2024-07-19 16:00:00,AWS_SANTACRUZ,Santacruz,19.082,72.843,78.0
2024-07-19 17:00:00,AWS_SANTACRUZ,Santacruz,19.082,72.843,19.5
2024-07-19 18:00:00,AWS_SANTACRUZ,Santacruz,19.082,72.843,39.8
2024-07-19 19:00:00,AWS_SANTACRUZ,Santacruz,19.082,72.843,49.9
2024-07-19 20:00:00,AWS_SANTACRUZ,Santacruz,19.082,72.843,15.8
2024-07-19 21:00:00,AWS_SANTACRUZ,Santacruz,19.082,72.843,11.4
2024-07-19 22:00:00,AWS_SANTACRUZ,Santacruz,19.082,72.843,7.5
2024-07-19 23:00:00,AWS_SANTACRUZ,Santacruz,19.082,72.843,53.2
2024-07-20 00:00:00,AWS_SANTACRUZ,Santacruz,19.082,72.843,12.3
2024-07-20 01:00:00,AWS_SANTACRUZ,Santacruz,19.082,72.843,3.6
2024-07-20 02:00:00,AWS_SANTACRUZ,Santacruz,19.082,72.843,10.9
2024-07-20 03:00:00,AWS_SANTACRUZ,Santacruz,19.082,72.843,16.7
2024-07-20 04:00:00,AWS_SANTACRUZ,Santacruz,19.082,72.843,5.0
2024-07-20 05:00:00,AWS_SANTACRUZ,Santacruz,19.082,72.843,14.1
2024-07-20 06:00:00,AWS_SANTACRUZ,Santacruz,19.082,72.843,28.1
2024-07-20 07:00:00,AWS_SANTACRUZ,Santacruz,19.082,72.843,6.5
2024-07-20 08:00:00,AWS_SANTACRUZ,Santacruz,19.082,72.843,4.1
2024-07-20 09:00:00,AWS_SANTACRUZ,Santacruz,19.082,72.843,9.1
2024-07-20 10:00:00,AWS_SANTACRUZ,Santacruz,19.082,72.843,10.4
2024-07-20 11:00:00,AWS_SANTACRUZ,Santacruz,19.082,72.843,21.1
2024-07-20 12:00:00,AWS_SANTACRUZ,Santacruz,19.082,72.843,8.8
2024-07-20 13:00:00,AWS_SANTACRUZ,Santacruz,19.082,72.843,7.0
2024-07-20 14:00:00,AWS_SANTACRUZ,Santacruz,19.082,72.843,4.0
2024-07-20 15:00:00,AWS_SANTACRUZ,Santacruz,19.082,72.843,1.9
2024-07-20 16:00:00,AWS_SANTACRUZ,Santacruz,19.082,72.843,3.0
2024-07-20 17:00:00,AWS_SANTACRUZ,Santacruz,19.082,72.843,2.9
2024-07-20 18:00:00,AWS_SANTACRUZ,Santacruz,19.082,72.843,8.1
2024-07-20 19:00:00,AWS_SANTACRUZ,Santacruz,19.082,72.843,2.3
2024-07-20 20:00:00,AWS_SANTACRUZ,Santacruz,19.082,72.843,9.6
2024-07-20 21:00:00,AWS_SANTACRUZ,Santacruz,19.082,72.843,32.2
2024-07-20 22:00:00,AWS_SANTACRUZ,Santacruz,19.082,72.843,21.5
2024-07-20 23:00:00,AWS_SANTACRUZ,Santacruz,19.082,72.843,8.1
2024-07-21 00:00:00,AWS_SANTACRUZ,Santacruz,19.082,72.843,46.1
2024-07-21 01:00:00,AWS_SANTACRUZ,Santacruz,19.082,72.843,10.5
2024-07-21 02:00:00,AWS_SANTACRUZ,Santacruz,19.082,72.843,11.6
2024-07-21 03:00:00,AWS_SANTACRUZ,Santacruz,19.082,72.843,8.9
2024-07-21 04:00:00,AWS_SANTACRUZ,Santacruz,19.082,72.843,9.7
2024-07-21 05:00:00,AWS_SANTACRUZ,Santacruz,19.082,72.843,6.4
2024-07-21 06:00:00,AWS_SANTACRUZ,Santacruz,19.082,72.843,8.2
2024-07-21 07:00:00,AWS_SANTACRUZ,Santacruz,19.082,72.843,26.8
2024-07-21 08:00:00,AWS_SANTACRUZ,Santacruz,19.082,72.843,23.1
2024-07-21 09:00:00,AWS_SANTACRUZ,Santacruz,19.082,72.843,1.0
2024-07-21 10:00:00,AWS_SANTACRUZ,Santacruz,19.082,72.843,2.6
2024-07-21 11:00:00,AWS_SANTACRUZ,Santacruz,19.082,72.843,5.1
2024-07-21 12:00:00,AWS_SANTACRUZ,Santacruz,19.082,72.843,19.1
2024-07-21 13:00:00,AWS_SANTACRUZ,Santacruz,19.082,72.843,23.4
2024-07-21 14:00:00,AWS_SANTACRUZ,Santacruz,19.082,72.843,16.7
2024-07-21 15:00:00,AWS_SANTACRUZ,Santacruz,19.082,72.843,3.6
2024-07-21 16:00:00,AWS_SANTACRUZ,Santacruz,19.082,72.843,6.5
2024-07-21 17:00:00,AWS_SANTACRUZ,Santacruz,19.082,72.843,14.3
2024-07-21 18:00:00,AWS_SANTACRUZ,Santacruz,19.082,72.843,8.3
2024-07-21 19:00:00,AWS_SANTACRUZ,Santacruz,19.082,72.843,7.4
2024-07-21 20:00:00,AWS_SANTACRUZ,Santacruz,19.082,72.843,7.5
2024-07-21 21:00:00,AWS_SANTACRUZ,Santacruz,19.082,72.843,21.9
2024-07-21 22:00:00,AWS_SANTACRUZ,Santacruz,19.082,72.843,15.3
2024-07-21 23:00:00,AWS_SANTACRUZ,Santacruz,19.082,72.843,7.8
2024-07-22 00:00:00,AWS_SANTACRUZ,Santacruz,19.082,72.843,0.6
2024-07-22 01:00:00,AWS_SANTACRUZ,Santacruz,19.082,72.843,0.1
2024-07-22 02:00:00,AWS_SANTACRUZ,Santacruz,19.082,72.843,0.5
2024-07-22 03:00:00,AWS_SANTACRUZ,Santacruz,19.082,72.843,2.2
2024-07-22 04:00:00,AWS_SANTACRUZ,Santacruz,19.082,72.843,1.4
2024-07-22 05:00:00,AWS_SANTACRUZ,Santacruz,19.082,72.843,5.6
2024-07-22 06:00:00,AWS_SANTACRUZ,Santacruz,19.082,72.843,4.3
2024-07-22 07:00:00,AWS_SANTACRUZ,Santacruz,19.082,72.843,1.0
2024-07-22 08:00:00,AWS_SANTACRUZ,Santacruz,19.082,72.843,0.8
2024-07-22 09:00:00,AWS_SANTACRUZ,Santacruz,19.082,72.843,1.2
2024-07-22 10:00:00,AWS_SANTACRUZ,Santacruz,19.082,72.843,2.2
2024-07-22 11:00:00,AWS_SANTACRUZ,Santacruz,19.082,72.843,0.8
2024-07-22 12:00:00,AWS_SANTACRUZ,Santacruz,19.082,72.843,2.4
2024-07-22 13:00:00,AWS_SANTACRUZ,Santacruz,19.082,72.843,1.3
2024-07-22 14:00:00,AWS_SANTACRUZ,Santacruz,19.082,72.843,2.0
2024-07-22 15:00:00,AWS_SANTACRUZ,Santacruz,19.082,72.843,1.4
2024-07-22 16:00:00,AWS_SANTACRUZ,Santacruz,19.082,72.843,0.9
2024-07-22 17:00:00,AWS_SANTACRUZ,Santacruz,19.082,72.843,7.4
2024-07-22 18:00:00,AWS_SANTACRUZ,Santacruz,19.082,72.843,3.6
2024-07-22 19:00:00,AWS_SANTACRUZ,Santacruz,19.082,72.843,0.4
2024-07-22 20:00:00,AWS_SANTACRUZ,Santacruz,19.082,72.843,5.1
2024-07-22 21:00:00,AWS_SANTACRUZ,Santacruz,19.082,72.843,1.7
2024-07-22 22:00:00,AWS_SANTACRUZ,Santacruz,19.082,72.843,5.6
2024-07-22 23:00:00,AWS_SANTACRUZ,Santacruz,19.082,72.843,4.0
2024-07-23 00:00:00,AWS_SANTACRUZ,Santacruz,19.082,72.843,1.4
2024-07-23 01:00:00,AWS_SANTACRUZ,Santacruz,19.082,72.843,0.1
2024-07-23 02:00:00,AWS_SANTACRUZ,Santacruz,19.082,72.843,0.8
2024-07-23 03:00:00,AWS_SANTACRUZ,Santacruz,19.082,72.843,2.0
2024-07-23 04:00:00,AWS_SANTACRUZ,Santacruz,19.082,72.843,2.5
2024-07-23 05:00:00,AWS_SANTACRUZ,Santacruz,19.082,72.843,0.7
2024-07-23 06:00:00,AWS_SANTACRUZ,Santacruz,19.082,72.843,0.4
2024-07-23 07:00:00,AWS_SANTACRUZ,Santacruz,19.082,72.843,4.5
2024-07-23 08:00:00,AWS_SANTACRUZ,Santacruz,19.082,72.843,10.4
2024-07-23 09:00:00,AWS_SANTACRUZ,Santacruz,19.082,72.843,1.9
2024-07-23 10:00:00,AWS_SANTACRUZ,Santacruz,19.082,72.843,0.5
2024-07-23 11:00:00,AWS_SANTACRUZ,Santacruz,19.082,72.843,0.8
2024-07-23 12:00:00,AWS_SANTACRUZ,Santacruz,19.082,72.843,0.0
2024-07-23 13:00:00,AWS_SANTACRUZ,Santacruz,19.082,72.843,6.1
2024-07-23 14:00:00,AWS_SANTACRUZ,Santacruz,19.082,72.843,0.3
2024-07-23 15:00:00,AWS_SANTACRUZ,Santacruz,19.082,72.843,2.1
2024-07-23 16:00:00,AWS_SANTACRUZ,Santacruz,19.082,72.843,0.8
2024-07-23 17:00:00,AWS_SANTACRUZ,Santacruz,19.082,72.843,2.0
2024-07-23 18:00:00,AWS_SANTACRUZ,Santacruz,19.082,72.843,2.6
2024-07-23 19:00:00,AWS_SANTACRUZ,Santacruz,19.082,72.843,4.4
2024-07-23 20:00:00,AWS_SANTACRUZ,Santacruz,19.082,72.843,0.6
2024-07-23 21:00:00,AWS_SANTACRUZ,Santacruz,19.082,72.843,0.0
2024-07-23 22:00:00,AWS_SANTACRUZ,Santacruz,19.082,72.843,0.4
2024-07-23 23:00:00,AWS_SANTACRUZ,Santacruz,19.082,72.843,5.8
2024-07-24 00:00:00,AWS_SANTACRUZ,Santacruz,19.082,72.843,5.2
2024-07-24 01:00:00,AWS_SANTACRUZ,Santacruz,19.082,72.843,2.3
2024-07-24 02:00:00,AWS_SANTACRUZ,Santacruz,19.082,72.843,2.3
2024-07-24 03:00:00,AWS_SANTACRUZ,Santacruz,19.082,72.843,2.7
2024-07-24 04:00:00,AWS_SANTACRUZ,Santacruz,19.082,72.843,0.5
2024-07-24 05:00:00,AWS_SANTACRUZ,Santacruz,19.082,72.843,6.1
2024-07-24 06:00:00,AWS_SANTACRUZ,Santacruz,19.082,72.843,1.4
2024-07-24 07:00:00,AWS_SANTACRUZ,Santacruz,19.082,72.843,1.2
2024-07-24 08:00:00,AWS_SANTACRUZ,Santacruz,19.082,72.843,1.8
2024-07-24 09:00:00,AWS_SANTACRUZ,Santacruz,19.082,72.843,0.1
2024-07-24 10:00:00,AWS_SANTACRUZ,Santacruz,19.082,72.843,0.5
2024-07-24 11:00:00,AWS_SANTACRUZ,Santacruz,19.082,72.843,3.3
2024-07-24 12:00:00,AWS_SANTACRUZ,Santacruz,19.082,72.843,0.2
2024-07-24 13:00:00,AWS_SANTACRUZ,Santacruz,19.082,72.843,2.3
2024-07-24 14:00:00,AWS_SANTACRUZ,Santacruz,19.082,72.843,0.7
2024-07-24 15:00:00,AWS_SANTACRUZ,Santacruz,19.082,72.843,1.2
2024-07-24 16:00:00,AWS_SANTACRUZ,Santacruz,19.082,72.843,0.9
2024-07-24 17:00:00,AWS_SANTACRUZ,Santacruz,19.082,72.843,1.1
2024-07-24 18:00:00,AWS_SANTACRUZ,Santacruz,19.082,72.843,3.2
2024-07-24 19:00:00,AWS_SANTACRUZ,Santacruz,19.082,72.843,0.9
2024-07-24 20:00:00,AWS_SANTACRUZ,Santacruz,19.082,72.843,2.1
2024-07-24 21:00:00,AWS_SANTACRUZ,Santacruz,19.082,72.843,1.6
2024-07-24 22:00:00,AWS_SANTACRUZ,Santacruz,19.082,72.843,2.7
2024-07-24 23:00:00,AWS_SANTACRUZ,Santacruz,19.082,72.843,6.9
2024-07-25 00:00:00,AWS_SANTACRUZ,Santacruz,19.082,72.843,3.3
2024-07-25 01:00:00,AWS_SANTACRUZ,Santacruz,19.082,72.843,0.6
2024-07-25 02:00:00,AWS_SANTACRUZ,Santacruz,19.082,72.843,0.1
2024-07-25 03:00:00,AWS_SANTACRUZ,Santacruz,19.082,72.843,0.8
2024-07-25 04:00:00,AWS_SANTACRUZ,Santacruz,19.082,72.843,2.3
2024-07-25 05:00:00,AWS_SANTACRUZ,Santacruz,19.082,72.843,0.1
2024-07-25 06:00:00,AWS_SANTACRUZ,Santacruz,19.082,72.843,1.7
2024-07-25 07:00:00,AWS_SANTACRUZ,Santacruz,19.082,72.843,2.3
2024-07-25 08:00:00,AWS_SANTACRUZ,Santacruz,19.082,72.843,1.0
2024-07-25 09:00:00,AWS_SANTACRUZ,Santacruz,19.082,72.843,3.7
2024-07-25 10:00:00,AWS_SANTACRUZ,Santacruz,19.082,72.843,0.3
2024-07-25 11:00:00,AWS_SANTACRUZ,Santacruz,19.082,72.843,0.2
2024-07-25 12:00:00,AWS_SANTACRUZ,Santacruz,19.082,72.843,3.3
2024-07-25 13:00:00,AWS_SANTACRUZ,Santacruz,19.082,72.843,1.7
2024-07-25 14:00:00,AWS_SANTACRUZ,Santacruz,19.082,72.843,2.9
2024-07-25 15:00:00,AWS_SANTACRUZ,Santacruz,19.082,72.843,1.4
2024-07-25 16:00:00,AWS_SANTACRUZ,Santacruz,19.082,72.843,0.7
2024-07-25 17:00:00,AWS_SANTACRUZ,Santacruz,19.082,72.843,4.3
2024-07-25 18:00:00,AWS_SANTACRUZ,Santacruz,19.082,72.843,4.0
2024-07-25 19:00:00,AWS_SANTACRUZ,Santacruz,19.082,72.843,3.0
2024-07-25 20:00:00,AWS_SANTACRUZ,Santacruz,19.082,72.843,0.8
2024-07-25 21:00:00,AWS_SANTACRUZ,Santacruz,19.082,72.843,2.2
2024-07-25 22:00:00,AWS_SANTACRUZ,Santacruz,19.082,72.843,1.1
2024-07-25 23:00:00,AWS_SANTACRUZ,Santacruz,19.082,72.843,0.2
2024-07-15 00:00:00,AWS_DADAR,Dadar (Hindmata),19.0178,72.8478,2.4
2024-07-15 01:00:00,AWS_DADAR,Dadar (Hindmata),19.0178,72.8478,4.7
2024-07-15 02:00:00,AWS_DADAR,Dadar (Hindmata),19.0178,72.8478,3.8
2024-07-15 03:00:00,AWS_DADAR,Dadar (Hindmata),19.0178,72.8478,4.7
2024-07-15 04:00:00,AWS_DADAR,Dadar (Hindmata),19.0178,72.8478,5.7
2024-07-15 05:00:00,AWS_DADAR,Dadar (Hindmata),19.0178,72.8478,4.1
2024-07-15 06:00:00,AWS_DADAR,Dadar (Hindmata),19.0178,72.8478,4.0
2024-07-15 07:00:00,AWS_DADAR,Dadar (Hindmata),19.0178,72.8478,3.2
2024-07-15 08:00:00,AWS_DADAR,Dadar (Hindmata),19.0178,72.8478,0.6
2024-07-15 09:00:00,AWS_DADAR,Dadar (Hindmata),19.0178,72.8478,6.8
2024-07-15 10:00:00,AWS_DADAR,Dadar (Hindmata),19.0178,72.8478,2.5
2024-07-15 11:00:00,AWS_DADAR,Dadar (Hindmata),19.0178,72.8478,5.0
2024-07-15 12:00:00,AWS_DADAR,Dadar (Hindmata),19.0178,72.8478,6.2
2024-07-15 13:00:00,AWS_DADAR,Dadar (Hindmata),19.0178,72.8478,1.4
2024-07-15 14:00:00,AWS_DADAR,Dadar (Hindmata),19.0178,72.8478,1.6
2024-07-15 15:00:00,AWS_DADAR,Dadar (Hindmata),19.0178,72.8478,1.8
2024-07-15 16:00:00,AWS_DADAR,Dadar (Hindmata),19.0178,72.8478,7.9
2024-07-15 17:00:00,AWS_DADAR,Dadar (Hindmata),19.0178,72.8478,0.8
2024-07-15 18:00:00,AWS_DADAR,Dadar (Hindmata),19.0178,72.8478,9.1
2024-07-15 19:00:00,AWS_DADAR,Dadar (Hindmata),19.0178,72.8478,3.2
2024-07-15 20:00:00,AWS_DADAR,Dadar (Hindmata),19.0178,72.8478,3.4
2024-07-15 21:00:00,AWS_DADAR,Dadar (Hindmata),19.0178,72.8478,6.0
2024-07-15 22:00:00,AWS_DADAR,Dadar (Hindmata),19.0178,72.8478,2.8
2024-07-15 23:00:00,AWS_DADAR,Dadar (Hindmata),19.0178,72.8478,6.9
2024-07-16 00:00:00,AWS_DADAR,Dadar (Hindmata),19.0178,72.8478,1.4
2024-07-16 01:00:00,AWS_DADAR,Dadar (Hindmata),19.0178,72.8478,8.9
2024-07-16 02:00:00,AWS_DADAR,Dadar (Hindmata),19.0178,72.8478,1.5
2024-07-16 03:00:00,AWS_DADAR,Dadar (Hindmata),19.0178,72.8478,9.1
2024-07-16 04:00:00,AWS_DADAR,Dadar (Hindmata),19.0178,72.8478,1.6
2024-07-16 05:00:00,AWS_DADAR,Dadar (Hindmata),19.0178,72.8478,1.9
2024-07-16 06:00:00,AWS_DADAR,Dadar (Hindmata),19.0178,72.8478,0.7
2024-07-16 07:00:00,AWS_DADAR,Dadar (Hindmata),19.0178,72.8478,1.0
2024-07-16 08:00:00,AWS_DADAR,Dadar (Hindmata),19.0178,72.8478,2.5
2024-07-16 09:00:00,AWS_DADAR,Dadar (Hindmata),19.0178,72.8478,3.3
2024-07-16 10:00:00,AWS_DADAR,Dadar (Hindmata),19.0178,72.8478,6.4
2024-07-16 11:00:00,AWS_DADAR,Dadar (Hindmata),19.0178,72.8478,2.0
2024-07-16 12:00:00,AWS_DADAR,Dadar (Hindmata),19.0178,72.8478,3.8
2024-07-16 13:00:00,AWS_DADAR,Dadar (Hindmata),19.0178,72.8478,3.1
2024-07-16 14:00:00,AWS_DADAR,Dadar (Hindmata),19.0178,72.8478,4.2
2024-07-16 15:00:00,AWS_DADAR,Dadar (Hindmata),19.0178,72.8478,1.2
2024-07-16 16:00:00,AWS_DADAR,Dadar (Hindmata),19.0178,72.8478,1.4
2024-07-16 17:00:00,AWS_DADAR,Dadar (Hindmata),19.0178,72.8478,1.2
2024-07-16 18:00:00,AWS_DADAR,Dadar (Hindmata),19.0178,72.8478,7.5
2024-07-16 19:00:00,AWS_DADAR,Dadar (Hindmata),19.0178,72.8478,8.9
2024-07-16 20:00:00,AWS_DADAR,Dadar (Hindmata),19.0178,72.8478,1.3
2024-07-16 21:00:00,AWS_DADAR,Dadar (Hindmata),19.0178,72.8478,1.3
2024-07-16 22:00:00,AWS_DADAR,Dadar (Hindmata),19.0178,72.8478,4.8
2024-07-16 23:00:00,AWS_DADAR,Dadar (Hindmata),19.0178,72.8478,9.8
2024-07-17 00:00:00,AWS_DADAR,Dadar (Hindmata),19.0178,72.8478,11.5
2024-07-17 01:00:00,AWS_DADAR,Dadar (Hindmata),19.0178,72.8478,1.2
2024-07-17 02:00:00,AWS_DADAR,Dadar (Hindmata),19.0178,72.8478,1.7
2024-07-17 03:00:00,AWS_DADAR,Dadar (Hindmata),19.0178,72.8478,3.5
2024-07-17 04:00:00,AWS_DADAR,Dadar (Hindmata),19.0178,72.8478,3.7
2024-07-17 05:00:00,AWS_DADAR,Dadar (Hindmata),19.0178,72.8478,2.1
2024-07-17 06:00:00,AWS_DADAR,Dadar (Hindmata),19.0178,72.8478,0.9
2024-07-17 07:00:00,AWS_DADAR,Dadar (Hindmata),19.0178,72.8478,2.5
2024-07-17 08:00:00,AWS_DADAR,Dadar (Hindmata),19.0178,72.8478,11.5
2024-07-17 09:00:00,AWS_DADAR,Dadar (Hindmata),19.0178,72.8478,1.4
2024-07-17 10:00:00,AWS_DADAR,Dadar (Hindmata),19.0178,72.8478,3.3
2024-07-17 11:00:00,AWS_DADAR,Dadar (Hindmata),19.0178,72.8478,1.4
2024-07-17 12:00:00,AWS_DADAR,Dadar (Hindmata),19.0178,72.8478,5.0
2024-07-17 13:00:00,AWS_DADAR,Dadar (Hindmata),19.0178,72.8478,11.9
2024-07-17 14:00:00,AWS_DADAR,Dadar (Hindmata),19.0178,72.8478,4.6
2024-07-17 15:00:00,AWS_DADAR,Dadar (Hindmata),19.0178,72.8478,7.1
2024-07-17 16:00:00,AWS_DADAR,Dadar (Hindmata),19.0178,72.8478,5.6
2024-07-17 17:00:00,AWS_DADAR,Dadar (Hindmata),19.0178,72.8478,4.3
2024-07-17 18:00:00,AWS_DADAR,Dadar (Hindmata),19.0178,72.8478,8.7
2024-07-17 19:00:00,AWS_DADAR,Dadar (Hindmata),19.0178,72.8478,4.9
2024-07-17 20:00:00,AWS_DADAR,Dadar (Hindmata),19.0178,72.8478,2.2
2024-07-17 21:00:00,AWS_DADAR,Dadar (Hindmata),19.0178,72.8478,3.0
2024-07-17 22:00:00,AWS_DADAR,Dadar (Hindmata),19.0178,72.8478,3.8
2024-07-17 23:00:00,AWS_DADAR,Dadar (Hindmata),19.0178,72.8478,1.6
2024-07-18 00:00:00,AWS_DADAR,Dadar (Hindmata),19.0178,72.8478,28.2
2024-07-18 01:00:00,AWS_DADAR,Dadar (Hindmata),19.0178,72.8478,26.0
2024-07-18 02:00:00,AWS_DADAR,Dadar (Hindmata),19.0178,72.8478,35.7
2024-07-18 03:00:00,AWS_DADAR,Dadar (Hindmata),19.0178,72.8478,70.3
2024-07-18 04:00:00,AWS_DADAR,Dadar (Hindmata),19.0178,72.8478,29.1
2024-07-18 05:00:00,AWS_DADAR,Dadar (Hindmata),19.0178,72.8478,55.1
2024-07-18 06:00:00,AWS_DADAR,Dadar (Hindmata),19.0178,72.8478,35.0
2024-07-18 07:00:00,AWS_DADAR,Dadar (Hindmata),19.0178,72.8478,28.1
2024-07-18 08:00:00,AWS_DADAR,Dadar (Hindmata),19.0178,72.8478,19.5
2024-07-18 09:00:00,AWS_DADAR,Dadar (Hindmata),19.0178,72.8478,28.2
2024-07-18 10:00:00,AWS_DADAR,Dadar (Hindmata),19.0178,72.8478,64.7
2024-07-18 11:00:00,AWS_DADAR,Dadar (Hindmata),19.0178,72.8478,59.0
2024-07-18 12:00:00,AWS_DADAR,Dadar (Hindmata),19.0178,72.8478,43.7
2024-07-18 13:00:00,AWS_DADAR,Dadar (Hindmata),19.0178,72.8478,62.6
2024-07-18 14:00:00,AWS_DADAR,Dadar (Hindmata),19.0178,72.8478,88.7
2024-07-18 15:00:00,AWS_DADAR,Dadar (Hindmata),19.0178,72.8478,69.4
2024-07-18 16:00:00,AWS_DADAR,Dadar (Hindmata),19.0178,72.8478,50.7
2024-07-18 17:00:00,AWS_DADAR,Dadar (Hindmata),19.0178,72.8478,5.2
2024-07-18 18:00:00,AWS_DADAR,Dadar (Hindmata),19.0178,72.8478,44.9
2024-07-18 19:00:00,AWS_DADAR,Dadar (Hindmata),19.0178,72.8478,48.9
2024-07-18 20:00:00,AWS_DADAR,Dadar (Hindmata),19.0178,72.8478,22.3
2024-07-18 21:00:00,AWS_DADAR,Dadar (Hindmata),19.0178,72.8478,12.3
2024-07-18 22:00:00,AWS_DADAR,Dadar (Hindmata),19.0178,72.8478,11.6
2024-07-18 23:00:00,AWS_DADAR,Dadar (Hindmata),19.0178,72.8478,40.4
2024-07-19 00:00:00,AWS_DADAR,Dadar (Hindmata),19.0178,72.8478,22.5
2024-07-19 01:00:00,AWS_DADAR,Dadar (Hindmata),19.0178,72.8478,26.4
2024-07-19 02:00:00,AWS_DADAR,Dadar (Hindmata),19.0178,72.8478,22.2
2024-07-19 03:00:00,AWS_DADAR,Dadar (Hindmata),19.0178,72.8478,33.2
2024-07-19 04:00:00,AWS_DADAR,Dadar (Hindmata),19.0178,72.8478,24.9
2024-07-19 05:00:00,AWS_DADAR,Dadar (Hindmata),19.0178,72.8478,36.8
2024-07-19 06:00:00,AWS_DADAR,Dadar (Hindmata),19.0178,72.8478,37.1
2024-07-19 07:00:00,AWS_DADAR,Dadar (Hindmata),19.0178,72.8478,14.1
2024-07-19 08:00:00,AWS_DADAR,Dadar (Hindmata),19.0178,72.8478,30.2
2024-07-19 09:00:00,AWS_DADAR,Dadar (Hindmata),19.0178,72.8478,47.6
2024-07-19 10:00:00,AWS_DADAR,Dadar (Hindmata),19.0178,72.8478,60.5
2024-07-19 11:00:00,AWS_DADAR,Dadar (Hindmata),19.0178,72.8478,51.7
2024-07-19 12:00:00,AWS_DADAR,Dadar (Hindmata),19.0178,72.8478,97.2
2024-07-19 13:00:00,AWS_DADAR,Dadar (Hindmata),19.0178,72.8478,73.4
2024-07-19 14:00:00,AWS_DADAR,Dadar (Hindmata),19.0178,72.8478,43.6
2024-07-19 15:00:00,AWS_DADAR,Dadar (Hindmata),19.0178,72.8478,50.3
2024-07-19 16:00:00,AWS_DADAR,Dadar (Hindmata),19.0178,72.8478,46.3
2024-07-19 17:00:00,AWS_DADAR,Dadar (Hindmata),19.0178,72.8478,13.9
2024-07-19 18:00:00,AWS_DADAR,Dadar (Hindmata),19.0178,72.8478,24.7
2024-07-19 19:00:00,AWS_DADAR,Dadar (Hindmata),19.0178,72.8478,25.3
2024-07-19 20:00:00,AWS_DADAR,Dadar (Hindmata),19.0178,72.8478,12.2
2024-07-19 21:00:00,AWS_DADAR,Dadar (Hindmata),19.0178,72.8478,22.3
2024-07-19 22:00:00,AWS_DADAR,Dadar (Hindmata),19.0178,72.8478,25.7
2024-07-19 23:00:00,AWS_DADAR,Dadar (Hindmata),19.0178,72.8478,22.0
2024-07-20 00:00:00,AWS_DADAR,Dadar (Hindmata),19.0178,72.8478,5.6
2024-07-20 01:00:00,AWS_DADAR,Dadar (Hindmata),19.0178,72.8478,4.1
2024-07-20 02:00:00,AWS_DADAR,Dadar (Hindmata),19.0178,72.8478,8.0
2024-07-20 03:00:00,AWS_DADAR,Dadar (Hindmata),19.0178,72.8478,6.2
2024-07-20 04:00:00,AWS_DADAR,Dadar (Hindmata),19.0178,72.8478,15.1
2024-07-20 05:00:00,AWS_DADAR,Dadar (Hindmata),19.0178,72.8478,25.2
2024-07-20 06:00:00,AWS_DADAR,Dadar (Hindmata),19.0178,72.8478,19.0
2024-07-20 07:00:00,AWS_DADAR,Dadar (Hindmata),19.0178,72.8478,10.5
2024-07-20 08:00:00,AWS_DADAR,Dadar (Hindmata),19.0178,72.8478,5.8
2024-07-20 09:00:00,AWS_DADAR,Dadar (Hindmata),19.0178,72.8478,18.7
2024-07-20 10:00:00,AWS_DADAR,Dadar (Hindmata),19.0178,72.8478,15.8
2024-07-20 11:00:00,AWS_DADAR,Dadar (Hindmata),19.0178,72.8478,24.1
2024-07-20 12:00:00,AWS_DADAR,Dadar (Hindmata),19.0178,72.8478,11.6
2024-07-20 13:00:00,AWS_DADAR,Dadar (Hindmata),19.0178,72.8478,30.4
2024-07-20 14:00:00,AWS_DADAR,Dadar (Hindmata),19.0178,72.8478,11.6
2024-07-20 15:00:00,AWS_DADAR,Dadar (Hindmata),19.0178,72.8478,5.8
2024-07-20 16:00:00,AWS_DADAR,Dadar (Hindmata),19.0178,72.8478,6.7
2024-07-20 17:00:00,AWS_DADAR,Dadar (Hindmata),19.0178,72.8478,14.6
2024-07-20 18:00:00,AWS_DADAR,Dadar (Hindmata),19.0178,72.8478,6.2
2024-07-20 19:00:00,AWS_DADAR,Dadar (Hindmata),19.0178,72.8478,30.2
2024-07-20 20:00:00,AWS_DADAR,Dadar (Hindmata),19.0178,72.8478,13.8
2024-07-20 21:00:00,AWS_DADAR,Dadar (Hindmata),19.0178,72.8478,10.3
2024-07-20 22:00:00,AWS_DADAR,Dadar (Hindmata),19.0178,72.8478,11.0
2024-07-20 23:00:00,AWS_DADAR,Dadar (Hindmata),19.0178,72.8478,8.1
2024-07-21 00:00:00,AWS_DADAR,Dadar (Hindmata),19.0178,72.8478,1.8
2024-07-21 01:00:00,AWS_DADAR,Dadar (Hindmata),19.0178,72.8478,6.7
2024-07-21 02:00:00,AWS_DADAR,Dadar (Hindmata),19.0178,72.8478,27.8
2024-07-21 03:00:00,AWS_DADAR,Dadar (Hindmata),19.0178,72.8478,11.8
2024-07-21 04:00:00,AWS_DADAR,Dadar (Hindmata),19.0178,72.8478,20.5
2024-07-21 05:00:00,AWS_DADAR,Dadar (Hindmata),19.0178,72.8478,20.9
2024-07-21 06:00:00,AWS_DADAR,Dadar (Hindmata),19.0178,72.8478,9.7
2024-07-21 07:00:00,AWS_DADAR,Dadar (Hindmata),19.0178,72.8478,16.0
2024-07-21 08:00:00,AWS_DADAR,Dadar (Hindmata),19.0178,72.8478,2.1
2024-07-21 09:00:00,AWS_DADAR,Dadar (Hindmata),19.0178,72.8478,26.4
2024-07-21 10:00:00,AWS_DADAR,Dadar (Hindmata),19.0178,72.8478,25.0
2024-07-21 11:00:00,AWS_DADAR,Dadar (Hindmata),19.0178,72.8478,14.3
2024-07-21 12:00:00,AWS_DADAR,Dadar (Hindmata),19.0178,72.8478,12.2
2024-07-21 13:00:00,AWS_DADAR,Dadar (Hindmata),19.0178,72.8478,9.8
2024-07-21 14:00:00,AWS_DADAR,Dadar (Hindmata),19.0178,72.8478,22.1
2024-07-21 15:00:00,AWS_DADAR,Dadar (Hindmata),19.0178,72.8478,17.2
2024-07-21 16:00:00,AWS_DADAR,Dadar (Hindmata),19.0178,72.8478,7.4
2024-07-21 17:00:00,AWS_DADAR,Dadar (Hindmata),19.0178,72.8478,3.6
2024-07-21 18:00:00,AWS_DADAR,Dadar (Hindmata),19.0178,72.8478,3.0
2024-07-21 19:00:00,AWS_DADAR,Dadar (Hindmata),19.0178,72.8478,22.0
2024-07-21 20:00:00,AWS_DADAR,Dadar (Hindmata),19.0178,72.8478,9.6
2024-07-21 21:00:00,AWS_DADAR,Dadar (Hindmata),19.0178,72.8478,14.2
2024-07-21 22:00:00,AWS_DADAR,Dadar (Hindmata),19.0178,72.8478,10.6
2024-07-21 23:00:00,AWS_DADAR,Dadar (Hindmata),19.0178,72.8478,3.0
2024-07-22 00:00:00,AWS_DADAR,Dadar (Hindmata),19.0178,72.8478,1.4
2024-07-22 01:00:00,AWS_DADAR,Dadar (Hindmata),19.0178,72.8478,0.7
2024-07-22 02:00:00,AWS_DADAR,Dadar (Hindmata),19.0178,72.8478,2.4
2024-07-22 03:00:00,AWS_DADAR,Dadar (Hindmata),19.0178,72.8478,3.1
2024-07-22 04:00:00,AWS_DADAR,Dadar (Hindmata),19.0178,72.8478,0.5
2024-07-22 05:00:00,AWS_DADAR,Dadar (Hindmata),19.0178,72.8478,0.5
2024-07-22 06:00:00,AWS_DADAR,Dadar (Hindmata),19.0178,72.8478,0.1
2024-07-22 07:00:00,AWS_DADAR,Dadar (Hindmata),19.0178,72.8478,3.3
2024-07-22 08:00:00,AWS_DADAR,Dadar (Hindmata),19.0178,72.8478,2.7
2024-07-22 09:00:00,AWS_DADAR,Dadar (Hindmata),19.0178,72.8478,1.6
2024-07-22 10:00:00,AWS_DADAR,Dadar (Hindmata),19.0178,72.8478,4.6
2024-07-22 11:00:00,AWS_DADAR,Dadar (Hindmata),19.0178,72.8478,4.1
2024-07-22 12:00:00,AWS_DADAR,Dadar (Hindmata),19.0178,72.8478,2.2
2024-07-22 13:00:00,AWS_DADAR,Dadar (Hindmata),19.0178,72.8478,5.1
2024-07-22 14:00:00,AWS_DADAR,Dadar (Hindmata),19.0178,72.8478,0.6
2024-07-22 15:00:00,AWS_DADAR,Dadar (Hindmata),19.0178,72.8478,0.3
2024-07-22 16:00:00,AWS_DADAR,Dadar (Hindmata),19.0178,72.8478,0.8
2024-07-22 17:00:00,AWS_DADAR,Dadar (Hindmata),19.0178,72.8478,0.1
2024-07-22 18:00:00,AWS_DADAR,Dadar (Hindmata),19.0178,72.8478,1.9
2024-07-22 19:00:00,AWS_DADAR,Dadar (Hindmata),19.0178,72.8478,6.9
2024-07-22 20:00:00,AWS_DADAR,Dadar (Hindmata),19.0178,72.8478,0.1
2024-07-22 21:00:00,AWS_DADAR,Dadar (Hindmata),19.0178,72.8478,0.3
2024-07-22 22:00:00,AWS_DADAR,Dadar (Hindmata),19.0178,72.8478,1.5
2024-07-22 23:00:00,AWS_DADAR,Dadar (Hindmata),19.0178,72.8478,6.8
2024-07-23 00:00:00,AWS_DADAR,Dadar (Hindmata),19.0178,72.8478,1.0
2024-07-23 01:00:00,AWS_DADAR,Dadar (Hindmata),19.0178,72.8478,1.8
2024-07-23 02:00:00,AWS_DADAR,Dadar (Hindmata),19.0178,72.8478,0.1
2024-07-23 03:00:00,AWS_DADAR,Dadar (Hindmata),19.0178,72.8478,0.4
2024-07-23 04:00:00,AWS_DADAR,Dadar (Hindmata),19.0178,72.8478,10.8
2024-07-23 05:00:00,AWS_DADAR,Dadar (Hindmata),19.0178,72.8478,8.4
2024-07-23 06:00:00,AWS_DADAR,Dadar (Hindmata),19.0178,72.8478,0.0
2024-07-23 07:00:00,AWS_DADAR,Dadar (Hindmata),19.0178,72.8478,7.6
2024-07-23 08:00:00,AWS_DADAR,Dadar (Hindmata),19.0178,72.8478,2.5
2024-07-23 09:00:00,AWS_DADAR,Dadar (Hindmata),19.0178,72.8478,5.1
2024-07-23 10:00:00,AWS_DADAR,Dadar (Hindmata),19.0178,72.8478,1.5
2024-07-23 11:00:00,AWS_DADAR,Dadar (Hindmata),19.0178,72.8478,1.8
2024-07-23 12:00:00,AWS_DADAR,Dadar (Hindmata),19.0178,72.8478,1.7
2024-07-23 13:00:00,AWS_DADAR,Dadar (Hindmata),19.0178,72.8478,2.7
2024-07-23 14:00:00,AWS_DADAR,Dadar (Hindmata),19.0178,72.8478,0.4
2024-07-23 15:00:00,AWS_DADAR,Dadar (Hindmata),19.0178,72.8478,0.1
2024-07-23 16:00:00,AWS_DADAR,Dadar (Hindmata),19.0178,72.8478,0.9
2024-07-23 17:00:00,AWS_DADAR,Dadar (Hindmata),19.0178,72.8478,3.0
2024-07-23 18:00:00,AWS_DADAR,Dadar (Hindmata),19.0178,72.8478,0.6
2024-07-23 19:00:00,AWS_DADAR,Dadar (Hindmata),19.0178,72.8478,2.8
2024-07-23 20:00:00,AWS_DADAR,Dadar (Hindmata),19.0178,72.8478,8.8
2024-07-23 21:00:00,AWS_DADAR,Dadar (Hindmata),19.0178,72.8478,0.2
2024-07-23 22:00:00,AWS_DADAR,Dadar (Hindmata),19.0178,72.8478,2.8
2024-07-23 23:00:00,AWS_DADAR,Dadar (Hindmata),19.0178,72.8478,1.5
2024-07-24 00:00:00,AWS_DADAR,Dadar (Hindmata),19.0178,72.8478,5.1
2024-07-24 01:00:00,AWS_DADAR,Dadar (Hindmata),19.0178,72.8478,0.5
2024-07-24 02:00:00,AWS_DADAR,Dadar (Hindmata),19.0178,72.8478,2.9
2024-07-24 03:00:00,AWS_DADAR,Dadar (Hindmata),19.0178,72.8478,4.6
2024-07-24 04:00:00,AWS_DADAR,Dadar (Hindmata),19.0178,72.8478,7.2
2024-07-24 05:00:00,AWS_DADAR,Dadar (Hindmata),19.0178,72.8478,2.9
2024-07-24 06:00:00,AWS_DADAR,Dadar (Hindmata),19.0178,72.8478,1.7
2024-07-24 07:00:00,AWS_DADAR,Dadar (Hindmata),19.0178,72.8478,2.4
2024-07-24 08:00:00,AWS_DADAR,Dadar (Hindmata),19.0178,72.8478,5.1
2024-07-24 09:00:00,AWS_DADAR,Dadar (Hindmata),19.0178,72.8478,2.1
2024-07-24 10:00:00,AWS_DADAR,Dadar (Hindmata),19.0178,72.8478,0.1
2024-07-24 11:00:00,AWS_DADAR,Dadar (Hindmata),19.0178,72.8478,6.7
2024-07-24 12:00:00,AWS_DADAR,Dadar (Hindmata),19.0178,72.8478,2.9
2024-07-24 13:00:00,AWS_DADAR,Dadar (Hindmata),19.0178,72.8478,2.8
2024-07-24 14:00:00,AWS_DADAR,Dadar (Hindmata),19.0178,72.8478,0.6
2024-07-24 15:00:00,AWS_DADAR,Dadar (Hindmata),19.0178,72.8478,2.7
2024-07-24 16:00:00,AWS_DADAR,Dadar (Hindmata),19.0178,72.8478,1.3
2024-07-24 17:00:00,AWS_DADAR,Dadar (Hindmata),19.0178,72.8478,2.6
2024-07-24 18:00:00,AWS_DADAR,Dadar (Hindmata),19.0178,72.8478,0.3
2024-07-24 19:00:00,AWS_DADAR,Dadar (Hindmata),19.0178,72.8478,2.7
2024-07-24 20:00:00,AWS_DADAR,Dadar (Hindmata),19.0178,72.8478,18.6
2024-07-24 21:00:00,AWS_DADAR,Dadar (Hindmata),19.0178,72.8478,0.1
2024-07-24 22:00:00,AWS_DADAR,Dadar (Hindmata),19.0178,72.8478,9.4
2024-07-24 23:00:00,AWS_DADAR,Dadar (Hindmata),19.0178,72.8478,1.3
2024-07-25 00:00:00,AWS_DADAR,Dadar (Hindmata),19.0178,72.8478,5.1
2024-07-25 01:00:00,AWS_DADAR,Dadar (Hindmata),19.0178,72.8478,3.8
2024-07-25 02:00:00,AWS_DADAR,Dadar (Hindmata),19.0178,72.8478,2.1
2024-07-25 03:00:00,AWS_DADAR,Dadar (Hindmata),19.0178,72.8478,3.4
2024-07-25 04:00:00,AWS_DADAR,Dadar (Hindmata),19.0178,72.8478,5.3
2024-07-25 05:00:00,AWS_DADAR,Dadar (Hindmata),19.0178,72.8478,1.3
2024-07-25 06:00:00,AWS_DADAR,Dadar (Hindmata),19.0178,72.8478,1.0
2024-07-25 07:00:00,AWS_DADAR,Dadar (Hindmata),19.0178,72.8478,2.8
2024-07-25 08:00:00,AWS_DADAR,Dadar (Hindmata),19.0178,72.8478,4.1
2024-07-25 09:00:00,AWS_DADAR,Dadar (Hindmata),19.0178,72.8478,3.6
2024-07-25 10:00:00,AWS_DADAR,Dadar (Hindmata),19.0178,72.8478,4.0
2024-07-25 11:00:00,AWS_DADAR,Dadar (Hindmata),19.0178,72.8478,1.4
2024-07-25 12:00:00,AWS_DADAR,Dadar (Hindmata),19.0178,72.8478,4.3
2024-07-25 13:00:00,AWS_DADAR,Dadar (Hindmata),19.0178,72.8478,0.3
2024-07-25 14:00:00,AWS_DADAR,Dadar (Hindmata),19.0178,72.8478,2.0
2024-07-25 15:00:00,AWS_DADAR,Dadar (Hindmata),19.0178,72.8478,0.0
2024-07-25 16:00:00,AWS_DADAR,Dadar (Hindmata),19.0178,72.8478,1.0
2024-07-25 17:00:00,AWS_DADAR,Dadar (Hindmata),19.0178,72.8478,1.1
2024-07-25 18:00:00,AWS_DADAR,Dadar (Hindmata),19.0178,72.8478,1.3
2024-07-25 19:00:00,AWS_DADAR,Dadar (Hindmata),19.0178,72.8478,3.0
2024-07-25 20:00:00,AWS_DADAR,Dadar (Hindmata),19.0178,72.8478,1.2
2024-07-25 21:00:00,AWS_DADAR,Dadar (Hindmata),19.0178,72.8478,1.5
2024-07-25 22:00:00,AWS_DADAR,Dadar (Hindmata),19.0178,72.8478,0.7
2024-07-25 23:00:00,AWS_DADAR,Dadar (Hindmata),19.0178,72.8478,1.2
2024-07-15 00:00:00,AWS_KURLA,Kurla (LBS Marg),19.0682,72.8765,10.4
2024-07-15 01:00:00,AWS_KURLA,Kurla (LBS Marg),19.0682,72.8765,6.6
2024-07-15 02:00:00,AWS_KURLA,Kurla (LBS Marg),19.0682,72.8765,6.4
2024-07-15 03:00:00,AWS_KURLA,Kurla (LBS Marg),19.0682,72.8765,1.8
2024-07-15 04:00:00,AWS_KURLA,Kurla (LBS Marg),19.0682,72.8765,0.3
2024-07-15 05:00:00,AWS_KURLA,Kurla (LBS Marg),19.0682,72.8765,0.2
2024-07-15 06:00:00,AWS_KURLA,Kurla (LBS Marg),19.0682,72.8765,8.7
2024-07-15 07:00:00,AWS_KURLA,Kurla (LBS Marg),19.0682,72.8765,4.5
2024-07-15 08:00:00,AWS_KURLA,Kurla (LBS Marg),19.0682,72.8765,5.3
2024-07-15 09:00:00,AWS_KURLA,Kurla (LBS Marg),19.0682,72.8765,3.5
2024-07-15 10:00:00,AWS_KURLA,Kurla (LBS Marg),19.0682,72.8765,1.0
2024-07-15 11:00:00,AWS_KURLA,Kurla (LBS Marg),19.0682,72.8765,1.9
2024-07-15 12:00:00,AWS_KURLA,Kurla (LBS Marg),19.0682,72.8765,0.7
2024-07-15 13:00:00,AWS_KURLA,Kurla (LBS Marg),19.0682,72.8765,0.6
2024-07-15 14:00:00,AWS_KURLA,Kurla (LBS Marg),19.0682,72.8765,6.1
2024-07-15 15:00:00,AWS_KURLA,Kurla (LBS Marg),19.0682,72.8765,0.2
2024-07-15 16:00:00,AWS_KURLA,Kurla (LBS Marg),19.0682,72.8765,0.7
2024-07-15 17:00:00,AWS_KURLA,Kurla (LBS Marg),19.0682,72.8765,2.0
2024-07-15 18:00:00,AWS_KURLA,Kurla (LBS Marg),19.0682,72.8765,2.9
2024-07-15 19:00:00,AWS_KURLA,Kurla (LBS Marg),19.0682,72.8765,0.4
2024-07-15 20:00:00,AWS_KURLA,Kurla (LBS Marg),19.0682,72.8765,4.0
2024-07-15 21:00:00,AWS_KURLA,Kurla (LBS Marg),19.0682,72.8765,3.3
2024-07-15 22:00:00,AWS_KURLA,Kurla (LBS Marg),19.0682,72.8765,8.6
2024-07-15 23:00:00,AWS_KURLA,Kurla (LBS Marg),19.0682,72.8765,3.0
2024-07-16 00:00:00,AWS_KURLA,Kurla (LBS Marg),19.0682,72.8765,4.4
2024-07-16 01:00:00,AWS_KURLA,Kurla (LBS Marg),19.0682,72.8765,1.1
2024-07-16 02:00:00,AWS_KURLA,Kurla (LBS Marg),19.0682,72.8765,1.2
2024-07-16 03:00:00,AWS_KURLA,Kurla (LBS Marg),19.0682,72.8765,0.4
2024-07-16 04:00:00,AWS_KURLA,Kurla (LBS Marg),19.0682,72.8765,1.1
2024-07-16 05:00:00,AWS_KURLA,Kurla (LBS Marg),19.0682,72.8765,1.9
2024-07-16 06:00:00,AWS_KURLA,Kurla (LBS Marg),19.0682,72.8765,7.9
2024-07-16 07:00:00,AWS_KURLA,Kurla (LBS Marg),19.0682,72.8765,0.9
2024-07-16 08:00:00,AWS_KURLA,Kurla (LBS Marg),19.0682,72.8765,14.4
2024-07-16 09:00:00,AWS_KURLA,Kurla (LBS Marg),19.0682,72.8765,4.8
2024-07-16 10:00:00,AWS_KURLA,Kurla (LBS Marg),19.0682,72.8765,3.9
2024-07-16 11:00:00,AWS_KURLA,Kurla (LBS Marg),19.0682,72.8765,2.7
2024-07-16 12:00:00,AWS_KURLA,Kurla (LBS Marg),19.0682,72.8765,2.2
2024-07-16 13:00:00,AWS_KURLA,Kurla (LBS Marg),19.0682,72.8765,1.3
2024-07-16 14:00:00,AWS_KURLA,Kurla (LBS Marg),19.0682,72.8765,0.3
2024-07-16 15:00:00,AWS_KURLA,Kurla (LBS Marg),19.0682,72.8765,0.9
2024-07-16 16:00:00,AWS_KURLA,Kurla (LBS Marg),19.0682,72.8765,10.4
2024-07-16 17:00:00,AWS_KURLA,Kurla (LBS Marg),19.0682,72.8765,4.5
2024-07-16 18:00:00,AWS_KURLA,Kurla (LBS Marg),19.0682,72.8765,10.3
2024-07-16 19:00:00,AWS_KURLA,Kurla (LBS Marg),19.0682,72.8765,1.3
2024-07-16 20:00:00,AWS_KURLA,Kurla (LBS Marg),19.0682,72.8765,0.7
2024-07-16 21:00:00,AWS_KURLA,Kurla (LBS Marg),19.0682,72.8765,2.7
2024-07-16 22:00:00,AWS_KURLA,Kurla (LBS Marg),19.0682,72.8765,1.0
2024-07-16 23:00:00,AWS_KURLA,Kurla (LBS Marg),19.0682,72.8765,3.3
2024-07-17 00:00:00,AWS_KURLA,Kurla (LBS Marg),19.0682,72.8765,0.2
2024-07-17 01:00:00,AWS_KURLA,Kurla (LBS Marg),19.0682,72.8765,0.1
2024-07-17 02:00:00,AWS_KURLA,Kurla (LBS Marg),19.0682,72.8765,3.8
2024-07-17 03:00:00,AWS_KURLA,Kurla (LBS Marg),19.0682,72.8765,10.6
2024-07-17 04:00:00,AWS_KURLA,Kurla (LBS Marg),19.0682,72.8765,4.0
2024-07-17 05:00:00,AWS_KURLA,Kurla (LBS Marg),19.0682,72.8765,4.5
2024-07-17 06:00:00,AWS_KURLA,Kurla (LBS Marg),19.0682,72.8765,2.8
2024-07-17 07:00:00,AWS_KURLA,Kurla (LBS Marg),19.0682,72.8765,3.1
2024-07-17 08:00:00,AWS_KURLA,Kurla (LBS Marg),19.0682,72.8765,0.3
2024-07-17 09:00:00,AWS_KURLA,Kurla (LBS Marg),19.0682,72.8765,1.0
2024-07-17 10:00:00,AWS_KURLA,Kurla (LBS Marg),19.0682,72.8765,7.8
2024-07-17 11:00:00,AWS_KURLA,Kurla (LBS Marg),19.0682,72.8765,1.8
2024-07-17 12:00:00,AWS_KURLA,Kurla (LBS Marg),19.0682,72.8765,7.7
2024-07-17 13:00:00,AWS_KURLA,Kurla (LBS Marg),19.0682,72.8765,3.0
2024-07-17 14:00:00,AWS_KURLA,Kurla (LBS Marg),19.0682,72.8765,3.2
2024-07-17 15:00:00,AWS_KURLA,Kurla (LBS Marg),19.0682,72.8765,1.8
2024-07-17 16:00:00,AWS_KURLA,Kurla (LBS Marg),19.0682,72.8765,5.1
2024-07-17 17:00:00,AWS_KURLA,Kurla (LBS Marg),19.0682,72.8765,6.3
2024-07-17 18:00:00,AWS_KURLA,Kurla (LBS Marg),19.0682,72.8765,1.0
2024-07-17 19:00:00,AWS_KURLA,Kurla (LBS Marg),19.0682,72.8765,0.4
2024-07-17 20:00:00,AWS_KURLA,Kurla (LBS Marg),19.0682,72.8765,0.1
2024-07-17 21:00:00,AWS_KURLA,Kurla (LBS Marg),19.0682,72.8765,4.3
2024-07-17 22:00:00,AWS_KURLA,Kurla (LBS Marg),19.0682,72.8765,3.8
2024-07-17 23:00:00,AWS_KURLA,Kurla (LBS Marg),19.0682,72.8765,17.6
2024-07-18 00:00:00,AWS_KURLA,Kurla (LBS Marg),19.0682,72.8765,26.5
2024-07-18 01:00:00,AWS_KURLA,Kurla (LBS Marg),19.0682,72.8765,24.0
2024-07-18 02:00:00,AWS_KURLA,Kurla (LBS Marg),19.0682,72.8765,29.3
2024-07-18 03:00:00,AWS_KURLA,Kurla (LBS Marg),19.0682,72.8765,30.2
2024-07-18 04:00:00,AWS_KURLA,Kurla (LBS Marg),19.0682,72.8765,22.9
2024-07-18 05:00:00,AWS_KURLA,Kurla (LBS Marg),19.0682,72.8765,16.0
2024-07-18 06:00:00,AWS_KURLA,Kurla (LBS Marg),19.0682,72.8765,25.7
2024-07-18 07:00:00,AWS_KURLA,Kurla (LBS Marg),19.0682,72.8765,25.2
2024-07-18 08:00:00,AWS_KURLA,Kurla (LBS Marg),19.0682,72.8765,25.0
2024-07-18 09:00:00,AWS_KURLA,Kurla (LBS Marg),19.0682,72.8765,38.8
2024-07-18 10:00:00,AWS_KURLA,Kurla (LBS Marg),19.0682,72.8765,53.4
2024-07-18 11:00:00,AWS_KURLA,Kurla (LBS Marg),19.0682,72.8765,37.2
2024-07-18 12:00:00,AWS_KURLA,Kurla (LBS Marg),19.0682,72.8765,59.8
2024-07-18 13:00:00,AWS_KURLA,Kurla (LBS Marg),19.0682,72.8765,68.8
2024-07-18 14:00:00,AWS_KURLA,Kurla (LBS Marg),19.0682,72.8765,43.5
2024-07-18 15:00:00,AWS_KURLA,Kurla (LBS Marg),19.0682,72.8765,61.3
2024-07-18 16:00:00,AWS_KURLA,Kurla (LBS Marg),19.0682,72.8765,67.3
2024-07-18 17:00:00,AWS_KURLA,Kurla (LBS Marg),19.0682,72.8765,53.0
2024-07-18 18:00:00,AWS_KURLA,Kurla (LBS Marg),19.0682,72.8765,18.1
2024-07-18 19:00:00,AWS_KURLA,Kurla (LBS Marg),19.0682,72.8765,19.9
2024-07-18 20:00:00,AWS_KURLA,Kurla (LBS Marg),19.0682,72.8765,29.9
2024-07-18 21:00:00,AWS_KURLA,Kurla (LBS Marg),19.0682,72.8765,17.4
2024-07-18 22:00:00,AWS_KURLA,Kurla (LBS Marg),19.0682,72.8765,9.2
2024-07-18 23:00:00,AWS_KURLA,Kurla (LBS Marg),19.0682,72.8765,40.7
2024-07-19 00:00:00,AWS_KURLA,Kurla (LBS Marg),19.0682,72.8765,13.2
2024-07-19 01:00:00,AWS_KURLA,Kurla (LBS Marg),19.0682,72.8765,22.5
2024-07-19 02:00:00,AWS_KURLA,Kurla (LBS Marg),19.0682,72.8765,18.8
2024-07-19 03:00:00,AWS_KURLA,Kurla (LBS Marg),19.0682,72.8765,12.1
2024-07-19 04:00:00,AWS_KURLA,Kurla (LBS Marg),19.0682,72.8765,40.0
2024-07-19 05:00:00,AWS_KURLA,Kurla (LBS Marg),19.0682,72.8765,37.8
2024-07-19 06:00:00,AWS_KURLA,Kurla (LBS Marg),19.0682,72.8765,20.2
2024-07-19 07:00:00,AWS_KURLA,Kurla (LBS Marg),19.0682,72.8765,25.1
2024-07-19 08:00:00,AWS_KURLA,Kurla (LBS Marg),19.0682,72.8765,26.9
2024-07-19 09:00:00,AWS_KURLA,Kurla (LBS Marg),19.0682,72.8765,12.5
2024-07-19 10:00:00,AWS_KURLA,Kurla (LBS Marg),19.0682,72.8765,47.7
2024-07-19 11:00:00,AWS_KURLA,Kurla (LBS Marg),19.0682,72.8765,51.9
2024-07-19 12:00:00,AWS_KURLA,Kurla (LBS Marg),19.0682,72.8765,51.6
2024-07-19 13:00:00,AWS_KURLA,Kurla (LBS Marg),19.0682,72.8765,57.3
2024-07-19 14:00:00,AWS_KURLA,Kurla (LBS Marg),19.0682,72.8765,57.7
2024-07-19 15:00:00,AWS_KURLA,Kurla (LBS Marg),19.0682,72.8765,50.7
2024-07-19 16:00:00,AWS_KURLA,Kurla (LBS Marg),19.0682,72.8765,85.0
2024-07-19 17:00:00,AWS_KURLA,Kurla (LBS Marg),19.0682,72.8765,70.1
2024-07-19 18:00:00,AWS_KURLA,Kurla (LBS Marg),19.0682,72.8765,17.7
2024-07-19 19:00:00,AWS_KURLA,Kurla (LBS Marg),19.0682,72.8765,48.8
2024-07-19 20:00:00,AWS_KURLA,Kurla (LBS Marg),19.0682,72.8765,54.7
2024-07-19 21:00:00,AWS_KURLA,Kurla (LBS Marg),19.0682,72.8765,32.5
2024-07-19 22:00:00,AWS_KURLA,Kurla (LBS Marg),19.0682,72.8765,16.9
2024-07-19 23:00:00,AWS_KURLA,Kurla (LBS Marg),19.0682,72.8765,20.5
2024-07-20 00:00:00,AWS_KURLA,Kurla (LBS Marg),19.0682,72.8765,11.5
2024-07-20 01:00:00,AWS_KURLA,Kurla (LBS Marg),19.0682,72.8765,2.8
2024-07-20 02:00:00,AWS_KURLA,Kurla (LBS Marg),19.0682,72.8765,4.2
2024-07-20 03:00:00,AWS_KURLA,Kurla (LBS Marg),19.0682,72.8765,3.9
2024-07-20 04:00:00,AWS_KURLA,Kurla (LBS Marg),19.0682,72.8765,14.8
2024-07-20 05:00:00,AWS_KURLA,Kurla (LBS Marg),19.0682,72.8765,22.3
2024-07-20 06:00:00,AWS_KURLA,Kurla (LBS Marg),19.0682,72.8765,16.7
2024-07-20 07:00:00,AWS_KURLA,Kurla (LBS Marg),19.0682,72.8765,19.9
2024-07-20 08:00:00,AWS_KURLA,Kurla (LBS Marg),19.0682,72.8765,5.2
2024-07-20 09:00:00,AWS_KURLA,Kurla (LBS Marg),19.0682,72.8765,7.7
2024-07-20 10:00:00,AWS_KURLA,Kurla (LBS Marg),19.0682,72.8765,8.2
2024-07-20 11:00:00,AWS_KURLA,Kurla (LBS Marg),19.0682,72.8765,14.0
2024-07-20 12:00:00,AWS_KURLA,Kurla (LBS Marg),19.0682,72.8765,5.8
2024-07-20 13:00:00,AWS_KURLA,Kurla (LBS Marg),19.0682,72.8765,19.0
2024-07-20 14:00:00,AWS_KURLA,Kurla (LBS Marg),19.0682,72.8765,27.1
2024-07-20 15:00:00,AWS_KURLA,Kurla (LBS Marg),19.0682,72.8765,14.5
2024-07-20 16:00:00,AWS_KURLA,Kurla (LBS Marg),19.0682,72.8765,7.4
2024-07-20 17:00:00,AWS_KURLA,Kurla (LBS Marg),19.0682,72.8765,4.8
2024-07-20 18:00:00,AWS_KURLA,Kurla (LBS Marg),19.0682,72.8765,3.9
2024-07-20 19:00:00,AWS_KURLA,Kurla (LBS Marg),19.0682,72.8765,1.2
2024-07-20 20:00:00,AWS_KURLA,Kurla (LBS Marg),19.0682,72.8765,8.4
2024-07-20 21:00:00,AWS_KURLA,Kurla (LBS Marg),19.0682,72.8765,8.0
2024-07-20 22:00:00,AWS_KURLA,Kurla (LBS Marg),19.0682,72.8765,18.3
2024-07-20 23:00:00,AWS_KURLA,Kurla (LBS Marg),19.0682,72.8765,6.1
2024-07-21 00:00:00,AWS_KURLA,Kurla (LBS Marg),19.0682,72.8765,8.8
2024-07-21 01:00:00,AWS_KURLA,Kurla (LBS Marg),19.0682,72.8765,12.4
2024-07-21 02:00:00,AWS_KURLA,Kurla (LBS Marg),19.0682,72.8765,14.3
2024-07-21 03:00:00,AWS_KURLA,Kurla (LBS Marg),19.0682,72.8765,16.8
2024-07-21 04:00:00,AWS_KURLA,Kurla (LBS Marg),19.0682,72.8765,11.5
2024-07-21 05:00:00,AWS_KURLA,Kurla (LBS Marg),19.0682,72.8765,2.9
2024-07-21 06:00:00,AWS_KURLA,Kurla (LBS Marg),19.0682,72.8765,13.4
2024-07-21 07:00:00,AWS_KURLA,Kurla (LBS Marg),19.0682,72.8765,5.8
2024-07-21 08:00:00,AWS_KURLA,Kurla (LBS Marg),19.0682,72.8765,23.0
2024-07-21 09:00:00,AWS_KURLA,Kurla (LBS Marg),19.0682,72.8765,10.2
2024-07-21 10:00:00,AWS_KURLA,Kurla (LBS Marg),19.0682,72.8765,12.0
2024-07-21 11:00:00,AWS_KURLA,Kurla (LBS Marg),19.0682,72.8765,46.7
2024-07-21 12:00:00,AWS_KURLA,Kurla (LBS Marg),19.0682,72.8765,17.0
2024-07-21 13:00:00,AWS_KURLA,Kurla (LBS Marg),19.0682,72.8765,13.3
2024-07-21 14:00:00,AWS_KURLA,Kurla (LBS Marg),19.0682,72.8765,9.0
2024-07-21 15:00:00,AWS_KURLA,Kurla (LBS Marg),19.0682,72.8765,3.2
2024-07-21 16:00:00,AWS_KURLA,Kurla (LBS Marg),19.0682,72.8765,8.5
2024-07-21 17:00:00,AWS_KURLA,Kurla (LBS Marg),19.0682,72.8765,4.8
2024-07-21 18:00:00,AWS_KURLA,Kurla (LBS Marg),19.0682,72.8765,29.3
2024-07-21 19:00:00,AWS_KURLA,Kurla (LBS Marg),19.0682,72.8765,13.4
2024-07-21 20:00:00,AWS_KURLA,Kurla (LBS Marg),19.0682,72.8765,22.4
2024-07-21 21:00:00,AWS_KURLA,Kurla (LBS Marg),19.0682,72.8765,6.0
2024-07-21 22:00:00,AWS_KURLA,Kurla (LBS Marg),19.0682,72.8765,5.1
2024-07-21 23:00:00,AWS_KURLA,Kurla (LBS Marg),19.0682,72.8765,15.9
2024-07-22 00:00:00,AWS_KURLA,Kurla (LBS Marg),19.0682,72.8765,1.0
2024-07-22 01:00:00,AWS_KURLA,Kurla (LBS Marg),19.0682,72.8765,0.4
2024-07-22 02:00:00,AWS_KURLA,Kurla (LBS Marg),19.0682,72.8765,0.9
2024-07-22 03:00:00,AWS_KURLA,Kurla (LBS Marg),19.0682,72.8765,5.2
2024-07-22 04:00:00,AWS_KURLA,Kurla (LBS Marg),19.0682,72.8765,14.0
2024-07-22 05:00:00,AWS_KURLA,Kurla (LBS Marg),19.0682,72.8765,1.1
2024-07-22 06:00:00,AWS_KURLA,Kurla (LBS Marg),19.0682,72.8765,1.5
2024-07-22 07:00:00,AWS_KURLA,Kurla (LBS Marg),19.0682,72.8765,3.2
2024-07-22 08:00:00,AWS_KURLA,Kurla (LBS Marg),19.0682,72.8765,5.4
2024-07-22 09:00:00,AWS_KURLA,Kurla (LBS Marg),19.0682,72.8765,2.2
2024-07-22 10:00:00,AWS_KURLA,Kurla (LBS Marg),19.0682,72.8765,1.2
2024-07-22 11:00:00,AWS_KURLA,Kurla (LBS Marg),19.0682,72.8765,1.3
2024-07-22 12:00:00,AWS_KURLA,Kurla (LBS Marg),19.0682,72.8765,3.0
2024-07-22 13:00:00,AWS_KURLA,Kurla (LBS Marg),19.0682,72.8765,0.0
2024-07-22 14:00:00,AWS_KURLA,Kurla (LBS Marg),19.0682,72.8765,2.4
2024-07-22 15:00:00,AWS_KURLA,Kurla (LBS Marg),19.0682,72.8765,1.1
2024-07-22 16:00:00,AWS_KURLA,Kurla (LBS Marg),19.0682,72.8765,4.0
2024-07-22 17:00:00,AWS_KURLA,Kurla (LBS Marg),19.0682,72.8765,0.2
2024-07-22 18:00:00,AWS_KURLA,Kurla (LBS Marg),19.0682,72.8765,2.2
2024-07-22 19:00:00,AWS_KURLA,Kurla (LBS Marg),19.0682,72.8765,1.6
2024-07-22 20:00:00,AWS_KURLA,Kurla (LBS Marg),19.0682,72.8765,2.6
2024-07-22 21:00:00,AWS_KURLA,Kurla (LBS Marg),19.0682,72.8765,0.2
2024-07-22 22:00:00,AWS_KURLA,Kurla (LBS Marg),19.0682,72.8765,2.2
2024-07-22 23:00:00,AWS_KURLA,Kurla (LBS Marg),19.0682,72.8765,2.1
2024-07-23 00:00:00,AWS_KURLA,Kurla (LBS Marg),19.0682,72.8765,2.1
2024-07-23 01:00:00,AWS_KURLA,Kurla (LBS Marg),19.0682,72.8765,2.3
2024-07-23 02:00:00,AWS_KURLA,Kurla (LBS Marg),19.0682,72.8765,2.8
2024-07-23 03:00:00,AWS_KURLA,Kurla (LBS Marg),19.0682,72.8765,4.1
2024-07-23 04:00:00,AWS_KURLA,Kurla (LBS Marg),19.0682,72.8765,0.8
2024-07-23 05:00:00,AWS_KURLA,Kurla (LBS Marg),19.0682,72.8765,4.4
2024-07-23 06:00:00,AWS_KURLA,Kurla (LBS Marg),19.0682,72.8765,1.7
2024-07-23 07:00:00,AWS_KURLA,Kurla (LBS Marg),19.0682,72.8765,0.2
2024-07-23 08:00:00,AWS_KURLA,Kurla (LBS Marg),19.0682,72.8765,0.2
2024-07-23 09:00:00,AWS_KURLA,Kurla (LBS Marg),19.0682,72.8765,1.0
2024-07-23 10:00:00,AWS_KURLA,Kurla (LBS Marg),19.0682,72.8765,3.8
2024-07-23 11:00:00,AWS_KURLA,Kurla (LBS Marg),19.0682,72.8765,3.1
2024-07-23 12:00:00,AWS_KURLA,Kurla (LBS Marg),19.0682,72.8765,3.9
2024-07-23 13:00:00,AWS_KURLA,Kurla (LBS Marg),19.0682,72.8765,1.8
2024-07-23 14:00:00,AWS_KURLA,Kurla (LBS Marg),19.0682,72.8765,1.5
2024-07-23 15:00:00,AWS_KURLA,Kurla (LBS Marg),19.0682,72.8765,0.4
2024-07-23 16:00:00,AWS_KURLA,Kurla (LBS Marg),19.0682,72.8765,1.0
2024-07-23 17:00:00,AWS_KURLA,Kurla (LBS Marg),19.0682,72.8765,1.4
2024-07-23 18:00:00,AWS_KURLA,Kurla (LBS Marg),19.0682,72.8765,0.2
2024-07-23 19:00:00,AWS_KURLA,Kurla (LBS Marg),19.0682,72.8765,0.6
2024-07-23 20:00:00,AWS_KURLA,Kurla (LBS Marg),19.0682,72.8765,2.3
2024-07-23 21:00:00,AWS_KURLA,Kurla (LBS Marg),19.0682,72.8765,3.3
2024-07-23 22:00:00,AWS_KURLA,Kurla (LBS Marg),19.0682,72.8765,16.0
2024-07-23 23:00:00,AWS_KURLA,Kurla (LBS Marg),19.0682,72.8765,6.8
2024-07-24 00:00:00,AWS_KURLA,Kurla (LBS Marg),19.0682,72.8765,2.6
2024-07-24 01:00:00,AWS_KURLA,Kurla (LBS Marg),19.0682,72.8765,1.4
2024-07-24 02:00:00,AWS_KURLA,Kurla (LBS Marg),19.0682,72.8765,2.5
2024-07-24 03:00:00,AWS_KURLA,Kurla (LBS Marg),19.0682,72.8765,3.9
2024-07-24 04:00:00,AWS_KURLA,Kurla (LBS Marg),19.0682,72.8765,0.3
2024-07-24 05:00:00,AWS_KURLA,Kurla (LBS Marg),19.0682,72.8765,1.3
2024-07-24 06:00:00,AWS_KURLA,Kurla (LBS Marg),19.0682,72.8765,4.6
2024-07-24 07:00:00,AWS_KURLA,Kurla (LBS Marg),19.0682,72.8765,1.2
2024-07-24 08:00:00,AWS_KURLA,Kurla (LBS Marg),19.0682,72.8765,2.1
2024-07-24 09:00:00,AWS_KURLA,Kurla (LBS Marg),19.0682,72.8765,2.2
2024-07-24 10:00:00,AWS_KURLA,Kurla (LBS Marg),19.0682,72.8765,0.5
2024-07-24 11:00:00,AWS_KURLA,Kurla (LBS Marg),19.0682,72.8765,1.1
2024-07-24 12:00:00,AWS_KURLA,Kurla (LBS Marg),19.0682,72.8765,1.0
2024-07-24 13:00:00,AWS_KURLA,Kurla (LBS Marg),19.0682,72.8765,0.1
2024-07-24 14:00:00,AWS_KURLA,Kurla (LBS Marg),19.0682,72.8765,0.1
2024-07-24 15:00:00,AWS_KURLA,Kurla (LBS Marg),19.0682,72.8765,4.5
2024-07-24 16:00:00,AWS_KURLA,Kurla (LBS Marg),19.0682,72.8765,0.8
2024-07-24 17:00:00,AWS_KURLA,Kurla (LBS Marg),19.0682,72.8765,1.8
2024-07-24 18:00:00,AWS_KURLA,Kurla (LBS Marg),19.0682,72.8765,0.9
2024-07-24 19:00:00,AWS_KURLA,Kurla (LBS Marg),19.0682,72.8765,7.1
2024-07-24 20:00:00,AWS_KURLA,Kurla (LBS Marg),19.0682,72.8765,0.8
2024-07-24 21:00:00,AWS_KURLA,Kurla (LBS Marg),19.0682,72.8765,1.4
2024-07-24 22:00:00,AWS_KURLA,Kurla (LBS Marg),19.0682,72.8765,5.2
2024-07-24 23:00:00,AWS_KURLA,Kurla (LBS Marg),19.0682,72.8765,4.6
2024-07-25 00:00:00,AWS_KURLA,Kurla (LBS Marg),19.0682,72.8765,0.5
2024-07-25 01:00:00,AWS_KURLA,Kurla (LBS Marg),19.0682,72.8765,4.1
2024-07-25 02:00:00,AWS_KURLA,Kurla (LBS Marg),19.0682,72.8765,1.5
2024-07-25 03:00:00,AWS_KURLA,Kurla (LBS Marg),19.0682,72.8765,1.6
2024-07-25 04:00:00,AWS_KURLA,Kurla (LBS Marg),19.0682,72.8765,0.4
2024-07-25 05:00:00,AWS_KURLA,Kurla (LBS Marg),19.0682,72.8765,0.2
2024-07-25 06:00:00,AWS_KURLA,Kurla (LBS Marg),19.0682,72.8765,3.3
2024-07-25 07:00:00,AWS_KURLA,Kurla (LBS Marg),19.0682,72.8765,1.7
2024-07-25 08:00:00,AWS_KURLA,Kurla (LBS Marg),19.0682,72.8765,1.4
2024-07-25 09:00:00,AWS_KURLA,Kurla (LBS Marg),19.0682,72.8765,3.3
2024-07-25 10:00:00,AWS_KURLA,Kurla (LBS Marg),19.0682,72.8765,3.6
2024-07-25 11:00:00,AWS_KURLA,Kurla (LBS Marg),19.0682,72.8765,0.4
2024-07-25 12:00:00,AWS_KURLA,Kurla (LBS Marg),19.0682,72.8765,2.4
2024-07-25 13:00:00,AWS_KURLA,Kurla (LBS Marg),19.0682,72.8765,0.4
2024-07-25 14:00:00,AWS_KURLA,Kurla (LBS Marg),19.0682,72.8765,3.5
2024-07-25 15:00:00,AWS_KURLA,Kurla (LBS Marg),19.0682,72.8765,2.7
2024-07-25 16:00:00,AWS_KURLA,Kurla (LBS Marg),19.0682,72.8765,7.8
2024-07-25 17:00:00,AWS_KURLA,Kurla (LBS Marg),19.0682,72.8765,0.2
2024-07-25 18:00:00,AWS_KURLA,Kurla (LBS Marg),19.0682,72.8765,0.1
2024-07-25 19:00:00,AWS_KURLA,Kurla (LBS Marg),19.0682,72.8765,0.8
2024-07-25 20:00:00,AWS_KURLA,Kurla (LBS Marg),19.0682,72.8765,0.8
2024-07-25 21:00:00,AWS_KURLA,Kurla (LBS Marg),19.0682,72.8765,0.7
2024-07-25 22:00:00,AWS_KURLA,Kurla (LBS Marg),19.0682,72.8765,5.9
2024-07-25 23:00:00,AWS_KURLA,Kurla (LBS Marg),19.0682,72.8765,0.7
2024-07-15 00:00:00,AWS_ANDHERI,Andheri (Versova),19.1197,72.8441,6.1
2024-07-15 01:00:00,AWS_ANDHERI,Andheri (Versova),19.1197,72.8441,0.9
2024-07-15 02:00:00,AWS_ANDHERI,Andheri (Versova),19.1197,72.8441,2.5
2024-07-15 03:00:00,AWS_ANDHERI,Andheri (Versova),19.1197,72.8441,1.0
2024-07-15 04:00:00,AWS_ANDHERI,Andheri (Versova),19.1197,72.8441,5.9
2024-07-15 05:00:00,AWS_ANDHERI,Andheri (Versova),19.1197,72.8441,2.8
2024-07-15 06:00:00,AWS_ANDHERI,Andheri (Versova),19.1197,72.8441,4.3
2024-07-15 07:00:00,AWS_ANDHERI,Andheri (Versova),19.1197,72.8441,0.2
2024-07-15 08:00:00,AWS_ANDHERI,Andheri (Versova),19.1197,72.8441,1.4
2024-07-15 09:00:00,AWS_ANDHERI,Andheri (Versova),19.1197,72.8441,5.5
2024-07-15 10:00:00,AWS_ANDHERI,Andheri (Versova),19.1197,72.8441,0.4
2024-07-15 11:00:00,AWS_ANDHERI,Andheri (Versova),19.1197,72.8441,4.1
2024-07-15 12:00:00,AWS_ANDHERI,Andheri (Versova),19.1197,72.8441,2.5
2024-07-15 13:00:00,AWS_ANDHERI,Andheri (Versova),19.1197,72.8441,1.0
2024-07-15 14:00:00,AWS_ANDHERI,Andheri (Versova),19.1197,72.8441,0.9
2024-07-15 15:00:00,AWS_ANDHERI,Andheri (Versova),19.1197,72.8441,0.7
2024-07-15 16:00:00,AWS_ANDHERI,Andheri (Versova),19.1197,72.8441,2.8
2024-07-15 17:00:00,AWS_ANDHERI,Andheri (Versova),19.1197,72.8441,3.1
2024-07-15 18:00:00,AWS_ANDHERI,Andheri (Versova),19.1197,72.8441,1.7
2024-07-15 19:00:00,AWS_ANDHERI,Andheri (Versova),19.1197,72.8441,0.6
2024-07-15 20:00:00,AWS_ANDHERI,Andheri (Versova),19.1197,72.8441,1.5
2024-07-15 21:00:00,AWS_ANDHERI,Andheri (Versova),19.1197,72.8441,13.2
2024-07-15 22:00:00,AWS_ANDHERI,Andheri (Versova),19.1197,72.8441,1.1
2024-07-15 23:00:00,AWS_ANDHERI,Andheri (Versova),19.1197,72.8441,2.8
2024-07-16 00:00:00,AWS_ANDHERI,Andheri (Versova),19.1197,72.8441,1.2
2024-07-16 01:00:00,AWS_ANDHERI,Andheri (Versova),19.1197,72.8441,2.4
2024-07-16 02:00:00,AWS_ANDHERI,Andheri (Versova),19.1197,72.8441,1.1
2024-07-16 03:00:00,AWS_ANDHERI,Andheri (Versova),19.1197,72.8441,1.4
2024-07-16 04:00:00,AWS_ANDHERI,Andheri (Versova),19.1197,72.8441,0.3
2024-07-16 05:00:00,AWS_ANDHERI,Andheri (Versova),19.1197,72.8441,2.9
2024-07-16 06:00:00,AWS_ANDHERI,Andheri (Versova),19.1197,72.8441,1.7
2024-07-16 07:00:00,AWS_ANDHERI,Andheri (Versova),19.1197,72.8441,4.3
2024-07-16 08:00:00,AWS_ANDHERI,Andheri (Versova),19.1197,72.8441,2.4
2024-07-16 09:00:00,AWS_ANDHERI,Andheri (Versova),19.1197,72.8441,1.0
2024-07-16 10:00:00,AWS_ANDHERI,Andheri (Versova),19.1197,72.8441,0.7
2024-07-16 11:00:00,AWS_ANDHERI,Andheri (Versova),19.1197,72.8441,2.6
2024-07-16 12:00:00,AWS_ANDHERI,Andheri (Versova),19.1197,72.8441,8.2
2024-07-16 13:00:00,AWS_ANDHERI,Andheri (Versova),19.1197,72.8441,1.3
2024-07-16 14:00:00,AWS_ANDHERI,Andheri (Versova),19.1197,72.8441,3.2
2024-07-16 15:00:00,AWS_ANDHERI,Andheri (Versova),19.1197,72.8441,7.5
2024-07-16 16:00:00,AWS_ANDHERI,Andheri (Versova),19.1197,72.8441,4.4
2024-07-16 17:00:00,AWS_ANDHERI,Andheri (Versova),19.1197,72.8441,0.5
2024-07-16 18:00:00,AWS_ANDHERI,Andheri (Versova),19.1197,72.8441,2.9
2024-07-16 19:00:00,AWS_ANDHERI,Andheri (Versova),19.1197,72.8441,5.7
2024-07-16 20:00:00,AWS_ANDHERI,Andheri (Versova),19.1197,72.8441,1.6
2024-07-16 21:00:00,AWS_ANDHERI,Andheri (Versova),19.1197,72.8441,1.4
2024-07-16 22:00:00,AWS_ANDHERI,Andheri (Versova),19.1197,72.8441,1.4
2024-07-16 23:00:00,AWS_ANDHERI,Andheri (Versova),19.1197,72.8441,2.1
2024-07-17 00:00:00,AWS_ANDHERI,Andheri (Versova),19.1197,72.8441,0.5
2024-07-17 01:00:00,AWS_ANDHERI,Andheri (Versova),19.1197,72.8441,3.2
2024-07-17 02:00:00,AWS_ANDHERI,Andheri (Versova),19.1197,72.8441,3.3
2024-07-17 03:00:00,AWS_ANDHERI,Andheri (Versova),19.1197,72.8441,3.4
2024-07-17 04:00:00,AWS_ANDHERI,Andheri (Versova),19.1197,72.8441,2.5
2024-07-17 05:00:00,AWS_ANDHERI,Andheri (Versova),19.1197,72.8441,0.5
2024-07-17 06:00:00,AWS_ANDHERI,Andheri (Versova),19.1197,72.8441,2.0
2024-07-17 07:00:00,AWS_ANDHERI,Andheri (Versova),19.1197,72.8441,11.5
2024-07-17 08:00:00,AWS_ANDHERI,Andheri (Versova),19.1197,72.8441,3.3
2024-07-17 09:00:00,AWS_ANDHERI,Andheri (Versova),19.1197,72.8441,0.9
2024-07-17 10:00:00,AWS_ANDHERI,Andheri (Versova),19.1197,72.8441,4.6
2024-07-17 11:00:00,AWS_ANDHERI,Andheri (Versova),19.1197,72.8441,11.6
2024-07-17 12:00:00,AWS_ANDHERI,Andheri (Versova),19.1197,72.8441,3.7
2024-07-17 13:00:00,AWS_ANDHERI,Andheri (Versova),19.1197,72.8441,2.2
2024-07-17 14:00:00,AWS_ANDHERI,Andheri (Versova),19.1197,72.8441,8.2
2024-07-17 15:00:00,AWS_ANDHERI,Andheri (Versova),19.1197,72.8441,1.4
2024-07-17 16:00:00,AWS_ANDHERI,Andheri (Versova),19.1197,72.8441,6.5
2024-07-17 17:00:00,AWS_ANDHERI,Andheri (Versova),19.1197,72.8441,1.3
2024-07-17 18:00:00,AWS_ANDHERI,Andheri (Versova),19.1197,72.8441,1.6
2024-07-17 19:00:00,AWS_ANDHERI,Andheri (Versova),19.1197,72.8441,5.4
2024-07-17 20:00:00,AWS_ANDHERI,Andheri (Versova),19.1197,72.8441,7.9
2024-07-17 21:00:00,AWS_ANDHERI,Andheri (Versova),19.1197,72.8441,2.3
2024-07-17 22:00:00,AWS_ANDHERI,Andheri (Versova),19.1197,72.8441,7.7
2024-07-17 23:00:00,AWS_ANDHERI,Andheri (Versova),19.1197,72.8441,3.8
2024-07-18 00:00:00,AWS_ANDHERI,Andheri (Versova),19.1197,72.8441,15.7
2024-07-18 01:00:00,AWS_ANDHERI,Andheri (Versova),19.1197,72.8441,20.0
2024-07-18 02:00:00,AWS_ANDHERI,Andheri (Versova),19.1197,72.8441,33.6
2024-07-18 03:00:00,AWS_ANDHERI,Andheri (Versova),19.1197,72.8441,50.4
2024-07-18 04:00:00,AWS_ANDHERI,Andheri (Versova),19.1197,72.8441,42.7
2024-07-18 05:00:00,AWS_ANDHERI,Andheri (Versova),19.1197,72.8441,43.0
2024-07-18 06:00:00,AWS_ANDHERI,Andheri (Versova),19.1197,72.8441,10.8
2024-07-18 07:00:00,AWS_ANDHERI,Andheri (Versova),19.1197,72.8441,37.1
2024-07-18 08:00:00,AWS_ANDHERI,Andheri (Versova),19.1197,72.8441,36.1
2024-07-18 09:00:00,AWS_ANDHERI,Andheri (Versova),19.1197,72.8441,29.4
2024-07-18 10:00:00,AWS_ANDHERI,Andheri (Versova),19.1197,72.8441,69.7
2024-07-18 11:00:00,AWS_ANDHERI,Andheri (Versova),19.1197,72.8441,77.2
2024-07-18 12:00:00,AWS_ANDHERI,Andheri (Versova),19.1197,72.8441,50.9
2024-07-18 13:00:00,AWS_ANDHERI,Andheri (Versova),19.1197,72.8441,61.8
2024-07-18 14:00:00,AWS_ANDHERI,Andheri (Versova),19.1197,72.8441,66.2
2024-07-18 15:00:00,AWS_ANDHERI,Andheri (Versova),19.1197,72.8441,74.5
2024-07-18 16:00:00,AWS_ANDHERI,Andheri (Versova),19.1197,72.8441,66.1
2024-07-18 17:00:00,AWS_ANDHERI,Andheri (Versova),19.1197,72.8441,14.2
2024-07-18 18:00:00,AWS_ANDHERI,Andheri (Versova),19.1197,72.8441,44.2
2024-07-18 19:00:00,AWS_ANDHERI,Andheri (Versova),19.1197,72.8441,30.9
2024-07-18 20:00:00,AWS_ANDHERI,Andheri (Versova),19.1197,72.8441,61.5
2024-07-18 21:00:00,AWS_ANDHERI,Andheri (Versova),19.1197,72.8441,25.1
2024-07-18 22:00:00,AWS_ANDHERI,Andheri (Versova),19.1197,72.8441,21.3
2024-07-18 23:00:00,AWS_ANDHERI,Andheri (Versova),19.1197,72.8441,13.1
2024-07-19 00:00:00,AWS_ANDHERI,Andheri (Versova),19.1197,72.8441,13.0
2024-07-19 01:00:00,AWS_ANDHERI,Andheri (Versova),19.1197,72.8441,41.4
2024-07-19 02:00:00,AWS_ANDHERI,Andheri (Versova),19.1197,72.8441,58.3
2024-07-19 03:00:00,AWS_ANDHERI,Andheri (Versova),19.1197,72.8441,23.9
2024-07-19 04:00:00,AWS_ANDHERI,Andheri (Versova),19.1197,72.8441,23.0
2024-07-19 05:00:00,AWS_ANDHERI,Andheri (Versova),19.1197,72.8441,26.3
2024-07-19 06:00:00,AWS_ANDHERI,Andheri (Versova),19.1197,72.8441,45.7
2024-07-19 07:00:00,AWS_ANDHERI,Andheri (Versova),19.1197,72.8441,14.3
2024-07-19 08:00:00,AWS_ANDHERI,Andheri (Versova),19.1197,72.8441,28.9
2024-07-19 09:00:00,AWS_ANDHERI,Andheri (Versova),19.1197,72.8441,41.9
2024-07-19 10:00:00,AWS_ANDHERI,Andheri (Versova),19.1197,72.8441,68.5
2024-07-19 11:00:00,AWS_ANDHERI,Andheri (Versova),19.1197,72.8441,47.8
2024-07-19 12:00:00,AWS_ANDHERI,Andheri (Versova),19.1197,72.8441,59.6
2024-07-19 13:00:00,AWS_ANDHERI,Andheri (Versova),19.1197,72.8441,105.5
2024-07-19 14:00:00,AWS_ANDHERI,Andheri (Versova),19.1197,72.8441,42.3
2024-07-19 15:00:00,AWS_ANDHERI,Andheri (Versova),19.1197,72.8441,48.7
2024-07-19 16:00:00,AWS_ANDHERI,Andheri (Versova),19.1197,72.8441,69.8
2024-07-19 17:00:00,AWS_ANDHERI,Andheri (Versova),19.1197,72.8441,52.8
2024-07-19 18:00:00,AWS_ANDHERI,Andheri (Versova),19.1197,72.8441,35.1
2024-07-19 19:00:00,AWS_ANDHERI,Andheri (Versova),19.1197,72.8441,23.9
2024-07-19 20:00:00,AWS_ANDHERI,Andheri (Versova),19.1197,72.8441,22.8
2024-07-19 21:00:00,AWS_ANDHERI,Andheri (Versova),19.1197,72.8441,22.3
2024-07-19 22:00:00,AWS_ANDHERI,Andheri (Versova),19.1197,72.8441,5.8
2024-07-19 23:00:00,AWS_ANDHERI,Andheri (Versova),19.1197,72.8441,14.6
2024-07-20 00:00:00,AWS_ANDHERI,Andheri (Versova),19.1197,72.8441,5.7
2024-07-20 01:00:00,AWS_ANDHERI,Andheri (Versova),19.1197,72.8441,21.0
2024-07-20 02:00:00,AWS_ANDHERI,Andheri (Versova),19.1197,72.8441,6.2
2024-07-20 03:00:00,AWS_ANDHERI,Andheri (Versova),19.1197,72.8441,13.2
2024-07-20 04:00:00,AWS_ANDHERI,Andheri (Versova),19.1197,72.8441,8.7
2024-07-20 05:00:00,AWS_ANDHERI,Andheri (Versova),19.1197,72.8441,4.6
2024-07-20 06:00:00,AWS_ANDHERI,Andheri (Versova),19.1197,72.8441,12.2
2024-07-20 07:00:00,AWS_ANDHERI,Andheri (Versova),19.1197,72.8441,9.9
2024-07-20 08:00:00,AWS_ANDHERI,Andheri (Versova),19.1197,72.8441,20.9
2024-07-20 09:00:00,AWS_ANDHERI,Andheri (Versova),19.1197,72.8441,7.2
2024-07-20 10:00:00,AWS_ANDHERI,Andheri (Versova),19.1197,72.8441,5.7
2024-07-20 11:00:00,AWS_ANDHERI,Andheri (Versova),19.1197,72.8441,17.9
2024-07-20 12:00:00,AWS_ANDHERI,Andheri (Versova),19.1197,72.8441,8.7
2024-07-20 13:00:00,AWS_ANDHERI,Andheri (Versova),19.1197,72.8441,19.0
2024-07-20 14:00:00,AWS_ANDHERI,Andheri (Versova),19.1197,72.8441,6.4
2024-07-20 15:00:00,AWS_ANDHERI,Andheri (Versova),19.1197,72.8441,11.2
2024-07-20 16:00:00,AWS_ANDHERI,Andheri (Versova),19.1197,72.8441,6.0
2024-07-20 17:00:00,AWS_ANDHERI,Andheri (Versova),19.1197,72.8441,4.8
2024-07-20 18:00:00,AWS_ANDHERI,Andheri (Versova),19.1197,72.8441,0.8
2024-07-20 19:00:00,AWS_ANDHERI,Andheri (Versova),19.1197,72.8441,27.0
2024-07-20 20:00:00,AWS_ANDHERI,Andheri (Versova),19.1197,72.8441,6.7
2024-07-20 21:00:00,AWS_ANDHERI,Andheri (Versova),19.1197,72.8441,14.5
2024-07-20 22:00:00,AWS_ANDHERI,Andheri (Versova),19.1197,72.8441,8.8
2024-07-20 23:00:00,AWS_ANDHERI,Andheri (Versova),19.1197,72.8441,22.2
2024-07-21 00:00:00,AWS_ANDHERI,Andheri (Versova),19.1197,72.8441,1.7
2024-07-21 01:00:00,AWS_ANDHERI,Andheri (Versova),19.1197,72.8441,11.7
2024-07-21 02:00:00,AWS_ANDHERI,Andheri (Versova),19.1197,72.8441,17.1
2024-07-21 03:00:00,AWS_ANDHERI,Andheri (Versova),19.1197,72.8441,10.5
2024-07-21 04:00:00,AWS_ANDHERI,Andheri (Versova),19.1197,72.8441,5.3
2024-07-21 05:00:00,AWS_ANDHERI,Andheri (Versova),19.1197,72.8441,1.8
2024-07-21 06:00:00,AWS_ANDHERI,Andheri (Versova),19.1197,72.8441,5.8
2024-07-21 07:00:00,AWS_ANDHERI,Andheri (Versova),19.1197,72.8441,1.2
2024-07-21 08:00:00,AWS_ANDHERI,Andheri (Versova),19.1197,72.8441,16.8
2024-07-21 09:00:00,AWS_ANDHERI,Andheri (Versova),19.1197,72.8441,14.1
2024-07-21 10:00:00,AWS_ANDHERI,Andheri (Versova),19.1197,72.8441,18.1
2024-07-21 11:00:00,AWS_ANDHERI,Andheri (Versova),19.1197,72.8441,4.3
2024-07-21 12:00:00,AWS_ANDHERI,Andheri (Versova),19.1197,72.8441,3.7
2024-07-21 13:00:00,AWS_ANDHERI,Andheri (Versova),19.1197,72.8441,14.7
2024-07-21 14:00:00,AWS_ANDHERI,Andheri (Versova),19.1197,72.8441,14.3
2024-07-21 15:00:00,AWS_ANDHERI,Andheri (Versova),19.1197,72.8441,1.5
2024-07-21 16:00:00,AWS_ANDHERI,Andheri (Versova),19.1197,72.8441,5.5
2024-07-21 17:00:00,AWS_ANDHERI,Andheri (Versova),19.1197,72.8441,28.0
2024-07-21 18:00:00,AWS_ANDHERI,Andheri (Versova),19.1197,72.8441,17.3
2024-07-21 19:00:00,AWS_ANDHERI,Andheri (Versova),19.1197,72.8441,8.2
2024-07-21 20:00:00,AWS_ANDHERI,Andheri (Versova),19.1197,72.8441,3.2
2024-07-21 21:00:00,AWS_ANDHERI,Andheri (Versova),19.1197,72.8441,4.2
2024-07-21 22:00:00,AWS_ANDHERI,Andheri (Versova),19.1197,72.8441,7.0
2024-07-21 23:00:00,AWS_ANDHERI,Andheri (Versova),19.1197,72.8441,2.6
2024-07-22 00:00:00,AWS_ANDHERI,Andheri (Versova),19.1197,72.8441,1.3
2024-07-22 01:00:00,AWS_ANDHERI,Andheri (Versova),19.1197,72.8441,0.9
2024-07-22 02:00:00,AWS_ANDHERI,Andheri (Versova),19.1197,72.8441,2.8
2024-07-22 03:00:00,AWS_ANDHERI,Andheri (Versova),19.1197,72.8441,2.3
2024-07-22 04:00:00,AWS_ANDHERI,Andheri (Versova),19.1197,72.8441,1.1
2024-07-22 05:00:00,AWS_ANDHERI,Andheri (Versova),19.1197,72.8441,0.6
2024-07-22 06:00:00,AWS_ANDHERI,Andheri (Versova),19.1197,72.8441,11.1
2024-07-22 07:00:00,AWS_ANDHERI,Andheri (Versova),19.1197,72.8441,1.5
2024-07-22 08:00:00,AWS_ANDHERI,Andheri (Versova),19.1197,72.8441,2.9
2024-07-22 09:00:00,AWS_ANDHERI,Andheri (Versova),19.1197,72.8441,0.4
2024-07-22 10:00:00,AWS_ANDHERI,Andheri (Versova),19.1197,72.8441,1.7
2024-07-22 11:00:00,AWS_ANDHERI,Andheri (Versova),19.1197,72.8441,0.1
2024-07-22 12:00:00,AWS_ANDHERI,Andheri (Versova),19.1197,72.8441,1.8
2024-07-22 13:00:00,AWS_ANDHERI,Andheri (Versova),19.1197,72.8441,8.3
2024-07-22 14:00:00,AWS_ANDHERI,Andheri (Versova),19.1197,72.8441,1.2
2024-07-22 15:00:00,AWS_ANDHERI,Andheri (Versova),19.1197,72.8441,0.1
2024-07-22 16:00:00,AWS_ANDHERI,Andheri (Versova),19.1197,72.8441,0.1
2024-07-22 17:00:00,AWS_ANDHERI,Andheri (Versova),19.1197,72.8441,1.2
2024-07-22 18:00:00,AWS_ANDHERI,Andheri (Versova),19.1197,72.8441,0.4
2024-07-22 19:00:00,AWS_ANDHERI,Andheri (Versova),19.1197,72.8441,0.1
2024-07-22 20:00:00,AWS_ANDHERI,Andheri (Versova),19.1197,72.8441,3.5
2024-07-22 21:00:00,AWS_ANDHERI,Andheri (Versova),19.1197,72.8441,1.5
2024-07-22 22:00:00,AWS_ANDHERI,Andheri (Versova),19.1197,72.8441,0.9
2024-07-22 23:00:00,AWS_ANDHERI,Andheri (Versova),19.1197,72.8441,5.8
2024-07-23 00:00:00,AWS_ANDHERI,Andheri (Versova),19.1197,72.8441,0.3
2024-07-23 01:00:00,AWS_ANDHERI,Andheri (Versova),19.1197,72.8441,7.8
2024-07-23 02:00:00,AWS_ANDHERI,Andheri (Versova),19.1197,72.8441,0.9
2024-07-23 03:00:00,AWS_ANDHERI,Andheri (Versova),19.1197,72.8441,5.5
2024-07-23 04:00:00,AWS_ANDHERI,Andheri (Versova),19.1197,72.8441,2.3
2024-07-23 05:00:00,AWS_ANDHERI,Andheri (Versova),19.1197,72.8441,4.4
2024-07-23 06:00:00,AWS_ANDHERI,Andheri (Versova),19.1197,72.8441,10.3
2024-07-23 07:00:00,AWS_ANDHERI,Andheri (Versova),19.1197,72.8441,0.9
2024-07-23 08:00:00,AWS_ANDHERI,Andheri (Versova),19.1197,72.8441,8.1
2024-07-23 09:00:00,AWS_ANDHERI,Andheri (Versova),19.1197,72.8441,1.2
2024-07-23 10:00:00,AWS_ANDHERI,Andheri (Versova),19.1197,72.8441,1.2
2024-07-23 11:00:00,AWS_ANDHERI,Andheri (Versova),19.1197,72.8441,1.0
2024-07-23 12:00:00,AWS_ANDHERI,Andheri (Versova),19.1197,72.8441,1.9
2024-07-23 13:00:00,AWS_ANDHERI,Andheri (Versova),19.1197,72.8441,0.4
2024-07-23 14:00:00,AWS_ANDHERI,Andheri (Versova),19.1197,72.8441,2.0
2024-07-23 15:00:00,AWS_ANDHERI,Andheri (Versova),19.1197,72.8441,2.0
2024-07-23 16:00:00,AWS_ANDHERI,Andheri (Versova),19.1197,72.8441,3.6
2024-07-23 17:00:00,AWS_ANDHERI,Andheri (Versova),19.1197,72.8441,4.5
2024-07-23 18:00:00,AWS_ANDHERI,Andheri (Versova),19.1197,72.8441,1.5
2024-07-23 19:00:00,AWS_ANDHERI,Andheri (Versova),19.1197,72.8441,0.9
2024-07-23 20:00:00,AWS_ANDHERI,Andheri (Versova),19.1197,72.8441,0.8
2024-07-23 21:00:00,AWS_ANDHERI,Andheri (Versova),19.1197,72.8441,0.5
2024-07-23 22:00:00,AWS_ANDHERI,Andheri (Versova),19.1197,72.8441,0.1
2024-07-23 23:00:00,AWS_ANDHERI,Andheri (Versova),19.1197,72.8441,1.0
2024-07-24 00:00:00,AWS_ANDHERI,Andheri (Versova),19.1197,72.8441,0.8
2024-07-24 01:00:00,AWS_ANDHERI,Andheri (Versova),19.1197,72.8441,8.5
2024-07-24 02:00:00,AWS_ANDHERI,Andheri (Versova),19.1197,72.8441,2.0
2024-07-24 03:00:00,AWS_ANDHERI,Andheri (Versova),19.1197,72.8441,1.1
2024-07-24 04:00:00,AWS_ANDHERI,Andheri (Versova),19.1197,72.8441,2.2
2024-07-24 05:00:00,AWS_ANDHERI,Andheri (Versova),19.1197,72.8441,0.4
2024-07-24 06:00:00,AWS_ANDHERI,Andheri (Versova),19.1197,72.8441,1.5
2024-07-24 07:00:00,AWS_ANDHERI,Andheri (Versova),19.1197,72.8441,2.5
2024-07-24 08:00:00,AWS_ANDHERI,Andheri (Versova),19.1197,72.8441,1.7
2024-07-24 09:00:00,AWS_ANDHERI,Andheri (Versova),19.1197,72.8441,1.3
2024-07-24 10:00:00,AWS_ANDHERI,Andheri (Versova),19.1197,72.8441,12.7
2024-07-24 11:00:00,AWS_ANDHERI,Andheri (Versova),19.1197,72.8441,5.3
2024-07-24 12:00:00,AWS_ANDHERI,Andheri (Versova),19.1197,72.8441,2.4
2024-07-24 13:00:00,AWS_ANDHERI,Andheri (Versova),19.1197,72.8441,2.1
2024-07-24 14:00:00,AWS_ANDHERI,Andheri (Versova),19.1197,72.8441,2.4
2024-07-24 15:00:00,AWS_ANDHERI,Andheri (Versova),19.1197,72.8441,0.6
2024-07-24 16:00:00,AWS_ANDHERI,Andheri (Versova),19.1197,72.8441,1.3
2024-07-24 17:00:00,AWS_ANDHERI,Andheri (Versova),19.1197,72.8441,0.1
2024-07-24 18:00:00,AWS_ANDHERI,Andheri (Versova),19.1197,72.8441,1.6
2024-07-24 19:00:00,AWS_ANDHERI,Andheri (Versova),19.1197,72.8441,2.0
2024-07-24 20:00:00,AWS_ANDHERI,Andheri (Versova),19.1197,72.8441,0.6
2024-07-24 21:00:00,AWS_ANDHERI,Andheri (Versova),19.1197,72.8441,8.3
2024-07-24 22:00:00,AWS_ANDHERI,Andheri (Versova),19.1197,72.8441,6.0
2024-07-24 23:00:00,AWS_ANDHERI,Andheri (Versova),19.1197,72.8441,3.2
2024-07-25 00:00:00,AWS_ANDHERI,Andheri (Versova),19.1197,72.8441,1.9
2024-07-25 01:00:00,AWS_ANDHERI,Andheri (Versova),19.1197,72.8441,5.1
2024-07-25 02:00:00,AWS_ANDHERI,Andheri (Versova),19.1197,72.8441,0.4
2024-07-25 03:00:00,AWS_ANDHERI,Andheri (Versova),19.1197,72.8441,3.9
2024-07-25 04:00:00,AWS_ANDHERI,Andheri (Versova),19.1197,72.8441,0.3
2024-07-25 05:00:00,AWS_ANDHERI,Andheri (Versova),19.1197,72.8441,4.0
2024-07-25 06:00:00,AWS_ANDHERI,Andheri (Versova),19.1197,72.8441,0.8
2024-07-25 07:00:00,AWS_ANDHERI,Andheri (Versova),19.1197,72.8441,5.2
2024-07-25 08:00:00,AWS_ANDHERI,Andheri (Versova),19.1197,72.8441,7.2
2024-07-25 09:00:00,AWS_ANDHERI,Andheri (Versova),19.1197,72.8441,0.4
2024-07-25 10:00:00,AWS_ANDHERI,Andheri (Versova),19.1197,72.8441,1.6
2024-07-25 11:00:00,AWS_ANDHERI,Andheri (Versova),19.1197,72.8441,9.9
2024-07-25 12:00:00,AWS_ANDHERI,Andheri (Versova),19.1197,72.8441,1.7
2024-07-25 13:00:00,AWS_ANDHERI,Andheri (Versova),19.1197,72.8441,5.0
2024-07-25 14:00:00,AWS_ANDHERI,Andheri (Versova),19.1197,72.8441,2.2
2024-07-25 15:00:00,AWS_ANDHERI,Andheri (Versova),19.1197,72.8441,1.2
2024-07-25 16:00:00,AWS_ANDHERI,Andheri (Versova),19.1197,72.8441,0.8
2024-07-25 17:00:00,AWS_ANDHERI,Andheri (Versova),19.1197,72.8441,0.6
2024-07-25 18:00:00,AWS_ANDHERI,Andheri (Versova),19.1197,72.8441,3.6
2024-07-25 19:00:00,AWS_ANDHERI,Andheri (Versova),19.1197,72.8441,1.2
2024-07-25 20:00:00,AWS_ANDHERI,Andheri (Versova),19.1197,72.8441,1.8
2024-07-25 21:00:00,AWS_ANDHERI,Andheri (Versova),19.1197,72.8441,1.7
2024-07-25 22:00:00,AWS_ANDHERI,Andheri (Versova),19.1197,72.8441,2.2
2024-07-25 23:00:00,AWS_ANDHERI,Andheri (Versova),19.1197,72.8441,5.0
2024-07-15 00:00:00,AWS_CHEMBUR,Chembur,19.0622,72.8985,7.7
2024-07-15 01:00:00,AWS_CHEMBUR,Chembur,19.0622,72.8985,7.6
2024-07-15 02:00:00,AWS_CHEMBUR,Chembur,19.0622,72.8985,1.8
2024-07-15 03:00:00,AWS_CHEMBUR,Chembur,19.0622,72.8985,7.4
2024-07-15 04:00:00,AWS_CHEMBUR,Chembur,19.0622,72.8985,2.1
2024-07-15 05:00:00,AWS_CHEMBUR,Chembur,19.0622,72.8985,2.2
2024-07-15 06:00:00,AWS_CHEMBUR,Chembur,19.0622,72.8985,6.5
2024-07-15 07:00:00,AWS_CHEMBUR,Chembur,19.0622,72.8985,12.8
2024-07-15 08:00:00,AWS_CHEMBUR,Chembur,19.0622,72.8985,2.0
2024-07-15 09:00:00,AWS_CHEMBUR,Chembur,19.0622,72.8985,1.6
2024-07-15 10:00:00,AWS_CHEMBUR,Chembur,19.0622,72.8985,1.0
2024-07-15 11:00:00,AWS_CHEMBUR,Chembur,19.0622,72.8985,0.8
2024-07-15 12:00:00,AWS_CHEMBUR,Chembur,19.0622,72.8985,1.1
2024-07-15 13:00:00,AWS_CHEMBUR,Chembur,19.0622,72.8985,1.4
2024-07-15 14:00:00,AWS_CHEMBUR,Chembur,19.0622,72.8985,5.8
2024-07-15 15:00:00,AWS_CHEMBUR,Chembur,19.0622,72.8985,4.3
2024-07-15 16:00:00,AWS_CHEMBUR,Chembur,19.0622,72.8985,5.2
2024-07-15 17:00:00,AWS_CHEMBUR,Chembur,19.0622,72.8985,5.1
2024-07-15 18:00:00,AWS_CHEMBUR,Chembur,19.0622,72.8985,7.5
2024-07-15 19:00:00,AWS_CHEMBUR,Chembur,19.0622,72.8985,1.0
2024-07-15 20:00:00,AWS_CHEMBUR,Chembur,19.0622,72.8985,3.2
2024-07-15 21:00:00,AWS_CHEMBUR,Chembur,19.0622,72.8985,0.2
2024-07-15 22:00:00,AWS_CHEMBUR,Chembur,19.0622,72.8985,0.2
2024-07-15 23:00:00,AWS_CHEMBUR,Chembur,19.0622,72.8985,2.9
2024-07-16 00:00:00,AWS_CHEMBUR,Chembur,19.0622,72.8985,2.2
2024-07-16 01:00:00,AWS_CHEMBUR,Chembur,19.0622,72.8985,2.7
2024-07-16 02:00:00,AWS_CHEMBUR,Chembur,19.0622,72.8985,4.7
2024-07-16 03:00:00,AWS_CHEMBUR,Chembur,19.0622,72.8985,9.1
2024-07-16 04:00:00,AWS_CHEMBUR,Chembur,19.0622,72.8985,2.6
2024-07-16 05:00:00,AWS_CHEMBUR,Chembur,19.0622,72.8985,2.2
2024-07-16 06:00:00,AWS_CHEMBUR,Chembur,19.0622,72.8985,1.1
2024-07-16 07:00:00,AWS_CHEMBUR,Chembur,19.0622,72.8985,5.9
2024-07-16 08:00:00,AWS_CHEMBUR,Chembur,19.0622,72.8985,1.2
2024-07-16 09:00:00,AWS_CHEMBUR,Chembur,19.0622,72.8985,1.9
2024-07-16 10:00:00,AWS_CHEMBUR,Chembur,19.0622,72.8985,4.8
2024-07-16 11:00:00,AWS_CHEMBUR,Chembur,19.0622,72.8985,2.8
2024-07-16 12:00:00,AWS_CHEMBUR,Chembur,19.0622,72.8985,2.7
2024-07-16 13:00:00,AWS_CHEMBUR,Chembur,19.0622,72.8985,0.9
2024-07-16 14:00:00,AWS_CHEMBUR,Chembur,19.0622,72.8985,3.7
2024-07-16 15:00:00,AWS_CHEMBUR,Chembur,19.0622,72.8985,14.7
2024-07-16 16:00:00,AWS_CHEMBUR,Chembur,19.0622,72.8985,0.4
2024-07-16 17:00:00,AWS_CHEMBUR,Chembur,19.0622,72.8985,0.6
2024-07-16 18:00:00,AWS_CHEMBUR,Chembur,19.0622,72.8985,5.5
2024-07-16 19:00:00,AWS_CHEMBUR,Chembur,19.0622,72.8985,3.3
2024-07-16 20:00:00,AWS_CHEMBUR,Chembur,19.0622,72.8985,8.6
2024-07-16 21:00:00,AWS_CHEMBUR,Chembur,19.0622,72.8985,1.0
2024-07-16 22:00:00,AWS_CHEMBUR,Chembur,19.0622,72.8985,6.0
2024-07-16 23:00:00,AWS_CHEMBUR,Chembur,19.0622,72.8985,3.7
2024-07-17 00:00:00,AWS_CHEMBUR,Chembur,19.0622,72.8985,0.8
2024-07-17 01:00:00,AWS_CHEMBUR,Chembur,19.0622,72.8985,1.2
2024-07-17 02:00:00,AWS_CHEMBUR,Chembur,19.0622,72.8985,2.6
2024-07-17 03:00:00,AWS_CHEMBUR,Chembur,19.0622,72.8985,0.9
2024-07-17 04:00:00,AWS_CHEMBUR,Chembur,19.0622,72.8985,7.2
2024-07-17 05:00:00,AWS_CHEMBUR,Chembur,19.0622,72.8985,5.2
2024-07-17 06:00:00,AWS_CHEMBUR,Chembur,19.0622,72.8985,1.5
2024-07-17 07:00:00,AWS_CHEMBUR,Chembur,19.0622,72.8985,2.2
2024-07-17 08:00:00,AWS_CHEMBUR,Chembur,19.0622,72.8985,6.2
2024-07-17 09:00:00,AWS_CHEMBUR,Chembur,19.0622,72.8985,2.4
2024-07-17 10:00:00,AWS_CHEMBUR,Chembur,19.0622,72.8985,13.0
2024-07-17 11:00:00,AWS_CHEMBUR,Chembur,19.0622,72.8985,4.3
2024-07-17 12:00:00,AWS_CHEMBUR,Chembur,19.0622,72.8985,0.9
2024-07-17 13:00:00,AWS_CHEMBUR,Chembur,19.0622,72.8985,0.6
2024-07-17 14:00:00,AWS_CHEMBUR,Chembur,19.0622,72.8985,6.8
2024-07-17 15:00:00,AWS_CHEMBUR,Chembur,19.0622,72.8985,1.6
2024-07-17 16:00:00,AWS_CHEMBUR,Chembur,19.0622,72.8985,3.0
2024-07-17 17:00:00,AWS_CHEMBUR,Chembur,19.0622,72.8985,2.6
2024-07-17 18:00:00,AWS_CHEMBUR,Chembur,19.0622,72.8985,1.3
2024-07-17 19:00:00,AWS_CHEMBUR,Chembur,19.0622,72.8985,0.5
2024-07-17 20:00:00,AWS_CHEMBUR,Chembur,19.0622,72.8985,1.5
2024-07-17 21:00:00,AWS_CHEMBUR,Chembur,19.0622,72.8985,9.1
2024-07-17 22:00:00,AWS_CHEMBUR,Chembur,19.0622,72.8985,4.8
2024-07-17 23:00:00,AWS_CHEMBUR,Chembur,19.0622,72.8985,0.5
2024-07-18 00:00:00,AWS_CHEMBUR,Chembur,19.0622,72.8985,36.1
2024-07-18 01:00:00,AWS_CHEMBUR,Chembur,19.0622,72.8985,12.9
2024-07-18 02:00:00,AWS_CHEMBUR,Chembur,19.0622,72.8985,31.1
2024-07-18 03:00:00,AWS_CHEMBUR,Chembur,19.0622,72.8985,14.5
2024-07-18 04:00:00,AWS_CHEMBUR,Chembur,19.0622,72.8985,11.9
2024-07-18 05:00:00,AWS_CHEMBUR,Chembur,19.0622,72.8985,56.7
2024-07-18 06:00:00,AWS_CHEMBUR,Chembur,19.0622,72.8985,20.9
2024-07-18 07:00:00,AWS_CHEMBUR,Chembur,19.0622,72.8985,34.9
2024-07-18 08:00:00,AWS_CHEMBUR,Chembur,19.0622,72.8985,25.9
2024-07-18 09:00:00,AWS_CHEMBUR,Chembur,19.0622,72.8985,13.6
2024-07-18 10:00:00,AWS_CHEMBUR,Chembur,19.0622,72.8985,55.3
2024-07-18 11:00:00,AWS_CHEMBUR,Chembur,19.0622,72.8985,50.6
2024-07-18 12:00:00,AWS_CHEMBUR,Chembur,19.0622,72.8985,60.4
2024-07-18 13:00:00,AWS_CHEMBUR,Chembur,19.0622,72.8985,53.0
2024-07-18 14:00:00,AWS_CHEMBUR,Chembur,19.0622,72.8985,81.5
2024-07-18 15:00:00,AWS_CHEMBUR,Chembur,19.0622,72.8985,62.3
2024-07-18 16:00:00,AWS_CHEMBUR,Chembur,19.0622,72.8985,66.5
2024-07-18 17:00:00,AWS_CHEMBUR,Chembur,19.0622,72.8985,34.7
2024-07-18 18:00:00,AWS_CHEMBUR,Chembur,19.0622,72.8985,42.0
2024-07-18 19:00:00,AWS_CHEMBUR,Chembur,19.0622,72.8985,16.2
2024-07-18 20:00:00,AWS_CHEMBUR,Chembur,19.0622,72.8985,42.2
2024-07-18 21:00:00,AWS_CHEMBUR,Chembur,19.0622,72.8985,10.6
2024-07-18 22:00:00,AWS_CHEMBUR,Chembur,19.0622,72.8985,36.1
2024-07-18 23:00:00,AWS_CHEMBUR,Chembur,19.0622,72.8985,36.2
2024-07-19 00:00:00,AWS_CHEMBUR,Chembur,19.0622,72.8985,20.1
2024-07-19 01:00:00,AWS_CHEMBUR,Chembur,19.0622,72.8985,22.9
2024-07-19 02:00:00,AWS_CHEMBUR,Chembur,19.0622,72.8985,57.4
2024-07-19 03:00:00,AWS_CHEMBUR,Chembur,19.0622,72.8985,23.8
2024-07-19 04:00:00,AWS_CHEMBUR,Chembur,19.0622,72.8985,33.8
2024-07-19 05:00:00,AWS_CHEMBUR,Chembur,19.0622,72.8985,26.1
2024-07-19 06:00:00,AWS_CHEMBUR,Chembur,19.0622,72.8985,17.0
2024-07-19 07:00:00,AWS_CHEMBUR,Chembur,19.0622,72.8985,17.7
2024-07-19 08:00:00,AWS_CHEMBUR,Chembur,19.0622,72.8985,31.4
2024-07-19 09:00:00,AWS_CHEMBUR,Chembur,19.0622,72.8985,51.2
2024-07-19 10:00:00,AWS_CHEMBUR,Chembur,19.0622,72.8985,41.2
2024-07-19 11:00:00,AWS_CHEMBUR,Chembur,19.0622,72.8985,98.4
2024-07-19 12:00:00,AWS_CHEMBUR,Chembur,19.0622,72.8985,60.9
2024-07-19 13:00:00,AWS_CHEMBUR,Chembur,19.0622,72.8985,35.1
2024-07-19 14:00:00,AWS_CHEMBUR,Chembur,19.0622,72.8985,48.4
2024-07-19 15:00:00,AWS_CHEMBUR,Chembur,19.0622,72.8985,58.2
2024-07-19 16:00:00,AWS_CHEMBUR,Chembur,19.0622,72.8985,59.7
2024-07-19 17:00:00,AWS_CHEMBUR,Chembur,19.0622,72.8985,28.7
2024-07-19 18:00:00,AWS_CHEMBUR,Chembur,19.0622,72.8985,5.1
2024-07-19 19:00:00,AWS_CHEMBUR,Chembur,19.0622,72.8985,54.0
2024-07-19 20:00:00,AWS_CHEMBUR,Chembur,19.0622,72.8985,10.0
2024-07-19 21:00:00,AWS_CHEMBUR,Chembur,19.0622,72.8985,21.7
2024-07-19 22:00:00,AWS_CHEMBUR,Chembur,19.0622,72.8985,19.7
2024-07-19 23:00:00,AWS_CHEMBUR,Chembur,19.0622,72.8985,34.7
2024-07-20 00:00:00,AWS_CHEMBUR,Chembur,19.0622,72.8985,2.0
2024-07-20 01:00:00,AWS_CHEMBUR,Chembur,19.0622,72.8985,14.0
2024-07-20 02:00:00,AWS_CHEMBUR,Chembur,19.0622,72.8985,11.5
2024-07-20 03:00:00,AWS_CHEMBUR,Chembur,19.0622,72.8985,5.7
2024-07-20 04:00:00,AWS_CHEMBUR,Chembur,19.0622,72.8985,13.7
2024-07-20 05:00:00,AWS_CHEMBUR,Chembur,19.0622,72.8985,10.1
2024-07-20 06:00:00,AWS_CHEMBUR,Chembur,19.0622,72.8985,31.5
2024-07-20 07:00:00,AWS_CHEMBUR,Chembur,19.0622,72.8985,8.6
2024-07-20 08:00:00,AWS_CHEMBUR,Chembur,19.0622,72.8985,4.3
2024-07-20 09:00:00,AWS_CHEMBUR,Chembur,19.0622,72.8985,14.1
2024-07-20 10:00:00,AWS_CHEMBUR,Chembur,19.0622,72.8985,7.8
2024-07-20 11:00:00,AWS_CHEMBUR,Chembur,19.0622,72.8985,10.0
2024-07-20 12:00:00,AWS_CHEMBUR,Chembur,19.0622,72.8985,3.1
2024-07-20 13:00:00,AWS_CHEMBUR,Chembur,19.0622,72.8985,15.5
2024-07-20 14:00:00,AWS_CHEMBUR,Chembur,19.0622,72.8985,6.8
2024-07-20 15:00:00,AWS_CHEMBUR,Chembur,19.0622,72.8985,12.2
2024-07-20 16:00:00,AWS_CHEMBUR,Chembur,19.0622,72.8985,36.7
2024-07-20 17:00:00,AWS_CHEMBUR,Chembur,19.0622,72.8985,8.2
2024-07-20 18:00:00,AWS_CHEMBUR,Chembur,19.0622,72.8985,16.9
2024-07-20 19:00:00,AWS_CHEMBUR,Chembur,19.0622,72.8985,8.7
2024-07-20 20:00:00,AWS_CHEMBUR,Chembur,19.0622,72.8985,5.8
2024-07-20 21:00:00,AWS_CHEMBUR,Chembur,19.0622,72.8985,24.1
2024-07-20 22:00:00,AWS_CHEMBUR,Chembur,19.0622,72.8985,1.4
2024-07-20 23:00:00,AWS_CHEMBUR,Chembur,19.0622,72.8985,20.0
2024-07-21 00:00:00,AWS_CHEMBUR,Chembur,19.0622,72.8985,1.2
2024-07-21 01:00:00,AWS_CHEMBUR,Chembur,19.0622,72.8985,18.6
2024-07-21 02:00:00,AWS_CHEMBUR,Chembur,19.0622,72.8985,10.1
2024-07-21 03:00:00,AWS_CHEMBUR,Chembur,19.0622,72.8985,4.3
2024-07-21 04:00:00,AWS_CHEMBUR,Chembur,19.0622,72.8985,7.2
2024-07-21 05:00:00,AWS_CHEMBUR,Chembur,19.0622,72.8985,16.3
2024-07-21 06:00:00,AWS_CHEMBUR,Chembur,19.0622,72.8985,34.5
2024-07-21 07:00:00,AWS_CHEMBUR,Chembur,19.0622,72.8985,2.1
2024-07-21 08:00:00,AWS_CHEMBUR,Chembur,19.0622,72.8985,4.5
2024-07-21 09:00:00,AWS_CHEMBUR,Chembur,19.0622,72.8985,2.8
2024-07-21 10:00:00,AWS_CHEMBUR,Chembur,19.0622,72.8985,8.6
2024-07-21 11:00:00,AWS_CHEMBUR,Chembur,19.0622,72.8985,19.0
2024-07-21 12:00:00,AWS_CHEMBUR,Chembur,19.0622,72.8985,2.4
2024-07-21 13:00:00,AWS_CHEMBUR,Chembur,19.0622,72.8985,9.9
2024-07-21 14:00:00,AWS_CHEMBUR,Chembur,19.0622,72.8985,18.6
2024-07-21 15:00:00,AWS_CHEMBUR,Chembur,19.0622,72.8985,7.1
2024-07-21 16:00:00,AWS_CHEMBUR,Chembur,19.0622,72.8985,11.6
2024-07-21 17:00:00,AWS_CHEMBUR,Chembur,19.0622,72.8985,23.0
2024-07-21 18:00:00,AWS_CHEMBUR,Chembur,19.0622,72.8985,3.8
2024-07-21 19:00:00,AWS_CHEMBUR,Chembur,19.0622,72.8985,1.6
2024-07-21 20:00:00,AWS_CHEMBUR,Chembur,19.0622,72.8985,12.7
2024-07-21 21:00:00,AWS_CHEMBUR,Chembur,19.0622,72.8985,12.9
2024-07-21 22:00:00,AWS_CHEMBUR,Chembur,19.0622,72.8985,6.7
2024-07-21 23:00:00,AWS_CHEMBUR,Chembur,19.0622,72.8985,5.6
2024-07-22 00:00:00,AWS_CHEMBUR,Chembur,19.0622,72.8985,0.6
2024-07-22 01:00:00,AWS_CHEMBUR,Chembur,19.0622,72.8985,0.9
2024-07-22 02:00:00,AWS_CHEMBUR,Chembur,19.0622,72.8985,0.9
2024-07-22 03:00:00,AWS_CHEMBUR,Chembur,19.0622,72.8985,0.7
2024-07-22 04:00:00,AWS_CHEMBUR,Chembur,19.0622,72.8985,0.0
2024-07-22 05:00:00,AWS_CHEMBUR,Chembur,19.0622,72.8985,3.3
2024-07-22 06:00:00,AWS_CHEMBUR,Chembur,19.0622,72.8985,8.5
2024-07-22 07:00:00,AWS_CHEMBUR,Chembur,19.0622,72.8985,0.6
2024-07-22 08:00:00,AWS_CHEMBUR,Chembur,19.0622,72.8985,2.7
2024-07-22 09:00:00,AWS_CHEMBUR,Chembur,19.0622,72.8985,3.4
2024-07-22 10:00:00,AWS_CHEMBUR,Chembur,19.0622,72.8985,4.7
2024-07-22 11:00:00,AWS_CHEMBUR,Chembur,19.0622,72.8985,1.4
2024-07-22 12:00:00,AWS_CHEMBUR,Chembur,19.0622,72.8985,0.9
2024-07-22 13:00:00,AWS_CHEMBUR,Chembur,19.0622,72.8985,1.0
2024-07-22 14:00:00,AWS_CHEMBUR,Chembur,19.0622,72.8985,3.1
2024-07-22 15:00:00,AWS_CHEMBUR,Chembur,19.0622,72.8985,4.2
2024-07-22 16:00:00,AWS_CHEMBUR,Chembur,19.0622,72.8985,0.5
2024-07-22 17:00:00,AWS_CHEMBUR,Chembur,19.0622,72.8985,1.2
2024-07-22 18:00:00,AWS_CHEMBUR,Chembur,19.0622,72.8985,5.8
2024-07-22 19:00:00,AWS_CHEMBUR,Chembur,19.0622,72.8985,4.1
2024-07-22 20:00:00,AWS_CHEMBUR,Chembur,19.0622,72.8985,10.5
2024-07-22 21:00:00,AWS_CHEMBUR,Chembur,19.0622,72.8985,3.5
2024-07-22 22:00:00,AWS_CHEMBUR,Chembur,19.0622,72.8985,1.2
2024-07-22 23:00:00,AWS_CHEMBUR,Chembur,19.0622,72.8985,2.2
2024-07-23 00:00:00,AWS_CHEMBUR,Chembur,19.0622,72.8985,2.7
2024-07-23 01:00:00,AWS_CHEMBUR,Chembur,19.0622,72.8985,0.2
2024-07-23 02:00:00,AWS_CHEMBUR,Chembur,19.0622,72.8985,2.0
2024-07-23 03:00:00,AWS_CHEMBUR,Chembur,19.0622,72.8985,3.1
2024-07-23 04:00:00,AWS_CHEMBUR,Chembur,19.0622,72.8985,0.5
2024-07-23 05:00:00,AWS_CHEMBUR,Chembur,19.0622,72.8985,3.8
2024-07-23 06:00:00,AWS_CHEMBUR,Chembur,19.0622,72.8985,2.2
2024-07-23 07:00:00,AWS_CHEMBUR,Chembur,19.0622,72.8985,7.6
2024-07-23 08:00:00,AWS_CHEMBUR,Chembur,19.0622,72.8985,0.1
2024-07-23 09:00:00,AWS_CHEMBUR,Chembur,19.0622,72.8985,0.8
2024-07-23 10:00:00,AWS_CHEMBUR,Chembur,19.0622,72.8985,2.3
2024-07-23 11:00:00,AWS_CHEMBUR,Chembur,19.0622,72.8985,0.9
2024-07-23 12:00:00,AWS_CHEMBUR,Chembur,19.0622,72.8985,3.1
2024-07-23 13:00:00,AWS_CHEMBUR,Chembur,19.0622,72.8985,3.6
2024-07-23 14:00:00,AWS_CHEMBUR,Chembur,19.0622,72.8985,0.3
2024-07-23 15:00:00,AWS_CHEMBUR,Chembur,19.0622,72.8985,1.8
2024-07-23 16:00:00,AWS_CHEMBUR,Chembur,19.0622,72.8985,1.8
2024-07-23 17:00:00,AWS_CHEMBUR,Chembur,19.0622,72.8985,1.2
2024-07-23 18:00:00,AWS_CHEMBUR,Chembur,19.0622,72.8985,6.8
2024-07-23 19:00:00,AWS_CHEMBUR,Chembur,19.0622,72.8985,4.4
2024-07-23 20:00:00,AWS_CHEMBUR,Chembur,19.0622,72.8985,3.0
2024-07-23 21:00:00,AWS_CHEMBUR,Chembur,19.0622,72.8985,3.1
2024-07-23 22:00:00,AWS_CHEMBUR,Chembur,19.0622,72.8985,1.5
2024-07-23 23:00:00,AWS_CHEMBUR,Chembur,19.0622,72.8985,6.3
2024-07-24 00:00:00,AWS_CHEMBUR,Chembur,19.0622,72.8985,3.0
2024-07-24 01:00:00,AWS_CHEMBUR,Chembur,19.0622,72.8985,3.3
2024-07-24 02:00:00,AWS_CHEMBUR,Chembur,19.0622,72.8985,4.9
2024-07-24 03:00:00,AWS_CHEMBUR,Chembur,19.0622,72.8985,0.8
2024-07-24 04:00:00,AWS_CHEMBUR,Chembur,19.0622,72.8985,4.1
2024-07-24 05:00:00,AWS_CHEMBUR,Chembur,19.0622,72.8985,0.5
2024-07-24 06:00:00,AWS_CHEMBUR,Chembur,19.0622,72.8985,1.1
2024-07-24 07:00:00,AWS_CHEMBUR,Chembur,19.0622,72.8985,1.0
2024-07-24 08:00:00,AWS_CHEMBUR,Chembur,19.0622,72.8985,9.6
2024-07-24 09:00:00,AWS_CHEMBUR,Chembur,19.0622,72.8985,4.9
2024-07-24 10:00:00,AWS_CHEMBUR,Chembur,19.0622,72.8985,3.0
2024-07-24 11:00:00,AWS_CHEMBUR,Chembur,19.0622,72.8985,3.2
2024-07-24 12:00:00,AWS_CHEMBUR,Chembur,19.0622,72.8985,2.1
2024-07-24 13:00:00,AWS_CHEMBUR,Chembur,19.0622,72.8985,7.3
2024-07-24 14:00:00,AWS_CHEMBUR,Chembur,19.0622,72.8985,1.7
2024-07-24 15:00:00,AWS_CHEMBUR,Chembur,19.0622,72.8985,1.2
2024-07-24 16:00:00,AWS_CHEMBUR,Chembur,19.0622,72.8985,0.4
2024-07-24 17:00:00,AWS_CHEMBUR,Chembur,19.0622,72.8985,3.9
2024-07-24 18:00:00,AWS_CHEMBUR,Chembur,19.0622,72.8985,3.3
2024-07-24 19:00:00,AWS_CHEMBUR,Chembur,19.0622,72.8985,1.2
2024-07-24 20:00:00,AWS_CHEMBUR,Chembur,19.0622,72.8985,0.1
2024-07-24 21:00:00,AWS_CHEMBUR,Chembur,19.0622,72.8985,4.6
2024-07-24 22:00:00,AWS_CHEMBUR,Chembur,19.0622,72.8985,0.0
2024-07-24 23:00:00,AWS_CHEMBUR,Chembur,19.0622,72.8985,3.0
2024-07-25 00:00:00,AWS_CHEMBUR,Chembur,19.0622,72.8985,8.8
2024-07-25 01:00:00,AWS_CHEMBUR,Chembur,19.0622,72.8985,1.4
2024-07-25 02:00:00,AWS_CHEMBUR,Chembur,19.0622,72.8985,0.7
2024-07-25 03:00:00,AWS_CHEMBUR,Chembur,19.0622,72.8985,3.1
2024-07-25 04:00:00,AWS_CHEMBUR,Chembur,19.0622,72.8985,4.2
2024-07-25 05:00:00,AWS_CHEMBUR,Chembur,19.0622,72.8985,2.0
2024-07-25 06:00:00,AWS_CHEMBUR,Chembur,19.0622,72.8985,8.5
2024-07-25 07:00:00,AWS_CHEMBUR,Chembur,19.0622,72.8985,0.1
2024-07-25 08:00:00,AWS_CHEMBUR,Chembur,19.0622,72.8985,1.8
2024-07-25 09:00:00,AWS_CHEMBUR,Chembur,19.0622,72.8985,3.2
2024-07-25 10:00:00,AWS_CHEMBUR,Chembur,19.0622,72.8985,5.0
2024-07-25 11:00:00,AWS_CHEMBUR,Chembur,19.0622,72.8985,0.5
2024-07-25 12:00:00,AWS_CHEMBUR,Chembur,19.0622,72.8985,4.0
2024-07-25 13:00:00,AWS_CHEMBUR,Chembur,19.0622,72.8985,2.0
2024-07-25 14:00:00,AWS_CHEMBUR,Chembur,19.0622,72.8985,1.3
2024-07-25 15:00:00,AWS_CHEMBUR,Chembur,19.0622,72.8985,0.4
2024-07-25 16:00:00,AWS_CHEMBUR,Chembur,19.0622,72.8985,5.0
2024-07-25 17:00:00,AWS_CHEMBUR,Chembur,19.0622,72.8985,0.4
2024-07-25 18:00:00,AWS_CHEMBUR,Chembur,19.0622,72.8985,0.9
2024-07-25 19:00:00,AWS_CHEMBUR,Chembur,19.0622,72.8985,0.9
2024-07-25 20:00:00,AWS_CHEMBUR,Chembur,19.0622,72.8985,5.1
2024-07-25 21:00:00,AWS_CHEMBUR,Chembur,19.0622,72.8985,2.8
2024-07-25 22:00:00,AWS_CHEMBUR,Chembur,19.0622,72.8985,4.0
2024-07-25 23:00:00,AWS_CHEMBUR,Chembur,19.0622,72.8985,0.7
2024-07-15 00:00:00,AWS_MALAD,Malad,19.186,72.8485,2.7
2024-07-15 01:00:00,AWS_MALAD,Malad,19.186,72.8485,7.7
2024-07-15 02:00:00,AWS_MALAD,Malad,19.186,72.8485,3.4
2024-07-15 03:00:00,AWS_MALAD,Malad,19.186,72.8485,1.7
2024-07-15 04:00:00,AWS_MALAD,Malad,19.186,72.8485,3.0
2024-07-15 05:00:00,AWS_MALAD,Malad,19.186,72.8485,0.7
2024-07-15 06:00:00,AWS_MALAD,Malad,19.186,72.8485,0.4
2024-07-15 07:00:00,AWS_MALAD,Malad,19.186,72.8485,1.2
2024-07-15 08:00:00,AWS_MALAD,Malad,19.186,72.8485,9.7
2024-07-15 09:00:00,AWS_MALAD,Malad,19.186,72.8485,1.4
2024-07-15 10:00:00,AWS_MALAD,Malad,19.186,72.8485,0.2
2024-07-15 11:00:00,AWS_MALAD,Malad,19.186,72.8485,2.2
2024-07-15 12:00:00,AWS_MALAD,Malad,19.186,72.8485,1.3
2024-07-15 13:00:00,AWS_MALAD,Malad,19.186,72.8485,7.1
2024-07-15 14:00:00,AWS_MALAD,Malad,19.186,72.8485,9.1
2024-07-15 15:00:00,AWS_MALAD,Malad,19.186,72.8485,1.6
2024-07-15 16:00:00,AWS_MALAD,Malad,19.186,72.8485,3.4
2024-07-15 17:00:00,AWS_MALAD,Malad,19.186,72.8485,3.7
2024-07-15 18:00:00,AWS_MALAD,Malad,19.186,72.8485,2.5
2024-07-15 19:00:00,AWS_MALAD,Malad,19.186,72.8485,2.0
2024-07-15 20:00:00,AWS_MALAD,Malad,19.186,72.8485,0.8
2024-07-15 21:00:00,AWS_MALAD,Malad,19.186,72.8485,0.1
2024-07-15 22:00:00,AWS_MALAD,Malad,19.186,72.8485,0.8
2024-07-15 23:00:00,AWS_MALAD,Malad,19.186,72.8485,2.4
2024-07-16 00:00:00,AWS_MALAD,Malad,19.186,72.8485,0.3
2024-07-16 01:00:00,AWS_MALAD,Malad,19.186,72.8485,3.2
2024-07-16 02:00:00,AWS_MALAD,Malad,19.186,72.8485,2.8
2024-07-16 03:00:00,AWS_MALAD,Malad,19.186,72.8485,1.4
2024-07-16 04:00:00,AWS_MALAD,Malad,19.186,72.8485,1.9
2024-07-16 05:00:00,AWS_MALAD,Malad,19.186,72.8485,0.4
2024-07-16 06:00:00,AWS_MALAD,Malad,19.186,72.8485,5.7
2024-07-16 07:00:00,AWS_MALAD,Malad,19.186,72.8485,5.6
2024-07-16 08:00:00,AWS_MALAD,Malad,19.186,72.8485,0.5
2024-07-16 09:00:00,AWS_MALAD,Malad,19.186,72.8485,0.6
2024-07-16 10:00:00,AWS_MALAD,Malad,19.186,72.8485,0.8
2024-07-16 11:00:00,AWS_MALAD,Malad,19.186,72.8485,4.5
2024-07-16 12:00:00,AWS_MALAD,Malad,19.186,72.8485,3.7
2024-07-16 13:00:00,AWS_MALAD,Malad,19.186,72.8485,6.8
2024-07-16 14:00:00,AWS_MALAD,Malad,19.186,72.8485,7.4
2024-07-16 15:00:00,AWS_MALAD,Malad,19.186,72.8485,0.2
2024-07-16 16:00:00,AWS_MALAD,Malad,19.186,72.8485,4.3
2024-07-16 17:00:00,AWS_MALAD,Malad,19.186,72.8485,7.2
2024-07-16 18:00:00,AWS_MALAD,Malad,19.186,72.8485,1.8
2024-07-16 19:00:00,AWS_MALAD,Malad,19.186,72.8485,2.5
2024-07-16 20:00:00,AWS_MALAD,Malad,19.186,72.8485,2.1
2024-07-16 21:00:00,AWS_MALAD,Malad,19.186,72.8485,2.2
2024-07-16 22:00:00,AWS_MALAD,Malad,19.186,72.8485,5.7
2024-07-16 23:00:00,AWS_MALAD,Malad,19.186,72.8485,11.2
2024-07-17 00:00:00,AWS_MALAD,Malad,19.186,72.8485,8.7
2024-07-17 01:00:00,AWS_MALAD,Malad,19.186,72.8485,1.4
2024-07-17 02:00:00,AWS_MALAD,Malad,19.186,72.8485,3.4
2024-07-17 03:00:00,AWS_MALAD,Malad,19.186,72.8485,1.0
2024-07-17 04:00:00,AWS_MALAD,Malad,19.186,72.8485,1.1
2024-07-17 05:00:00,AWS_MALAD,Malad,19.186,72.8485,2.4
2024-07-17 06:00:00,AWS_MALAD,Malad,19.186,72.8485,1.1
2024-07-17 07:00:00,AWS_MALAD,Malad,19.186,72.8485,1.3
2024-07-17 08:00:00,AWS_MALAD,Malad,19.186,72.8485,3.3
2024-07-17 09:00:00,AWS_MALAD,Malad,19.186,72.8485,4.3
2024-07-17 10:00:00,AWS_MALAD,Malad,19.186,72.8485,4.2
2024-07-17 11:00:00,AWS_MALAD,Malad,19.186,72.8485,4.2
2024-07-17 12:00:00,AWS_MALAD,Malad,19.186,72.8485,0.4
2024-07-17 13:00:00,AWS_MALAD,Malad,19.186,72.8485,1.0
2024-07-17 14:00:00,AWS_MALAD,Malad,19.186,72.8485,2.7
2024-07-17 15:00:00,AWS_MALAD,Malad,19.186,72.8485,6.9
2024-07-17 16:00:00,AWS_MALAD,Malad,19.186,72.8485,16.4
2024-07-17 17:00:00,AWS_MALAD,Malad,19.186,72.8485,3.5
2024-07-17 18:00:00,AWS_MALAD,Malad,19.186,72.8485,5.2
2024-07-17 19:00:00,AWS_MALAD,Malad,19.186,72.8485,0.4
2024-07-17 20:00:00,AWS_MALAD,Malad,19.186,72.8485,5.1
2024-07-17 21:00:00,AWS_MALAD,Malad,19.186,72.8485,1.0
2024-07-17 22:00:00,AWS_MALAD,Malad,19.186,72.8485,1.3
2024-07-17 23:00:00,AWS_MALAD,Malad,19.186,72.8485,5.8
2024-07-18 00:00:00,AWS_MALAD,Malad,19.186,72.8485,25.7
2024-07-18 01:00:00,AWS_MALAD,Malad,19.186,72.8485,6.7
2024-07-18 02:00:00,AWS_MALAD,Malad,19.186,72.8485,18.9
2024-07-18 03:00:00,AWS_MALAD,Malad,19.186,72.8485,51.9
2024-07-18 04:00:00,AWS_MALAD,Malad,19.186,72.8485,21.6
2024-07-18 05:00:00,AWS_MALAD,Malad,19.186,72.8485,21.6
2024-07-18 06:00:00,AWS_MALAD,Malad,19.186,72.8485,38.3
2024-07-18 07:00:00,AWS_MALAD,Malad,19.186,72.8485,30.5
2024-07-18 08:00:00,AWS_MALAD,Malad,19.186,72.8485,20.9
2024-07-18 09:00:00,AWS_MALAD,Malad,19.186,72.8485,17.6
2024-07-18 10:00:00,AWS_MALAD,Malad,19.186,72.8485,126.9
2024-07-18 11:00:00,AWS_MALAD,Malad,19.186,72.8485,88.3
2024-07-18 12:00:00,AWS_MALAD,Malad,19.186,72.8485,65.5
2024-07-18 13:00:00,AWS_MALAD,Malad,19.186,72.8485,57.0
2024-07-18 14:00:00,AWS_MALAD,Malad,19.186,72.8485,57.3
2024-07-18 15:00:00,AWS_MALAD,Malad,19.186,72.8485,57.2
2024-07-18 16:00:00,AWS_MALAD,Malad,19.186,72.8485,80.8
2024-07-18 17:00:00,AWS_MALAD,Malad,19.186,72.8485,32.8
2024-07-18 18:00:00,AWS_MALAD,Malad,19.186,72.8485,12.7
2024-07-18 19:00:00,AWS_MALAD,Malad,19.186,72.8485,30.8
2024-07-18 20:00:00,AWS_MALAD,Malad,19.186,72.8485,13.3
2024-07-18 21:00:00,AWS_MALAD,Malad,19.186,72.8485,37.5
2024-07-18 22:00:00,AWS_MALAD,Malad,19.186,72.8485,27.0
2024-07-18 23:00:00,AWS_MALAD,Malad,19.186,72.8485,59.2
2024-07-19 00:00:00,AWS_MALAD,Malad,19.186,72.8485,21.5
2024-07-19 01:00:00,AWS_MALAD,Malad,19.186,72.8485,31.9
2024-07-19 02:00:00,AWS_MALAD,Malad,19.186,72.8485,26.9
2024-07-19 03:00:00,AWS_MALAD,Malad,19.186,72.8485,9.2
2024-07-19 04:00:00,AWS_MALAD,Malad,19.186,72.8485,23.3
2024-07-19 05:00:00,AWS_MALAD,Malad,19.186,72.8485,17.8
2024-07-19 06:00:00,AWS_MALAD,Malad,19.186,72.8485,27.0
2024-07-19 07:00:00,AWS_MALAD,Malad,19.186,72.8485,32.2
2024-07-19 08:00:00,AWS_MALAD,Malad,19.186,72.8485,49.6
2024-07-19 09:00:00,AWS_MALAD,Malad,19.186,72.8485,4.5
2024-07-19 10:00:00,AWS_MALAD,Malad,19.186,72.8485,67.8
2024-07-19 11:00:00,AWS_MALAD,Malad,19.186,72.8485,46.6
2024-07-19 12:00:00,AWS_MALAD,Malad,19.186,72.8485,60.8
2024-07-19 13:00:00,AWS_MALAD,Malad,19.186,72.8485,53.2
2024-07-19 14:00:00,AWS_MALAD,Malad,19.186,72.8485,48.3
2024-07-19 15:00:00,AWS_MALAD,Malad,19.186,72.8485,44.5
2024-07-19 16:00:00,AWS_MALAD,Malad,19.186,72.8485,62.3
2024-07-19 17:00:00,AWS_MALAD,Malad,19.186,72.8485,15.9
2024-07-19 18:00:00,AWS_MALAD,Malad,19.186,72.8485,29.5
2024-07-19 19:00:00,AWS_MALAD,Malad,19.186,72.8485,59.5
2024-07-19 20:00:00,AWS_MALAD,Malad,19.186,72.8485,24.6
2024-07-19 21:00:00,AWS_MALAD,Malad,19.186,72.8485,47.0
2024-07-19 22:00:00,AWS_MALAD,Malad,19.186,72.8485,10.8
2024-07-19 23:00:00,AWS_MALAD,Malad,19.186,72.8485,22.6
2024-07-20 00:00:00,AWS_MALAD,Malad,19.186,72.8485,5.0
2024-07-20 01:00:00,AWS_MALAD,Malad,19.186,72.8485,9.5
2024-07-20 02:00:00,AWS_MALAD,Malad,19.186,72.8485,9.7
2024-07-20 03:00:00,AWS_MALAD,Malad,19.186,72.8485,10.5
2024-07-20 04:00:00,AWS_MALAD,Malad,19.186,72.8485,18.1
2024-07-20 05:00:00,AWS_MALAD,Malad,19.186,72.8485,0.7
2024-07-20 06:00:00,AWS_MALAD,Malad,19.186,72.8485,6.0
2024-07-20 07:00:00,AWS_MALAD,Malad,19.186,72.8485,11.7
2024-07-20 08:00:00,AWS_MALAD,Malad,19.186,72.8485,1.4
2024-07-20 09:00:00,AWS_MALAD,Malad,19.186,72.8485,15.6
2024-07-20 10:00:00,AWS_MALAD,Malad,19.186,72.8485,5.9
2024-07-20 11:00:00,AWS_MALAD,Malad,19.186,72.8485,8.6
2024-07-20 12:00:00,AWS_MALAD,Malad,19.186,72.8485,18.7
2024-07-20 13:00:00,AWS_MALAD,Malad,19.186,72.8485,23.5
2024-07-20 14:00:00,AWS_MALAD,Malad,19.186,72.8485,15.9
2024-07-20 15:00:00,AWS_MALAD,Malad,19.186,72.8485,3.5
2024-07-20 16:00:00,AWS_MALAD,Malad,19.186,72.8485,15.4
2024-07-20 17:00:00,AWS_MALAD,Malad,19.186,72.8485,16.1
2024-07-20 18:00:00,AWS_MALAD,Malad,19.186,72.8485,14.0
2024-07-20 19:00:00,AWS_MALAD,Malad,19.186,72.8485,26.0
2024-07-20 20:00:00,AWS_MALAD,Malad,19.186,72.8485,10.7
2024-07-20 21:00:00,AWS_MALAD,Malad,19.186,72.8485,25.4
2024-07-20 22:00:00,AWS_MALAD,Malad,19.186,72.8485,25.3
2024-07-20 23:00:00,AWS_MALAD,Malad,19.186,72.8485,16.4
2024-07-21 00:00:00,AWS_MALAD,Malad,19.186,72.8485,12.5
2024-07-21 01:00:00,AWS_MALAD,Malad,19.186,72.8485,14.0
2024-07-21 02:00:00,AWS_MALAD,Malad,19.186,72.8485,29.8
2024-07-21 03:00:00,AWS_MALAD,Malad,19.186,72.8485,20.8
2024-07-21 04:00:00,AWS_MALAD,Malad,19.186,72.8485,3.9
2024-07-21 05:00:00,AWS_MALAD,Malad,19.186,72.8485,13.4
2024-07-21 06:00:00,AWS_MALAD,Malad,19.186,72.8485,4.8
2024-07-21 07:00:00,AWS_MALAD,Malad,19.186,72.8485,5.8
2024-07-21 08:00:00,AWS_MALAD,Malad,19.186,72.8485,7.4
2024-07-21 09:00:00,AWS_MALAD,Malad,19.186,72.8485,2.6
2024-07-21 10:00:00,AWS_MALAD,Malad,19.186,72.8485,4.5
2024-07-21 11:00:00,AWS_MALAD,Malad,19.186,72.8485,27.0
2024-07-21 12:00:00,AWS_MALAD,Malad,19.186,72.8485,5.7
2024-07-21 13:00:00,AWS_MALAD,Malad,19.186,72.8485,18.2
2024-07-21 14:00:00,AWS_MALAD,Malad,19.186,72.8485,11.4
2024-07-21 15:00:00,AWS_MALAD,Malad,19.186,72.8485,14.9
2024-07-21 16:00:00,AWS_MALAD,Malad,19.186,72.8485,15.4
2024-07-21 17:00:00,AWS_MALAD,Malad,19.186,72.8485,4.3
2024-07-21 18:00:00,AWS_MALAD,Malad,19.186,72.8485,18.1
2024-07-21 19:00:00,AWS_MALAD,Malad,19.186,72.8485,3.2
2024-07-21 20:00:00,AWS_MALAD,Malad,19.186,72.8485,5.5
2024-07-21 21:00:00,AWS_MALAD,Malad,19.186,72.8485,15.2
2024-07-21 22:00:00,AWS_MALAD,Malad,19.186,72.8485,4.0
2024-07-21 23:00:00,AWS_MALAD,Malad,19.186,72.8485,1.2
2024-07-22 00:00:00,AWS_MALAD,Malad,19.186,72.8485,0.1
2024-07-22 01:00:00,AWS_MALAD,Malad,19.186,72.8485,5.3
2024-07-22 02:00:00,AWS_MALAD,Malad,19.186,72.8485,0.7
2024-07-22 03:00:00,AWS_MALAD,Malad,19.186,72.8485,2.0
2024-07-22 04:00:00,AWS_MALAD,Malad,19.186,72.8485,0.1
2024-07-22 05:00:00,AWS_MALAD,Malad,19.186,72.8485,2.7
2024-07-22 06:00:00,AWS_MALAD,Malad,19.186,72.8485,1.0
2024-07-22 07:00:00,AWS_MALAD,Malad,19.186,72.8485,5.7
2024-07-22 08:00:00,AWS_MALAD,Malad,19.186,72.8485,5.5
2024-07-22 09:00:00,AWS_MALAD,Malad,19.186,72.8485,1.0
2024-07-22 10:00:00,AWS_MALAD,Malad,19.186,72.8485,5.8
2024-07-22 11:00:00,AWS_MALAD,Malad,19.186,72.8485,13.9
2024-07-22 12:00:00,AWS_MALAD,Malad,19.186,72.8485,4.4
2024-07-22 13:00:00,AWS_MALAD,Malad,19.186,72.8485,4.7
2024-07-22 14:00:00,AWS_MALAD,Malad,19.186,72.8485,0.7
2024-07-22 15:00:00,AWS_MALAD,Malad,19.186,72.8485,2.1
2024-07-22 16:00:00,AWS_MALAD,Malad,19.186,72.8485,0.2
2024-07-22 17:00:00,AWS_MALAD,Malad,19.186,72.8485,0.2
2024-07-22 18:00:00,AWS_MALAD,Malad,19.186,72.8485,17.0
2024-07-22 19:00:00,AWS_MALAD,Malad,19.186,72.8485,1.0
2024-07-22 20:00:00,AWS_MALAD,Malad,19.186,72.8485,3.4
2024-07-22 21:00:00,AWS_MALAD,Malad,19.186,72.8485,4.1
2024-07-22 22:00:00,AWS_MALAD,Malad,19.186,72.8485,4.9
2024-07-22 23:00:00,AWS_MALAD,Malad,19.186,72.8485,15.1
2024-07-23 00:00:00,AWS_MALAD,Malad,19.186,72.8485,0.7
2024-07-23 01:00:00,AWS_MALAD,Malad,19.186,72.8485,0.1
2024-07-23 02:00:00,AWS_MALAD,Malad,19.186,72.8485,1.3
2024-07-23 03:00:00,AWS_MALAD,Malad,19.186,72.8485,0.3
2024-07-23 04:00:00,AWS_MALAD,Malad,19.186,72.8485,0.1
2024-07-23 05:00:00,AWS_MALAD,Malad,19.186,72.8485,1.1
2024-07-23 06:00:00,AWS_MALAD,Malad,19.186,72.8485,3.8
2024-07-23 07:00:00,AWS_MALAD,Malad,19.186,72.8485,2.1
2024-07-23 08:00:00,AWS_MALAD,Malad,19.186,72.8485,0.9
2024-07-23 09:00:00,AWS_MALAD,Malad,19.186,72.8485,2.7
2024-07-23 10:00:00,AWS_MALAD,Malad,19.186,72.8485,0.7
2024-07-23 11:00:00,AWS_MALAD,Malad,19.186,72.8485,0.0
2024-07-23 12:00:00,AWS_MALAD,Malad,19.186,72.8485,3.6
2024-07-23 13:00:00,AWS_MALAD,Malad,19.186,72.8485,2.4
2024-07-23 14:00:00,AWS_MALAD,Malad,19.186,72.8485,3.6
2024-07-23 15:00:00,AWS_MALAD,Malad,19.186,72.8485,0.1
2024-07-23 16:00:00,AWS_MALAD,Malad,19.186,72.8485,4.5
2024-07-23 17:00:00,AWS_MALAD,Malad,19.186,72.8485,2.4
2024-07-23 18:00:00,AWS_MALAD,Malad,19.186,72.8485,2.1
2024-07-23 19:00:00,AWS_MALAD,Malad,19.186,72.8485,2.4
2024-07-23 20:00:00,AWS_MALAD,Malad,19.186,72.8485,5.0
2024-07-23 21:00:00,AWS_MALAD,Malad,19.186,72.8485,2.2
2024-07-23 22:00:00,AWS_MALAD,Malad,19.186,72.8485,2.2
2024-07-23 23:00:00,AWS_MALAD,Malad,19.186,72.8485,11.7
2024-07-24 00:00:00,AWS_MALAD,Malad,19.186,72.8485,3.5
2024-07-24 01:00:00,AWS_MALAD,Malad,19.186,72.8485,1.5
2024-07-24 02:00:00,AWS_MALAD,Malad,19.186,72.8485,3.1
2024-07-24 03:00:00,AWS_MALAD,Malad,19.186,72.8485,1.2
2024-07-24 04:00:00,AWS_MALAD,Malad,19.186,72.8485,0.6
2024-07-24 05:00:00,AWS_MALAD,Malad,19.186,72.8485,2.3
2024-07-24 06:00:00,AWS_MALAD,Malad,19.186,72.8485,6.6
2024-07-24 07:00:00,AWS_MALAD,Malad,19.186,72.8485,6.6
2024-07-24 08:00:00,AWS_MALAD,Malad,19.186,72.8485,1.0
2024-07-24 09:00:00,AWS_MALAD,Malad,19.186,72.8485,1.9
2024-07-24 10:00:00,AWS_MALAD,Malad,19.186,72.8485,0.6
2024-07-24 11:00:00,AWS_MALAD,Malad,19.186,72.8485,13.6
2024-07-24 12:00:00,AWS_MALAD,Malad,19.186,72.8485,9.9
2024-07-24 13:00:00,AWS_MALAD,Malad,19.186,72.8485,2.6
2024-07-24 14:00:00,AWS_MALAD,Malad,19.186,72.8485,4.1
2024-07-24 15:00:00,AWS_MALAD,Malad,19.186,72.8485,3.1
2024-07-24 16:00:00,AWS_MALAD,Malad,19.186,72.8485,2.2
2024-07-24 17:00:00,AWS_MALAD,Malad,19.186,72.8485,0.1
2024-07-24 18:00:00,AWS_MALAD,Malad,19.186,72.8485,1.5
2024-07-24 19:00:00,AWS_MALAD,Malad,19.186,72.8485,2.8
2024-07-24 20:00:00,AWS_MALAD,Malad,19.186,72.8485,2.8
2024-07-24 21:00:00,AWS_MALAD,Malad,19.186,72.8485,1.2
2024-07-24 22:00:00,AWS_MALAD,Malad,19.186,72.8485,7.1
2024-07-24 23:00:00,AWS_MALAD,Malad,19.186,72.8485,0.5
2024-07-25 00:00:00,AWS_MALAD,Malad,19.186,72.8485,1.7
2024-07-25 01:00:00,AWS_MALAD,Malad,19.186,72.8485,2.9
2024-07-25 02:00:00,AWS_MALAD,Malad,19.186,72.8485,3.0
2024-07-25 03:00:00,AWS_MALAD,Malad,19.186,72.8485,2.6
2024-07-25 04:00:00,AWS_MALAD,Malad,19.186,72.8485,0.8
2024-07-25 05:00:00,AWS_MALAD,Malad,19.186,72.8485,0.4
2024-07-25 06:00:00,AWS_MALAD,Malad,19.186,72.8485,2.5
2024-07-25 07:00:00,AWS_MALAD,Malad,19.186,72.8485,2.3
2024-07-25 08:00:00,AWS_MALAD,Malad,19.186,72.8485,0.5
2024-07-25 09:00:00,AWS_MALAD,Malad,19.186,72.8485,3.1
2024-07-25 10:00:00,AWS_MALAD,Malad,19.186,72.8485,1.5
2024-07-25 11:00:00,AWS_MALAD,Malad,19.186,72.8485,2.8
2024-07-25 12:00:00,AWS_MALAD,Malad,19.186,72.8485,4.5
2024-07-25 13:00:00,AWS_MALAD,Malad,19.186,72.8485,0.5
2024-07-25 14:00:00,AWS_MALAD,Malad,19.186,72.8485,0.0
2024-07-25 15:00:00,AWS_MALAD,Malad,19.186,72.8485,3.8
2024-07-25 16:00:00,AWS_MALAD,Malad,19.186,72.8485,2.4
2024-07-25 17:00:00,AWS_MALAD,Malad,19.186,72.8485,3.0
2024-07-25 18:00:00,AWS_MALAD,Malad,19.186,72.8485,4.6
2024-07-25 19:00:00,AWS_MALAD,Malad,19.186,72.8485,4.1
2024-07-25 20:00:00,AWS_MALAD,Malad,19.186,72.8485,8.1
2024-07-25 21:00:00,AWS_MALAD,Malad,19.186,72.8485,1.9
2024-07-25 22:00:00,AWS_MALAD,Malad,19.186,72.8485,1.7
2024-07-25 23:00:00,AWS_MALAD,Malad,19.186,72.8485,1.3
2024-07-15 00:00:00,AWS_POWAI,Powai / Vikhroli,19.128,72.905,3.3
2024-07-15 01:00:00,AWS_POWAI,Powai / Vikhroli,19.128,72.905,0.5
2024-07-15 02:00:00,AWS_POWAI,Powai / Vikhroli,19.128,72.905,11.2
2024-07-15 03:00:00,AWS_POWAI,Powai / Vikhroli,19.128,72.905,9.9
2024-07-15 04:00:00,AWS_POWAI,Powai / Vikhroli,19.128,72.905,2.4
2024-07-15 05:00:00,AWS_POWAI,Powai / Vikhroli,19.128,72.905,1.5
2024-07-15 06:00:00,AWS_POWAI,Powai / Vikhroli,19.128,72.905,0.5
2024-07-15 07:00:00,AWS_POWAI,Powai / Vikhroli,19.128,72.905,4.8
2024-07-15 08:00:00,AWS_POWAI,Powai / Vikhroli,19.128,72.905,4.8
2024-07-15 09:00:00,AWS_POWAI,Powai / Vikhroli,19.128,72.905,0.9
2024-07-15 10:00:00,AWS_POWAI,Powai / Vikhroli,19.128,72.905,3.4
2024-07-15 11:00:00,AWS_POWAI,Powai / Vikhroli,19.128,72.905,5.6
2024-07-15 12:00:00,AWS_POWAI,Powai / Vikhroli,19.128,72.905,1.4
2024-07-15 13:00:00,AWS_POWAI,Powai / Vikhroli,19.128,72.905,2.1
2024-07-15 14:00:00,AWS_POWAI,Powai / Vikhroli,19.128,72.905,2.1
2024-07-15 15:00:00,AWS_POWAI,Powai / Vikhroli,19.128,72.905,1.0
2024-07-15 16:00:00,AWS_POWAI,Powai / Vikhroli,19.128,72.905,2.1
2024-07-15 17:00:00,AWS_POWAI,Powai / Vikhroli,19.128,72.905,0.2
2024-07-15 18:00:00,AWS_POWAI,Powai / Vikhroli,19.128,72.905,1.9
2024-07-15 19:00:00,AWS_POWAI,Powai / Vikhroli,19.128,72.905,2.0
2024-07-15 20:00:00,AWS_POWAI,Powai / Vikhroli,19.128,72.905,2.4
2024-07-15 21:00:00,AWS_POWAI,Powai / Vikhroli,19.128,72.905,4.2
2024-07-15 22:00:00,AWS_POWAI,Powai / Vikhroli,19.128,72.905,0.5
2024-07-15 23:00:00,AWS_POWAI,Powai / Vikhroli,19.128,72.905,0.6
2024-07-16 00:00:00,AWS_POWAI,Powai / Vikhroli,19.128,72.905,1.0
2024-07-16 01:00:00,AWS_POWAI,Powai / Vikhroli,19.128,72.905,0.4
2024-07-16 02:00:00,AWS_POWAI,Powai / Vikhroli,19.128,72.905,4.6
2024-07-16 03:00:00,AWS_POWAI,Powai / Vikhroli,19.128,72.905,1.3
2024-07-16 04:00:00,AWS_POWAI,Powai / Vikhroli,19.128,72.905,2.5
2024-07-16 05:00:00,AWS_POWAI,Powai / Vikhroli,19.128,72.905,0.9
2024-07-16 06:00:00,AWS_POWAI,Powai / Vikhroli,19.128,72.905,1.7
2024-07-16 07:00:00,AWS_POWAI,Powai / Vikhroli,19.128,72.905,3.5
2024-07-16 08:00:00,AWS_POWAI,Powai / Vikhroli,19.128,72.905,3.7
2024-07-16 09:00:00,AWS_POWAI,Powai / Vikhroli,19.128,72.905,0.7
2024-07-16 10:00:00,AWS_POWAI,Powai / Vikhroli,19.128,72.905,2.4
2024-07-16 11:00:00,AWS_POWAI,Powai / Vikhroli,19.128,72.905,0.9
2024-07-16 12:00:00,AWS_POWAI,Powai / Vikhroli,19.128,72.905,2.3
2024-07-16 13:00:00,AWS_POWAI,Powai / Vikhroli,19.128,72.905,1.2
2024-07-16 14:00:00,AWS_POWAI,Powai / Vikhroli,19.128,72.905,11.8
2024-07-16 15:00:00,AWS_POWAI,Powai / Vikhroli,19.128,72.905,5.6
2024-07-16 16:00:00,AWS_POWAI,Powai / Vikhroli,19.128,72.905,3.9
2024-07-16 17:00:00,AWS_POWAI,Powai / Vikhroli,19.128,72.905,1.9
2024-07-16 18:00:00,AWS_POWAI,Powai / Vikhroli,19.128,72.905,5.7
2024-07-16 19:00:00,AWS_POWAI,Powai / Vikhroli,19.128,72.905,2.5
2024-07-16 20:00:00,AWS_POWAI,Powai / Vikhroli,19.128,72.905,10.9
2024-07-16 21:00:00,AWS_POWAI,Powai / Vikhroli,19.128,72.905,6.3
2024-07-16 22:00:00,AWS_POWAI,Powai / Vikhroli,19.128,72.905,1.7
2024-07-16 23:00:00,AWS_POWAI,Powai / Vikhroli,19.128,72.905,9.9
2024-07-17 00:00:00,AWS_POWAI,Powai / Vikhroli,19.128,72.905,1.9
2024-07-17 01:00:00,AWS_POWAI,Powai / Vikhroli,19.128,72.905,12.4
2024-07-17 02:00:00,AWS_POWAI,Powai / Vikhroli,19.128,72.905,10.3
2024-07-17 03:00:00,AWS_POWAI,Powai / Vikhroli,19.128,72.905,3.5
2024-07-17 04:00:00,AWS_POWAI,Powai / Vikhroli,19.128,72.905,0.2
2024-07-17 05:00:00,AWS_POWAI,Powai / Vikhroli,19.128,72.905,3.3
2024-07-17 06:00:00,AWS_POWAI,Powai / Vikhroli,19.128,72.905,0.6
2024-07-17 07:00:00,AWS_POWAI,Powai / Vikhroli,19.128,72.905,1.2
2024-07-17 08:00:00,AWS_POWAI,Powai / Vikhroli,19.128,72.905,1.4
2024-07-17 09:00:00,AWS_POWAI,Powai / Vikhroli,19.128,72.905,0.6
2024-07-17 10:00:00,AWS_POWAI,Powai / Vikhroli,19.128,72.905,3.3
2024-07-17 11:00:00,AWS_POWAI,Powai / Vikhroli,19.128,72.905,1.1
2024-07-17 12:00:00,AWS_POWAI,Powai / Vikhroli,19.128,72.905,2.0
2024-07-17 13:00:00,AWS_POWAI,Powai / Vikhroli,19.128,72.905,1.4
2024-07-17 14:00:00,AWS_POWAI,Powai / Vikhroli,19.128,72.905,4.2
2024-07-17 15:00:00,AWS_POWAI,Powai / Vikhroli,19.128,72.905,3.9
2024-07-17 16:00:00,AWS_POWAI,Powai / Vikhroli,19.128,72.905,1.8
2024-07-17 17:00:00,AWS_POWAI,Powai / Vikhroli,19.128,72.905,4.4
2024-07-17 18:00:00,AWS_POWAI,Powai / Vikhroli,19.128,72.905,7.8
2024-07-17 19:00:00,AWS_POWAI,Powai / Vikhroli,19.128,72.905,0.0
2024-07-17 20:00:00,AWS_POWAI,Powai / Vikhroli,19.128,72.905,1.3
2024-07-17 21:00:00,AWS_POWAI,Powai / Vikhroli,19.128,72.905,0.8
2024-07-17 22:00:00,AWS_POWAI,Powai / Vikhroli,19.128,72.905,1.1
2024-07-17 23:00:00,AWS_POWAI,Powai / Vikhroli,19.128,72.905,0.0
2024-07-18 00:00:00,AWS_POWAI,Powai / Vikhroli,19.128,72.905,2.9
2024-07-18 01:00:00,AWS_POWAI,Powai / Vikhroli,19.128,72.905,18.9
2024-07-18 02:00:00,AWS_POWAI,Powai / Vikhroli,19.128,72.905,18.6
2024-07-18 03:00:00,AWS_POWAI,Powai / Vikhroli,19.128,72.905,50.7
2024-07-18 04:00:00,AWS_POWAI,Powai / Vikhroli,19.128,72.905,27.4
2024-07-18 05:00:00,AWS_POWAI,Powai / Vikhroli,19.128,72.905,5.5
2024-07-18 06:00:00,AWS_POWAI,Powai / Vikhroli,19.128,72.905,33.3
2024-07-18 07:00:00,AWS_POWAI,Powai / Vikhroli,19.128,72.905,132.4
2024-07-18 08:00:00,AWS_POWAI,Powai / Vikhroli,19.128,72.905,5.7
2024-07-18 09:00:00,AWS_POWAI,Powai / Vikhroli,19.128,72.905,58.7
2024-07-18 10:00:00,AWS_POWAI,Powai / Vikhroli,19.128,72.905,50.7
2024-07-18 11:00:00,AWS_POWAI,Powai / Vikhroli,19.128,72.905,47.0
2024-07-18 12:00:00,AWS_POWAI,Powai / Vikhroli,19.128,72.905,41.9
2024-07-18 13:00:00,AWS_POWAI,Powai / Vikhroli,19.128,72.905,70.4
2024-07-18 14:00:00,AWS_POWAI,Powai / Vikhroli,19.128,72.905,48.2
2024-07-18 15:00:00,AWS_POWAI,Powai / Vikhroli,19.128,72.905,67.1
2024-07-18 16:00:00,AWS_POWAI,Powai / Vikhroli,19.128,72.905,48.3
2024-07-18 17:00:00,AWS_POWAI,Powai / Vikhroli,19.128,72.905,36.1
2024-07-18 18:00:00,AWS_POWAI,Powai / Vikhroli,19.128,72.905,54.0
2024-07-18 19:00:00,AWS_POWAI,Powai / Vikhroli,19.128,72.905,27.3
2024-07-18 20:00:00,AWS_POWAI,Powai / Vikhroli,19.128,72.905,33.2
2024-07-18 21:00:00,AWS_POWAI,Powai / Vikhroli,19.128,72.905,28.2
2024-07-18 22:00:00,AWS_POWAI,Powai / Vikhroli,19.128,72.905,12.0
2024-07-18 23:00:00,AWS_POWAI,Powai / Vikhroli,19.128,72.905,45.4
2024-07-19 00:00:00,AWS_POWAI,Powai / Vikhroli,19.128,72.905,30.3
2024-07-19 01:00:00,AWS_POWAI,Powai / Vikhroli,19.128,72.905,33.7
2024-07-19 02:00:00,AWS_POWAI,Powai / Vikhroli,19.128,72.905,42.2
2024-07-19 03:00:00,AWS_POWAI,Powai / Vikhroli,19.128,72.905,43.2
2024-07-19 04:00:00,AWS_POWAI,Powai / Vikhroli,19.128,72.905,12.8
2024-07-19 05:00:00,AWS_POWAI,Powai / Vikhroli,19.128,72.905,11.1
2024-07-19 06:00:00,AWS_POWAI,Powai / Vikhroli,19.128,72.905,15.4
2024-07-19 07:00:00,AWS_POWAI,Powai / Vikhroli,19.128,72.905,11.4
2024-07-19 08:00:00,AWS_POWAI,Powai / Vikhroli,19.128,72.905,19.2
2024-07-19 09:00:00,AWS_POWAI,Powai / Vikhroli,19.128,72.905,12.2
2024-07-19 10:00:00,AWS_POWAI,Powai / Vikhroli,19.128,72.905,46.7
2024-07-19 11:00:00,AWS_POWAI,Powai / Vikhroli,19.128,72.905,59.8
2024-07-19 12:00:00,AWS_POWAI,Powai / Vikhroli,19.128,72.905,107.9
2024-07-19 13:00:00,AWS_POWAI,Powai / Vikhroli,19.128,72.905,63.5
2024-07-19 14:00:00,AWS_POWAI,Powai / Vikhroli,19.128,72.905,59.4
2024-07-19 15:00:00,AWS_POWAI,Powai / Vikhroli,19.128,72.905,74.9
2024-07-19 16:00:00,AWS_POWAI,Powai / Vikhroli,19.128,72.905,50.9
2024-07-19 17:00:00,AWS_POWAI,Powai / Vikhroli,19.128,72.905,9.0
2024-07-19 18:00:00,AWS_POWAI,Powai / Vikhroli,19.128,72.905,45.2
2024-07-19 19:00:00,AWS_POWAI,Powai / Vikhroli,19.128,72.905,12.6
2024-07-19 20:00:00,AWS_POWAI,Powai / Vikhroli,19.128,72.905,18.5
2024-07-19 21:00:00,AWS_POWAI,Powai / Vikhroli,19.128,72.905,13.1
2024-07-19 22:00:00,AWS_POWAI,Powai / Vikhroli,19.128,72.905,30.7
2024-07-19 23:00:00,AWS_POWAI,Powai / Vikhroli,19.128,72.905,18.1
2024-07-20 00:00:00,AWS_POWAI,Powai / Vikhroli,19.128,72.905,1.3
2024-07-20 01:00:00,AWS_POWAI,Powai / Vikhroli,19.128,72.905,9.5
2024-07-20 02:00:00,AWS_POWAI,Powai / Vikhroli,19.128,72.905,18.9
2024-07-20 03:00:00,AWS_POWAI,Powai / Vikhroli,19.128,72.905,10.8
2024-07-20 04:00:00,AWS_POWAI,Powai / Vikhroli,19.128,72.905,14.8
2024-07-20 05:00:00,AWS_POWAI,Powai / Vikhroli,19.128,72.905,11.6
2024-07-20 06:00:00,AWS_POWAI,Powai / Vikhroli,19.128,72.905,16.8
2024-07-20 07:00:00,AWS_POWAI,Powai / Vikhroli,19.128,72.905,12.4
2024-07-20 08:00:00,AWS_POWAI,Powai / Vikhroli,19.128,72.905,9.1
2024-07-20 09:00:00,AWS_POWAI,Powai / Vikhroli,19.128,72.905,10.7
2024-07-20 10:00:00,AWS_POWAI,Powai / Vikhroli,19.128,72.905,26.9
2024-07-20 11:00:00,AWS_POWAI,Powai / Vikhroli,19.128,72.905,15.4
2024-07-20 12:00:00,AWS_POWAI,Powai / Vikhroli,19.128,72.905,4.3
2024-07-20 13:00:00,AWS_POWAI,Powai / Vikhroli,19.128,72.905,10.6
2024-07-20 14:00:00,AWS_POWAI,Powai / Vikhroli,19.128,72.905,12.8
2024-07-20 15:00:00,AWS_POWAI,Powai / Vikhroli,19.128,72.905,8.8
2024-07-20 16:00:00,AWS_POWAI,Powai / Vikhroli,19.128,72.905,1.3
2024-07-20 17:00:00,AWS_POWAI,Powai / Vikhroli,19.128,72.905,4.7
2024-07-20 18:00:00,AWS_POWAI,Powai / Vikhroli,19.128,72.905,7.1
2024-07-20 19:00:00,AWS_POWAI,Powai / Vikhroli,19.128,72.905,32.9
2024-07-20 20:00:00,AWS_POWAI,Powai / Vikhroli,19.128,72.905,14.3
2024-07-20 21:00:00,AWS_POWAI,Powai / Vikhroli,19.128,72.905,2.2
2024-07-20 22:00:00,AWS_POWAI,Powai / Vikhroli,19.128,72.905,9.3
2024-07-20 23:00:00,AWS_POWAI,Powai / Vikhroli,19.128,72.905,24.2
2024-07-21 00:00:00,AWS_POWAI,Powai / Vikhroli,19.128,72.905,6.1
2024-07-21 01:00:00,AWS_POWAI,Powai / Vikhroli,19.128,72.905,20.4
2024-07-21 02:00:00,AWS_POWAI,Powai / Vikhroli,19.128,72.905,2.2
2024-07-21 03:00:00,AWS_POWAI,Powai / Vikhroli,19.128,72.905,0.2
2024-07-21 04:00:00,AWS_POWAI,Powai / Vikhroli,19.128,72.905,22.5
2024-07-21 05:00:00,AWS_POWAI,Powai / Vikhroli,19.128,72.905,6.8
2024-07-21 06:00:00,AWS_POWAI,Powai / Vikhroli,19.128,72.905,7.3
2024-07-21 07:00:00,AWS_POWAI,Powai / Vikhroli,19.128,72.905,11.5
2024-07-21 08:00:00,AWS_POWAI,Powai / Vikhroli,19.128,72.905,13.9
2024-07-21 09:00:00,AWS_POWAI,Powai / Vikhroli,19.128,72.905,0.5
2024-07-21 10:00:00,AWS_POWAI,Powai / Vikhroli,19.128,72.905,5.7
2024-07-21 11:00:00,AWS_POWAI,Powai / Vikhroli,19.128,72.905,10.5
2024-07-21 12:00:00,AWS_POWAI,Powai / Vikhroli,19.128,72.905,13.9
2024-07-21 13:00:00,AWS_POWAI,Powai / Vikhroli,19.128,72.905,4.2
2024-07-21 14:00:00,AWS_POWAI,Powai / Vikhroli,19.128,72.905,8.5
2024-07-21 15:00:00,AWS_POWAI,Powai / Vikhroli,19.128,72.905,6.1
2024-07-21 16:00:00,AWS_POWAI,Powai / Vikhroli,19.128,72.905,11.8
2024-07-21 17:00:00,AWS_POWAI,Powai / Vikhroli,19.128,72.905,21.9
2024-07-21 18:00:00,AWS_POWAI,Powai / Vikhroli,19.128,72.905,7.6
2024-07-21 19:00:00,AWS_POWAI,Powai / Vikhroli,19.128,72.905,2.7
2024-07-21 20:00:00,AWS_POWAI,Powai / Vikhroli,19.128,72.905,5.4
2024-07-21 21:00:00,AWS_POWAI,Powai / Vikhroli,19.128,72.905,30.4
2024-07-21 22:00:00,AWS_POWAI,Powai / Vikhroli,19.128,72.905,4.7
2024-07-21 23:00:00,AWS_POWAI,Powai / Vikhroli,19.128,72.905,3.3
2024-07-22 00:00:00,AWS_POWAI,Powai / Vikhroli,19.128,72.905,4.4
2024-07-22 01:00:00,AWS_POWAI,Powai / Vikhroli,19.128,72.905,0.1
2024-07-22 02:00:00,AWS_POWAI,Powai / Vikhroli,19.128,72.905,1.4
2024-07-22 03:00:00,AWS_POWAI,Powai / Vikhroli,19.128,72.905,0.5
2024-07-22 04:00:00,AWS_POWAI,Powai / Vikhroli,19.128,72.905,5.3
2024-07-22 05:00:00,AWS_POWAI,Powai / Vikhroli,19.128,72.905,2.0
2024-07-22 06:00:00,AWS_POWAI,Powai / Vikhroli,19.128,72.905,0.7
2024-07-22 07:00:00,AWS_POWAI,Powai / Vikhroli,19.128,72.905,1.7
2024-07-22 08:00:00,AWS_POWAI,Powai / Vikhroli,19.128,72.905,3.3
2024-07-22 09:00:00,AWS_POWAI,Powai / Vikhroli,19.128,72.905,7.9
2024-07-22 10:00:00,AWS_POWAI,Powai / Vikhroli,19.128,72.905,0.6
2024-07-22 11:00:00,AWS_POWAI,Powai / Vikhroli,19.128,72.905,5.4
2024-07-22 12:00:00,AWS_POWAI,Powai / Vikhroli,19.128,72.905,6.8
2024-07-22 13:00:00,AWS_POWAI,Powai / Vikhroli,19.128,72.905,6.2
2024-07-22 14:00:00,AWS_POWAI,Powai / Vikhroli,19.128,72.905,2.5
2024-07-22 15:00:00,AWS_POWAI,Powai / Vikhroli,19.128,72.905,2.5
2024-07-22 16:00:00,AWS_POWAI,Powai / Vikhroli,19.128,72.905,1.3
2024-07-22 17:00:00,AWS_POWAI,Powai / Vikhroli,19.128,72.905,3.5
2024-07-22 18:00:00,AWS_POWAI,Powai / Vikhroli,19.128,72.905,1.9
2024-07-22 19:00:00,AWS_POWAI,Powai / Vikhroli,19.128,72.905,2.8
2024-07-22 20:00:00,AWS_POWAI,Powai / Vikhroli,19.128,72.905,1.4
2024-07-22 21:00:00,AWS_POWAI,Powai / Vikhroli,19.128,72.905,3.3
2024-07-22 22:00:00,AWS_POWAI,Powai / Vikhroli,19.128,72.905,4.3
2024-07-22 23:00:00,AWS_POWAI,Powai / Vikhroli,19.128,72.905,0.4
2024-07-23 00:00:00,AWS_POWAI,Powai / Vikhroli,19.128,72.905,4.5
2024-07-23 01:00:00,AWS_POWAI,Powai / Vikhroli,19.128,72.905,1.9
2024-07-23 02:00:00,AWS_POWAI,Powai / Vikhroli,19.128,72.905,4.7
2024-07-23 03:00:00,AWS_POWAI,Powai / Vikhroli,19.128,72.905,1.4
2024-07-23 04:00:00,AWS_POWAI,Powai / Vikhroli,19.128,72.905,1.2
2024-07-23 05:00:00,AWS_POWAI,Powai / Vikhroli,19.128,72.905,6.2
2024-07-23 06:00:00,AWS_POWAI,Powai / Vikhroli,19.128,72.905,0.7
2024-07-23 07:00:00,AWS_POWAI,Powai / Vikhroli,19.128,72.905,4.6
2024-07-23 08:00:00,AWS_POWAI,Powai / Vikhroli,19.128,72.905,1.7
2024-07-23 09:00:00,AWS_POWAI,Powai / Vikhroli,19.128,72.905,1.8
2024-07-23 10:00:00,AWS_POWAI,Powai / Vikhroli,19.128,72.905,0.9
2024-07-23 11:00:00,AWS_POWAI,Powai / Vikhroli,19.128,72.905,2.1
2024-07-23 12:00:00,AWS_POWAI,Powai / Vikhroli,19.128,72.905,1.0
2024-07-23 13:00:00,AWS_POWAI,Powai / Vikhroli,19.128,72.905,0.1
2024-07-23 14:00:00,AWS_POWAI,Powai / Vikhroli,19.128,72.905,0.8
2024-07-23 15:00:00,AWS_POWAI,Powai / Vikhroli,19.128,72.905,0.0
2024-07-23 16:00:00,AWS_POWAI,Powai / Vikhroli,19.128,72.905,9.6
2024-07-23 17:00:00,AWS_POWAI,Powai / Vikhroli,19.128,72.905,8.4
2024-07-23 18:00:00,AWS_POWAI,Powai / Vikhroli,19.128,72.905,1.3
2024-07-23 19:00:00,AWS_POWAI,Powai / Vikhroli,19.128,72.905,3.3
2024-07-23 20:00:00,AWS_POWAI,Powai / Vikhroli,19.128,72.905,1.1
2024-07-23 21:00:00,AWS_POWAI,Powai / Vikhroli,19.128,72.905,2.8
2024-07-23 22:00:00,AWS_POWAI,Powai / Vikhroli,19.128,72.905,4.1
2024-07-23 23:00:00,AWS_POWAI,Powai / Vikhroli,19.128,72.905,7.3
2024-07-24 00:00:00,AWS_POWAI,Powai / Vikhroli,19.128,72.905,1.3
2024-07-24 01:00:00,AWS_POWAI,Powai / Vikhroli,19.128,72.905,3.8
2024-07-24 02:00:00,AWS_POWAI,Powai / Vikhroli,19.128,72.905,0.8
2024-07-24 03:00:00,AWS_POWAI,Powai / Vikhroli,19.128,72.905,11.6
2024-07-24 04:00:00,AWS_POWAI,Powai / Vikhroli,19.128,72.905,0.1
2024-07-24 05:00:00,AWS_POWAI,Powai / Vikhroli,19.128,72.905,2.3
2024-07-24 06:00:00,AWS_POWAI,Powai / Vikhroli,19.128,72.905,2.7
2024-07-24 07:00:00,AWS_POWAI,Powai / Vikhroli,19.128,72.905,2.9
2024-07-24 08:00:00,AWS_POWAI,Powai / Vikhroli,19.128,72.905,0.3
2024-07-24 09:00:00,AWS_POWAI,Powai / Vikhroli,19.128,72.905,7.0
2024-07-24 10:00:00,AWS_POWAI,Powai / Vikhroli,19.128,72.905,0.5
2024-07-24 11:00:00,AWS_POWAI,Powai / Vikhroli,19.128,72.905,2.4
2024-07-24 12:00:00,AWS_POWAI,Powai / Vikhroli,19.128,72.905,0.6
2024-07-24 13:00:00,AWS_POWAI,Powai / Vikhroli,19.128,72.905,0.9
2024-07-24 14:00:00,AWS_POWAI,Powai / Vikhroli,19.128,72.905,2.0
2024-07-24 15:00:00,AWS_POWAI,Powai / Vikhroli,19.128,72.905,1.3
2024-07-24 16:00:00,AWS_POWAI,Powai / Vikhroli,19.128,72.905,0.4
2024-07-24 17:00:00,AWS_POWAI,Powai / Vikhroli,19.128,72.905,0.5
2024-07-24 18:00:00,AWS_POWAI,Powai / Vikhroli,19.128,72.905,1.4
2024-07-24 19:00:00,AWS_POWAI,Powai / Vikhroli,19.128,72.905,3.5
2024-07-24 20:00:00,AWS_POWAI,Powai / Vikhroli,19.128,72.905,5.7
2024-07-24 21:00:00,AWS_POWAI,Powai / Vikhroli,19.128,72.905,0.2
2024-07-24 22:00:00,AWS_POWAI,Powai / Vikhroli,19.128,72.905,1.2
2024-07-24 23:00:00,AWS_POWAI,Powai / Vikhroli,19.128,72.905,0.3
2024-07-25 00:00:00,AWS_POWAI,Powai / Vikhroli,19.128,72.905,0.0
2024-07-25 01:00:00,AWS_POWAI,Powai / Vikhroli,19.128,72.905,2.7
2024-07-25 02:00:00,AWS_POWAI,Powai / Vikhroli,19.128,72.905,2.3
2024-07-25 03:00:00,AWS_POWAI,Powai / Vikhroli,19.128,72.905,0.4
2024-07-25 04:00:00,AWS_POWAI,Powai / Vikhroli,19.128,72.905,0.7
2024-07-25 05:00:00,AWS_POWAI,Powai / Vikhroli,19.128,72.905,0.1
2024-07-25 06:00:00,AWS_POWAI,Powai / Vikhroli,19.128,72.905,4.5
2024-07-25 07:00:00,AWS_POWAI,Powai / Vikhroli,19.128,72.905,9.2
2024-07-25 08:00:00,AWS_POWAI,Powai / Vikhroli,19.128,72.905,0.4
2024-07-25 09:00:00,AWS_POWAI,Powai / Vikhroli,19.128,72.905,0.7
2024-07-25 10:00:00,AWS_POWAI,Powai / Vikhroli,19.128,72.905,5.1
2024-07-25 11:00:00,AWS_POWAI,Powai / Vikhroli,19.128,72.905,6.5
2024-07-25 12:00:00,AWS_POWAI,Powai / Vikhroli,19.128,72.905,1.4
2024-07-25 13:00:00,AWS_POWAI,Powai / Vikhroli,19.128,72.905,0.1
2024-07-25 14:00:00,AWS_POWAI,Powai / Vikhroli,19.128,72.905,0.1
2024-07-25 15:00:00,AWS_POWAI,Powai / Vikhroli,19.128,72.905,2.1
2024-07-25 16:00:00,AWS_POWAI,Powai / Vikhroli,19.128,72.905,1.2
2024-07-25 17:00:00,AWS_POWAI,Powai / Vikhroli,19.128,72.905,0.1
2024-07-25 18:00:00,AWS_POWAI,Powai / Vikhroli,19.128,72.905,2.2
2024-07-25 19:00:00,AWS_POWAI,Powai / Vikhroli,19.128,72.905,0.0
2024-07-25 20:00:00,AWS_POWAI,Powai / Vikhroli,19.128,72.905,3.9
2024-07-25 21:00:00,AWS_POWAI,Powai / Vikhroli,19.128,72.905,0.9
2024-07-25 22:00:00,AWS_POWAI,Powai / Vikhroli,19.128,72.905,0.1
2024-07-25 23:00:00,AWS_POWAI,Powai / Vikhroli,19.128,72.905,2.2
