grid_id,x_utm,y_utm,longitude,latitude,elevation_m,slope_deg,low_lying_score,soil_clay_0_5cm,built_up_ratio,water_ratio,vegetation_ratio,worldcover_class,dist_to_swd_m,dist_to_macro_drain_m,dist_to_micro_drain_m,dist_to_river_stream_m,dist_to_buckingham_canal_m,dist_to_krishna_water_canal_m,drainage_density_m_per_km2,building_count,building_area_m2,dist_to_hospital_m,hospital_count_1km,dist_to_police_m,dist_to_fire_station_m
CHN_G0001,402250.0,1420750.0,80.099162,12.850282,33.57,0.69,0.695,304.0,0.0,0.0,1.0,10,12115.7,8318.0,11419.2,1072.6,14729.8,47229.9,0.0,0,0.0,4130.2,0,8442.4,10979.9
CHN_G0002,402750.0,1420750.0,80.103769,12.850298,35.24,1.89,0.597,297.0,0.0,0.0,0.998,10,11629.3,8374.5,10931.4,632.4,14229.9,47496.1,0.0,0,0.0,3649.8,0,8366.9,10818.4
CHN_G0003,403250.0,1420750.0,80.108377,12.850314,29.09,0.66,0.946,41.0,0.001,0.001,0.991,10,11144.0,8460.3,10444.7,135.9,13730.0,47766.0,0.0,0,0.0,3175.4,0,8320.8,10677.8
CHN_G0004,403750.0,1420750.0,80.112984,12.850329,21.49,11.73,1.0,309.0,0.027,0.171,0.67,30,10660.1,8574.4,9959.3,250.4,13230.1,48039.6,0.0,0,0.0,2710.3,0,8304.6,10559.1
CHN_G0005,404250.0,1420750.0,80.117592,12.850345,33.43,0.58,0.66,276.0,0.226,0.0,0.74,10,10177.8,8715.7,9475.4,728.1,12730.2,48316.9,0.0,0,0.0,2260.1,0,8254.6,10462.9
CHN_G0006,404750.0,1420750.0,80.122199,12.85036,34.41,2.44,0.533,272.0,0.101,0.0,0.899,10,9697.2,8883.0,8993.3,462.8,12230.2,48597.6,0.0,0,0.0,1835.9,0,8151.5,10389.9
CHN_G0007,405250.0,1420750.0,80.126807,12.850376,28.77,1.78,0.83,319.0,0.108,0.034,0.856,10,9218.6,9059.8,8513.2,221.1,11730.3,48881.9,0.0,0,0.0,1410.1,0,7970.2,10340.7
CHN_G0008,405750.0,1420750.0,80.131414,12.850391,24.26,0.35,1.0,320.0,0.016,0.0,0.984,10,8742.4,9257.7,8035.6,483.0,11230.4,49169.7,0.0,0,0.0,912.6,2,7598.2,10315.4
CHN_G0009,406250.0,1420750.0,80.136022,12.850406,23.66,1.09,0.919,327.0,0.104,0.0,0.896,10,8267.3,9477.9,7560.9,958.0,10730.5,49460.8,0.0,0,0.0,421.1,2,7241.7,10314.4
CHN_G0010,406750.0,1420750.0,80.140629,12.850421,29.3,2.83,0.388,150.0,0.696,0.0,0.301,50,7795.3,9718.9,7089.7,749.6,10230.6,49755.2,0.0,0,0.0,44.6,2,6903.0,10337.5
CHN_G0011,407250.0,1420750.0,80.145237,12.850436,24.18,3.56,0.533,324.0,0.181,0.0,0.797,10,7327.0,9979.1,6622.6,801.7,9730.7,50052.9,0.0,0,0.0,531.7,2,6584.9,10384.7
CHN_G0012,407750.0,1420750.0,80.149844,12.850451,20.76,0.75,0.618,314.0,0.049,0.0,0.95,40,6861.1,10257.1,6160.8,1103.9,9230.8,50353.8,0.0,0,0.0,1031.2,0,6290.5,10455.7
CHN_G0013,408250.0,1420750.0,80.154452,12.850466,17.84,0.73,0.652,294.0,0.002,0.0,0.998,40,6396.1,10551.5,5705.4,1007.1,8730.8,50657.9,0.0,0,0.0,1531.1,0,6023.2,10549.9
CHN_G0014,408750.0,1420750.0,80.159059,12.850481,13.06,0.31,0.786,300.0,0.0,0.813,0.173,80,5936.8,10860.9,5258.1,650.3,8230.9,50965.0,0.0,0,0.0,2031.0,0,5786.9,10666.7
CHN_G0015,409250.0,1420750.0,80.163667,12.850496,13.74,1.9,0.597,311.0,0.0,0.149,0.803,40,5484.7,10664.3,4821.1,291.4,7731.0,51275.2,0.0,0,0.0,2530.9,0,5585.5,10805.4
CHN_G0016,409750.0,1420750.0,80.168274,12.85051,11.82,2.6,0.61,315.0,0.057,0.0,0.943,40,5041.6,10364.9,4397.6,146.3,7231.1,51588.4,0.0,0,0.0,3030.9,0,5422.8,10965.2
CHN_G0017,410250.0,1420750.0,80.172882,12.850525,11.49,2.45,0.564,313.0,0.192,0.002,0.782,30,4610.1,10081.4,3991.9,277.1,6731.2,51904.5,0.0,0,0.0,3530.9,0,5302.4,11145.1
CHN_G0018,410750.0,1420750.0,80.17749,12.850539,8.53,1.92,0.732,312.0,0.003,0.0,0.997,30,4193.9,9803.7,3609.9,687.9,6231.3,52223.4,0.0,0,0.0,4030.9,0,5227.3,11344.2
CHN_G0019,411250.0,1420750.0,80.182097,12.850554,8.97,0.53,0.692,315.0,0.0,0.304,0.696,40,3797.9,9537.9,3259.9,1170.4,5731.3,52545.2,0.0,0,0.0,4028.0,0,5199.5,11561.6
CHN_G0020,411750.0,1420750.0,80.186705,12.850568,10.4,1.71,0.592,308.0,0.146,0.005,0.812,40,3429.3,9281.4,2953.5,1310.4,5231.4,52869.8,0.0,9,623.5,3964.3,0,5219.5,11796.1
CHN_G0021,412250.0,1420750.0,80.191312,12.850582,12.75,0.37,0.431,298.0,0.227,0.0,0.766,30,3097.7,9015.5,2705.4,1452.8,4731.5,53197.0,0.0,31,3049.2,3963.2,0,5287.0,12046.9
CHN_G0022,412750.0,1420750.0,80.19592,12.850596,13.19,3.43,0.38,293.0,0.197,0.0,0.803,30,2816.2,8769.7,2532.8,1480.7,4231.6,53527.0,0.0,53,11695.9,3705.1,0,5400.2,12312.8
CHN_G0023,413250.0,1420750.0,80.200528,12.85061,11.31,0.31,0.452,268.0,0.168,0.104,0.725,10,2599.2,8543.4,2451.8,1460.5,3731.7,53859.5,0.0,46,8408.8,3315.4,0,5556.2,12593.0
CHN_G0024,413750.0,1420750.0,80.205135,12.850624,4.46,0.08,0.774,238.0,0.086,0.822,0.09,80,2449.2,8341.0,2471.3,1465.8,3231.8,54194.7,0.0,18,2580.5,2959.1,0,5751.5,12886.5
CHN_G0025,414250.0,1420750.0,80.209743,12.850638,9.8,4.0,0.386,139.0,0.55,0.0,0.449,50,2363.6,8160.9,2589.1,1202.5,2731.8,54532.3,0.0,244,33939.9,2649.6,0,5760.0,13192.4
CHN_G0026,414750.0,1420750.0,80.21435,12.850652,4.66,0.57,0.681,324.0,0.486,0.0,0.514,50,1958.1,8007.4,2792.7,1074.9,2231.9,54872.5,0.0,165,34108.2,2405.1,0,5610.5,13509.9
CHN_G0027,415250.0,1420750.0,80.218958,12.850666,5.57,0.56,0.594,320.0,0.335,0.0,0.658,10,1606.8,7882.3,3004.5,621.0,1732.0,55215.1,0.0,55,5783.9,2246.9,0,5502.6,13838.2
CHN_G0028,415750.0,1420750.0,80.223566,12.85068,11.01,2.3,0.223,56.0,0.544,0.006,0.449,50,1352.5,7783.8,3237.1,213.6,1232.1,55560.0,0.0,55,46462.0,2193.8,0,5438.7,13961.1
CHN_G0029,416250.0,1420750.0,80.228173,12.850693,8.65,4.42,0.376,56.0,0.592,0.0,0.405,50,1255.6,7716.5,3525.7,192.6,732.2,55907.3,0.0,78,40682.9,2253.2,0,5420.3,13952.8
CHN_G0030,416750.0,1420750.0,80.232781,12.850707,1.85,1.03,0.805,139.0,0.048,0.254,0.567,10,1320.0,7679.6,3857.8,236.7,232.3,56256.9,0.0,10,970.5,2416.9,0,5447.9,13962.3
CHN_G0031,417250.0,1420750.0,80.237388,12.85072,2.54,0.65,0.745,139.0,0.226,0.031,0.729,30,1551.1,7672.5,4223.1,689.3,267.7,56589.0,0.0,80,12856.5,2665.6,0,5520.9,13989.7
CHN_G0032,417750.0,1420750.0,80.241996,12.850733,7.03,1.8,0.393,126.0,0.822,0.0,0.176,50,1879.1,7697.9,4613.7,1180.8,767.6,56898.4,0.0,388,59236.0,2978.2,0,5637.5,14034.9
CHN_G0033,418250.0,1420750.0,80.246604,12.850747,4.45,1.45,0.497,208.0,0.646,0.005,0.309,50,2084.1,7755.6,5023.8,1677.3,1267.5,57210.5,0.0,291,36149.0,3336.8,0,5794.9,14097.7
CHN_G0034,418750.0,1420750.0,80.251211,12.85076,0.0,0.0,0.744,208.0,0.0,0.988,0.0,80,2221.1,7844.7,5448.9,2175.4,1767.4,57525.2,0.0,0,0.0,3728.0,0,5990.1,14177.9
CHN_G0035,419250.0,1420750.0,80.255819,12.850773,0.0,0.0,0.686,208.0,0.0,1.0,0.0,80,2454.3,7959.9,5881.2,2674.2,2261.2,57842.5,0.0,0,0.0,4142.7,0,6219.5,14275.1
CHN_G0036,419750.0,1420750.0,80.260427,12.850786,0.0,0.0,0.612,208.0,0.0,1.0,0.0,80,2759.3,8103.8,6314.4,3173.4,2738.7,58162.4,0.0,0,0.0,4574.6,0,6479.4,14389.1
CHN_G0037,420250.0,1420750.0,80.265034,12.850799,0.0,0.0,0.582,208.0,0.0,1.0,0.0,80,3115.1,8275.5,6750.5,3672.9,3216.4,58484.8,0.0,0,0.0,5019.0,0,6766.3,14519.3
CHN_G0038,420750.0,1420750.0,80.269642,12.850812,0.0,0.0,0.582,208.0,0.0,1.0,0.0,80,3506.3,8473.2,7194.9,4172.4,3696.8,58809.7,0.0,0,0.0,5473.1,0,7077.0,14665.5
CHN_G0039,421250.0,1420750.0,80.27425,12.850825,0.0,0.0,0.582,103.0,0.0,1.0,0.0,80,3922.2,8673.7,7646.2,4672.1,4181.8,59137.1,0.0,0,0.0,5934.6,0,7408.4,14827.1
CHN_G0040,421750.0,1420750.0,80.278857,12.850837,0.0,0.0,0.582,103.0,0.0,1.0,0.0,80,4355.9,8880.0,8101.7,5171.8,4669.9,59466.8,0.0,0,0.0,6401.8,0,7757.9,15003.7
CHN_G0041,422250.0,1420750.0,80.283465,12.85085,0.0,0.0,0.582,103.0,0.0,1.0,0.0,80,4802.5,9109.1,8561.8,5671.5,5150.3,59799.0,0.0,0,0.0,6873.7,0,8123.1,15194.6
CHN_G0042,422750.0,1420750.0,80.288073,12.850862,0.0,0.0,0.582,103.0,0.0,1.0,0.0,80,5258.7,9359.4,9025.2,6171.3,5597.8,60133.4,0.0,0,0.0,7349.3,0,8502.1,15399.5
CHN_G0043,402250.0,1421250.0,80.099146,12.854803,30.86,0.11,0.843,302.0,0.12,0.0,0.88,10,12012.4,7819.8,11322.6,704.3,14728.2,46806.2,0.0,0,0.0,4029.0,0,7951.1,10511.8
CHN_G0044,402750.0,1421250.0,80.103753,12.854819,29.39,2.77,0.908,302.0,0.0,0.0,1.0,40,11521.5,7879.9,10830.4,392.8,14228.2,47074.8,0.0,0,0.0,3534.8,0,7870.8,10342.9
CHN_G0045,403250.0,1421250.0,80.108361,12.854834,27.35,0.19,0.985,295.0,0.0,0.0,1.0,40,11031.5,7971.0,10339.0,380.3,13728.3,47347.1,0.0,0,0.0,3042.6,0,7821.8,10195.8
CHN_G0046,403750.0,1421250.0,80.112968,12.85485,33.51,1.77,0.616,319.0,0.012,0.0,0.982,40,10542.5,8092.0,9848.4,506.6,13228.3,47623.1,0.0,0,0.0,2553.4,0,7804.6,10071.4
CHN_G0047,404250.0,1421250.0,80.117576,12.854866,28.94,0.91,0.852,42.0,0.522,0.0,0.402,50,10054.5,8241.6,9358.8,896.3,12728.4,47902.8,0.0,0,0.0,2069.4,0,7769.5,9970.5
CHN_G0048,404750.0,1421250.0,80.122184,12.854881,40.38,6.38,0.09,77.0,0.209,0.0,0.784,10,9567.8,8414.1,8870.3,845.5,12228.5,48186.0,0.0,0,0.0,1595.2,0,7659.9,9893.9
CHN_G0049,405250.0,1421250.0,80.126791,12.854896,37.02,6.1,0.24,334.0,0.001,0.0,0.999,10,9082.5,8597.8,8383.2,714.2,11728.5,48472.7,0.0,0,0.0,1143.2,0,7581.7,9842.1
CHN_G0050,405750.0,1421250.0,80.131399,12.854912,29.8,0.25,0.592,331.0,0.085,0.05,0.858,10,8598.9,8806.1,7897.7,833.4,11228.6,48762.8,0.0,0,0.0,754.6,2,7265.3,9815.6
CHN_G0051,406250.0,1421250.0,80.136006,12.854927,24.6,1.01,0.779,318.0,0.268,0.014,0.698,10,8117.2,9037.4,7414.2,669.8,10728.7,49056.4,0.0,0,0.0,560.2,3,6891.5,9814.5
CHN_G0052,406750.0,1421250.0,80.140614,12.854942,22.38,1.37,0.719,312.0,0.207,0.123,0.664,10,7637.8,9289.7,6933.0,273.2,10228.8,49353.2,0.0,0,0.0,397.8,3,6534.7,9838.8
CHN_G0053,407250.0,1421250.0,80.145221,12.854957,28.35,1.64,0.2,319.0,0.501,0.003,0.496,50,7161.2,9561.6,6454.6,400.3,9728.9,49653.3,0.0,0,0.0,709.1,2,6197.7,9888.4
CHN_G0054,407750.0,1421250.0,80.149829,12.854972,20.94,0.58,0.529,307.0,0.062,0.0,0.921,40,6686.2,9851.4,5979.8,838.4,9229.0,49956.6,0.0,0,0.0,1160.1,0,5883.9,9962.9
CHN_G0055,408250.0,1421250.0,80.154437,12.854987,16.01,0.37,0.704,293.0,0.005,0.104,0.875,30,6214.8,10157.6,5509.5,1305.3,8729.1,50263.1,0.0,0,0.0,1620.7,0,5597.3,10061.7
CHN_G0056,408750.0,1421250.0,80.159044,12.855002,14.99,0.39,0.628,281.0,0.048,0.212,0.728,30,5748.1,10478.6,5044.8,989.9,8229.3,50572.6,0.0,0,0.0,2099.3,0,5342.2,10184.1
CHN_G0057,409250.0,1421250.0,80.163652,12.855016,13.79,0.38,0.553,292.0,0.038,0.031,0.904,40,5281.7,10274.2,4587.6,684.6,7729.4,50885.2,0.0,0,0.0,2586.1,0,5123.3,10329.3
CHN_G0058,409750.0,1421250.0,80.16826,12.855031,14.32,0.53,0.418,315.0,0.422,0.001,0.575,50,4820.0,9963.1,4140.3,644.9,7229.6,51200.7,0.0,0,0.0,3077.1,0,4945.4,10496.3
CHN_G0059,410250.0,1421250.0,80.172867,12.855046,9.97,0.79,0.605,319.0,0.329,0.002,0.65,50,4366.6,9667.8,3706.5,736.7,6729.8,51519.2,0.0,0,0.0,3570.6,0,4813.2,10684.2
CHN_G0060,410750.0,1421250.0,80.177475,12.85506,8.19,0.85,0.69,313.0,0.138,0.007,0.852,40,3924.7,9389.1,3291.6,979.0,6230.0,51840.5,0.0,0,0.0,3678.0,0,4730.3,10891.7
CHN_G0061,411250.0,1421250.0,80.182083,12.855075,6.66,0.56,0.76,324.0,0.037,0.0,0.963,40,3498.4,9112.6,2903.5,863.2,5730.3,52164.7,0.0,0,0.0,3538.2,0,4699.5,11117.9
CHN_G0062,411750.0,1421250.0,80.18669,12.855089,8.21,1.2,0.649,310.0,0.19,0.0,0.808,40,3094.3,8853.7,2554.7,816.0,5230.7,52491.6,0.0,0,0.0,3465.6,0,4721.7,11361.6
CHN_G0063,412250.0,1421250.0,80.191298,12.855103,13.17,3.41,0.329,298.0,0.528,0.0,0.433,50,2722.2,8589.8,2263.3,1017.3,4731.1,52821.2,0.0,0,0.0,3464.3,0,4796.2,11621.7
CHN_G0064,412750.0,1421250.0,80.195906,12.855117,6.85,0.53,0.684,327.0,0.178,0.227,0.526,30,2397.0,8331.8,2053.9,995.6,4231.6,53153.5,0.0,57,3015.1,3432.8,0,4920.6,11897.2
CHN_G0065,413250.0,1421250.0,80.200513,12.855131,7.46,1.18,0.622,323.0,0.513,0.102,0.385,50,2140.4,8094.7,1953.0,961.9,3732.2,53488.4,0.0,63,9283.8,3008.0,0,5091.3,12186.9
CHN_G0066,413750.0,1421250.0,80.205121,12.855145,0.92,0.2,0.94,318.0,0.029,0.546,0.424,80,1962.8,7880.7,1977.5,1096.3,3233.0,53825.8,0.0,0,0.0,2610.0,0,5303.9,12490.0
CHN_G0067,414250.0,1421250.0,80.209729,12.855159,4.38,0.65,0.677,320.0,0.044,0.0,0.956,30,1896.2,7691.6,2122.8,778.1,2734.2,54165.8,0.0,0,0.0,2253.1,0,5292.2,12805.4
CHN_G0068,414750.0,1421250.0,80.214336,12.855173,3.76,0.52,0.71,323.0,0.033,0.0,0.967,30,1681.8,7528.5,2360.3,577.0,2235.8,54508.2,0.0,0,0.0,1959.8,0,5129.1,13132.3
CHN_G0069,415250.0,1421250.0,80.218944,12.855187,3.68,0.08,0.69,317.0,0.023,0.018,0.958,40,1255.4,7395.7,2554.1,447.5,1738.4,54853.1,0.0,0,0.0,1762.1,0,5010.8,13469.8
CHN_G0070,415750.0,1421250.0,80.223552,12.855201,5.52,3.58,0.537,329.0,0.098,0.045,0.857,10,907.5,7291.2,2824.0,70.8,1243.1,55200.3,0.0,0,0.0,1693.8,0,4940.6,13461.4
CHN_G0071,416250.0,1421250.0,80.228159,12.855214,7.49,2.25,0.425,329.0,0.164,0.016,0.816,10,755.7,7219.4,3150.7,307.3,749.8,55549.8,0.0,0,0.0,1770.1,0,4920.3,13452.8
CHN_G0072,416750.0,1421250.0,80.232767,12.855228,1.88,0.44,0.786,258.0,0.012,0.228,0.565,30,859.6,7180.2,3518.4,374.7,264.8,55887.2,0.0,0,0.0,1974.2,0,4950.8,13462.7
CHN_G0073,417250.0,1421250.0,80.237375,12.855241,2.07,1.31,0.758,258.0,0.187,0.102,0.708,30,1172.6,7172.6,3915.5,748.0,206.0,56196.0,0.0,0,0.0,2271.9,0,5030.9,13491.1
CHN_G0074,417750.0,1421250.0,80.241983,12.855254,10.67,3.58,0.166,303.0,0.425,0.0,0.574,10,1563.9,7199.8,4333.9,1216.0,680.2,56507.5,0.0,1,76.3,2631.7,0,5158.6,13538.0
CHN_G0075,418250.0,1421250.0,80.24659,12.855268,4.09,1.4,0.509,100.0,0.4,0.0,0.587,30,1592.8,7261.4,4765.4,1702.3,1158.0,56821.7,0.0,0,0.0,3031.5,0,5330.2,13603.0
CHN_G0076,418750.0,1421250.0,80.251198,12.855281,0.0,0.0,0.736,100.0,0.001,0.909,0.046,80,1768.4,7356.0,5199.3,2194.7,1635.9,57138.6,0.0,0,0.0,3457.5,0,5541.8,13686.1
CHN_G0077,419250.0,1421250.0,80.255806,12.855294,0.0,0.0,0.688,100.0,0.0,1.0,0.0,80,2053.6,7478.1,5633.0,2690.0,2120.6,57458.1,0.0,58,3900.8,3901.1,0,5789.0,13786.8
CHN_G0078,419750.0,1421250.0,80.260413,12.855307,0.0,0.0,0.615,103.0,0.0,1.0,0.0,80,2409.9,7631.1,6076.9,3186.7,2611.0,57780.1,0.0,47,3466.2,4356.9,0,6067.4,13904.8
CHN_G0079,420250.0,1421250.0,80.265021,12.85532,0.0,0.0,0.582,103.0,0.0,1.0,0.0,80,2810.3,7813.2,6528.9,3684.3,3102.4,58104.6,0.0,259,19512.7,4821.5,0,6372.8,14039.5
CHN_G0080,420750.0,1421250.0,80.269629,12.855333,0.0,0.0,0.582,103.0,0.0,1.0,0.0,80,3238.5,8022.3,6985.3,4182.5,3593.9,58431.7,0.0,6,239.5,5292.6,0,6701.8,14190.7
CHN_G0081,421250.0,1421250.0,80.274237,12.855346,0.0,0.0,0.582,103.0,0.0,1.0,0.0,80,3684.8,8215.3,7446.8,4681.1,4032.6,58761.1,0.0,18,3439.8,5768.5,0,7050.8,14357.6
CHN_G0082,421750.0,1421250.0,80.278844,12.855358,0.0,0.0,0.582,103.0,0.0,1.0,0.0,80,4143.4,8432.8,7912.2,5179.9,4480.1,59093.0,0.0,9,1156.7,6248.2,0,7417.2,14539.9
CHN_G0083,422250.0,1421250.0,80.283452,12.855371,0.0,0.0,0.582,103.0,0.0,1.0,0.0,80,4610.6,8673.8,8381.5,5679.0,4937.7,59427.2,0.0,16,1690.1,6730.8,0,7798.4,14736.8
CHN_G0084,422750.0,1421250.0,80.28806,12.855383,0.0,0.0,0.582,103.0,0.0,1.0,0.0,80,5084.1,8936.2,8854.1,6178.2,5402.8,59763.7,0.0,23,6592.1,7215.8,0,8192.4,14947.9
CHN_G0085,402250.0,1421750.0,80.09913,12.859324,33.9,2.09,0.668,306.0,0.158,0.0,0.84,10,11793.6,7321.9,11247.5,544.8,14743.5,46384.0,0.0,28,5082.9,3988.3,0,7460.9,10046.7
CHN_G0086,402750.0,1421750.0,80.103737,12.85934,37.12,3.04,0.394,299.0,0.232,0.0,0.768,10,11358.5,7386.1,10751.8,48.2,14244.1,46655.0,0.0,7,1128.6,3488.4,0,7375.3,9869.8
CHN_G0087,403250.0,1421750.0,80.108345,12.859355,30.92,0.87,0.654,297.0,0.29,0.0,0.71,10,10928.8,7483.2,10256.6,226.5,13744.7,46929.8,0.0,43,18676.3,2988.6,0,7323.0,9715.6
CHN_G0088,403750.0,1421750.0,80.112952,12.859371,25.18,0.08,0.962,307.0,0.0,0.0,1.0,40,10447.5,7611.9,9761.8,681.8,13245.4,47208.2,0.0,108,22111.5,2488.8,0,7304.6,9584.9
CHN_G0089,404250.0,1421750.0,80.11756,12.859386,26.98,1.63,0.812,264.0,0.364,0.0,0.629,10,9954.9,7770.8,9267.6,908.2,12746.1,47490.3,0.0,213,23248.3,1989.1,0,7286.4,9478.9
CHN_G0090,404750.0,1421750.0,80.122168,12.859402,31.83,0.96,0.431,63.0,0.63,0.0,0.359,50,9463.0,7946.0,8774.1,843.9,12246.9,47776.0,0.0,0,0.0,1489.6,0,7169.4,9398.3
CHN_G0091,405250.0,1421750.0,80.126775,12.859417,43.91,8.89,0.0,338.0,0.0,0.0,1.0,10,8972.0,8140.3,8281.4,1023.3,11747.7,48065.1,0.0,0,0.0,990.5,1,7085.8,9343.7
CHN_G0092,405750.0,1421750.0,80.131383,12.859433,30.29,1.86,0.399,324.0,0.388,0.0,0.61,10,8482.1,8360.1,7789.6,1138.2,11248.7,48357.7,0.0,0,0.0,493.5,1,6952.3,9315.8
CHN_G0093,406250.0,1421750.0,80.135991,12.859448,22.45,4.0,0.788,322.0,0.298,0.234,0.464,50,7993.5,8603.3,7298.9,674.8,10749.7,48653.7,0.0,0,0.0,76.8,2,6560.8,9314.6
CHN_G0094,406750.0,1421750.0,80.140599,12.859463,19.41,0.27,0.787,309.0,0.088,0.161,0.748,10,7506.3,8868.0,6809.5,266.6,10250.8,48953.0,0.0,0,0.0,518.0,2,6184.9,9340.3
CHN_G0095,407250.0,1421750.0,80.145206,12.859478,22.56,2.49,0.433,308.0,0.39,0.002,0.597,50,7021.0,9152.4,6321.8,236.0,9752.0,49255.5,0.0,0,0.0,1015.2,0,5827.7,9392.5
CHN_G0096,407750.0,1421750.0,80.149814,12.859493,17.55,0.63,0.619,305.0,0.272,0.13,0.55,50,6537.8,9454.8,5836.2,735.0,9253.4,49561.3,0.0,0,0.0,1408.4,0,5492.9,9470.9
CHN_G0097,408250.0,1421750.0,80.154422,12.859508,14.46,0.53,0.708,304.0,0.016,0.149,0.805,30,6057.3,9773.4,5353.3,1234.8,8754.9,49870.2,0.0,0,0.0,1824.3,0,5184.7,9574.8
CHN_G0098,408750.0,1421750.0,80.159029,12.859523,12.28,0.33,0.731,306.0,0.056,0.0,0.942,40,5580.1,10106.6,4873.7,1364.9,8256.6,50182.1,0.0,0,0.0,2274.4,0,4908.1,9703.3
CHN_G0099,409250.0,1421750.0,80.163637,12.859537,11.61,0.65,0.65,298.0,0.084,0.0,0.914,40,5105.1,9894.0,4398.8,1162.6,7758.5,50497.1,0.0,0,0.0,2733.2,0,4668.9,9855.6
CHN_G0100,409750.0,1421750.0,80.168245,12.859552,18.84,2.11,0.124,303.0,0.134,0.0,0.865,40,4634.6,9570.5,3930.1,1048.7,7260.7,50815.1,0.0,0,0.0,3201.7,0,4473.0,10030.5
CHN_G0101,410250.0,1421750.0,80.172852,12.859567,11.56,1.88,0.489,301.0,0.265,0.0,0.735,40,4169.2,9262.7,3470.1,913.4,6763.2,51136.0,0.0,0,0.0,3439.5,0,4326.4,10226.9
CHN_G0102,410750.0,1421750.0,80.17746,12.859581,8.33,1.14,0.657,309.0,0.146,0.0,0.853,40,3703.8,8972.3,3022.8,587.9,6266.1,51459.7,0.0,0,0.0,3212.7,0,4234.0,10443.6
CHN_G0103,411250.0,1421750.0,80.182068,12.859596,5.98,0.5,0.759,316.0,0.01,0.0,0.99,30,3248.6,8694.0,2594.9,371.7,5769.5,51786.2,0.0,0,0.0,3051.7,0,4199.5,10679.2
CHN_G0104,411750.0,1421750.0,80.186676,12.85961,8.98,1.09,0.549,330.0,0.093,0.069,0.838,40,2808.8,8423.5,2197.6,337.2,5273.6,52115.5,0.0,0,0.0,2967.2,0,4224.3,10932.7
CHN_G0105,412250.0,1421750.0,80.191283,12.859624,13.69,1.37,0.226,319.0,0.471,0.003,0.525,50,2392.7,8172.6,1850.8,582.0,4778.5,52447.5,0.0,0,0.0,2965.7,0,4307.4,11202.8
CHN_G0106,412750.0,1421750.0,80.195891,12.859638,5.18,3.77,0.708,319.0,0.13,0.026,0.815,30,2015.1,7901.0,1587.9,538.4,4284.5,52782.1,0.0,0,0.0,3047.4,0,4445.6,11488.3
CHN_G0107,413250.0,1421750.0,80.200499,12.859652,7.32,2.95,0.557,324.0,0.424,0.038,0.537,50,1701.8,7652.3,1455.1,466.4,3791.1,53119.3,0.0,0,0.0,2757.6,0,4633.8,11788.1
CHN_G0108,413750.0,1421750.0,80.205107,12.859666,4.1,0.28,0.695,318.0,0.001,0.033,0.965,30,1485.4,7425.6,1487.7,738.5,3299.3,53459.1,0.0,0,0.0,2317.0,0,4866.4,12101.2
CHN_G0109,414250.0,1421750.0,80.209714,12.85968,3.33,0.26,0.703,321.0,0.387,0.0,0.558,50,1396.2,7226.3,1676.1,398.3,2810.5,53801.4,0.0,0,0.0,1906.0,0,4830.9,12426.4
CHN_G0110,414750.0,1421750.0,80.214322,12.859694,3.55,0.16,0.692,327.0,0.107,0.0,0.893,40,1417.9,7052.5,1888.8,84.5,2326.0,54146.1,0.0,0,0.0,1548.2,0,4651.7,12763.0
CHN_G0111,415250.0,1421750.0,80.21893,12.859708,3.38,0.66,0.69,325.0,0.0,0.072,0.891,40,1034.5,6910.6,2125.9,46.4,1844.6,54493.3,0.0,0,0.0,1288.8,0,4520.9,12990.0
CHN_G0112,415750.0,1421750.0,80.223538,12.859722,3.41,0.8,0.654,280.0,0.214,0.041,0.733,30,563.7,6799.7,2443.7,196.5,1373.9,54842.8,0.0,0,0.0,1193.9,0,4442.9,12961.8
CHN_G0113,416250.0,1421750.0,80.228146,12.859735,7.61,2.37,0.405,43.0,0.626,0.0,0.374,50,255.7,6722.6,2814.9,300.8,900.5,55185.5,0.0,0,0.0,1299.8,0,4420.3,12952.8
CHN_G0114,416750.0,1421750.0,80.232753,12.859749,1.77,0.54,0.777,118.0,0.171,0.24,0.434,30,468.0,6680.9,3221.1,799.1,422.8,55493.7,0.0,0,0.0,1566.4,0,4454.2,12963.0
CHN_G0115,417250.0,1421750.0,80.237361,12.859762,1.61,0.11,0.773,316.0,0.013,0.179,0.776,30,916.8,6672.7,3650.7,1069.6,61.7,55804.7,0.0,0,0.0,1928.2,0,4543.2,12992.6
CHN_G0116,417750.0,1421750.0,80.241969,12.859775,7.79,0.39,0.333,298.0,0.364,0.0,0.631,50,1065.5,6701.9,4084.4,1436.3,553.1,56118.4,0.0,0,0.0,2341.4,0,4684.1,13041.2
CHN_G0117,418250.0,1421750.0,80.246577,12.859789,4.09,1.42,0.505,249.0,0.413,0.0,0.586,50,1109.5,6768.0,4515.8,1866.1,1044.5,56434.8,0.0,20,2957.3,2783.2,0,4872.5,13108.8
CHN_G0118,418750.0,1421750.0,80.251185,12.859802,0.0,0.0,0.731,249.0,0.061,0.819,0.082,80,1349.5,6868.2,4958.8,2324.1,1536.0,56753.8,0.0,26,3154.3,3242.0,0,5103.1,13194.9
CHN_G0119,419250.0,1421750.0,80.255792,12.859815,0.0,0.0,0.692,103.0,0.0,1.0,0.0,80,1706.2,6998.8,5411.4,2796.5,2027.4,57075.4,0.0,0,0.0,3711.4,0,5370.5,13299.4
CHN_G0120,419750.0,1421750.0,80.2604,12.859828,0.0,0.0,0.62,103.0,0.0,1.0,0.0,80,2121.6,7162.1,5869.5,3277.1,2486.7,57399.6,0.0,196,17954.0,4188.0,0,5669.5,13421.6
CHN_G0121,420250.0,1421750.0,80.265008,12.859841,0.0,0.0,0.582,103.0,0.0,1.0,0.0,80,2567.4,7355.8,6332.7,3762.8,2915.0,57726.3,0.0,71,22853.2,4669.4,0,5995.3,13561.2
CHN_G0122,420750.0,1421750.0,80.269616,12.859854,0.0,0.0,0.582,103.0,0.0,1.0,0.0,80,3030.1,7558.3,6800.7,4251.8,3362.6,58055.4,0.0,11,4023.2,5154.4,0,6343.8,13717.6
CHN_G0123,421250.0,1421750.0,80.274224,12.859867,0.0,0.0,0.582,103.0,0.0,1.0,0.0,80,3503.1,7762.1,7273.0,4743.1,3823.1,58387.0,0.0,0,0.0,5642.0,0,6711.5,13890.2
CHN_G0124,421750.0,1421750.0,80.278832,12.859879,0.0,0.0,0.582,103.0,0.0,1.0,0.0,80,3982.7,7992.0,7748.7,5236.0,4292.5,58721.0,0.0,0,0.0,6131.5,0,7095.4,14078.5
CHN_G0125,422250.0,1421750.0,80.283439,12.859892,0.0,0.0,0.582,103.0,0.0,1.0,0.0,80,4466.8,8245.8,8227.4,5730.2,4768.2,59057.3,0.0,0,0.0,6622.7,0,7493.0,14281.9
CHN_G0126,422750.0,1421750.0,80.288047,12.859905,0.0,0.0,0.582,103.0,0.0,1.0,0.0,80,4954.0,8521.4,8708.3,6225.3,5248.3,59395.9,0.0,0,0.0,7115.1,0,7902.2,14499.6
CHN_G0127,402250.0,1422250.0,80.099113,12.863845,37.79,1.64,0.425,300.0,0.03,0.0,0.97,10,11560.3,6824.3,11194.1,751.9,14775.7,45963.4,0.0,0,0.0,4010.1,0,6972.1,9585.1
CHN_G0128,402750.0,1422250.0,80.103721,12.86386,31.32,0.35,0.694,291.0,0.485,0.0,0.515,50,11116.0,6893.1,10696.0,518.7,14277.4,46236.9,0.0,0,0.0,3513.3,0,6880.5,9399.6
CHN_G0129,403250.0,1422250.0,80.108329,12.863876,30.7,3.56,0.596,297.0,0.324,0.0,0.676,10,10676.6,6997.1,10198.1,676.7,13779.2,46514.1,0.0,9,740.1,3017.6,0,6824.3,9237.4
CHN_G0130,403750.0,1422250.0,80.112937,12.863892,27.1,0.81,0.755,302.0,0.184,0.0,0.814,10,10242.8,7134.6,9700.3,911.4,13281.2,46795.0,0.0,49,11857.8,2523.5,0,6804.6,9099.9
CHN_G0131,404250.0,1422250.0,80.117544,12.863907,24.67,0.45,0.848,263.0,0.116,0.0,0.872,40,9815.3,7303.9,9202.8,484.8,12783.3,47079.6,0.0,3,194.6,2032.4,0,6805.8,8988.2
CHN_G0132,404750.0,1422250.0,80.122152,12.863923,29.65,6.77,0.462,119.0,0.263,0.0,0.723,10,9383.7,7482.1,8705.7,352.0,12285.6,47367.7,0.0,6,739.6,1546.9,0,6680.4,8903.1
CHN_G0133,405250.0,1422250.0,80.12676,12.863938,28.61,1.27,0.442,320.0,0.05,0.0,0.95,10,8888.4,7688.1,8208.8,624.8,11788.1,47659.3,0.0,310,20971.7,1074.9,0,6590.6,8845.6
CHN_G0134,405750.0,1422250.0,80.131368,12.863954,25.47,2.07,0.572,311.0,0.22,0.0,0.778,10,8393.6,7920.4,7712.4,671.0,11290.8,47954.4,0.0,60,3781.3,646.3,1,6537.9,8816.0
CHN_G0135,406250.0,1422250.0,80.135975,12.863969,20.03,0.52,0.828,316.0,0.403,0.008,0.59,50,7899.5,8176.7,7216.4,928.4,10793.8,48252.9,0.0,211,18590.0,424.3,1,6252.6,8814.8
CHN_G0136,406750.0,1422250.0,80.140583,12.863984,18.4,0.39,0.752,306.0,0.097,0.0,0.89,40,7406.1,8454.8,6721.0,588.6,10297.1,48554.6,0.0,4,245.8,665.2,1,5856.9,8841.9
CHN_G0137,407250.0,1422250.0,80.145191,12.863999,21.41,0.69,0.416,313.0,0.331,0.0,0.668,10,6913.7,8752.7,6226.4,575.4,9800.6,48859.6,0.0,192,27817.2,1097.6,0,5478.4,8897.0
CHN_G0138,407750.0,1422250.0,80.149799,12.864014,19.65,0.48,0.415,312.0,0.511,0.0,0.473,50,6422.5,9068.4,5732.7,676.9,9304.6,49167.8,0.0,41,4566.1,1570.7,0,5120.8,8979.7
CHN_G0139,408250.0,1422250.0,80.154406,12.864029,15.07,2.87,0.608,305.0,0.168,0.011,0.81,40,5932.8,9400.1,5240.3,752.1,8809.0,49479.2,0.0,1,22.6,2056.6,0,4788.7,9089.2
CHN_G0140,408750.0,1422250.0,80.159014,12.864044,12.91,0.98,0.653,303.0,0.08,0.0,0.92,40,5444.9,9746.1,4749.4,938.0,8314.0,49793.6,0.0,20,6488.5,2484.6,0,4487.8,9224.6
CHN_G0141,409250.0,1422250.0,80.163622,12.864058,10.39,0.74,0.706,305.0,0.07,0.0,0.927,40,4959.5,9524.8,4260.6,799.1,7819.5,50111.0,0.0,224,26995.1,2673.2,0,4224.9,9384.6
CHN_G0142,409750.0,1422250.0,80.16823,12.864073,9.48,0.62,0.679,307.0,0.26,0.0,0.74,40,4477.2,9188.3,3774.7,563.0,7325.8,50431.4,0.0,76,12501.1,2935.7,0,4007.4,9568.1
CHN_G0143,410250.0,1422250.0,80.172838,12.864088,7.58,0.3,0.727,303.0,0.115,0.0,0.883,40,3999.0,8867.3,3293.1,496.2,6832.4,50754.7,0.0,6,919.8,3020.7,0,3842.9,9773.8
CHN_G0144,410750.0,1422250.0,80.177445,12.864102,7.39,1.52,0.706,316.0,0.156,0.0,0.844,30,3524.0,8563.5,2817.9,222.4,6340.0,51080.9,0.0,65,19015.9,2759.7,0,3738.6,10000.3
CHN_G0145,411250.0,1422250.0,80.182053,12.864116,6.25,0.42,0.725,324.0,0.013,0.0,0.987,30,3055.5,8278.7,2353.0,59.9,5848.8,51409.8,0.0,105,21715.1,2570.4,0,3699.5,10246.2
CHN_G0146,411750.0,1422250.0,80.186661,12.864131,5.19,0.23,0.743,328.0,0.02,0.028,0.951,40,2589.2,8001.0,1905.9,98.9,5359.3,51741.5,0.0,7,1419.0,2469.5,0,3727.7,10510.1
CHN_G0147,412250.0,1422250.0,80.191269,12.864145,8.65,2.55,0.483,330.0,0.15,0.0,0.844,10,2130.6,7737.8,1492.8,217.4,4871.9,52075.8,0.0,0,0.0,2467.7,0,3821.6,10790.8
CHN_G0148,412750.0,1422250.0,80.195877,12.864159,4.94,1.17,0.667,322.0,0.047,0.0,0.914,40,1695.6,7478.7,1150.8,50.1,4387.3,52412.8,0.0,0,0.0,2565.3,0,3976.7,11086.9
CHN_G0149,413250.0,1422250.0,80.200485,12.864173,4.52,0.52,0.666,319.0,0.114,0.0,0.871,30,1308.0,7215.6,959.4,60.9,3904.5,52752.4,0.0,0,0.0,2580.8,0,4186.1,11397.3
CHN_G0150,413750.0,1422250.0,80.205092,12.864187,4.41,0.47,0.626,317.0,0.17,0.0,0.828,30,1023.0,6976.7,1008.2,472.7,3425.6,53094.6,0.0,0,0.0,2103.5,0,4442.1,11720.8
CHN_G0151,414250.0,1422250.0,80.2097,12.864201,3.08,0.12,0.68,319.0,0.038,0.0,0.953,40,896.2,6764.3,1267.7,234.5,2953.7,53439.2,0.0,0,0.0,1639.8,0,4378.1,12056.3
CHN_G0152,414750.0,1422250.0,80.214308,12.864215,3.34,0.21,0.675,328.0,0.235,0.0,0.765,30,934.6,6580.1,1436.7,17.3,2481.3,53786.2,0.0,0,0.0,1205.5,0,4179.5,12402.9
CHN_G0153,415250.0,1422250.0,80.218916,12.864229,5.39,3.97,0.55,329.0,0.242,0.0,0.757,40,1031.7,6427.8,1736.7,204.1,1996.2,54135.7,0.0,0,0.0,846.9,1,4033.4,12491.5
CHN_G0154,415750.0,1422250.0,80.223524,12.864243,3.32,0.56,0.649,325.0,0.176,0.0,0.824,10,558.6,6309.6,2113.8,186.5,1504.8,54484.0,0.0,0,0.0,693.9,1,3945.7,12462.1
CHN_G0155,416250.0,1422250.0,80.228132,12.864256,8.22,4.67,0.355,43.0,0.424,0.014,0.546,50,233.1,6226.4,2533.8,286.9,1013.4,54791.6,633.0,0,0.0,863.6,1,3920.4,12452.8
CHN_G0156,416750.0,1422250.0,80.23274,12.86427,1.62,1.3,0.778,118.0,0.021,0.044,0.877,30,429.4,6181.7,2966.9,780.9,521.9,55102.0,0.0,0,0.0,1228.8,0,3958.5,12463.5
CHN_G0157,417250.0,1422250.0,80.237348,12.864283,2.01,2.32,0.75,271.0,0.017,0.218,0.742,30,718.9,6172.8,3399.2,1279.5,33.2,55415.1,0.0,0,0.0,1665.6,0,4058.4,12494.2
CHN_G0158,417750.0,1422250.0,80.241955,12.864296,10.25,2.43,0.192,307.0,0.417,0.0,0.577,50,566.7,6204.4,3840.8,1774.1,454.0,55731.0,0.0,0,0.0,2130.3,0,4215.5,12544.7
CHN_G0159,418250.0,1422250.0,80.246563,12.86431,3.83,0.27,0.525,311.0,0.583,0.0,0.417,50,651.9,6275.8,4294.2,2137.0,941.2,56049.6,0.0,0,0.0,2608.2,0,4423.9,12615.0
CHN_G0160,418750.0,1422250.0,80.251171,12.864323,0.0,0.0,0.734,103.0,0.108,0.712,0.138,80,1007.5,6382.3,4754.3,2546.7,1374.8,56370.8,0.0,0,0.0,3093.0,0,4676.7,12704.5
CHN_G0161,419250.0,1422250.0,80.255779,12.864336,0.0,0.0,0.702,103.0,0.0,1.0,0.0,80,1450.9,6522.7,5220.2,2984.1,1798.1,56694.6,0.0,0,0.0,3582.0,0,4967.1,12812.9
CHN_G0162,419750.0,1422250.0,80.260387,12.864349,0.0,0.0,0.628,103.0,0.0,1.0,0.0,80,1922.3,6697.6,5691.9,3438.6,2245.6,57020.9,0.0,0,0.0,4073.7,0,5288.9,12939.7
CHN_G0163,420250.0,1422250.0,80.264995,12.864362,0.0,0.0,0.582,103.0,0.0,1.0,0.0,80,2405.3,6904.3,6168.0,3904.2,2711.5,57349.8,0.0,0,0.0,4567.2,0,5636.8,13084.5
CHN_G0164,420750.0,1422250.0,80.269603,12.864375,0.0,0.0,0.582,103.0,0.0,1.0,0.0,80,2894.0,7098.3,6647.6,4377.5,3187.7,57681.1,0.0,0,0.0,5062.0,0,6006.1,13246.5
CHN_G0165,421250.0,1422250.0,80.274211,12.864388,0.0,0.0,0.582,103.0,0.0,1.0,0.0,80,3386.1,7314.9,7129.4,4856.1,3670.3,58014.8,0.0,0,0.0,5557.7,0,6393.3,13425.2
CHN_G0166,421750.0,1422250.0,80.278819,12.8644,0.0,0.0,0.582,103.0,0.0,1.0,0.0,80,3880.2,7558.4,7613.1,5338.6,4157.0,58350.9,0.0,0,0.0,6054.1,0,6795.2,13619.9
CHN_G0167,422250.0,1422250.0,80.283427,12.864413,0.0,0.0,0.582,103.0,0.0,1.0,0.0,80,4375.6,7826.3,8098.8,5824.1,4646.5,58689.3,0.0,0,0.0,6459.3,0,7209.4,13830.0
CHN_G0168,422750.0,1422250.0,80.288035,12.864426,0.0,0.0,0.582,103.0,0.0,1.0,0.0,80,4872.0,8116.2,8586.2,6311.8,5138.0,59030.0,0.0,0,0.0,6759.8,0,7633.8,14054.7
CHN_G0169,402250.0,1422750.0,80.099097,12.868366,41.2,1.66,0.279,301.0,0.008,0.0,0.991,10,11344.2,6327.1,11162.9,1154.9,14824.7,45544.4,0.0,0,0.0,4093.3,0,6485.0,9127.5
CHN_G0170,402750.0,1422750.0,80.103705,12.868381,39.37,3.28,0.239,285.0,0.12,0.0,0.88,10,10891.1,6401.3,10663.4,1017.5,14328.1,45820.3,0.0,127,12807.1,3608.0,0,6386.4,8932.5
CHN_G0171,403250.0,1422750.0,80.108313,12.868397,29.71,1.12,0.649,69.0,0.71,0.0,0.289,50,10442.3,6513.1,10163.8,1107.3,13831.8,46100.1,0.0,74,7625.8,3127.3,0,6325.9,8761.8
CHN_G0172,403750.0,1422750.0,80.112921,12.868413,25.91,1.83,0.79,306.0,0.334,0.0,0.664,40,9998.3,6660.6,9664.3,860.7,13335.7,46383.5,0.0,47,13304.7,2653.7,0,6304.6,8616.7
CHN_G0173,404250.0,1422750.0,80.117529,12.868428,22.91,0.98,0.895,307.0,0.064,0.05,0.747,40,9559.8,6833.7,9164.9,381.0,12839.9,46670.6,0.0,45,5188.7,2192.0,0,6322.8,8498.5
CHN_G0174,404750.0,1422750.0,80.122136,12.868444,21.46,1.63,0.868,304.0,0.074,0.166,0.748,10,9127.7,7023.1,8665.5,60.9,12344.5,46961.2,0.0,28,6581.8,1751.3,0,6193.1,8408.5
CHN_G0175,405250.0,1422750.0,80.126744,12.868459,25.44,1.8,0.525,316.0,0.27,0.092,0.611,10,8702.9,7242.2,8166.2,212.6,11849.5,47255.4,0.0,2,222.2,1352.6,0,6096.1,8347.6
CHN_G0176,405750.0,1422750.0,80.131352,12.868474,26.08,9.89,0.419,308.0,0.346,0.0,0.644,50,8286.5,7488.4,7667.0,322.3,11354.9,47552.9,0.0,73,18011.0,1044.9,0,6039.1,8316.3
CHN_G0177,406250.0,1422750.0,80.13596,12.86849,21.22,5.56,0.642,311.0,0.156,0.0,0.844,40,7836.3,7758.9,7167.9,672.1,10860.8,47853.9,0.0,166,22243.5,924.2,1,5970.4,8315.0
CHN_G0178,406750.0,1422750.0,80.140568,12.868505,16.72,0.48,0.756,305.0,0.057,0.0,0.943,40,7338.7,8051.5,6669.0,755.5,10367.2,48158.2,0.0,38,6388.9,1056.7,0,5554.7,8343.7
CHN_G0179,407250.0,1422750.0,80.145176,12.86852,18.01,1.57,0.537,312.0,0.048,0.064,0.888,40,6841.5,8363.8,6170.2,287.9,9873.8,48465.7,0.0,12,1481.7,1370.8,0,5154.0,8402.1
CHN_G0180,407750.0,1422750.0,80.149783,12.868535,19.75,1.17,0.338,310.0,0.322,0.0,0.678,10,6344.7,8693.6,5671.6,214.9,9381.1,48776.4,0.0,116,7065.5,1772.4,0,4772.1,8489.6
CHN_G0181,408250.0,1422750.0,80.154391,12.86855,16.3,5.25,0.476,306.0,0.116,0.084,0.764,40,5848.4,9039.0,5173.3,259.2,8889.3,49090.2,0.0,72,6422.9,1890.3,0,4413.8,8605.4
CHN_G0182,408750.0,1422750.0,80.158999,12.868565,10.74,0.25,0.746,306.0,0.035,0.094,0.808,10,5352.9,9398.4,4675.4,508.6,8398.3,49407.1,0.0,27,1765.6,2011.5,0,4085.5,8748.2
CHN_G0183,409250.0,1422750.0,80.163607,12.868579,11.96,1.15,0.597,305.0,0.013,0.0,0.982,40,4858.2,9168.1,4178.0,489.9,7908.6,49727.0,0.0,2,142.1,2240.2,0,3794.8,8916.8
CHN_G0184,409750.0,1422750.0,80.168215,12.868594,13.8,8.46,0.416,304.0,0.063,0.0,0.937,40,4364.8,8818.0,3681.2,101.3,7420.1,50049.8,0.0,3,435.1,2547.8,0,3551.0,9109.7
CHN_G0185,410250.0,1422750.0,80.172823,12.868608,13.46,2.16,0.375,301.0,0.108,0.0,0.892,10,3873.0,8483.0,3185.5,117.4,6933.4,50375.6,0.0,31,4222.8,2614.4,0,3364.3,9325.5
CHN_G0186,410750.0,1422750.0,80.177431,12.868623,7.2,1.51,0.709,309.0,0.047,0.0,0.805,30,3383.7,8164.8,2691.4,195.0,6448.6,50704.1,0.0,73,5887.2,2325.9,0,3244.7,9562.6
CHN_G0187,411250.0,1422750.0,80.182039,12.868637,6.34,0.14,0.714,318.0,0.0,0.067,0.549,30,2898.0,7865.6,2199.9,476.1,5965.6,51035.5,0.0,6,310.3,2097.9,0,3199.6,9819.5
CHN_G0188,411750.0,1422750.0,80.186647,12.868652,5.74,0.3,0.695,330.0,0.0,0.009,0.986,40,2417.9,7586.8,1713.3,481.7,5484.3,51369.6,0.0,36,1833.7,1972.9,0,3232.1,10094.6
CHN_G0189,412250.0,1422750.0,80.191254,12.868666,5.42,0.7,0.653,334.0,0.129,0.0,0.864,40,1943.0,7310.3,1237.5,278.3,5006.7,51706.4,0.0,173,14043.0,1970.7,0,3340.0,10386.5
CHN_G0190,412750.0,1422750.0,80.195862,12.86868,5.41,0.37,0.612,316.0,0.11,0.0,0.804,40,1479.4,7056.2,792.1,398.3,4533.9,52045.8,0.0,14,1498.6,2091.6,0,3516.4,10693.8
CHN_G0191,413250.0,1422750.0,80.20047,12.868694,3.87,0.42,0.675,322.0,0.16,0.0,0.817,40,1012.7,6787.5,472.7,208.5,4054.1,52387.7,0.0,32,3139.9,2316.5,0,3751.5,11015.3
CHN_G0192,413750.0,1422750.0,80.205078,12.868708,3.98,0.41,0.628,321.0,0.214,0.0,0.778,30,601.0,6534.9,565.2,287.4,3562.7,52732.2,0.0,20,4287.5,1995.2,0,4035.2,11349.6
CHN_G0193,414250.0,1422750.0,80.209686,12.868722,3.92,0.14,0.602,325.0,0.148,0.0,0.824,40,396.2,6307.9,780.1,60.4,3071.3,53079.2,0.0,30,3156.9,1498.4,0,3936.7,11695.8
CHN_G0194,414750.0,1422750.0,80.214294,12.868736,4.93,2.25,0.554,325.0,0.367,0.0,0.622,50,486.4,6112.1,1029.8,407.6,2581.6,53428.6,0.0,136,6891.8,1004.7,0,3714.6,12044.5
CHN_G0195,415250.0,1422750.0,80.218902,12.86875,3.63,0.19,0.636,76.0,0.704,0.0,0.281,50,883.8,5947.8,1418.6,96.0,2094.4,53780.4,0.0,26,15805.2,523.0,1,3549.4,11993.2
CHN_G0196,415750.0,1422750.0,80.22351,12.868764,3.03,0.96,0.654,76.0,0.354,0.0,0.624,50,875.6,5821.1,1850.1,46.5,1607.2,54089.5,0.0,47,11845.1,194.3,1,3449.5,11962.5
CHN_G0197,416250.0,1422750.0,80.228118,12.868777,6.17,1.12,0.46,131.0,0.328,0.008,0.65,10,722.9,5730.8,2283.9,368.8,1120.1,54399.3,0.0,184,18463.8,549.5,1,3420.4,11952.8
CHN_G0198,416750.0,1422750.0,80.232726,12.868791,1.56,0.57,0.768,53.0,0.062,0.001,0.885,30,806.1,5682.6,2722.8,866.1,636.8,54712.0,0.0,4,1968.8,1032.6,0,3464.1,11963.9
CHN_G0199,417250.0,1422750.0,80.237334,12.868804,1.19,1.54,0.796,114.0,0.012,0.193,0.766,30,371.7,5673.0,3177.4,1333.7,176.0,55027.3,0.0,12,1377.4,1526.6,0,3577.7,11995.9
CHN_G0200,417750.0,1422750.0,80.241942,12.868817,6.61,1.39,0.414,90.0,0.629,0.046,0.32,50,74.5,5707.3,3640.2,1818.6,262.8,55345.4,1303.6,92,17255.6,2023.5,0,3755.1,12048.6
CHN_G0201,418250.0,1422750.0,80.24655,12.868831,4.89,1.05,0.465,194.0,0.705,0.0,0.292,50,344.7,5784.8,4110.7,2310.0,684.2,55666.2,0.0,127,29917.1,2521.7,0,3987.6,12121.7
CHN_G0202,418750.0,1422750.0,80.251158,12.868844,0.0,0.0,0.734,194.0,0.254,0.595,0.094,80,842.0,5898.8,4587.4,2804.4,1130.8,55989.6,0.0,17,2676.3,3020.4,0,4266.3,12214.8
CHN_G0203,419250.0,1422750.0,80.255766,12.868857,0.0,0.0,0.709,42.0,0.0,1.0,0.0,80,1341.3,6050.4,5068.3,3238.7,1608.8,56315.6,0.0,0,0.0,3519.6,0,4582.8,12327.5
CHN_G0204,419750.0,1422750.0,80.260374,12.86887,0.0,0.0,0.636,42.0,0.0,1.0,0.0,80,1841.0,6238.5,5551.6,3661.7,2097.0,56644.1,0.0,0,0.0,4018.9,0,4929.8,12459.3
CHN_G0205,420250.0,1422750.0,80.264982,12.868883,0.0,0.0,0.584,42.0,0.0,1.0,0.0,80,2340.8,6443.8,6037.5,4102.1,2589.8,56975.2,0.0,0,0.0,4518.4,0,5301.2,12609.5
CHN_G0206,420750.0,1422750.0,80.26959,12.868896,0.0,0.0,0.582,42.0,0.0,1.0,0.0,80,2840.7,6644.2,6525.6,4554.8,3084.9,57308.6,0.0,0,0.0,5018.0,0,5692.4,12777.6
CHN_G0207,421250.0,1422750.0,80.274198,12.868909,0.0,0.0,0.582,42.0,0.0,1.0,0.0,80,3340.6,6875.1,7012.9,5016.5,3581.3,57644.5,0.0,0,0.0,5499.9,0,6099.5,12962.8
CHN_G0208,421750.0,1422750.0,80.278806,12.868921,0.0,0.0,0.582,42.0,0.0,1.0,0.0,80,3840.5,7133.6,7498.5,5485.0,4078.7,57982.7,0.0,0,0.0,5763.8,0,6519.5,13164.3
CHN_G0209,422250.0,1422750.0,80.283414,12.868934,0.0,0.0,0.582,42.0,0.0,1.0,0.0,80,4340.5,7416.9,7985.8,5958.5,4576.6,58323.3,0.0,0,0.0,6057.5,0,6950.2,13381.6
CHN_G0210,422750.0,1422750.0,80.288022,12.868947,0.0,0.0,0.582,42.0,0.0,1.0,0.0,80,4840.4,7722.2,8474.5,6436.1,5074.9,58666.0,0.0,0,0.0,6377.0,0,7389.5,13613.7
CHN_G0211,402250.0,1423250.0,80.099081,12.872886,37.58,1.26,0.544,298.0,0.042,0.0,0.943,10,11146.3,5830.4,11154.1,1613.2,14890.3,45127.0,0.0,0,0.0,4234.3,0,6000.1,8674.7
CHN_G0212,402750.0,1423250.0,80.103689,12.872902,34.38,0.52,0.564,294.0,0.472,0.0,0.504,50,10684.9,5910.8,10654.1,1516.9,14396.0,45405.5,0.0,0,0.0,3767.2,0,5893.4,8469.2
CHN_G0213,403250.0,1423250.0,80.108297,12.872918,29.83,2.25,0.638,296.0,0.389,0.005,0.574,50,10227.0,6031.7,10154.1,1498.9,13902.1,45687.8,0.0,0,0.0,3309.7,0,5827.7,8288.9
CHN_G0214,403750.0,1423250.0,80.112905,12.872934,24.61,0.57,0.784,297.0,0.085,0.0,0.895,40,9773.2,6190.7,9654.1,1072.8,13408.5,45973.8,0.0,0,0.0,2866.4,0,5804.6,8135.4
CHN_G0215,404250.0,1423250.0,80.117513,12.872949,21.62,0.42,0.849,312.0,0.004,0.0,0.996,40,9324.2,6367.2,9154.1,583.3,12915.2,46263.4,0.0,0,0.0,2445.2,0,5824.4,8010.2
CHN_G0216,404750.0,1423250.0,80.122121,12.872965,20.32,0.49,0.8,311.0,0.0,0.0,0.993,40,8880.7,6570.2,8654.2,119.6,12422.4,46556.5,0.0,0,0.0,2059.4,0,5708.0,7914.7
CHN_G0217,405250.0,1423250.0,80.126729,12.87298,19.51,0.3,0.723,315.0,0.161,0.0,0.801,40,8443.4,6803.9,8154.2,319.2,11930.2,46853.2,0.0,0,0.0,1733.1,0,5602.7,7849.8
CHN_G0218,405750.0,1423250.0,80.131336,12.872995,22.35,4.36,0.48,311.0,0.278,0.0,0.721,40,8013.5,7065.3,7654.2,57.9,11438.6,47153.3,0.0,0,0.0,1505.3,0,5540.6,7816.6
CHN_G0219,406250.0,1423250.0,80.135944,12.87301,18.65,0.11,0.642,316.0,0.142,0.0,0.823,40,7592.2,7351.4,7154.2,527.2,10947.8,47456.8,0.0,0,0.0,1424.2,0,5523.3,7815.2
CHN_G0220,406750.0,1423250.0,80.140552,12.873026,15.86,0.86,0.73,321.0,0.105,0.0,0.884,30,7181.0,7659.6,6654.2,634.3,10457.9,47763.6,0.0,0,0.0,1513.5,0,5282.5,7845.7
CHN_G0221,407250.0,1423250.0,80.14516,12.873041,19.53,2.88,0.419,315.0,0.0,0.227,0.724,30,6781.7,7987.2,6154.2,151.4,9969.0,48073.7,0.0,0,0.0,1550.9,0,4859.5,7907.8
CHN_G0222,407750.0,1423250.0,80.149768,12.873056,13.94,1.15,0.665,310.0,0.183,0.013,0.8,40,6305.6,8331.9,5654.2,224.9,9481.3,48386.9,0.0,0,0.0,1397.3,0,4452.4,8000.8
CHN_G0223,408250.0,1423250.0,80.154376,12.873071,12.97,1.94,0.657,306.0,0.006,0.001,0.992,40,5806.0,8691.7,5154.3,141.3,8994.9,48703.2,0.0,0,0.0,1395.1,0,4066.0,8123.4
CHN_G0224,408750.0,1423250.0,80.158984,12.873085,10.91,0.57,0.722,308.0,0.016,0.0,0.984,10,5306.5,9064.9,4654.3,10.0,8510.1,49022.6,0.0,0,0.0,1555.3,0,3707.0,8274.6
CHN_G0225,409250.0,1423250.0,80.163592,12.8731,10.18,2.41,0.694,309.0,0.085,0.0,0.904,10,4807.1,8825.2,4154.3,31.4,8026.8,49345.0,0.0,4,447.1,1841.6,0,3383.9,8452.6
CHN_G0226,409750.0,1423250.0,80.1682,12.873115,9.73,0.19,0.647,309.0,0.009,0.0,0.989,30,4307.8,8461.0,3654.4,160.4,7544.5,49670.3,0.0,68,6728.6,2205.5,0,3108.1,8656.0
CHN_G0227,410250.0,1423250.0,80.172808,12.873129,10.62,0.55,0.536,307.0,0.001,0.0,0.998,10,3808.7,8111.2,3154.4,338.1,7064.7,49998.5,0.0,332,34969.4,2124.3,0,2893.0,8882.8
CHN_G0228,410750.0,1423250.0,80.177416,12.873144,11.05,2.35,0.473,308.0,0.0,0.0,0.999,10,3309.9,7777.9,2654.5,578.4,6587.8,50329.6,0.0,96,17144.2,1924.6,0,2752.9,9131.4
CHN_G0229,411250.0,1423250.0,80.182024,12.873158,6.86,0.3,0.716,322.0,0.0,0.114,0.75,30,2811.5,7463.2,2154.6,381.1,6112.0,50663.4,0.0,13,2727.7,1641.7,0,2699.6,9400.0
CHN_G0230,411750.0,1423250.0,80.186632,12.873173,5.4,0.59,0.758,327.0,0.001,0.021,0.826,40,2313.8,7169.6,1654.8,120.1,5620.7,50999.9,0.0,53,1796.9,1478.7,0,2738.1,9687.1
CHN_G0231,412250.0,1423250.0,80.19124,12.873187,5.88,0.93,0.675,326.0,0.094,0.0,0.878,30,1817.4,6891.3,1155.2,45.0,5130.7,51339.1,0.0,205,11028.4,1475.7,0,2864.7,9990.9
CHN_G0232,412750.0,1423250.0,80.195848,12.873201,4.23,0.22,0.726,328.0,0.034,0.0,0.949,40,1323.6,6622.5,656.1,27.7,4642.8,51680.9,0.0,159,13521.0,1633.7,0,3068.5,10310.0
CHN_G0233,413250.0,1423250.0,80.200456,12.873215,3.58,0.51,0.729,329.0,0.104,0.0,0.862,40,837.1,6370.0,157.1,71.4,4155.6,52025.3,0.0,74,5560.4,1913.2,0,3335.4,10643.0
CHN_G0234,413750.0,1423250.0,80.205064,12.873229,3.97,0.98,0.665,312.0,0.444,0.006,0.527,50,363.2,6100.1,166.6,348.1,3668.5,52372.2,0.0,3,318.3,2009.3,0,3651.5,10988.8
CHN_G0235,414250.0,1423250.0,80.209672,12.873243,6.26,1.45,0.465,218.0,0.616,0.0,0.37,50,26.2,5858.7,324.1,108.8,3181.3,52721.5,11961.6,54,2667.7,1517.0,0,3511.0,11346.0
CHN_G0236,414750.0,1423250.0,80.21428,12.873257,2.84,0.64,0.668,273.0,0.194,0.0,0.773,40,263.8,5648.5,736.3,581.1,2697.2,53073.3,753.0,239,11462.3,1032.3,0,3260.0,11548.4
CHN_G0237,415250.0,1423250.0,80.218888,12.873271,10.86,6.18,0.2,273.0,0.706,0.0,0.244,50,493.6,5471.4,1170.7,512.1,2216.9,53387.7,0.0,88,6088.7,574.2,1,3070.6,11494.9
CHN_G0238,415750.0,1423250.0,80.223496,12.873284,2.68,0.27,0.674,72.0,0.469,0.0,0.45,50,380.9,5334.2,1604.9,440.7,1745.0,53696.9,0.0,29,2207.4,306.5,1,2954.5,11463.0
CHN_G0239,416250.0,1423250.0,80.228104,12.873298,10.05,3.94,0.227,83.0,0.687,0.004,0.297,50,448.5,5236.1,2061.9,619.9,1293.6,54008.9,0.0,20,1174.7,598.5,1,2920.5,11452.8
CHN_G0240,416750.0,1423250.0,80.232712,12.873312,3.63,0.1,0.641,257.0,0.138,0.0,0.831,30,851.1,5183.7,2529.6,1002.9,853.0,54323.8,0.0,37,2391.8,1059.4,0,2971.5,11464.4
CHN_G0241,417250.0,1423250.0,80.23732,12.873325,1.72,0.87,0.768,114.0,0.189,0.001,0.684,30,509.4,5173.1,3007.6,1457.6,427.7,54641.4,0.0,66,8879.4,1544.9,0,3103.3,11497.8
CHN_G0242,417750.0,1423250.0,80.241928,12.873338,1.76,1.79,0.712,116.0,0.223,0.148,0.597,10,392.1,5210.8,3490.0,1934.8,55.2,54961.7,0.0,24,2006.5,2037.4,0,3306.2,11552.7
CHN_G0243,418250.0,1423250.0,80.246536,12.873352,8.86,5.47,0.233,319.0,0.529,0.0,0.47,50,559.2,5295.5,3976.4,2421.2,554.6,55284.7,0.0,0,0.0,2532.8,0,3568.1,11628.9
CHN_G0244,418750.0,1423250.0,80.251144,12.873365,0.76,3.63,0.689,42.0,0.358,0.472,0.09,80,950.2,5418.2,4465.8,2912.2,1054.5,55610.4,0.0,0,0.0,3029.7,0,3877.1,11726.0
CHN_G0245,419250.0,1423250.0,80.255752,12.873378,0.0,0.0,0.713,42.0,0.0,1.0,0.0,80,1411.7,5582.9,4951.4,3394.5,1554.4,55938.6,0.0,47,5367.3,3527.5,0,4222.8,11843.3
CHN_G0246,419750.0,1423250.0,80.26036,12.873391,0.0,0.0,0.644,42.0,0.0,1.0,0.0,80,1892.9,5786.3,5437.2,3879.6,2054.4,56269.3,0.0,51,5745.3,4025.9,0,4597.0,11980.4
CHN_G0247,420250.0,1423250.0,80.264969,12.873404,0.0,0.0,0.587,42.0,0.0,1.0,0.0,80,2381.8,5981.8,5925.2,4348.8,2554.4,56602.5,0.0,38,5848.8,4524.6,0,4993.3,12136.6
CHN_G0248,420750.0,1423250.0,80.269577,12.873417,0.0,0.0,0.582,42.0,0.0,1.0,0.0,80,2874.6,6197.0,6415.0,4778.2,3054.4,56938.1,0.0,25,12523.7,4821.6,0,5406.8,12311.1
CHN_G0249,421250.0,1423250.0,80.274185,12.87343,0.0,0.0,0.582,42.0,0.0,1.0,0.0,80,3369.5,6444.0,6906.4,5220.2,3554.4,57276.2,0.0,31,6036.7,5071.5,0,5833.9,12503.2
CHN_G0250,421750.0,1423250.0,80.278793,12.873442,0.0,0.0,0.582,42.0,0.0,1.0,0.0,80,3865.7,6719.1,7398.8,5671.8,4054.4,57616.6,0.0,35,33467.5,5356.5,0,6271.7,12712.1
CHN_G0251,422250.0,1423250.0,80.283401,12.873455,0.0,0.0,0.582,42.0,0.0,1.0,0.0,80,4362.8,7019.2,7892.3,6130.9,4554.4,57959.1,0.0,43,58511.5,5671.4,0,6718.2,12936.9
CHN_G0252,422750.0,1423250.0,80.288009,12.873468,0.0,0.0,0.582,42.0,0.0,1.0,0.0,80,4860.4,7341.0,8386.5,6596.0,5054.4,58303.9,0.0,29,32807.0,6011.4,0,7171.8,13176.9
CHN_G0253,402250.0,1423750.0,80.099065,12.877407,35.32,0.27,0.785,305.0,0.003,0.0,0.997,10,10967.8,5334.3,11167.7,1360.0,14971.3,44711.3,0.0,75,13565.5,4427.6,0,5517.9,8227.3
CHN_G0254,402750.0,1423750.0,80.103673,12.877423,33.65,0.85,0.643,302.0,0.248,0.0,0.746,10,10498.4,5422.0,10668.3,1229.4,14479.4,44992.4,0.0,6,1647.9,3983.2,0,5401.6,8010.4
CHN_G0255,403250.0,1423750.0,80.108281,12.877439,31.53,1.53,0.526,301.0,0.336,0.002,0.621,10,10032.0,5553.6,10169.0,1293.5,13988.0,45277.3,0.0,10,1103.6,3553.6,0,5329.9,7819.5
CHN_G0256,403750.0,1423750.0,80.112889,12.877454,24.69,1.18,0.737,305.0,0.394,0.0,0.598,50,9569.0,5723.5,9669.8,1150.6,13497.4,45565.8,0.0,302,27983.8,3144.9,0,5304.6,7656.6
CHN_G0257,404250.0,1423750.0,80.117497,12.87747,22.18,0.73,0.745,310.0,0.013,0.0,0.987,40,9110.0,5906.3,9170.7,705.6,13007.4,45858.0,0.0,140,27309.4,2766.4,0,5326.3,7523.4
CHN_G0258,404750.0,1423750.0,80.122105,12.877485,20.76,0.27,0.707,305.0,0.0,0.0,1.0,40,8655.4,6124.5,8671.6,307.1,12518.2,46153.7,0.0,49,8452.9,2432.2,0,5225.8,7421.6
CHN_G0259,405250.0,1423750.0,80.126713,12.877501,19.08,0.64,0.686,308.0,0.005,0.0,0.991,30,8206.2,6374.6,8172.7,131.8,12029.9,46453.0,0.0,0,0.0,2162.8,0,5110.5,7352.4
CHN_G0260,405750.0,1423750.0,80.131321,12.877516,18.26,0.65,0.665,318.0,0.015,0.0,0.985,40,7763.2,6652.9,7673.7,450.7,11542.6,46755.7,0.0,0,0.0,1907.4,0,5042.3,7316.9
CHN_G0261,406250.0,1423750.0,80.135929,12.877531,17.17,0.58,0.677,328.0,0.181,0.0,0.8,40,7327.5,6956.0,7174.9,434.1,11056.4,47061.7,0.0,0,0.0,1674.6,0,5023.3,7315.4
CHN_G0262,406750.0,1423750.0,80.140537,12.877547,15.18,0.67,0.736,325.0,0.073,0.0,0.919,40,6900.5,7280.9,6676.3,202.6,10571.6,47371.1,0.0,0,0.0,1491.8,0,5045.4,7348.0
CHN_G0263,407250.0,1423750.0,80.145145,12.877562,13.97,0.45,0.743,49.0,0.0,0.221,0.438,90,6484.0,7624.8,6177.9,22.4,10088.1,47683.7,0.0,0,0.0,1128.1,0,4600.5,7414.3
CHN_G0264,407750.0,1423750.0,80.149753,12.877577,16.81,3.61,0.495,314.0,0.002,0.0,0.985,40,6080.0,7985.2,5679.7,458.3,9605.4,47999.4,0.0,0,0.0,905.5,2,4168.2,7513.3
CHN_G0265,408250.0,1423750.0,80.154361,12.877592,11.88,0.15,0.722,311.0,0.0,0.0,1.0,40,5689.9,8359.9,5181.9,557.4,9124.3,48318.3,0.0,0,0.0,905.0,2,3752.8,7643.9
CHN_G0266,408750.0,1423750.0,80.158969,12.877606,10.77,0.73,0.728,311.0,0.12,0.0,0.88,40,5307.1,8747.2,4684.6,485.9,8645.3,48640.2,0.0,0,0.0,1136.5,0,3360.4,7804.3
CHN_G0267,409250.0,1423750.0,80.163577,12.877621,10.22,0.3,0.691,309.0,0.086,0.0,0.913,40,4807.7,8498.0,4187.6,455.4,8168.9,48965.1,0.0,0,0.0,1504.8,0,3000.3,7992.8
CHN_G0268,409750.0,1423750.0,80.168185,12.877636,15.2,3.05,0.323,309.0,0.256,0.0,0.743,40,4308.5,8119.1,3690.9,558.8,7680.1,49293.0,0.0,0,0.0,1846.1,0,2685.3,8207.5
CHN_G0269,410250.0,1423750.0,80.172793,12.87765,13.53,5.13,0.375,311.0,0.008,0.0,0.992,10,3809.5,7753.9,3195.1,838.1,7191.4,49623.7,0.0,0,0.0,1640.3,0,2433.1,8446.4
CHN_G0270,410750.0,1423750.0,80.177401,12.877665,13.7,6.86,0.326,308.0,0.0,0.0,1.0,10,3310.8,7404.5,2701.0,974.0,6704.0,49957.2,0.0,0,0.0,1570.9,0,2264.8,8707.5
CHN_G0271,411250.0,1423750.0,80.182009,12.877679,7.34,1.96,0.715,320.0,0.003,0.0,0.997,10,2812.6,7073.2,2209.5,541.6,6216.9,50293.5,0.0,0,0.0,1220.4,0,2199.7,8988.8
CHN_G0272,411750.0,1423750.0,80.186617,12.877694,6.13,0.63,0.747,323.0,0.293,0.0,0.707,50,2315.1,6762.7,1720.9,277.0,5729.7,50632.5,0.0,0,0.0,990.3,1,2246.7,9288.6
CHN_G0273,412250.0,1423750.0,80.191225,12.877708,5.93,0.27,0.703,212.0,0.532,0.013,0.447,50,1819.0,6476.0,1241.0,408.3,5242.8,50974.1,0.0,0,0.0,985.9,1,2399.4,9605.0
CHN_G0274,412750.0,1423750.0,80.195834,12.877722,7.7,3.51,0.55,216.0,0.285,0.021,0.687,10,1325.9,6198.4,786.4,523.1,4758.2,51318.4,0.0,0,0.0,1209.6,0,2639.3,9936.5
CHN_G0275,413250.0,1423750.0,80.200442,12.877736,4.58,0.85,0.687,214.0,0.164,0.246,0.584,40,840.8,5939.2,432.5,568.7,4276.9,51665.1,0.0,0,0.0,1566.7,0,2945.4,10281.7
CHN_G0276,413750.0,1423750.0,80.20505,12.87775,3.07,0.26,0.735,324.0,0.404,0.0,0.558,50,395.1,5675.9,247.3,558.0,3797.8,52014.4,0.0,0,0.0,1986.4,0,3299.2,10639.1
CHN_G0277,414250.0,1423750.0,80.209658,12.877764,6.79,2.43,0.433,158.0,0.736,0.0,0.214,50,1.7,5417.6,54.5,453.8,3324.6,52366.1,9426.3,0,0.0,1690.4,0,3107.6,11007.7
CHN_G0278,414750.0,1423750.0,80.214266,12.877778,3.27,2.57,0.632,331.0,0.358,0.0,0.555,50,113.1,5190.4,487.4,774.9,2857.8,52685.9,2526.8,0,0.0,1273.5,0,2821.0,11052.8
CHN_G0279,415250.0,1423750.0,80.218874,12.877792,3.07,0.97,0.661,328.0,0.25,0.0,0.624,30,8.2,4999.6,948.5,965.1,2358.8,52994.5,2053.2,0,0.0,941.3,1,2599.7,10996.8
CHN_G0280,415750.0,1423750.0,80.223482,12.877805,3.37,0.59,0.638,320.0,0.149,0.0,0.851,30,106.7,4849.1,1428.5,932.7,1860.3,53306.0,1949.6,0,0.0,806.3,1,2461.5,10963.4
CHN_G0281,416250.0,1423750.0,80.22809,12.877819,9.29,6.2,0.274,83.0,0.628,0.0,0.369,50,308.8,4742.4,1916.4,1059.6,1363.0,53620.3,0.0,3,163.5,956.2,1,2420.6,10952.8
CHN_G0282,416750.0,1423750.0,80.232698,12.877833,2.25,1.61,0.722,275.0,0.353,0.0,0.637,30,786.5,4684.8,2404.9,1324.1,867.3,53937.4,0.0,259,16371.8,1295.6,0,2481.9,10964.9
CHN_G0283,417250.0,1423750.0,80.237307,12.877846,1.5,1.07,0.786,61.0,0.048,0.112,0.691,30,938.5,4673.3,2889.8,1695.8,371.7,54257.3,0.0,192,26735.3,1715.5,0,2638.2,10999.8
CHN_G0284,417750.0,1423750.0,80.241915,12.877859,2.56,0.76,0.678,208.0,0.185,0.169,0.598,10,884.4,4715.0,3376.0,2120.0,123.9,54579.9,0.0,20,1888.4,2169.6,0,2874.1,11057.2
CHN_G0285,418250.0,1423750.0,80.246523,12.877873,9.69,2.12,0.188,127.0,0.362,0.0,0.637,10,1003.3,4807.0,3865.6,2571.6,619.4,54905.1,0.0,0,0.0,2640.3,0,3171.9,11136.8
CHN_G0286,418750.0,1423750.0,80.251131,12.877886,4.15,1.49,0.488,114.0,0.203,0.346,0.408,80,1263.6,4941.6,4357.5,3038.4,1115.0,55233.0,0.0,0,0.0,3120.2,0,3515.9,11238.1
CHN_G0287,419250.0,1423750.0,80.255739,12.877899,0.0,0.0,0.718,114.0,0.0,1.0,0.0,80,1639.2,5121.6,4851.0,3514.4,1609.1,55563.4,0.0,2,176.8,3605.5,0,3893.8,11360.5
CHN_G0288,419750.0,1423750.0,80.260347,12.877912,0.0,0.0,0.653,114.0,0.0,1.0,0.0,80,2068.1,5330.9,5345.8,3996.2,2099.9,55896.4,0.0,130,8996.3,3971.6,0,4296.8,11503.4
CHN_G0289,420250.0,1423750.0,80.264955,12.877925,0.0,0.0,0.591,114.0,0.0,1.0,0.0,80,2523.3,5526.3,5841.5,4482.0,2592.5,56231.8,0.0,53,6163.8,4152.9,0,4718.4,11666.0
CHN_G0290,420750.0,1423750.0,80.269564,12.877938,0.0,0.0,0.582,114.0,0.0,1.0,0.0,80,2961.8,5758.6,6337.8,4970.6,3087.5,56569.6,0.0,11,713.7,4383.9,0,5154.0,11847.4
CHN_G0291,421250.0,1423750.0,80.274172,12.877951,0.0,0.0,0.582,114.0,0.0,1.0,0.0,80,3414.5,6023.6,6834.7,5455.9,3583.8,56909.9,0.0,0,0.0,4657.4,0,5600.3,12046.9
CHN_G0292,421750.0,1423750.0,80.27878,12.877964,0.0,0.0,0.582,114.0,0.0,1.0,0.0,80,3878.8,6317.1,7332.0,5895.2,4081.1,57252.3,0.0,107,5879.6,4966.3,0,6055.1,12263.5
CHN_G0293,422250.0,1423750.0,80.283388,12.877976,0.0,0.0,0.582,114.0,0.0,1.0,0.0,80,4351.0,6635.3,7829.6,6338.2,4578.9,57596.9,0.0,14,916.1,5304.4,0,6516.5,12496.4
CHN_G0294,422750.0,1423750.0,80.287996,12.877989,0.0,0.0,0.582,114.0,0.0,1.0,0.0,80,4828.4,6974.9,8327.5,6789.1,5077.2,57940.5,0.0,31,1666.2,5666.4,0,6981.9,12744.7
CHN_G0295,402250.0,1424250.0,80.099049,12.881928,36.02,5.17,0.966,310.0,0.0,0.034,0.966,10,10809.3,4839.0,11048.8,911.0,15067.5,44297.4,0.0,55,2560.4,4666.7,0,5039.1,7786.3
CHN_G0296,402750.0,1424250.0,80.103657,12.881944,30.89,1.41,1.0,240.0,0.158,0.328,0.506,10,10332.8,4935.5,10673.2,731.6,14578.8,44581.1,0.0,2,49.8,4221.6,0,4911.5,7556.8
CHN_G0297,403250.0,1424250.0,80.108265,12.88196,94.34,1.89,0.0,316.0,0.203,0.012,0.773,10,9858.6,5079.7,10206.9,834.8,14090.9,44868.5,0.0,0,0.0,3740.1,0,4832.5,7354.1
CHN_G0298,403750.0,1424250.0,80.112873,12.881975,29.38,2.79,0.472,302.0,0.503,0.0,0.496,50,9387.1,5253.7,9709.4,1165.6,13604.0,45159.7,0.0,0,0.0,3264.1,0,4804.6,7180.6
CHN_G0299,404250.0,1424250.0,80.117481,12.881991,22.45,0.35,0.714,310.0,0.051,0.0,0.894,40,8918.6,5452.2,9212.3,958.2,13118.0,45454.5,0.0,0,0.0,2796.5,0,4828.5,7038.4
CHN_G0300,404750.0,1424250.0,80.122089,12.882006,20.08,0.5,0.734,300.0,0.0,0.0,1.0,30,8453.8,5687.9,8715.3,502.6,12633.1,45752.9,0.0,0,0.0,2342.3,0,4747.2,6929.5
CHN_G0301,405250.0,1424250.0,80.126697,12.882022,18.5,0.68,0.72,316.0,0.01,0.0,0.977,30,7993.3,5956.3,8218.4,183.8,12149.4,46054.7,0.0,20,5509.8,1911.2,0,4620.0,6855.4
CHN_G0302,405750.0,1424250.0,80.131305,12.882037,17.31,0.62,0.724,331.0,0.061,0.0,0.924,30,7537.7,6253.3,7722.0,63.7,11666.4,46360.0,0.0,27,2906.3,1522.7,0,4544.5,6817.2
CHN_G0303,406250.0,1424250.0,80.135913,12.882052,16.74,0.44,0.701,335.0,0.189,0.0,0.8,40,7088.2,6574.9,7226.0,99.9,11184.6,46668.7,0.0,23,3347.5,1218.5,0,4523.3,6815.7
CHN_G0304,406750.0,1424250.0,80.140522,12.882067,15.17,0.15,0.737,334.0,0.148,0.0,0.846,40,6645.8,6917.7,6730.7,218.8,10704.4,46980.6,0.0,35,22613.2,1072.8,0,4557.3,6850.7
CHN_G0305,407250.0,1424250.0,80.14513,12.882083,14.49,0.28,0.716,318.0,0.028,0.118,0.687,40,6212.3,7278.7,6236.1,454.3,10226.1,47295.8,0.0,454,42695.9,800.1,2,4383.6,6921.7
CHN_G0306,407750.0,1424250.0,80.149738,12.882098,16.13,1.82,0.537,315.0,0.161,0.0,0.83,40,5789.4,7655.4,5742.4,527.0,9740.4,47614.1,0.0,30,14582.3,432.9,2,3927.5,7027.7
CHN_G0307,408250.0,1424250.0,80.154346,12.882112,14.45,1.18,0.562,318.0,0.331,0.0,0.664,40,5379.8,8045.6,5249.9,510.8,9252.4,47935.5,0.0,75,52785.1,438.0,2,3483.4,7167.1
CHN_G0308,408750.0,1424250.0,80.158954,12.882127,13.28,1.2,0.573,311.0,0.261,0.0,0.736,40,4986.1,8447.3,4759.0,524.0,8762.7,48260.0,0.0,74,30255.2,815.2,2,3056.7,7337.9
CHN_G0309,409250.0,1424250.0,80.163562,12.882142,14.49,3.22,0.446,312.0,0.146,0.048,0.801,40,4608.6,8188.2,4269.5,662.8,8272.1,48587.5,0.0,221,34540.0,1279.5,0,2655.7,7538.1
CHN_G0310,409750.0,1424250.0,80.16817,12.882157,12.79,0.74,0.488,308.0,0.448,0.0,0.551,50,4256.5,7794.3,3782.5,731.8,7779.0,48917.8,0.0,15,6813.9,1444.3,0,2293.8,7765.4
CHN_G0311,410250.0,1424250.0,80.172778,12.882171,8.18,2.17,0.722,314.0,0.103,0.019,0.755,10,3875.4,7413.1,3299.3,986.0,7283.5,49251.1,0.0,16,6351.9,1169.8,0,1992.7,8017.5
CHN_G0312,410750.0,1424250.0,80.177386,12.882186,7.15,0.44,0.745,224.0,0.0,0.029,0.932,40,3386.4,7046.9,2822.1,1113.4,6787.9,49587.1,0.0,45,9387.6,1072.7,0,1783.3,8292.1
CHN_G0313,411250.0,1424250.0,80.181995,12.8822,6.53,0.33,0.791,325.0,0.012,0.0,0.988,40,2901.1,6697.9,2354.2,917.2,6292.3,49925.9,0.0,130,23657.6,885.1,3,1699.8,8587.0
CHN_G0314,411750.0,1424250.0,80.186603,12.882215,8.11,0.77,0.655,328.0,0.302,0.0,0.696,10,2421.9,6369.1,1902.9,776.8,5796.7,50267.3,0.0,182,15366.0,524.2,3,1760.2,8900.3
CHN_G0315,412250.0,1424250.0,80.191211,12.882229,10.36,1.52,0.457,315.0,0.678,0.0,0.318,50,1953.2,6063.8,1483.0,882.5,5301.1,50611.4,0.0,0,0.0,515.8,1,1951.3,9230.1
CHN_G0316,412750.0,1424250.0,80.195819,12.882243,13.28,2.38,0.224,307.0,0.274,0.0,0.722,10,1504.6,5784.7,1127.6,1015.6,4805.5,50958.1,0.0,0,0.0,870.2,1,2239.8,9574.6
CHN_G0317,413250.0,1424250.0,80.200427,12.882257,7.18,1.79,0.529,214.0,0.596,0.07,0.325,50,1091.5,5508.3,885.8,1063.5,4309.9,51307.3,0.0,0,0.0,1322.3,0,2593.5,9932.3
CHN_G0318,413750.0,1424250.0,80.205035,12.882271,3.8,0.38,0.684,319.0,0.661,0.0,0.293,50,643.0,5262.2,629.7,995.7,3814.8,51659.0,0.0,0,0.0,1757.2,0,2989.2,10301.9
CHN_G0319,414250.0,1424250.0,80.209644,12.882285,2.31,0.39,0.69,329.0,0.261,0.035,0.41,60,310.6,4985.6,138.2,941.3,3320.2,51984.3,0.0,0,0.0,1791.8,0,2736.3,10639.3
CHN_G0320,414750.0,1424250.0,80.214252,12.882299,2.64,0.37,0.661,322.0,0.212,0.0,0.774,30,377.3,4740.7,344.1,1131.6,2825.5,52292.2,0.0,0,0.0,1636.5,0,2405.8,10557.5
CHN_G0321,415250.0,1424250.0,80.21886,12.882313,2.67,0.2,0.69,326.0,0.015,0.0,0.94,30,479.8,4533.8,828.3,1449.4,2330.9,52603.1,0.0,0,0.0,1393.6,0,2142.0,10498.9
CHN_G0322,415750.0,1424250.0,80.223468,12.882326,3.02,1.19,0.673,326.0,0.047,0.0,0.953,30,593.1,4367.4,1316.2,1428.4,1836.2,52916.9,0.0,0,0.0,1306.3,0,1972.0,10463.9
CHN_G0323,416250.0,1424250.0,80.228076,12.88234,6.37,0.64,0.462,190.0,0.824,0.003,0.166,50,699.7,4250.3,1810.4,1533.8,1341.6,53233.5,0.0,0,0.0,1403.8,0,1920.7,10452.8
CHN_G0324,416750.0,1424250.0,80.232685,12.882354,3.48,0.24,0.662,321.0,0.398,0.026,0.492,50,763.7,4186.0,2307.0,1731.0,846.9,53552.9,0.0,0,0.0,1653.7,0,1997.4,10465.5
CHN_G0325,417250.0,1424250.0,80.237293,12.882367,2.84,0.33,0.727,327.0,0.157,0.026,0.776,30,891.1,4173.6,2804.9,2030.3,349.4,53875.1,0.0,0,0.0,1999.8,0,2188.6,10502.1
CHN_G0326,417750.0,1424250.0,80.241901,12.88238,2.5,0.33,0.708,320.0,0.064,0.14,0.77,30,892.5,4220.1,3303.4,2397.0,150.6,54200.0,0.0,0,0.0,2394.2,0,2467.9,10562.2
CHN_G0327,418250.0,1424250.0,80.246509,12.882394,6.16,2.48,0.413,127.0,0.752,0.0,0.248,50,860.5,4320.7,3802.3,2804.3,650.5,54527.5,0.0,0,0.0,2641.6,0,2809.1,10645.5
CHN_G0328,418750.0,1424250.0,80.251118,12.882407,4.8,2.39,0.456,114.0,0.501,0.214,0.252,50,1061.5,4470.0,4301.5,3237.7,1150.5,54857.6,0.0,0,0.0,2953.7,0,3192.4,10751.4
CHN_G0329,419250.0,1424250.0,80.255726,12.88242,0.0,0.0,0.726,114.0,0.0,1.0,0.0,80,1418.9,4668.3,4800.8,3688.1,1650.5,55190.3,0.0,0,0.0,3312.1,0,3604.4,10879.3
CHN_G0330,419750.0,1424250.0,80.260334,12.882433,0.0,0.0,0.665,114.0,0.0,1.0,0.0,80,1843.8,4865.9,5300.3,4149.8,2150.4,55525.5,0.0,0,0.0,3499.3,0,4036.4,11028.4
CHN_G0331,420250.0,1424250.0,80.264942,12.882446,0.0,0.0,0.597,114.0,0.0,1.0,0.0,80,2299.2,5079.2,5799.8,4619.5,2650.4,55863.1,0.0,0,0.0,3703.7,0,4482.5,11197.9
CHN_G0332,420750.0,1424250.0,80.26955,12.882459,0.0,0.0,0.582,114.0,0.0,1.0,0.0,80,2769.9,5331.1,6299.3,5094.9,3150.4,56203.2,0.0,0,0.0,3961.1,0,4939.0,11386.8
CHN_G0333,421250.0,1424250.0,80.274159,12.882472,0.0,0.0,0.582,114.0,0.0,1.0,0.0,80,3247.9,5616.2,6798.8,5574.7,3650.3,56545.5,0.0,0,0.0,4261.7,0,5403.1,11594.2
CHN_G0334,421750.0,1424250.0,80.278767,12.882485,0.0,0.0,0.582,114.0,0.0,1.0,0.0,80,3729.9,5929.9,7298.3,6057.7,4150.3,56890.0,0.0,0,0.0,4597.3,0,5869.3,11819.1
CHN_G0335,422250.0,1424250.0,80.283375,12.882497,0.0,0.0,0.582,114.0,0.0,1.0,0.0,80,4216.2,6267.8,7797.8,6543.3,4649.4,57234.0,0.0,0,0.0,4960.6,0,6340.2,12060.6
CHN_G0336,422750.0,1424250.0,80.287984,12.88251,0.0,0.0,0.582,114.0,0.0,1.0,0.0,80,4704.5,6626.3,8289.4,7012.6,5140.8,57574.1,0.0,0,0.0,5346.0,0,6815.4,12317.6
CHN_G0337,402250.0,1424750.0,80.099033,12.886449,38.64,4.0,0.921,303.0,0.002,0.006,0.991,10,10672.0,4344.7,10731.1,544.4,15150.4,43885.3,0.0,0,0.0,4265.3,0,4564.8,7352.8
CHN_G0338,402750.0,1424750.0,80.103641,12.886465,28.37,0.54,1.0,73.0,0.001,0.455,0.505,80,10189.1,4452.0,10344.0,242.8,14651.9,44171.6,0.0,153,10678.1,4104.9,0,4423.6,7109.3
CHN_G0339,403250.0,1424750.0,80.108249,12.88648,27.27,1.9,1.0,305.0,0.233,0.062,0.693,10,9707.9,4611.3,9967.0,469.8,14153.4,44461.7,0.0,230,18401.3,3628.8,0,4335.8,6893.6
CHN_G0340,403750.0,1424750.0,80.112857,12.886496,25.34,0.18,0.736,311.0,0.11,0.0,0.887,40,9228.6,4789.9,9601.0,939.4,13655.1,44755.5,0.0,187,18441.4,3136.0,0,4304.6,6708.2
CHN_G0341,404250.0,1424750.0,80.117465,12.886512,23.53,0.57,0.69,298.0,0.101,0.0,0.858,40,8751.7,5006.9,9247.3,1194.3,13157.0,45052.9,0.0,5,1020.8,2645.9,0,4331.3,6555.7
CHN_G0342,404750.0,1424750.0,80.122073,12.886527,21.76,1.44,0.675,304.0,0.006,0.0,0.994,40,8277.5,5262.6,8783.8,847.9,12658.9,45353.9,0.0,0,0.0,2160.3,0,4273.5,6438.6
CHN_G0343,405250.0,1424750.0,80.126682,12.886543,19.1,0.79,0.728,321.0,0.047,0.0,0.923,40,7806.6,5551.6,8291.0,578.5,12161.1,45658.4,0.0,1,21.1,1683.2,0,4131.7,6358.8
CHN_G0344,405750.0,1424750.0,80.13129,12.886558,17.41,0.87,0.759,318.0,0.406,0.0,0.578,50,7339.5,5869.1,7799.2,331.9,11663.4,45966.4,0.0,5,304.0,1224.4,0,4047.1,6317.7
CHN_G0345,406250.0,1424750.0,80.135898,12.886573,18.37,2.14,0.643,327.0,0.604,0.0,0.393,50,6877.0,6210.6,7308.5,399.4,11165.9,46277.6,0.0,35,3697.6,815.7,1,4023.4,6316.0
CHN_G0346,406750.0,1424750.0,80.140506,12.886588,18.43,1.94,0.578,265.0,0.882,0.0,0.118,50,6420.1,6572.4,6818.8,655.7,10668.6,46592.2,0.0,2,95.9,575.7,1,4061.5,6353.7
CHN_G0347,407250.0,1424750.0,80.145114,12.886603,20.39,2.49,0.398,277.0,0.726,0.0,0.274,50,5970.2,6951.4,6330.4,657.0,10171.7,46910.0,0.0,0,0.0,705.4,3,4159.8,6430.3
CHN_G0348,407750.0,1424750.0,80.149722,12.886618,22.15,0.7,0.212,330.0,0.534,0.019,0.4,50,5528.8,7344.9,5844.0,158.9,9675.0,47230.9,0.0,3,181.4,234.4,2,3738.4,6544.2
CHN_G0349,408250.0,1424750.0,80.154331,12.886633,15.5,0.06,0.535,320.0,0.294,0.004,0.702,40,5098.3,7750.7,5360.2,39.9,9178.7,47554.9,0.0,0,0.0,254.3,2,3268.8,6693.6
CHN_G0350,408750.0,1424750.0,80.158939,12.886648,12.92,0.2,0.636,319.0,0.138,0.0,0.861,40,4681.7,8167.0,4879.5,25.8,8682.8,47882.0,0.0,76,4866.6,733.0,2,2809.6,6876.3
CHN_G0351,409250.0,1424750.0,80.163547,12.886663,10.8,0.05,0.706,316.0,0.003,0.0,0.997,40,4282.9,7898.0,4403.2,269.7,8187.4,48212.0,0.0,32,2923.1,1228.8,0,2367.1,7089.5
CHN_G0352,409750.0,1424750.0,80.168155,12.886678,9.91,0.31,0.704,315.0,0.034,0.0,0.962,40,3902.1,7488.8,3932.7,279.2,7692.6,48544.9,0.0,100,6397.2,1124.1,0,1952.5,7330.8
CHN_G0353,410250.0,1424750.0,80.172764,12.886692,9.69,2.35,0.67,321.0,0.079,0.168,0.664,40,3550.2,7091.3,3470.6,717.4,7198.6,48880.7,0.0,1,103.9,739.0,1,1588.0,7597.3
CHN_G0354,410750.0,1424750.0,80.177372,12.886707,7.5,0.0,0.754,40.0,0.0,0.286,0.288,90,3237.7,6707.4,3020.5,707.4,6705.4,49219.3,0.0,0,0.0,573.2,4,1315.6,7886.5
CHN_G0355,411250.0,1424750.0,80.18198,12.886721,9.81,2.13,0.621,308.0,0.36,0.08,0.464,50,2976.7,6339.8,2588.8,461.4,6213.3,49560.5,0.0,5,396.6,458.8,5,1200.0,8196.1
CHN_G0356,411750.0,1424750.0,80.186588,12.886736,12.85,1.48,0.388,202.0,0.553,0.0,0.439,50,2621.4,5991.4,2186.3,626.1,5722.6,49904.5,0.0,108,13986.1,262.5,4,1284.2,8523.7
CHN_G0357,412250.0,1424750.0,80.191196,12.88675,16.24,1.74,0.119,202.0,0.707,0.0,0.291,50,2195.6,5665.8,1830.9,552.0,5233.6,50251.1,0.0,199,26443.4,245.3,3,1535.7,8867.5
CHN_G0358,412750.0,1424750.0,80.195805,12.886764,33.41,19.16,0.0,317.0,0.001,0.0,0.994,10,1760.9,5367.0,1549.9,578.2,4739.2,50600.3,0.0,111,10147.0,742.6,1,1888.8,9225.5
CHN_G0359,413250.0,1424750.0,80.200413,12.886778,9.62,6.14,0.385,310.0,0.296,0.0,0.698,10,1335.6,5088.5,1093.7,747.2,4243.6,50951.9,0.0,62,8273.2,1242.1,0,2297.1,9596.3
CHN_G0360,413750.0,1424750.0,80.205021,12.886792,3.38,0.13,0.704,321.0,0.707,0.004,0.265,50,983.3,4822.6,617.4,649.4,3748.1,51282.9,0.0,153,27670.6,1259.1,0,2736.0,9978.3
CHN_G0361,414250.0,1424750.0,80.209629,12.886806,1.9,0.3,0.706,322.0,0.313,0.003,0.512,30,805.9,4567.4,130.6,639.0,3252.5,51590.1,0.0,389,51022.4,1306.9,0,2411.9,10148.5
CHN_G0362,414750.0,1424750.0,80.214238,12.88682,3.06,0.85,0.627,320.0,0.019,0.0,0.911,30,868.0,4300.7,333.8,862.0,2756.9,51900.4,0.0,85,16533.8,1324.0,0,2029.2,10062.7
CHN_G0363,415250.0,1424750.0,80.218846,12.886834,2.98,0.42,0.673,330.0,0.061,0.017,0.815,30,969.6,4073.1,807.5,1256.1,2261.3,52213.6,0.0,50,14924.8,1008.2,0,1708.3,10001.2
CHN_G0364,415750.0,1424750.0,80.223454,12.886847,2.79,1.36,0.69,222.0,0.281,0.13,0.45,50,822.8,3890.3,1301.0,1706.7,1765.7,52529.7,0.0,22,8268.9,883.1,1,1489.5,9964.5
CHN_G0365,416250.0,1424750.0,80.228063,12.886861,8.58,1.39,0.336,190.0,0.846,0.004,0.144,50,399.8,3760.2,1798.1,2014.6,1270.1,52848.7,0.0,167,35130.1,1021.4,0,1421.0,9952.8
CHN_G0366,416750.0,1424750.0,80.232671,12.886875,1.24,3.57,0.801,87.0,0.613,0.129,0.199,50,265.6,3687.4,2296.5,2175.7,774.6,53170.4,0.0,59,8259.8,1344.2,0,1523.0,9966.1
CHN_G0367,417250.0,1424750.0,80.237279,12.886888,3.17,0.66,0.724,326.0,0.201,0.093,0.632,30,530.4,3673.9,2795.4,2421.8,279.3,53494.9,0.0,8,1520.2,1704.3,0,1766.4,10004.5
CHN_G0368,417750.0,1424750.0,80.241887,12.886901,2.84,0.49,0.709,324.0,0.101,0.076,0.816,30,441.1,3726.7,3294.7,2736.9,215.3,53822.0,0.0,61,8794.5,1950.6,0,2102.5,10067.6
CHN_G0369,418250.0,1424750.0,80.246496,12.886915,7.0,0.6,0.376,120.0,0.838,0.018,0.142,50,375.3,3838.0,3794.1,3100.9,710.0,54151.8,0.0,92,16338.8,2247.4,0,2494.2,10155.0
CHN_G0370,418750.0,1424750.0,80.251104,12.886928,7.41,0.74,0.311,120.0,0.742,0.078,0.123,50,726.1,4005.3,4293.7,3497.7,1204.6,54484.2,0.0,46,8870.0,2607.1,0,2919.1,10266.0
CHN_G0371,419250.0,1424750.0,80.255712,12.886941,0.0,0.0,0.735,120.0,0.0,1.0,0.0,80,1189.0,4220.6,4788.9,3918.3,1699.3,54819.2,0.0,0,0.0,2871.2,0,3364.8,10399.8
CHN_G0372,419750.0,1424750.0,80.260321,12.886954,0.0,0.0,0.68,120.0,0.0,1.0,0.0,80,1668.4,4408.6,5264.8,4355.6,2193.9,55156.6,0.0,0,0.0,3035.8,0,3823.9,10555.7
CHN_G0373,420250.0,1424750.0,80.264929,12.886967,0.0,0.0,0.605,120.0,0.0,1.0,0.0,80,2155.3,4643.0,5744.7,4805.2,2688.6,55496.5,0.0,0,0.0,3269.4,0,4289.4,10732.6
CHN_G0374,420750.0,1424750.0,80.269537,12.88698,0.0,0.0,0.582,120.0,0.0,1.0,0.0,80,2645.6,4917.2,6227.8,5263.9,3183.3,55838.7,0.0,0,0.0,3558.3,0,4759.2,10929.6
CHN_G0375,421250.0,1424750.0,80.274146,12.886993,0.0,0.0,0.582,120.0,0.0,1.0,0.0,80,3138.0,5225.0,6713.4,5729.6,3678.9,56183.1,0.0,0,0.0,3890.2,0,5234.5,11145.5
CHN_G0376,421750.0,1424750.0,80.278754,12.887006,0.0,0.0,0.582,120.0,0.0,1.0,0.0,80,3632.4,5560.8,7173.5,6200.5,4175.6,56527.5,0.0,0,0.0,4255.1,0,5714.1,11379.3
CHN_G0377,422250.0,1424750.0,80.283362,12.887018,0.0,0.0,0.582,120.0,0.0,1.0,0.0,80,4128.1,5919.8,7610.0,6675.7,4673.0,56867.4,0.0,0,0.0,4645.3,0,6196.8,11629.9
CHN_G0378,422750.0,1424750.0,80.287971,12.887031,0.0,0.0,0.582,120.0,0.0,1.0,0.0,80,4624.8,6298.1,8053.8,7154.3,5170.8,57209.8,0.0,0,0.0,5054.8,0,6682.2,11896.3
CHN_G0379,402250.0,1425250.0,80.099017,12.89097,60.74,16.99,0.0,315.0,0.006,0.0,0.994,10,10556.7,3852.0,10427.8,451.7,15120.9,43475.0,0.0,0,0.0,3774.9,0,4096.7,6928.4
CHN_G0380,402750.0,1425250.0,80.103625,12.890986,33.32,0.8,0.969,298.0,0.0,0.001,0.999,10,10068.2,3972.6,10029.0,156.9,14621.3,43764.0,0.0,0,0.0,3703.6,0,3938.7,6669.4
CHN_G0381,403250.0,1425250.0,80.108233,12.891001,26.52,1.0,1.0,300.0,0.308,0.0,0.683,50,9580.9,4142.5,9639.7,494.4,14121.9,44056.8,0.0,0,0.0,3403.0,0,3839.8,6438.9
CHN_G0382,403750.0,1425250.0,80.112841,12.891017,23.55,0.07,0.865,308.0,0.525,0.0,0.447,50,9094.9,4334.3,9260.9,952.0,13622.4,44353.2,0.0,0,0.0,3084.6,0,3804.6,6240.0
CHN_G0383,404250.0,1425250.0,80.117449,12.891033,22.22,0.38,0.808,305.0,0.752,0.0,0.24,50,8610.6,4572.9,8894.0,1438.0,13123.0,44653.4,0.0,0,0.0,2584.8,0,3834.8,6075.9
CHN_G0384,404750.0,1425250.0,80.122058,12.891048,28.76,1.14,0.31,309.0,0.258,0.0,0.73,40,8128.2,4851.5,8540.3,1268.2,12623.6,44957.1,0.0,0,0.0,2085.0,0,3806.5,5949.3
CHN_G0385,405250.0,1425250.0,80.126666,12.891063,18.91,0.22,0.789,314.0,0.229,0.0,0.713,30,7648.1,5163.6,8201.8,1004.9,12124.3,45264.2,0.0,0,0.0,1585.4,0,3646.7,5862.8
CHN_G0386,405750.0,1425250.0,80.131274,12.891079,23.64,1.85,0.442,327.0,0.278,0.0,0.705,40,7170.6,5503.5,7880.5,823.3,11625.0,45574.8,0.0,0,0.0,1086.1,0,3550.5,5818.2
CHN_G0387,406250.0,1425250.0,80.135882,12.891094,21.92,3.28,0.491,300.0,0.478,0.0,0.522,50,6696.5,5866.3,7421.4,876.1,11125.8,45888.7,0.0,0,0.0,588.0,1,3523.4,5816.3
CHN_G0388,406750.0,1425250.0,80.140491,12.891109,22.83,2.64,0.383,88.0,0.782,0.0,0.216,50,6226.4,6248.2,6939.4,657.6,10626.7,46205.9,0.0,0,0.0,109.0,1,3566.9,5857.3
CHN_G0389,407250.0,1425250.0,80.145099,12.891124,19.25,1.28,0.535,332.0,0.558,0.0,0.442,50,5761.4,6645.7,6460.2,408.7,10127.6,46526.3,0.0,0,0.0,421.9,3,3678.5,5940.2
CHN_G0390,407750.0,1425250.0,80.149707,12.891139,14.93,0.62,0.709,116.0,0.057,0.015,0.259,90,5302.7,7056.2,5984.3,497.6,9628.7,46849.9,0.0,0,0.0,649.9,3,3609.2,6063.4
CHN_G0391,408250.0,1425250.0,80.154316,12.891154,13.74,0.37,0.714,116.0,0.03,0.114,0.697,40,4852.1,7477.7,5512.7,428.2,9129.9,47176.5,0.0,0,0.0,661.4,2,3120.2,6224.4
CHN_G0392,408750.0,1425250.0,80.158924,12.891169,12.35,0.1,0.739,320.0,0.0,0.0,1.0,40,4412.3,7908.3,5046.7,173.7,8631.2,47506.2,0.0,0,0.0,954.0,1,2635.3,6420.4
CHN_G0393,409250.0,1425250.0,80.163532,12.891184,11.28,0.39,0.73,312.0,0.0,0.0,1.0,40,3986.6,7629.5,4587.7,19.1,8132.7,47838.8,0.0,1,59.1,1250.3,0,2157.3,6648.3
CHN_G0394,409750.0,1425250.0,80.16814,12.891199,10.31,0.25,0.715,311.0,0.006,0.0,0.994,40,3580.3,7205.1,4138.3,346.9,7634.3,48174.3,0.0,70,9406.0,970.2,1,1692.1,6904.9
CHN_G0395,410250.0,1425250.0,80.172749,12.891213,9.73,0.43,0.694,312.0,0.342,0.001,0.633,50,3195.7,6791.0,3701.9,746.4,7136.2,48512.7,0.0,142,9699.5,473.1,1,1253.9,7187.3
CHN_G0396,410750.0,1425250.0,80.177357,12.891228,13.8,0.89,0.402,161.0,0.536,0.143,0.151,50,2844.4,6389.1,3283.7,428.2,6638.4,48853.8,0.0,264,20206.3,79.2,4,884.0,7492.3
CHN_G0397,411250.0,1425250.0,80.181965,12.891242,8.21,2.78,0.736,201.0,0.434,0.078,0.333,50,2543.4,6002.1,2891.5,81.5,6141.0,49197.6,0.0,2,88.8,250.9,5,700.5,7817.5
CHN_G0398,411750.0,1425250.0,80.186574,12.891256,13.23,2.16,0.389,125.0,0.761,0.0,0.238,50,2312.4,5632.8,2447.0,416.2,5644.0,49544.1,0.0,0,0.0,252.1,4,836.6,8160.4
CHN_G0399,412250.0,1425250.0,80.191182,12.891271,8.85,1.85,0.584,115.0,0.508,0.238,0.252,50,2173.8,5285.1,1952.7,218.3,5147.6,49893.2,0.0,0,0.0,595.2,4,1187.0,8518.8
CHN_G0400,412750.0,1425250.0,80.19579,12.891285,9.42,1.54,0.482,289.0,0.312,0.001,0.682,10,2038.2,4963.5,1454.9,259.6,4651.9,50244.8,0.0,8,515.1,919.5,1,1618.1,8890.9
CHN_G0401,413250.0,1425250.0,80.200399,12.891299,4.22,0.67,0.723,313.0,0.378,0.001,0.609,40,1684.4,4673.3,959.0,259.3,4157.3,50581.6,0.0,32,5369.7,979.7,1,2080.2,9275.1
CHN_G0402,413750.0,1425250.0,80.205007,12.891313,2.65,0.33,0.756,318.0,0.409,0.0,0.548,50,1421.3,4395.9,466.8,162.4,3664.1,50888.2,0.0,52,11215.2,763.3,1,2556.7,9669.8
CHN_G0403,414250.0,1425250.0,80.209615,12.891327,1.66,0.98,0.719,331.0,0.019,0.015,0.882,30,1304.7,4144.2,10.7,158.0,3173.1,51197.8,0.0,7,813.3,839.9,1,2155.7,9658.6
CHN_G0404,414750.0,1425250.0,80.214224,12.891341,3.07,0.83,0.618,322.0,0.003,0.0,0.997,30,886.9,3873.2,473.6,599.8,2684.9,51510.4,0.0,82,6865.1,1058.3,0,1716.9,9568.5
CHN_G0405,415250.0,1425250.0,80.218832,12.891355,2.93,0.54,0.671,327.0,0.214,0.0,0.702,30,524.5,3622.8,954.4,1093.0,2195.0,51826.0,0.0,139,15567.0,619.2,1,1322.2,9503.8
CHN_G0406,415750.0,1425250.0,80.22344,12.891368,5.25,3.64,0.544,324.0,0.079,0.002,0.744,10,513.3,3419.7,1438.7,1590.4,1699.4,52144.5,0.0,208,13168.4,383.2,1,1024.0,9465.1
CHN_G0407,416250.0,1425250.0,80.228049,12.891382,15.51,8.38,0.0,144.0,0.588,0.002,0.344,50,335.4,3272.9,1853.6,2089.1,1203.8,52465.7,0.0,52,4544.3,640.6,2,921.4,9452.8
CHN_G0408,416750.0,1425250.0,80.232657,12.891396,7.39,2.88,0.433,144.0,0.599,0.031,0.366,50,213.3,3189.2,2284.9,2588.2,708.3,52789.8,1123.0,209,16424.8,1014.4,0,1072.2,9466.9
CHN_G0409,417250.0,1425250.0,80.237265,12.891409,0.83,1.13,0.865,152.0,0.024,0.14,0.812,10,518.3,3174.3,2739.6,2847.5,212.7,53116.6,0.0,38,2453.2,1277.4,0,1396.4,9507.2
CHN_G0410,417750.0,1425250.0,80.241874,12.891422,2.33,0.33,0.751,320.0,0.014,0.011,0.958,30,304.3,3235.3,3207.8,3119.9,282.9,53446.1,0.0,0,0.0,1542.0,0,1802.9,9573.6
CHN_G0411,418250.0,1425250.0,80.246482,12.891436,9.74,1.52,0.218,54.0,0.532,0.011,0.453,50,97.3,3360.4,3684.3,3443.8,778.5,53778.2,2032.5,7,1601.3,1903.6,0,2247.4,9665.4
CHN_G0412,418750.0,1425250.0,80.251091,12.891449,6.5,2.09,0.368,54.0,0.597,0.002,0.387,50,597.2,3550.3,4166.3,3805.9,1274.1,54112.9,0.0,137,17689.9,2289.7,0,2711.1,9782.0
CHN_G0413,419250.0,1425250.0,80.255699,12.891462,0.0,0.0,0.738,120.0,0.0,0.943,0.03,80,1097.2,3751.3,4652.1,4195.7,1769.7,54450.1,0.0,295,30899.7,2390.6,0,3178.1,9922.4
CHN_G0414,419750.0,1425250.0,80.260307,12.891475,0.0,0.0,0.692,120.0,0.0,1.0,0.0,80,1597.2,3961.6,5140.7,4606.8,2265.3,54789.8,0.0,111,7977.6,2586.0,0,3653.9,10085.6
CHN_G0415,420250.0,1425250.0,80.264916,12.891488,0.0,0.0,0.615,120.0,0.0,1.0,0.0,80,2097.2,4220.9,5631.2,5034.0,2760.8,55131.9,0.0,169,56411.2,2856.6,0,4135.4,10270.7
CHN_G0416,420750.0,1425250.0,80.269524,12.891501,0.0,0.0,0.582,120.0,0.0,1.0,0.0,80,2597.2,4520.8,6058.1,5473.6,3256.2,55476.1,0.0,152,45225.6,3183.1,0,4620.8,10476.3
CHN_G0417,421250.0,1425250.0,80.274133,12.891514,0.0,0.0,0.582,120.0,0.0,1.0,0.0,80,3097.2,4853.8,6492.5,5922.8,3750.8,55821.0,0.0,37,11719.9,3550.3,0,5109.0,10701.4
CHN_G0418,421750.0,1425250.0,80.278741,12.891527,0.0,0.0,0.582,120.0,0.0,1.0,0.0,80,3597.2,5213.5,6935.7,6379.5,4245.5,56160.8,0.0,48,15503.5,3946.8,0,5599.3,10944.7
CHN_G0419,422250.0,1425250.0,80.28335,12.891539,0.0,0.0,0.582,120.0,0.0,1.0,0.0,80,4097.2,5594.9,7386.3,6842.3,4740.1,56502.9,0.0,0,0.0,4364.6,0,6091.2,11205.0
CHN_G0420,422750.0,1425250.0,80.287958,12.891552,0.0,0.0,0.582,120.0,0.0,1.0,0.0,80,4597.2,5993.7,7842.8,7309.9,5234.8,56847.5,0.0,58,2822.3,4798.1,0,6584.3,11481.2
CHN_G0421,402250.0,1425750.0,80.099,12.895491,45.5,6.67,0.338,337.0,0.0,0.0,1.0,10,10463.9,3361.4,10140.1,770.8,15107.9,43066.6,0.0,503,45011.3,3287.5,0,3637.1,6514.6
CHN_G0422,402750.0,1425750.0,80.103609,12.895506,40.52,7.71,0.462,327.0,0.0,0.0,1.0,10,9970.9,3498.9,9729.5,644.0,14607.9,43358.3,0.0,124,16037.5,3205.3,0,3458.2,6238.5
CHN_G0423,403250.0,1425750.0,80.108217,12.895522,34.15,4.18,0.568,316.0,0.546,0.0,0.449,50,9478.6,3674.7,9327.7,855.4,14107.9,43653.8,0.0,36,4384.6,3020.5,0,3345.1,5991.4
CHN_G0424,403750.0,1425750.0,80.112825,12.895538,28.92,9.49,0.529,318.0,0.321,0.01,0.643,50,8987.1,3889.6,8935.7,1195.8,13607.9,43953.0,0.0,32,4837.7,2704.0,0,3304.6,5777.2
CHN_G0425,404250.0,1425750.0,80.117434,12.895553,24.54,3.9,0.689,324.0,0.491,0.0,0.49,50,8496.7,4153.8,8555.1,1609.9,13108.0,44255.8,0.0,191,30809.6,2449.4,0,3339.3,5599.5
CHN_G0426,404750.0,1425750.0,80.122042,12.895569,26.12,4.73,0.528,321.0,0.303,0.0,0.691,50,8007.4,4458.7,8187.0,1696.5,12608.0,44562.2,0.0,96,24438.5,2127.8,0,3349.2,5461.9
CHN_G0427,405250.0,1425750.0,80.12665,12.895584,28.02,1.66,0.333,322.0,0.062,0.0,0.938,10,7519.5,4796.4,7833.3,1443.2,12108.0,44872.1,0.0,0,0.0,1641.3,0,3166.2,5367.6
CHN_G0428,405750.0,1425750.0,80.131259,12.8956,27.7,1.41,0.303,334.0,0.044,0.0,0.952,10,7033.4,5160.5,7496.3,1321.1,11608.1,45185.4,0.0,0,0.0,1166.2,0,3055.1,5318.8
CHN_G0429,406250.0,1425750.0,80.135867,12.895615,28.0,5.4,0.241,339.0,0.244,0.0,0.756,10,6549.3,5545.8,7178.3,928.7,11108.1,45502.0,0.0,0,0.0,725.4,2,3023.5,5316.7
CHN_G0430,406750.0,1425750.0,80.140475,12.89563,19.96,0.64,0.667,195.0,0.856,0.0,0.128,50,6067.8,5948.3,6881.9,460.6,10608.2,45821.9,0.0,0,0.0,438.5,2,3074.1,5361.5
CHN_G0431,407250.0,1425750.0,80.145084,12.895645,17.36,1.12,0.754,330.0,0.297,0.0,0.701,10,5589.6,6364.5,6610.1,13.7,10108.2,46145.0,0.0,0,0.0,587.4,2,3202.8,5452.0
CHN_G0432,407750.0,1425750.0,80.149692,12.89566,14.8,0.34,0.821,109.0,0.0,0.002,0.427,90,5115.5,6792.1,6162.1,336.4,9608.3,46471.2,0.0,0,0.0,950.2,1,3400.9,5586.0
CHN_G0433,408250.0,1425750.0,80.1543,12.895675,14.32,1.85,0.78,109.0,0.173,0.036,0.348,90,4646.9,7229.0,5705.2,204.4,9108.3,46800.5,0.0,0,0.0,762.8,1,3047.3,5760.3
CHN_G0434,408750.0,1425750.0,80.158909,12.89569,12.99,0.09,0.78,313.0,0.152,0.006,0.831,40,4185.5,7590.3,5256.2,89.8,8608.4,47132.7,0.0,0,0.0,622.5,1,2548.6,5971.6
CHN_G0435,409250.0,1425750.0,80.163517,12.895705,11.97,0.27,0.745,312.0,0.093,0.0,0.904,40,3734.1,7385.2,4817.3,396.1,8108.5,47468.0,0.0,0,0.0,832.7,1,2050.5,6216.0
CHN_G0436,409750.0,1425750.0,80.168125,12.895719,16.66,1.94,0.376,231.0,0.549,0.0,0.445,50,3296.8,6945.9,4391.4,679.7,7608.5,47806.1,0.0,0,0.0,1057.9,0,1553.6,6489.7
CHN_G0437,410250.0,1425750.0,80.172734,12.895734,14.31,1.44,0.446,200.0,0.781,0.0,0.213,50,2879.9,6515.3,3911.6,1019.4,7108.6,48147.0,0.0,0,0.0,633.7,1,1059.7,6789.3
CHN_G0438,410750.0,1425750.0,80.177342,12.895749,12.53,0.55,0.491,161.0,0.57,0.0,0.43,50,2489.8,6095.3,3411.6,574.4,6608.7,48490.7,0.0,0,0.0,429.0,3,576.4,7111.5
CHN_G0439,411250.0,1425750.0,80.181951,12.895763,10.64,1.3,0.608,17.0,0.667,0.0,0.326,50,2139.4,5688.2,2911.7,130.7,6108.9,48837.1,0.0,0,0.0,368.4,4,203.4,7453.3
CHN_G0440,411750.0,1425750.0,80.186559,12.895777,5.56,2.35,0.872,181.0,0.27,0.444,0.242,80,1858.9,5297.2,2411.8,165.6,5609.0,49186.1,0.0,0,0.0,456.2,3,500.6,7812.2
CHN_G0441,412250.0,1425750.0,80.191167,12.895792,5.0,0.0,0.846,302.0,0.028,0.801,0.165,80,1683.3,4925.8,1912.0,398.0,5109.2,49537.7,0.0,0,0.0,883.4,3,979.7,8185.9
CHN_G0442,412750.0,1425750.0,80.195776,12.895806,4.05,0.44,0.834,322.0,0.359,0.0,0.624,50,1604.2,4579.0,1412.3,163.0,4609.4,49880.4,0.0,0,0.0,1155.2,0,1472.7,8572.4
CHN_G0443,413250.0,1425750.0,80.200384,12.89582,3.48,0.3,0.795,309.0,0.296,0.0,0.667,40,1601.1,4262.7,912.9,211.5,4109.7,50186.3,0.0,0,0.0,676.2,1,1969.3,8970.2
CHN_G0444,413750.0,1425750.0,80.204993,12.895834,2.88,0.72,0.763,312.0,0.354,0.0,0.592,50,1710.3,3983.3,415.1,328.4,3610.0,50495.3,0.0,0,0.0,282.9,1,2467.3,9290.8
CHN_G0445,414250.0,1425750.0,80.209601,12.895848,2.0,0.52,0.715,323.0,0.117,0.0,0.808,30,1262.4,3707.0,67.5,376.4,3110.5,50807.4,0.0,0,0.0,450.3,1,1994.3,9169.9
CHN_G0446,414750.0,1425750.0,80.21421,12.895862,2.5,0.2,0.658,329.0,0.029,0.0,0.967,10,762.9,3462.5,471.5,690.3,2611.1,51122.4,0.0,0,0.0,908.6,3,1509.2,9074.8
CHN_G0447,415250.0,1425750.0,80.218818,12.895876,5.21,1.9,0.54,285.0,0.384,0.029,0.51,10,265.5,3184.6,756.6,1145.1,2112.1,51440.3,0.0,0,0.0,500.4,2,1038.3,9006.6
CHN_G0448,415750.0,1425750.0,80.223426,12.895889,7.96,5.05,0.391,133.0,0.68,0.0,0.313,50,42.3,2956.4,1166.9,1626.7,1613.6,51761.2,2160.0,0,0.0,117.8,3,615.2,8965.8
CHN_G0449,416250.0,1425750.0,80.228035,12.895903,7.9,3.44,0.392,77.0,0.61,0.0,0.372,50,409.7,2787.8,1626.8,2116.8,1116.4,52084.8,0.0,0,0.0,391.8,4,423.1,8952.8
CHN_G0450,416750.0,1425750.0,80.232643,12.895917,11.89,4.01,0.167,77.0,0.618,0.019,0.36,50,711.2,2691.7,2104.9,2610.7,623.9,52411.2,0.0,1,30.9,622.5,3,692.4,8967.6
CHN_G0451,417250.0,1425750.0,80.237252,12.89593,1.68,0.95,0.817,231.0,0.214,0.168,0.514,10,778.0,2674.9,2591.3,3106.5,136.2,52740.4,0.0,76,14014.8,839.4,1,1131.3,9010.3
CHN_G0452,417750.0,1425750.0,80.24186,12.895943,5.18,0.62,0.595,307.0,0.292,0.011,0.68,30,577.9,2746.3,3082.0,3532.3,351.6,53072.2,0.0,49,2622.8,1204.4,0,1597.3,9080.3
CHN_G0453,418250.0,1425750.0,80.246469,12.895957,7.77,1.37,0.348,130.0,0.502,0.0,0.488,50,504.8,2890.4,3575.3,3821.4,844.8,53406.6,0.0,4,131.6,1642.2,0,2074.1,9177.0
CHN_G0454,418750.0,1425750.0,80.251077,12.89597,5.83,0.53,0.416,130.0,0.63,0.0,0.37,50,776.2,3109.0,4070.3,4150.7,1340.4,53743.6,0.0,2,128.0,1792.7,0,2559.7,9299.7
CHN_G0455,419250.0,1425750.0,80.255686,12.895983,0.0,0.0,0.745,130.0,0.031,0.811,0.122,80,1204.0,3291.0,4526.5,4511.6,1836.0,54083.1,0.0,0,0.0,1919.9,0,3050.0,9447.3
CHN_G0456,419750.0,1425750.0,80.260294,12.895996,0.0,0.0,0.707,120.0,0.0,1.0,0.0,80,1672.4,3528.8,4943.9,4896.3,2331.6,54425.1,0.0,89,14618.1,2158.4,0,3543.0,9618.6
CHN_G0457,420250.0,1425750.0,80.264903,12.896009,0.0,0.0,0.627,120.0,0.0,1.0,0.0,80,2155.0,3817.6,5375.3,5300.2,2827.1,54769.2,0.0,290,28194.1,2476.1,0,4037.8,9812.4
CHN_G0458,420750.0,1425750.0,80.269511,12.896022,0.0,0.0,0.582,175.0,0.0,1.0,0.0,80,2644.1,4146.8,5817.7,5719.4,3322.7,55114.5,0.0,441,39521.5,2846.7,0,4533.7,10027.5
CHN_G0459,421250.0,1425750.0,80.27412,12.896035,0.0,0.0,0.582,175.0,0.0,1.0,0.0,80,3136.7,4507.5,6268.8,6150.6,3818.3,55454.1,0.0,344,30640.4,3252.1,0,5030.4,10262.4
CHN_G0460,421750.0,1425750.0,80.278728,12.896048,0.0,0.0,0.582,175.0,0.0,1.0,0.0,80,3613.9,4892.8,6726.8,6591.6,4313.9,55796.1,0.0,283,20140.2,3680.8,0,5527.6,10515.9
CHN_G0461,422250.0,1425750.0,80.283337,12.89606,0.0,0.0,0.582,175.0,0.0,1.0,0.0,80,3957.5,5297.3,7190.4,7040.4,4809.5,56140.5,0.0,148,12117.9,4125.6,0,6025.4,10786.5
CHN_G0462,422750.0,1425750.0,80.287945,12.896073,0.0,0.0,0.582,175.0,0.0,1.0,0.0,80,4331.7,5716.9,7658.6,7495.8,5305.1,56487.2,0.0,49,5261.9,4581.8,0,6523.5,11073.2
CHN_G0463,402250.0,1426250.0,80.098984,12.900011,34.53,4.2,0.854,338.0,0.001,0.0,0.999,10,10394.4,2874.0,9869.3,1218.3,15109.5,42660.1,0.0,1,276.4,2804.4,0,3189.7,6113.8
CHN_G0464,402750.0,1426250.0,80.103593,12.900027,30.98,0.51,0.939,327.0,0.085,0.0,0.915,10,9897.9,3033.7,9447.0,1142.3,14609.5,42954.6,0.0,4,1185.3,2707.6,0,2984.1,5818.7
CHN_G0465,403250.0,1426250.0,80.108201,12.900043,31.2,0.13,0.711,94.0,0.363,0.0,0.637,10,9401.8,3216.5,9032.6,1274.9,14109.6,43252.9,0.0,4,626.8,2677.0,0,2852.2,5553.0
CHN_G0466,403750.0,1426250.0,80.112809,12.900059,31.34,2.88,0.39,335.0,0.267,0.0,0.716,10,8906.1,3459.9,8627.2,1561.6,13609.7,43554.8,0.0,2,83.8,2313.9,0,2804.6,5321.1
CHN_G0467,404250.0,1426250.0,80.117418,12.900074,25.75,1.39,0.65,333.0,0.33,0.0,0.67,10,8410.9,3754.6,8232.3,1726.8,13109.7,43860.4,0.0,211,22268.1,2010.6,0,2845.4,5127.6
CHN_G0468,404750.0,1426250.0,80.122026,12.90009,28.22,2.62,0.462,338.0,0.124,0.0,0.876,10,7916.4,4089.3,7849.4,1513.5,12609.8,44169.5,0.0,301,25283.9,1797.4,0,2905.8,4977.0
CHN_G0469,405250.0,1426250.0,80.126635,12.900105,28.96,3.64,0.367,332.0,0.231,0.0,0.769,10,7422.5,4455.1,7480.1,1386.5,12109.9,44482.1,0.0,533,37044.9,1692.1,0,2693.0,4873.3
CHN_G0470,405750.0,1426250.0,80.131243,12.900121,28.56,1.79,0.353,342.0,0.175,0.0,0.814,10,6929.6,4844.9,7126.4,1176.9,11610.0,44798.2,0.0,2,186.6,1192.1,0,2561.3,4819.5
CHN_G0471,406250.0,1426250.0,80.135851,12.900136,19.81,0.53,0.83,338.0,0.088,0.0,0.912,30,6437.7,5253.5,6791.1,743.3,11110.1,45117.5,0.0,101,15631.0,692.1,1,2523.6,4817.2
CHN_G0472,406750.0,1426250.0,80.14046,12.900151,18.47,0.49,0.854,299.0,0.352,0.0,0.618,50,5947.2,5676.7,6477.0,350.9,10610.2,45440.1,0.0,151,56928.1,192.1,2,2584.0,4866.6
CHN_G0473,407250.0,1426250.0,80.145068,12.900166,19.87,1.03,0.696,219.0,0.444,0.0,0.553,50,5458.4,6111.5,6187.5,76.7,10110.3,45765.9,0.0,60,24155.1,307.9,1,2735.9,4966.2
CHN_G0474,407750.0,1426250.0,80.149677,12.900181,22.67,1.72,0.437,214.0,0.635,0.0,0.361,50,4971.8,6555.6,5926.1,564.2,9610.4,46094.8,0.0,8,1994.4,807.9,2,2965.4,5112.8
CHN_G0475,408250.0,1426250.0,80.154285,12.900196,17.81,3.9,0.649,215.0,0.504,0.0,0.425,50,4488.2,6931.3,5696.6,254.8,9110.6,46426.7,0.0,13,2179.3,460.2,4,3055.6,5302.8
CHN_G0476,408750.0,1426250.0,80.158894,12.900211,18.55,1.25,0.516,84.0,0.796,0.008,0.187,50,4008.6,7139.2,5439.7,325.7,8610.8,46761.6,0.0,198,15356.0,132.4,4,2558.5,5531.5
CHN_G0477,409250.0,1426250.0,80.163502,12.900226,15.44,5.16,0.596,194.0,0.454,0.009,0.518,50,3534.7,7167.5,4942.6,549.4,8110.9,47099.5,0.0,543,55344.3,568.6,1,2062.8,5794.5
CHN_G0478,409750.0,1426250.0,80.168111,12.90024,17.84,1.97,0.357,323.0,0.702,0.008,0.29,50,3069.1,6713.9,4446.2,523.9,7611.1,47440.3,0.0,246,35864.3,1062.6,0,1569.9,6087.2
CHN_G0479,410250.0,1426250.0,80.172719,12.900255,14.47,0.54,0.478,90.0,0.864,0.0,0.135,50,2616.2,6267.4,3950.6,764.3,7111.4,47783.8,0.0,25,3528.5,1038.9,0,1083.4,6405.7
CHN_G0480,410750.0,1426250.0,80.177327,12.90027,10.42,1.35,0.653,119.0,0.324,0.0,0.661,40,2183.9,5829.6,3456.3,753.7,6611.7,48130.1,0.0,95,9576.5,928.3,1,618.8,6746.2
CHN_G0481,411250.0,1426250.0,80.181936,12.900284,13.44,7.43,0.459,215.0,0.459,0.0,0.536,50,1784.8,5402.5,2963.9,483.7,6112.0,48479.0,0.0,351,50042.4,841.7,1,303.5,7105.6
CHN_G0482,411750.0,1426250.0,80.186544,12.900298,5.0,0.0,0.917,146.0,0.026,0.424,0.496,80,1436.5,4989.1,2474.6,282.2,5612.3,48830.6,0.0,287,45746.2,883.7,1,548.9,7481.2
CHN_G0483,412250.0,1426250.0,80.191153,12.900313,8.21,2.55,0.657,146.0,0.365,0.255,0.286,50,1200.8,4592.9,1990.6,647.4,5112.8,49179.5,0.0,0,0.0,1163.3,0,1005.2,7870.6
CHN_G0484,412750.0,1426250.0,80.195761,12.900327,7.95,0.36,0.594,187.0,0.676,0.143,0.179,50,1105.7,4218.8,1510.2,659.2,4613.3,49484.7,0.0,0,0.0,1045.9,0,1489.9,8271.9
CHN_G0485,413250.0,1426250.0,80.20037,12.900341,5.63,1.6,0.658,312.0,0.358,0.0,0.626,50,1102.9,3873.3,1034.0,707.8,4114.0,49793.0,0.0,0,0.0,674.2,4,1970.1,8683.5
CHN_G0486,413750.0,1426250.0,80.204978,12.900355,3.08,0.04,0.734,299.0,0.275,0.0,0.71,40,1256.2,3564.5,556.5,816.1,3614.9,50104.4,0.0,0,0.0,278.2,4,2167.8,8810.1
CHN_G0487,414250.0,1426250.0,80.209587,12.900369,1.83,0.61,0.723,162.0,0.102,0.0,0.865,40,1373.2,3285.9,130.8,870.8,3116.0,50418.9,0.0,0,0.0,447.4,3,1951.2,8682.4
CHN_G0488,414750.0,1426250.0,80.214195,12.900383,1.66,0.29,0.703,310.0,0.021,0.0,0.964,40,898.1,3026.3,51.4,1045.5,2617.6,50736.3,0.0,0,0.0,533.5,3,1451.7,8582.0
CHN_G0489,415250.0,1426250.0,80.218804,12.900397,1.44,0.69,0.757,319.0,0.112,0.149,0.2,90,466.3,2764.8,535.7,1388.5,2119.9,51056.6,0.0,0,0.0,500.3,2,952.9,8509.8
CHN_G0490,415750.0,1426250.0,80.223412,12.90041,7.68,5.25,0.403,131.0,0.304,0.092,0.548,50,358.4,2504.9,1035.0,1806.3,1623.6,51379.9,0.0,0,0.0,527.2,4,456.6,8466.6
CHN_G0491,416250.0,1426250.0,80.228021,12.900424,6.65,1.17,0.46,131.0,0.808,0.0,0.185,50,576.5,2309.1,1534.7,2257.8,1129.5,51705.9,0.0,0,0.0,104.5,4,47.8,8452.8
CHN_G0492,416750.0,1426250.0,80.23263,12.900438,9.15,1.81,0.318,77.0,0.836,0.0,0.16,50,285.0,2195.3,2034.6,2726.2,635.7,52034.7,0.0,0,0.0,177.2,3,502.7,8468.5
CHN_G0493,417250.0,1426250.0,80.237238,12.900451,1.35,0.96,0.829,145.0,0.296,0.012,0.473,50,327.2,2175.8,2534.5,3204.2,143.1,52366.2,133.1,0,0.0,526.8,3,1001.6,8513.7
CHN_G0494,417750.0,1426250.0,80.241847,12.900464,2.05,0.46,0.785,310.0,0.362,0.012,0.614,50,755.2,2259.2,3034.4,3688.1,347.1,52700.4,0.0,0,0.0,1011.7,0,1501.2,8587.7
CHN_G0495,418250.0,1426250.0,80.246455,12.900478,4.34,1.26,0.559,217.0,0.332,0.0,0.663,10,999.2,2432.3,3425.0,4175.7,837.3,53037.2,0.0,0,0.0,1308.6,0,2001.0,8689.9
CHN_G0496,418750.0,1426250.0,80.251064,12.900491,9.23,3.39,0.219,217.0,0.384,0.0,0.613,10,1161.1,2639.6,3831.8,4524.6,1327.4,53376.5,0.0,0,0.0,1298.0,0,2500.9,8819.4
CHN_G0497,419250.0,1426250.0,80.255672,12.900504,0.0,0.0,0.752,217.0,0.069,0.679,0.192,80,1481.7,2844.2,4258.5,4857.7,1817.6,53718.3,0.0,0,0.0,1468.8,0,3000.8,8974.9
CHN_G0498,419750.0,1426250.0,80.260281,12.900517,0.0,0.0,0.721,175.0,0.0,1.0,0.0,80,1882.2,3116.2,4699.7,5217.6,2307.8,54062.3,0.0,0,0.0,1769.1,0,3500.8,9155.0
CHN_G0499,420250.0,1426250.0,80.264889,12.90053,0.0,0.0,0.638,175.0,0.0,1.0,0.0,80,2321.6,3439.9,5151.6,5598.5,2798.0,54408.0,0.0,0,0.0,2145.3,0,4000.7,9358.5
CHN_G0500,420750.0,1426250.0,80.269498,12.900543,0.0,0.0,0.583,175.0,0.0,1.0,0.0,80,2619.6,3801.9,5611.7,5996.9,3288.5,54747.4,0.0,0,0.0,2564.1,0,4500.7,9583.7
CHN_G0501,421250.0,1426250.0,80.274107,12.900556,0.0,0.0,0.582,175.0,0.0,1.0,0.0,80,2909.3,4192.4,6078.1,6409.5,3779.6,55089.3,0.0,0,0.0,3007.8,0,5000.7,9829.2
CHN_G0502,421750.0,1426250.0,80.278715,12.900569,0.0,0.0,0.582,175.0,0.0,1.0,0.0,80,3250.6,4604.1,6549.4,6833.7,4270.8,55433.6,0.0,0,0.0,3466.9,0,5500.7,10093.6
CHN_G0503,422250.0,1426250.0,80.283324,12.900581,0.0,0.0,0.582,175.0,0.0,1.0,0.0,80,3628.8,5031.9,7024.8,7267.6,4761.9,55780.2,0.0,0,0.0,3936.0,0,6000.6,10375.3
CHN_G0504,422750.0,1426250.0,80.287932,12.900594,0.0,0.0,0.582,175.0,0.0,1.0,0.0,80,4033.6,5471.9,7503.3,7709.6,5253.0,56129.2,0.0,0,0.0,4411.9,0,6500.6,10673.0
CHN_G0505,402250.0,1426750.0,80.098968,12.904532,27.55,1.15,1.0,216.0,0.564,0.001,0.423,50,10348.6,2391.8,9616.9,1695.4,15125.2,42255.7,0.0,4,200.9,2328.6,0,2760.3,5728.6
CHN_G0506,402750.0,1426750.0,80.103576,12.904548,28.17,2.41,0.991,342.0,0.746,0.002,0.251,50,9849.8,2561.7,9183.0,1641.7,14625.8,42552.9,0.0,0,0.0,2211.0,0,2519.9,5412.5
CHN_G0507,403250.0,1426750.0,80.108185,12.904564,25.36,0.46,1.0,342.0,0.061,0.0,0.939,10,9351.2,2772.7,8756.1,1736.5,14126.5,42854.0,0.0,94,15360.8,2203.3,0,2362.3,5125.8
CHN_G0508,403750.0,1426750.0,80.112793,12.904579,31.09,3.19,0.43,329.0,0.21,0.0,0.79,10,8852.7,3051.8,8337.3,1722.9,13627.1,43158.8,0.0,155,31614.5,1974.1,0,2304.6,4873.6
CHN_G0509,404250.0,1426750.0,80.117402,12.904595,27.46,0.23,0.613,36.0,0.738,0.0,0.261,50,8354.3,3382.2,7928.0,1334.7,13127.9,43467.1,0.0,103,59409.0,1607.8,0,2354.1,4661.6
CHN_G0510,404750.0,1426750.0,80.12201,12.904611,25.9,1.37,0.676,336.0,0.444,0.0,0.556,50,7856.2,3750.3,7529.6,1045.8,12628.7,43779.0,0.0,43,11882.3,1331.6,0,2484.1,4495.4
CHN_G0511,405250.0,1426750.0,80.126619,12.904626,27.13,0.82,0.559,333.0,0.498,0.0,0.502,50,7358.3,4146.1,7144.0,890.7,12129.5,44094.4,0.0,42,9804.9,1208.9,0,2231.4,4380.3
CHN_G0512,405750.0,1426750.0,80.131227,12.904641,30.15,3.95,0.347,341.0,0.181,0.0,0.819,30,6860.7,4562.4,6773.3,944.8,11630.5,44413.2,0.0,137,16005.7,1284.3,0,2070.6,4320.4
CHN_G0513,406250.0,1426750.0,80.135836,12.904657,26.65,9.88,0.505,338.0,0.05,0.0,0.95,10,6363.5,4994.1,6419.5,584.0,11131.5,44735.3,0.0,167,24056.1,853.7,1,2023.8,4317.9
CHN_G0514,406750.0,1426750.0,80.140444,12.904672,19.84,3.79,0.845,216.0,0.375,0.0,0.567,50,5866.8,5437.6,6086.3,91.3,10632.6,45060.6,0.0,389,34102.4,535.4,2,2098.6,4372.9
CHN_G0515,407250.0,1426750.0,80.145053,12.904687,25.96,2.78,0.393,219.0,0.916,0.0,0.084,50,5370.7,5890.0,5777.3,337.6,10133.8,45389.1,0.0,339,26644.9,587.1,2,2283.0,4483.4
CHN_G0516,407750.0,1426750.0,80.149661,12.904702,24.47,1.1,0.392,214.0,0.941,0.0,0.057,50,4875.4,6282.8,5496.4,750.2,9635.2,45720.7,0.0,52,2432.2,861.9,6,2553.5,4645.3
CHN_G0517,408250.0,1426750.0,80.15427,12.904717,23.83,3.45,0.353,215.0,0.694,0.0,0.305,50,4381.2,6472.9,5248.2,749.6,9136.7,46055.3,0.0,6,1163.7,426.5,7,2886.0,4853.6
CHN_G0518,408750.0,1426750.0,80.158878,12.904732,25.01,1.98,0.196,84.0,0.781,0.0,0.219,50,3888.4,6695.0,5037.5,760.0,8638.3,46393.0,0.0,0,0.0,347.8,8,2664.0,5102.5
CHN_G0519,409250.0,1426750.0,80.163487,12.904747,19.5,2.57,0.427,323.0,0.679,0.042,0.273,50,3397.8,6946.1,4868.0,260.3,8140.2,46733.5,0.0,0,0.0,673.2,6,2192.3,5386.5
CHN_G0520,409750.0,1426750.0,80.168096,12.904761,18.05,2.46,0.417,323.0,0.49,0.004,0.487,50,2910.3,6512.1,4536.0,113.5,7642.3,47076.9,0.0,3,672.1,1122.0,0,1736.4,5700.2
CHN_G0521,410250.0,1426750.0,80.172704,12.904776,10.34,0.55,0.789,314.0,0.118,0.0,0.874,40,2427.9,6050.7,4051.4,430.8,7144.8,47423.1,0.0,89,15374.2,1340.6,0,1313.2,6039.1
CHN_G0522,410750.0,1426750.0,80.177313,12.90479,9.01,0.28,0.804,308.0,0.003,0.0,0.996,40,1954.4,5596.0,3570.5,336.5,6647.5,47772.0,0.0,266,36019.5,1163.0,0,966.2,6399.2
CHN_G0523,411250.0,1426750.0,80.181921,12.904805,7.73,0.45,0.859,314.0,0.288,0.0,0.694,40,1498.3,5149.6,3091.2,155.2,6150.8,48123.5,0.0,297,22414.7,1045.9,0,801.7,6777.0
CHN_G0524,411750.0,1426750.0,80.18653,12.904819,9.29,0.28,0.716,326.0,0.393,0.0,0.6,50,1081.6,4714.1,2613.3,36.3,5654.6,48477.7,0.0,459,43182.9,1050.4,0,923.0,7169.8
CHN_G0525,412250.0,1426750.0,80.191138,12.904834,13.26,0.64,0.396,13.0,0.896,0.0,0.093,50,741.7,4292.6,2137.5,530.0,5159.1,48783.1,0.0,347,25022.8,840.6,5,1249.5,7575.3
CHN_G0526,412750.0,1426750.0,80.195747,12.904848,12.75,1.27,0.334,192.0,0.979,0.0,0.019,50,609.7,3889.7,1672.2,1029.6,4664.6,49090.8,0.0,145,17606.0,665.0,4,1388.2,7991.4
CHN_G0527,413250.0,1426750.0,80.200356,12.904862,8.75,1.15,0.495,192.0,0.66,0.003,0.337,50,607.5,3511.9,1225.5,1205.7,4170.8,49401.6,0.0,72,20629.6,339.2,5,1498.3,8416.7
CHN_G0528,413750.0,1426750.0,80.204964,12.904876,2.48,0.77,0.779,318.0,0.557,0.0,0.436,50,843.3,3168.2,835.3,1310.4,3677.0,49715.4,0.0,105,38441.1,279.8,4,1750.1,8331.5
CHN_G0529,414250.0,1426750.0,80.209573,12.90489,3.04,0.41,0.656,314.0,0.314,0.0,0.66,30,1202.8,2870.7,371.5,1369.3,3183.7,50032.3,0.0,1,490.7,278.5,5,2034.0,8196.4
CHN_G0530,414750.0,1426750.0,80.214181,12.904904,4.24,0.28,0.545,103.0,0.308,0.122,0.512,50,1173.3,2593.4,127.4,1486.6,2692.6,50352.2,0.0,3,526.0,288.5,2,1561.2,8089.9
CHN_G0531,415250.0,1426750.0,80.21879,12.904918,3.85,0.23,0.602,319.0,0.741,0.024,0.16,50,887.5,2361.2,603.2,1744.9,2202.4,50675.0,0.0,18,3120.5,221.0,1,1097.1,8013.3
CHN_G0532,415750.0,1426750.0,80.223399,12.904931,3.86,1.48,0.617,131.0,0.624,0.011,0.363,50,803.0,2070.6,1077.3,2092.7,1712.2,51000.6,0.0,12,2150.4,700.5,4,673.9,7967.4
CHN_G0533,416250.0,1426750.0,80.228007,12.904945,7.34,1.28,0.408,131.0,0.766,0.0,0.204,50,323.5,1841.2,1552.9,2492.8,1222.1,51329.1,0.0,113,38308.3,421.4,5,452.2,7952.8
CHN_G0534,416750.0,1426750.0,80.232616,12.904959,9.38,0.83,0.29,78.0,0.874,0.006,0.119,50,118.3,1701.1,1944.0,2923.9,731.9,51660.3,3712.4,215,32866.1,322.9,6,674.5,7969.5
CHN_G0535,417250.0,1426750.0,80.237224,12.904972,1.27,0.56,0.821,78.0,0.284,0.022,0.473,50,330.1,1677.1,2335.1,3374.0,241.7,51994.2,14.0,4,612.4,591.9,1,1097.9,8017.4
CHN_G0536,417750.0,1426750.0,80.241833,12.904985,1.86,0.79,0.798,234.0,0.25,0.052,0.642,30,756.5,1779.3,2724.7,3836.5,248.5,52330.7,0.0,0,0.0,1047.1,0,1567.1,8096.0
CHN_G0537,418250.0,1426750.0,80.246442,12.904999,3.38,1.24,0.623,130.0,0.25,0.0,0.748,10,1239.2,1993.6,3142.6,4307.4,739.1,52669.8,0.0,182,25325.0,826.8,1,2050.9,8204.4
CHN_G0538,418750.0,1426750.0,80.25105,12.905012,14.09,0.85,0.0,130.0,0.378,0.0,0.601,10,1610.6,2173.9,3581.6,4784.2,1230.2,53011.5,0.0,134,27569.8,810.0,1,2541.0,8341.4
CHN_G0539,419250.0,1426750.0,80.255659,12.905025,0.0,0.0,0.756,175.0,0.083,0.564,0.309,80,1673.9,2418.2,4034.9,5228.8,1721.3,53355.4,0.0,0,0.0,1062.3,0,3034.3,8505.6
CHN_G0540,419750.0,1426750.0,80.260268,12.905038,0.0,0.0,0.73,175.0,0.0,1.0,0.0,80,1744.1,2733.0,4498.0,5564.7,2212.5,53701.5,0.0,0,0.0,1449.5,0,3529.5,8695.5
CHN_G0541,420250.0,1426750.0,80.264876,12.905051,0.0,0.0,0.648,175.0,0.0,1.0,0.0,80,1940.8,3097.0,4968.3,5923.8,2703.6,54040.8,0.0,0,0.0,1890.3,0,4025.9,8909.4
CHN_G0542,420750.0,1426750.0,80.269485,12.905064,0.0,0.0,0.585,175.0,0.0,1.0,0.0,80,2206.5,3494.7,5443.9,6301.9,3194.8,54382.5,0.0,0,0.0,2355.0,0,4523.1,9145.7
CHN_G0543,421250.0,1426750.0,80.274094,12.905077,0.0,0.0,0.582,175.0,0.0,1.0,0.0,80,2543.7,3915.9,5923.6,6695.7,3685.9,54726.7,0.0,0,0.0,2831.7,0,5020.9,9402.7
CHN_G0544,421750.0,1426750.0,80.278702,12.90509,0.0,0.0,0.582,175.0,0.0,1.0,0.0,80,2927.8,4353.9,6406.3,7102.9,4177.1,55073.2,0.0,0,0.0,3315.2,0,5519.0,9678.7
CHN_G0545,422250.0,1426750.0,80.283311,12.905102,0.0,0.0,0.582,175.0,0.0,1.0,0.0,80,3342.8,4804.0,6891.5,7521.3,4667.4,55422.1,0.0,0,0.0,3803.1,0,6017.5,9972.2
CHN_G0546,422750.0,1426750.0,80.28792,12.905115,0.0,0.0,0.582,175.0,0.0,1.0,0.0,80,3778.3,5263.1,7378.7,7949.1,5149.6,55773.3,0.0,0,0.0,4293.7,0,6516.2,10281.6
CHN_G0547,402250.0,1427250.0,80.098952,12.909053,27.6,2.51,0.699,216.0,0.624,0.001,0.374,50,10326.9,1918.8,9384.4,2129.7,15157.4,41853.3,0.0,0,0.0,1865.3,0,2359.0,5362.4
CHN_G0548,402750.0,1427250.0,80.10356,12.909069,24.63,2.2,0.915,335.0,0.94,0.0,0.06,50,9827.0,2098.8,8939.2,2141.3,14659.1,42153.4,0.0,0,0.0,1716.3,0,2072.6,5023.3
CHN_G0549,403250.0,1427250.0,80.108169,12.909085,23.28,0.98,1.0,335.0,0.649,0.0,0.314,50,9327.1,2351.7,8500.1,1987.5,14161.0,42457.3,0.0,0,0.0,1706.4,0,1877.8,4712.9
CHN_G0550,403750.0,1427250.0,80.112777,12.9091,26.03,0.13,0.744,337.0,0.21,0.0,0.786,30,8827.2,2675.1,8068.0,1505.3,13662.9,42764.9,0.0,0,0.0,1644.7,0,1804.7,4437.4
CHN_G0551,404250.0,1427250.0,80.117386,12.909116,28.11,0.8,0.653,305.0,0.538,0.0,0.45,50,8327.4,3046.6,7644.3,1039.7,13165.0,43076.1,0.0,0,0.0,1275.8,0,1867.5,4203.4
CHN_G0552,404750.0,1427250.0,80.121995,12.909131,29.47,0.52,0.564,34.0,0.616,0.0,0.384,50,7827.5,3450.7,7230.3,627.6,12667.2,43390.8,0.0,0,0.0,903.3,1,2053.8,4018.3
CHN_G0553,405250.0,1427250.0,80.126603,12.909147,37.35,2.78,0.057,334.0,0.333,0.0,0.648,10,7327.7,3877.2,6827.8,404.3,12169.7,43709.0,0.0,0,0.0,710.0,1,1790.6,3889.1
CHN_G0554,405750.0,1427250.0,80.131212,12.909162,30.74,2.17,0.421,338.0,0.33,0.0,0.67,10,6827.9,4319.5,6439.0,495.5,11672.3,44030.5,0.0,0,0.0,832.0,1,1585.7,3821.5
CHN_G0555,406250.0,1427250.0,80.13582,12.909178,27.04,7.64,0.58,331.0,0.252,0.0,0.714,10,6328.1,4773.3,6066.4,793.5,11175.2,44355.4,0.0,0,0.0,907.2,1,1524.1,3818.7
CHN_G0556,406750.0,1427250.0,80.140429,12.909193,21.77,1.63,0.81,221.0,0.823,0.0,0.156,50,5828.4,5235.4,5712.7,544.9,10678.4,44683.5,0.0,0,0.0,449.2,1,1622.1,3880.8
CHN_G0557,407250.0,1427250.0,80.145038,12.909208,31.19,1.65,0.158,221.0,0.961,0.0,0.035,50,5328.7,5648.5,5382.2,672.6,10181.9,45014.7,0.0,0,0.0,283.8,1,1854.5,4004.9
CHN_G0558,407750.0,1427250.0,80.149646,12.909223,25.73,0.92,0.406,204.0,0.67,0.0,0.33,50,4829.1,5816.3,5079.5,1040.7,9685.7,45349.1,0.0,0,0.0,677.7,9,2178.9,4185.4
CHN_G0559,408250.0,1427250.0,80.154255,12.909238,23.42,0.91,0.475,99.0,0.712,0.0,0.275,50,4329.6,6021.1,4809.8,1248.3,9189.9,45686.4,0.0,0,0.0,265.6,10,2560.4,4415.4
CHN_G0560,408750.0,1427250.0,80.158863,12.909253,22.42,1.58,0.451,99.0,0.89,0.0,0.11,50,3830.2,6259.3,4579.1,918.4,8694.6,46026.8,0.0,0,0.0,193.9,10,2854.4,4687.7
CHN_G0561,409250.0,1427250.0,80.163472,12.909267,14.39,3.58,0.845,286.0,0.386,0.31,0.26,50,3331.0,6527.1,4392.6,571.1,8199.9,46370.0,0.0,1,31.5,434.1,7,2420.1,4995.3
CHN_G0562,409750.0,1427250.0,80.168081,12.909282,14.49,3.01,0.743,286.0,0.087,0.314,0.521,10,2832.0,6343.4,4241.9,335.8,7705.9,46716.1,0.0,1,69.4,821.5,2,2016.4,5332.1
CHN_G0563,410250.0,1427250.0,80.172689,12.909297,10.68,0.44,0.881,331.0,0.11,0.041,0.763,40,2333.5,5868.8,4112.8,166.1,7212.1,47064.9,0.0,420,26246.1,949.1,2,1665.9,5692.9
CHN_G0564,410750.0,1427250.0,80.177298,12.909311,11.5,2.68,0.776,317.0,0.278,0.0,0.72,40,1835.8,5398.7,3718.6,39.3,6718.3,47416.4,0.0,268,20881.1,675.3,3,1408.7,6073.5
CHN_G0565,411250.0,1427250.0,80.181907,12.909326,8.9,0.34,0.912,315.0,0.384,0.0,0.583,40,1339.9,4934.6,3248.9,281.5,6225.0,47770.6,0.0,63,34698.0,547.0,3,1301.3,6470.4
CHN_G0566,411750.0,1427250.0,80.186515,12.90934,9.46,1.08,0.829,208.0,0.356,0.0,0.59,50,848.8,4478.2,2789.8,456.7,5732.8,48081.8,0.0,52,20057.0,697.1,17,1286.3,6880.7
CHN_G0567,412250.0,1427250.0,80.191124,12.909354,15.15,0.85,0.394,13.0,0.705,0.0,0.288,50,381.3,4032.1,2341.9,708.5,5242.1,48388.7,0.0,13,3059.1,359.1,22,986.2,7302.3
CHN_G0568,412750.0,1427250.0,80.195732,12.909369,15.24,1.8,0.29,13.0,0.967,0.0,0.033,50,140.0,3600.2,1901.1,1131.9,4751.9,48698.8,6319.1,0,0.0,191.4,20,889.1,7733.1
CHN_G0569,413250.0,1427250.0,80.200341,12.909383,11.29,1.84,0.435,5.0,0.768,0.0,0.214,50,148.0,3188.2,1402.2,1600.1,4261.8,49012.1,2414.1,102,13094.8,349.2,8,1052.8,8027.8
CHN_G0570,413750.0,1427250.0,80.20495,12.909397,2.96,0.9,0.813,154.0,0.41,0.001,0.58,50,521.2,2805.1,903.3,1790.1,3771.6,49328.5,0.0,337,55179.1,335.9,4,1388.0,7855.7
CHN_G0571,414250.0,1427250.0,80.209559,12.909411,1.73,0.66,0.773,311.0,0.101,0.005,0.87,30,1003.6,2464.2,404.4,1868.6,3281.4,49647.8,0.0,72,21772.6,450.9,4,1801.2,7712.2
CHN_G0572,414750.0,1427250.0,80.214167,12.909425,2.05,0.72,0.686,311.0,0.052,0.339,0.516,80,1497.6,2184.1,68.0,1956.2,2791.2,49970.2,0.0,2,149.2,617.9,2,1776.4,7599.0
CHN_G0573,415250.0,1427250.0,80.218776,12.909439,1.48,0.37,0.724,259.0,0.318,0.289,0.302,50,1143.5,1908.5,459.1,2159.0,2301.0,50295.4,0.0,70,9647.5,589.4,1,1380.5,7517.4
CHN_G0574,415750.0,1427250.0,80.223385,12.909452,5.92,3.5,0.465,259.0,0.694,0.0,0.269,50,657.9,1664.9,850.3,2448.7,1810.4,50623.5,0.0,48,5693.1,548.9,3,1075.3,7468.4
CHN_G0575,416250.0,1427250.0,80.227993,12.909466,6.34,2.24,0.44,99.0,0.744,0.004,0.221,50,241.1,1387.3,1241.4,2798.4,1319.2,50954.4,1839.6,31,3099.9,164.8,5,952.2,7452.8
CHN_G0576,416750.0,1427250.0,80.232602,12.90948,6.33,3.79,0.442,63.0,0.73,0.043,0.201,50,6.8,1211.5,1632.5,3188.4,828.1,51288.0,7903.8,291,26382.1,461.9,4,1075.7,7470.6
CHN_G0577,417250.0,1427250.0,80.237211,12.909493,1.21,0.8,0.797,78.0,0.19,0.006,0.743,30,404.9,1179.6,2029.1,3605.6,336.9,51624.3,0.0,424,46345.4,713.3,4,1381.2,7521.8
CHN_G0578,417750.0,1427250.0,80.241819,12.909506,1.59,0.77,0.802,230.0,0.0,0.016,0.862,30,862.0,1314.4,2463.6,4041.7,154.2,51963.2,0.0,275,36826.2,826.0,1,1777.1,7605.5
CHN_G0579,418250.0,1427250.0,80.246428,12.90952,7.03,1.9,0.407,134.0,0.054,0.0,0.944,10,1286.5,1537.1,2919.2,4491.1,645.4,52304.7,0.0,370,37447.8,393.4,1,2215.5,7720.7
CHN_G0580,418750.0,1427250.0,80.251037,12.909533,7.73,3.28,0.319,100.0,0.477,0.0,0.511,50,1279.8,1727.6,3387.3,4950.2,1136.5,52648.5,0.0,291,19737.5,356.7,1,2675.6,7866.1
CHN_G0581,419250.0,1427250.0,80.255646,12.909546,3.26,4.85,0.566,175.0,0.165,0.445,0.35,80,1173.9,2026.4,3863.4,5416.6,1627.7,52994.7,0.0,18,2508.0,774.4,1,3147.9,8040.1
CHN_G0582,419750.0,1427250.0,80.260254,12.909559,0.0,0.0,0.739,175.0,0.0,1.0,0.0,80,1272.0,2393.3,4344.8,5888.5,2118.8,53334.1,0.0,113,33175.4,1253.8,0,3627.7,8240.7
CHN_G0583,420250.0,1427250.0,80.264863,12.909572,0.0,0.0,0.662,175.0,0.0,1.0,0.0,80,1507.6,2801.7,4830.1,6271.8,2608.3,53675.7,0.0,48,29072.8,1744.9,0,4112.2,8466.1
CHN_G0584,420750.0,1427250.0,80.269472,12.909585,0.0,0.0,0.589,175.0,0.0,1.0,0.0,80,1837.0,3235.9,5318.1,6630.3,3088.2,54019.7,0.0,52,28544.4,2239.9,0,4600.1,8714.5
CHN_G0585,421250.0,1427250.0,80.274081,12.909598,0.0,0.0,0.582,175.0,0.0,1.0,0.0,80,2230.8,3686.9,5808.1,7005.9,3573.7,54366.2,0.0,15,5133.3,2736.7,0,5090.3,8983.8
CHN_G0586,421750.0,1427250.0,80.278689,12.909611,0.0,0.0,0.582,175.0,0.0,1.0,0.0,80,2660.5,4149.1,6299.7,7396.1,4062.7,54715.0,0.0,11,2671.3,3234.5,0,5582.3,9272.3
CHN_G0587,422250.0,1427250.0,80.283298,12.909623,0.0,0.0,0.582,175.0,0.0,1.0,0.0,80,3111.3,4619.1,6792.5,7798.8,4554.0,55066.2,0.0,65,31638.7,3732.9,0,6075.5,9578.2
CHN_G0588,422750.0,1427250.0,80.287907,12.909636,0.0,0.0,0.582,175.0,0.0,1.0,0.0,80,3575.2,5094.9,7286.3,8212.2,5047.1,55419.6,0.0,127,52807.2,4231.6,0,6545.8,9899.9
CHN_G0589,402250.0,1427750.0,80.098936,12.913574,19.78,5.07,0.881,216.0,0.821,0.0,0.178,50,10329.3,1456.7,9173.3,1740.4,15206.1,41453.0,0.0,158,41946.3,1427.2,0,2002.6,5019.3
CHN_G0590,402750.0,1427750.0,80.103544,12.91359,21.34,2.45,0.866,228.0,0.655,0.0,0.343,50,9829.6,1657.6,8717.3,2117.3,14709.4,41756.0,0.0,291,44727.4,1226.0,0,1655.6,4655.3
CHN_G0591,403250.0,1427750.0,80.108153,12.913605,25.84,1.17,0.687,228.0,0.556,0.0,0.416,50,9329.8,1968.0,8266.4,1934.5,14213.0,42062.8,0.0,37,13401.6,1212.1,0,1404.1,4318.6
CHN_G0592,403750.0,1427750.0,80.112762,12.913621,22.5,0.03,0.959,336.0,0.203,0.003,0.701,40,8830.1,2344.9,7821.5,1434.7,13716.8,42373.2,0.0,130,22543.8,1146.5,0,1304.7,4016.0
CHN_G0593,404250.0,1427750.0,80.11737,12.913637,30.65,1.42,0.544,342.0,0.106,0.0,0.894,10,8330.4,2761.2,7383.6,934.9,13220.9,42687.3,0.0,102,18842.9,1016.7,0,1390.3,3755.9
CHN_G0594,404750.0,1427750.0,80.121979,12.913652,34.36,2.77,0.341,347.0,0.224,0.0,0.776,10,7830.7,3201.5,6954.1,435.6,12725.4,43004.8,0.0,135,33333.8,598.9,2,1632.0,3547.6
CHN_G0595,405250.0,1427750.0,80.126587,12.913668,30.65,1.15,0.53,335.0,0.383,0.0,0.602,10,7331.1,3657.2,6534.6,60.7,12230.2,43325.9,0.0,8,1580.2,216.3,3,1390.4,3400.5
CHN_G0596,405750.0,1427750.0,80.131196,12.913683,25.0,0.01,0.841,155.0,0.186,0.052,0.408,90,6831.6,4123.2,6127.2,313.8,11735.4,43650.2,0.0,0,0.0,484.7,2,1114.3,3323.0
CHN_G0597,406250.0,1427750.0,80.135805,12.913698,22.94,0.41,0.897,335.0,0.154,0.0,0.835,40,6332.1,4596.4,5734.5,801.1,11241.1,43977.9,0.0,0,0.0,722.6,5,1024.6,3319.7
CHN_G0598,406750.0,1427750.0,80.140413,12.913714,25.47,1.59,0.661,136.0,0.653,0.0,0.322,50,5832.7,5033.5,5359.7,987.4,10747.2,44308.8,0.0,0,0.0,446.0,10,1165.4,3391.0
CHN_G0599,407250.0,1427750.0,80.145022,12.913729,32.03,5.04,0.176,85.0,0.772,0.0,0.221,50,5333.4,5173.1,5006.0,1118.3,10253.4,44642.8,0.0,0,0.0,278.7,12,1471.9,3532.3
CHN_G0600,407750.0,1427750.0,80.149631,12.913744,29.4,4.6,0.261,204.0,0.307,0.0,0.693,10,4834.3,5355.8,4679.0,1374.9,9759.6,44979.9,0.0,0,0.0,412.2,13,1864.0,3735.7
CHN_G0601,408250.0,1427750.0,80.15424,12.913759,27.34,5.61,0.318,99.0,0.784,0.0,0.214,50,4335.4,5577.6,4384.7,1618.4,9266.3,45320.1,0.0,0,0.0,96.1,11,2298.5,3991.7
CHN_G0602,408750.0,1427750.0,80.158848,12.913774,20.63,1.38,0.634,99.0,0.84,0.0,0.16,50,3836.8,5833.9,4130.3,1268.6,8773.8,45663.1,0.0,0,0.0,296.6,10,2755.2,4291.0
CHN_G0603,409250.0,1427750.0,80.163457,12.913788,12.86,2.01,1.0,256.0,0.271,0.179,0.513,10,3338.5,6120.4,3923.3,965.3,8282.2,46009.1,0.0,0,0.0,272.7,10,2721.7,4625.0
CHN_G0604,409750.0,1427750.0,80.168066,12.913803,14.38,0.97,0.854,136.0,0.392,0.057,0.528,50,2840.9,6210.5,3768.8,564.0,7791.6,46357.8,0.0,0,0.0,517.4,4,2369.9,4986.9
CHN_G0605,410250.0,1427750.0,80.172674,12.913818,18.34,1.88,0.534,54.0,0.715,0.0,0.285,50,2344.3,5724.9,3624.5,201.5,7301.4,46709.3,0.0,0,0.0,475.8,4,2079.9,5371.0
CHN_G0606,410750.0,1427750.0,80.177283,12.913832,17.95,3.69,0.502,285.0,0.959,0.0,0.041,50,1849.5,5241.9,3543.3,447.7,6811.3,47063.5,0.0,0,0.0,243.7,5,1880.2,5772.9
CHN_G0607,411250.0,1427750.0,80.181892,12.913847,12.62,3.0,0.799,285.0,0.702,0.0,0.295,50,1358.6,4762.5,3442.6,700.9,6321.1,47380.6,0.0,0,0.0,67.1,13,1483.3,6189.0
CHN_G0608,411750.0,1427750.0,80.186501,12.913861,15.37,1.77,0.591,23.0,0.897,0.0,0.101,50,878.0,4287.8,2949.1,934.2,5830.9,47686.8,0.0,0,0.0,384.3,30,1009.0,6616.8
CHN_G0609,412250.0,1427750.0,80.191109,12.913875,17.11,2.25,0.373,13.0,0.868,0.0,0.13,50,419.0,3819.5,2458.2,1105.9,5340.7,47996.3,0.0,0,0.0,91.7,31,579.7,7054.2
CHN_G0610,412750.0,1427750.0,80.195718,12.91389,19.81,2.56,0.108,149.0,0.944,0.0,0.053,50,15.7,3360.4,1971.8,1415.0,4850.5,48308.9,13872.1,0,0.0,141.6,26,392.4,7499.3
CHN_G0611,413250.0,1427750.0,80.200327,12.913904,5.5,0.21,0.856,149.0,0.481,0.0,0.424,50,125.7,2914.8,1494.5,1811.5,4359.8,48624.7,7763.6,0,0.0,519.2,21,687.0,7565.9
CHN_G0612,413750.0,1427750.0,80.204936,12.913918,4.04,0.61,0.809,314.0,0.175,0.0,0.815,10,540.2,2490.0,1038.7,2249.6,3868.6,48943.5,0.0,0,0.0,772.6,5,1135.7,7383.0
CHN_G0613,414250.0,1427750.0,80.209544,12.913932,1.57,0.1,0.825,320.0,0.0,0.0,0.999,30,887.6,2098.5,634.6,2368.2,3377.5,49265.4,0.0,0,0.0,910.5,1,1614.9,7230.2
CHN_G0614,414750.0,1427750.0,80.214153,12.913946,1.6,0.52,0.731,316.0,0.0,0.029,0.969,30,1275.6,1762.8,243.5,2437.9,2886.3,49590.2,0.0,0,0.0,1086.5,0,2087.5,7109.3
CHN_G0615,415250.0,1427750.0,80.218762,12.91396,1.21,0.95,0.725,310.0,0.462,0.027,0.476,50,900.7,1483.5,147.6,2603.5,2395.2,49917.9,0.0,0,0.0,1070.5,0,1763.0,7022.0
CHN_G0616,415750.0,1427750.0,80.223371,12.913973,2.41,0.55,0.652,314.0,0.358,0.0,0.515,50,553.7,1248.2,538.8,2848.3,1904.0,50248.5,0.0,0,0.0,623.1,3,1535.8,6969.5
CHN_G0617,416250.0,1427750.0,80.227979,12.913987,1.39,0.45,0.715,99.0,0.683,0.045,0.185,50,133.3,962.6,926.6,3154.0,1412.9,50581.8,4808.6,0,0.0,248.3,3,1452.2,6952.8
CHN_G0618,416750.0,1427750.0,80.232588,12.914001,9.81,0.96,0.216,63.0,0.825,0.012,0.156,50,33.2,728.0,1345.6,3504.6,921.8,50917.9,2930.2,38,3370.3,59.3,3,1536.1,6971.9
CHN_G0619,417250.0,1427750.0,80.237197,12.914014,1.89,0.87,0.735,234.0,0.138,0.0,0.83,30,218.7,685.8,1806.3,3888.1,430.6,51256.6,129.7,218,16272.9,545.9,2,1763.5,7026.7
CHN_G0620,417750.0,1427750.0,80.241806,12.914027,0.72,0.5,0.845,322.0,0.022,0.0,0.78,30,717.9,878.4,2283.6,4295.6,60.5,51597.9,0.0,30,2443.6,808.4,1,2088.1,7116.2
CHN_G0621,418250.0,1427750.0,80.246415,12.914041,2.07,1.48,0.71,230.0,0.21,0.014,0.745,30,786.5,1058.9,2768.9,4720.9,551.7,51941.6,0.0,0,0.0,354.9,1,2472.0,7239.3
CHN_G0622,418750.0,1427750.0,80.251023,12.914054,13.51,3.34,0.0,63.0,0.439,0.0,0.558,10,845.1,1320.2,3258.7,5159.6,1027.4,52287.7,0.0,19,1582.1,313.7,1,2891.6,7394.1
CHN_G0623,419250.0,1427750.0,80.255632,12.914067,8.29,7.04,0.27,63.0,0.296,0.301,0.32,80,673.9,1692.5,3751.1,5608.6,1513.1,52627.5,0.0,0,0.0,755.5,1,3333.4,7578.9
CHN_G0624,419750.0,1427750.0,80.260241,12.91408,0.0,0.0,0.743,175.0,0.0,1.0,0.0,80,822.9,2118.1,4245.4,6065.6,2005.9,52968.9,0.0,0,0.0,1242.3,0,3789.7,7791.4
CHN_G0625,420250.0,1427750.0,80.26485,12.914093,0.0,0.0,0.673,175.0,0.0,1.0,0.0,80,1130.9,2570.6,4740.8,6528.9,2501.5,53312.8,0.0,24,4650.8,1736.6,0,4255.9,8029.5
CHN_G0626,420750.0,1427750.0,80.269459,12.914106,0.0,0.0,0.594,175.0,0.0,1.0,0.0,80,1543.0,3038.1,5237.1,6919.9,2998.6,53659.2,0.0,106,14681.9,2233.4,0,4729.0,8290.9
CHN_G0627,421250.0,1427750.0,80.274067,12.914119,0.0,0.0,0.582,175.0,0.0,1.0,0.0,80,1995.7,3514.5,5734.0,7196.1,3489.8,54008.0,0.0,226,30825.3,2731.4,0,5109.5,8573.5
CHN_G0628,421750.0,1427750.0,80.278676,12.914132,0.0,0.0,0.582,175.0,0.0,1.0,0.0,80,2466.7,3996.7,6231.5,7495.6,3972.2,54359.1,0.0,405,50164.1,3230.0,0,5465.0,8875.4
CHN_G0629,422250.0,1427750.0,80.283285,12.914144,0.0,0.0,0.582,175.0,0.0,1.0,0.0,80,2947.2,4482.7,6729.3,7815.6,4457.0,54712.5,0.0,306,34601.6,3729.0,0,5841.6,9194.5
CHN_G0630,422750.0,1427750.0,80.287894,12.914157,0.0,0.0,0.582,175.0,0.0,1.0,0.0,80,3433.3,4971.6,7227.4,8153.7,4944.9,55068.3,0.0,500,46338.9,4228.2,0,6235.6,9529.2
CHN_G0631,402250.0,1428250.0,80.098919,12.918095,22.52,4.27,0.63,225.0,0.82,0.0,0.172,50,10185.9,982.1,8985.1,1422.1,15270.9,41054.9,0.0,161,25511.4,1001.7,0,1719.2,4704.4
CHN_G0632,402750.0,1428250.0,80.103528,12.918111,25.16,0.81,0.58,225.0,0.836,0.002,0.162,50,9827.8,1261.0,8519.0,1864.6,14776.4,41360.9,0.0,324,39581.1,748.6,9,1298.6,4313.9
CHN_G0633,403250.0,1428250.0,80.108137,12.918126,29.16,3.97,0.466,228.0,0.758,0.002,0.223,50,9359.3,1647.9,8057.0,1988.2,14282.3,41670.5,0.0,404,52109.7,725.6,12,957.6,3948.2
CHN_G0634,403750.0,1428250.0,80.112746,12.918142,27.44,6.18,0.686,222.0,0.85,0.0,0.144,50,8861.2,2083.6,7599.8,1502.8,13788.5,41983.9,0.0,123,24639.2,651.2,14,804.8,3614.8
CHN_G0635,404250.0,1428250.0,80.117354,12.918158,35.09,2.38,0.324,348.0,0.215,0.0,0.785,10,8363.4,2543.0,7148.4,1031.5,13294.7,42300.8,0.0,111,35703.1,697.9,6,937.2,3323.4
CHN_G0636,404750.0,1428250.0,80.121963,12.918173,39.36,2.35,0.098,343.0,0.069,0.0,0.931,10,7865.8,3015.3,6703.8,608.0,12800.9,42621.3,0.0,39,2648.2,324.6,18,1268.4,3086.0
CHN_G0637,405250.0,1428250.0,80.126572,12.918189,37.59,3.93,0.179,274.0,0.322,0.0,0.678,10,7368.6,3495.4,6267.6,418.7,12307.7,42945.2,0.0,301,22439.3,299.2,26,1077.2,2915.8
CHN_G0638,405750.0,1428250.0,80.131181,12.918204,31.22,2.48,0.523,301.0,0.632,0.0,0.281,50,6871.8,3980.1,5841.7,444.6,11815.0,43272.4,0.0,428,54134.8,515.2,26,684.5,2824.9
CHN_G0639,406250.0,1428250.0,80.135789,12.918219,24.62,0.33,0.836,301.0,0.23,0.0,0.73,10,6375.4,4446.0,5428.3,325.2,11322.9,43602.9,0.0,83,25099.4,363.0,20,526.2,2821.1
CHN_G0640,406750.0,1428250.0,80.140398,12.918234,29.89,0.61,0.419,136.0,0.922,0.003,0.063,50,5879.7,4548.8,5030.8,615.7,10831.6,43936.6,0.0,46,23531.9,216.8,11,764.9,2904.6
CHN_G0641,407250.0,1428250.0,80.145007,12.91825,23.24,1.53,0.706,85.0,0.897,0.0,0.1,50,5384.8,4702.8,4653.0,1063.3,10341.1,44273.4,0.0,25,4903.9,173.6,19,1180.4,3068.4
CHN_G0642,407750.0,1428250.0,80.149616,12.918265,22.28,1.62,0.682,61.0,0.602,0.0,0.394,50,4890.9,4903.1,4299.3,1508.9,9851.0,44613.3,0.0,0,0.0,314.3,18,1643.7,3300.6
CHN_G0643,408250.0,1428250.0,80.154224,12.91828,18.43,1.56,0.837,135.0,0.652,0.0,0.33,50,4398.4,5144.4,3977.1,1971.1,9360.8,44956.2,0.0,3,783.9,185.8,14,2123.7,3587.8
CHN_G0644,408750.0,1428250.0,80.158833,12.918294,21.45,2.28,0.594,135.0,0.856,0.0,0.141,50,3907.8,5421.2,3694.7,1653.6,8870.6,45302.1,0.0,47,23158.6,607.4,10,2611.2,3918.0
CHN_G0645,409250.0,1428250.0,80.163442,12.918309,19.06,3.87,0.702,119.0,0.536,0.0,0.44,50,3420.0,5728.4,3461.8,1243.1,8380.4,45650.7,0.0,182,53031.1,394.2,5,3075.4,4281.2
CHN_G0646,409750.0,1428250.0,80.168051,12.918324,22.69,3.63,0.415,114.0,0.644,0.0,0.345,50,2936.2,6061.3,3287.3,876.2,7890.2,46002.2,0.0,301,48550.0,300.3,4,2769.0,4669.8
CHN_G0647,410250.0,1428250.0,80.172659,12.918339,21.3,0.89,0.416,54.0,0.632,0.0,0.362,50,2458.9,5621.9,3139.9,700.2,7400.1,46356.4,0.0,48,17215.7,161.1,5,2434.7,5078.0
CHN_G0648,410750.0,1428250.0,80.177268,12.918353,22.99,3.27,0.262,185.0,0.541,0.0,0.455,50,1992.8,5129.2,3045.9,833.0,6909.2,46679.6,0.0,115,26142.4,282.6,5,1935.4,5501.3
CHN_G0649,411250.0,1428250.0,80.181877,12.918368,13.87,4.5,0.782,185.0,0.531,0.001,0.39,50,1535.7,4638.2,3029.9,1144.4,6418.0,46985.0,0.0,125,20062.8,387.5,15,1436.5,5936.5
CHN_G0650,411750.0,1428250.0,80.186486,12.918382,20.07,2.37,0.352,185.0,0.83,0.0,0.167,50,1089.3,4149.3,3075.4,1374.2,5926.9,47293.8,0.0,100,20969.3,114.3,31,938.9,6381.3
CHN_G0651,412250.0,1428250.0,80.191095,12.918396,24.1,3.07,0.0,23.0,0.968,0.0,0.029,50,661.5,3663.4,2608.3,1563.3,5435.7,47605.8,0.0,20,3548.9,82.2,29,446.7,6833.7
CHN_G0652,412750.0,1428250.0,80.195704,12.918411,22.81,2.63,0.0,5.0,0.83,0.0,0.151,50,187.9,3181.8,2156.1,1795.4,4944.6,47921.0,2930.9,0,0.0,77.5,31,132.3,7292.3
CHN_G0653,413250.0,1428250.0,80.200312,12.918425,15.64,4.2,0.29,177.0,0.867,0.0,0.13,50,23.0,2707.0,1730.4,2121.9,4453.4,48239.3,15635.8,0,0.0,298.6,16,579.2,7109.1
CHN_G0654,413750.0,1428250.0,80.204921,12.918439,7.95,0.88,0.611,319.0,0.458,0.0,0.541,50,185.3,2243.1,1337.2,2506.3,3962.3,48560.7,1857.7,0,0.0,451.9,3,1074.0,6914.2
CHN_G0655,414250.0,1428250.0,80.20953,12.918453,2.51,0.53,0.802,313.0,0.072,0.0,0.928,30,642.4,1798.6,946.1,2868.0,3471.2,48885.1,0.0,0,0.0,905.1,1,1572.1,6750.7
CHN_G0656,414750.0,1428250.0,80.214139,12.918467,1.06,0.2,0.786,314.0,0.0,0.0,1.0,30,859.9,1392.4,555.0,2925.7,2980.0,49212.4,0.0,0,0.0,1390.8,0,2071.1,6621.1
CHN_G0657,415250.0,1428250.0,80.218748,12.918481,1.35,0.47,0.721,308.0,0.0,0.066,0.907,40,754.6,1068.8,163.8,3065.1,2488.9,49542.6,0.0,0,0.0,1322.6,0,2193.3,6527.3
CHN_G0658,415750.0,1428250.0,80.223357,12.918494,1.08,0.53,0.724,311.0,0.011,0.07,0.914,30,254.7,791.5,227.6,3275.6,1997.7,49875.7,0.0,0,0.0,953.9,2,2015.1,6470.8
CHN_G0659,416250.0,1428250.0,80.227966,12.918508,2.41,1.36,0.649,209.0,0.696,0.0,0.302,50,43.3,622.8,709.8,3544.6,1508.7,50211.5,5407.0,0,0.0,705.8,3,1952.2,6452.8
CHN_G0660,416750.0,1428250.0,80.232574,12.918522,6.31,3.1,0.42,66.0,0.548,0.041,0.381,50,413.3,269.9,1206.6,3859.9,1024.7,50550.0,0.0,0,0.0,541.0,3,2015.4,6473.4
CHN_G0661,417250.0,1428250.0,80.237183,12.918535,4.73,3.27,0.559,313.0,0.204,0.121,0.635,30,566.0,198.1,1705.3,4211.2,530.7,50891.2,0.0,0,0.0,766.3,1,2193.7,6532.3
CHN_G0662,417750.0,1428250.0,80.241792,12.918548,1.61,0.91,0.795,320.0,0.17,0.0,0.703,30,531.4,506.2,2204.6,4590.1,40.4,51234.7,0.0,0,0.0,1060.5,0,2462.2,6628.6
CHN_G0663,418250.0,1428250.0,80.246401,12.918562,1.16,0.35,0.777,143.0,0.679,0.029,0.258,50,286.6,616.2,2704.1,4990.3,449.9,51580.7,0.0,0,0.0,772.7,1,2795.2,6760.5
CHN_G0664,418750.0,1428250.0,80.25101,12.918575,6.82,1.52,0.389,143.0,0.84,0.01,0.149,50,538.8,1000.7,3203.8,5407.3,940.3,51920.9,0.0,0,0.0,754.7,1,3172.3,6926.1
CHN_G0665,419250.0,1428250.0,80.255619,12.918588,5.49,2.29,0.439,57.0,0.502,0.157,0.275,50,174.1,1457.1,3703.5,5792.8,1430.6,52262.1,446.2,0,0.0,1020.8,0,3550.8,7123.0
CHN_G0666,419750.0,1428250.0,80.260228,12.918601,0.0,0.0,0.745,57.0,0.0,1.0,0.0,80,428.1,1935.2,4203.4,5996.3,1911.2,52605.9,0.0,0,0.0,1419.3,0,3790.4,7348.7
CHN_G0667,420250.0,1428250.0,80.264837,12.918614,0.0,0.0,0.68,57.0,0.0,1.0,0.0,80,886.1,2422.1,4703.2,6233.4,2395.7,52952.2,0.0,0,0.0,1867.3,0,4077.5,7600.7
CHN_G0668,420750.0,1428250.0,80.269446,12.918627,0.0,0.0,0.6,57.0,0.0,1.0,0.0,80,1373.4,2913.5,5203.1,6500.4,2885.5,53300.9,0.0,0,0.0,2336.5,0,4402.8,7876.3
CHN_G0669,421250.0,1428250.0,80.274054,12.91864,0.0,0.0,0.582,57.0,0.0,1.0,0.0,80,1867.3,3407.4,5703.0,6793.7,3378.3,53652.0,0.0,0,0.0,2816.3,0,4758.5,8173.3
CHN_G0670,421750.0,1428250.0,80.278663,12.918653,0.0,0.0,0.582,57.0,0.0,1.0,0.0,80,2363.8,3902.8,6203.0,7110.2,3872.9,54005.4,0.0,0,0.0,3302.2,0,5138.2,8489.4
CHN_G0671,422250.0,1428250.0,80.283272,12.918666,0.0,0.0,0.582,57.0,0.0,1.0,0.0,80,2861.5,4399.3,6702.9,7446.8,4364.5,54361.2,0.0,0,0.0,3791.7,0,5537.2,8822.5
CHN_G0672,422750.0,1428250.0,80.287881,12.918678,0.0,0.0,0.582,57.0,0.0,1.0,0.0,80,3359.9,4896.4,7202.8,7800.9,4852.3,54719.2,0.0,0,0.0,4283.6,0,5951.4,9170.7
CHN_G0673,402250.0,1428750.0,80.098903,12.922616,20.79,0.63,0.782,225.0,0.866,0.0,0.132,50,9849.8,554.1,8821.2,1225.7,15349.0,40659.1,0.0,368,38237.7,591.2,10,1549.6,4423.8
CHN_G0674,402750.0,1428750.0,80.103512,12.922631,20.33,1.43,0.936,225.0,0.55,0.0,0.434,50,9479.1,965.7,8346.0,1714.5,14856.3,40968.0,0.0,562,40582.6,338.7,15,1063.9,4006.0
CHN_G0675,403250.0,1428750.0,80.108121,12.922647,24.5,0.02,0.837,220.0,0.572,0.0,0.423,50,9120.7,1434.6,7873.8,2078.2,14364.0,41280.6,0.0,20,1362.2,289.5,33,602.1,3609.2
CHN_G0676,403750.0,1428750.0,80.11273,12.922663,30.33,2.3,0.638,220.0,0.64,0.0,0.358,50,8776.2,1918.6,7405.4,1709.8,13872.2,41596.9,0.0,4,616.2,183.1,38,305.2,3241.1
CHN_G0677,404250.0,1428750.0,80.117338,12.922678,31.4,2.25,0.674,28.0,0.565,0.0,0.427,50,8425.9,2402.4,6941.3,1314.9,13381.1,41916.8,0.0,0,0.0,407.6,40,569.0,2912.6
CHN_G0678,404750.0,1428750.0,80.121947,12.922694,39.46,3.06,0.156,334.0,0.137,0.0,0.862,10,7932.3,2883.7,6482.5,1017.2,12890.6,42240.1,0.0,0,0.0,242.2,47,1026.8,2638.5
CHN_G0679,405250.0,1428750.0,80.126556,12.922709,33.35,3.13,0.453,167.0,0.571,0.0,0.424,50,7439.5,3367.5,6030.3,747.1,12400.5,42566.9,0.0,16,4515.4,85.9,31,942.0,2437.2
CHN_G0680,405750.0,1428750.0,80.131165,12.922725,29.09,4.16,0.66,167.0,0.943,0.0,0.055,50,6947.8,3845.0,5586.3,247.5,11910.3,42897.0,0.0,34,9030.1,55.5,35,442.3,2327.7
CHN_G0681,406250.0,1428750.0,80.135774,12.92274,29.77,0.72,0.536,301.0,0.818,0.001,0.175,50,6457.3,3952.5,5152.6,33.0,11420.1,43230.4,0.0,33,4576.5,266.6,35,62.6,2323.1
CHN_G0682,406750.0,1428750.0,80.140383,12.922755,30.34,2.0,0.379,301.0,0.956,0.0,0.044,50,5968.4,4067.8,4731.9,394.4,10929.9,43567.0,0.0,150,20533.2,172.4,14,558.7,2423.9
CHN_G0683,407250.0,1428750.0,80.144991,12.92277,27.17,3.82,0.449,61.0,0.972,0.0,0.026,50,5481.5,4239.3,4328.2,883.7,10439.7,43906.6,0.0,523,69216.9,110.2,18,1058.5,2617.9
CHN_G0684,407750.0,1428750.0,80.1496,12.922786,23.4,1.15,0.58,61.0,0.818,0.0,0.18,50,4997.2,4460.5,3946.5,1380.7,9949.6,44249.4,0.0,619,72214.9,82.9,16,1558.4,2886.5
CHN_G0685,408250.0,1428750.0,80.154209,12.9228,23.29,4.52,0.509,74.0,0.945,0.0,0.05,50,4516.3,4724.5,3592.9,1652.9,9458.6,44595.1,0.0,423,52912.9,142.3,12,2058.4,3211.0
CHN_G0686,408750.0,1428750.0,80.158818,12.922815,25.77,2.68,0.315,85.0,0.869,0.0,0.124,50,4040.0,5024.5,3277.5,1549.7,8967.4,44943.7,0.0,495,57135.6,108.2,8,2558.4,3576.1
CHN_G0687,409250.0,1428750.0,80.163427,12.92283,22.53,3.01,0.495,85.0,0.627,0.0,0.368,50,3570.2,5354.4,3012.5,1529.5,8476.3,45295.1,0.0,380,46852.6,238.6,4,3058.4,3970.8
CHN_G0688,409750.0,1428750.0,80.168036,12.922845,22.01,2.6,0.478,255.0,0.416,0.0,0.579,50,3109.9,5709.2,2811.6,1310.5,7985.1,45649.3,0.0,135,28863.4,350.2,4,2995.5,4387.0
CHN_G0689,410250.0,1428750.0,80.172645,12.92286,28.12,3.21,0.051,308.0,0.0,0.0,1.0,10,2653.5,5562.1,2660.8,1199.9,7494.0,45978.8,0.0,33,5449.8,491.2,4,2508.2,4819.1
CHN_G0690,410750.0,1428750.0,80.177254,12.922874,20.1,3.17,0.484,317.0,0.005,0.0,0.994,10,2188.2,5063.6,2549.4,1285.9,7002.9,46283.4,0.0,0,0.0,740.2,4,2027.1,5263.3
CHN_G0691,411250.0,1428750.0,80.181862,12.922889,19.63,2.02,0.478,322.0,0.238,0.0,0.749,10,1689.3,4565.5,2530.7,1525.9,6511.7,46591.5,0.0,49,12434.6,757.8,10,1557.9,5716.7
CHN_G0692,411750.0,1428750.0,80.186471,12.922903,19.33,2.64,0.414,137.0,0.988,0.0,0.012,50,1191.4,4067.9,2607.7,1817.1,6020.6,46902.8,0.0,83,24154.8,462.9,17,1115.8,6177.3
CHN_G0693,412250.0,1428750.0,80.19108,12.922917,16.64,1.47,0.443,299.0,0.796,0.0,0.2,50,696.3,3570.9,2772.1,2017.9,5529.4,47217.4,0.0,428,70235.2,529.2,24,750.4,6643.6
CHN_G0694,412750.0,1428750.0,80.195689,12.922932,19.87,12.66,0.145,5.0,0.729,0.0,0.267,50,224.6,3074.9,2430.9,2219.6,5038.3,47535.2,571.3,720,81157.2,416.8,28,617.2,6897.1
CHN_G0695,413250.0,1428750.0,80.200298,12.922946,18.83,1.21,0.11,5.0,0.782,0.003,0.182,50,113.4,2580.5,2039.8,2494.7,4547.1,47856.1,3062.4,364,49750.9,269.8,14,836.0,6658.6
CHN_G0696,413750.0,1428750.0,80.204907,12.92296,14.36,2.17,0.241,12.0,0.862,0.004,0.123,50,57.0,2088.7,1648.7,2828.9,4057.3,48180.0,5626.6,138,36201.8,433.4,12,1231.6,6450.1
CHN_G0697,414250.0,1428750.0,80.209516,12.922974,4.01,0.61,0.728,308.0,0.719,0.002,0.274,50,157.7,1602.0,1207.2,2798.4,3570.3,48507.0,727.3,61,14768.9,727.3,7,1683.7,6274.5
CHN_G0698,414750.0,1428750.0,80.214125,12.922988,1.39,0.56,0.783,305.0,0.066,0.0,0.934,30,592.9,1127.0,743.4,2819.5,3080.2,48836.8,0.0,7,2532.5,1105.6,0,2157.0,6134.8
CHN_G0699,415250.0,1428750.0,80.218734,12.923001,1.03,0.59,0.746,294.0,0.0,0.0,0.94,40,909.7,688.3,384.9,2927.2,2589.9,49169.6,0.0,43,40017.3,1433.4,0,2640.2,6033.5
CHN_G0700,415750.0,1428750.0,80.223343,12.923015,7.08,3.02,0.368,294.0,0.11,0.006,0.864,30,518.2,413.0,444.0,3112.3,2099.6,49505.1,0.0,49,46623.0,1362.5,0,2502.6,5972.4
CHN_G0701,416250.0,1428750.0,80.227952,12.923029,5.06,2.66,0.487,51.0,0.338,0.054,0.523,30,21.6,140.5,805.7,3362.3,1609.2,49843.4,2841.6,135,71580.2,1111.0,0,2452.2,5952.8
CHN_G0702,416750.0,1428750.0,80.232561,12.923042,0.52,1.4,0.759,156.0,0.376,0.109,0.384,50,267.8,36.2,1265.4,3663.8,1118.9,50184.4,307.7,477,69120.7,987.1,1,2502.8,5975.1
CHN_G0703,417250.0,1428750.0,80.23717,12.923056,6.31,3.32,0.458,241.0,0.417,0.091,0.448,50,172.7,185.4,1747.4,4005.3,628.6,50527.8,887.7,86,15377.6,1074.3,0,2648.5,6038.9
CHN_G0704,417750.0,1428750.0,80.241778,12.923069,1.25,0.27,0.82,312.0,0.203,0.015,0.666,40,228.5,94.7,2237.3,4377.3,139.0,50873.7,176.5,91,20481.2,1331.7,0,2714.4,6142.9
CHN_G0705,418250.0,1428750.0,80.246387,12.923083,3.0,1.36,0.684,312.0,0.899,0.0,0.097,50,59.9,371.8,2730.8,4772.7,337.9,51214.3,5167.0,97,13896.6,1252.3,0,2761.7,6285.0
CHN_G0706,418750.0,1428750.0,80.250996,12.923096,9.28,1.58,0.253,57.0,0.804,0.0,0.195,50,161.9,871.8,3226.4,5150.5,837.2,51555.4,528.4,93,23461.3,1241.3,0,2895.8,6462.8
CHN_G0707,419250.0,1428750.0,80.255605,12.923109,7.81,1.55,0.306,57.0,0.236,0.028,0.709,10,238.4,1371.7,3723.1,5331.7,1327.9,51899.0,421.8,11,2757.0,1418.9,0,3105.5,6673.4
CHN_G0708,419750.0,1428750.0,80.260214,12.923122,0.0,0.0,0.748,57.0,0.0,0.993,0.001,80,431.3,1871.7,4220.6,5552.2,1815.7,52245.2,0.0,0,0.0,1727.9,0,3376.8,6913.8
CHN_G0709,420250.0,1428750.0,80.264823,12.923135,0.0,0.0,0.69,57.0,0.0,1.0,0.0,80,887.0,2371.7,4718.7,5807.5,2303.5,52593.8,0.0,0,0.0,2111.4,0,3696.1,7181.0
CHN_G0710,420750.0,1428750.0,80.269432,12.923148,0.0,0.0,0.608,57.0,0.0,1.0,0.0,80,1373.8,2871.7,5217.1,6093.1,2791.3,52944.9,0.0,0,0.0,2535.9,0,4052.1,7472.2
CHN_G0711,421250.0,1428750.0,80.274041,12.923161,0.0,0.0,0.582,57.0,0.0,1.0,0.0,80,1867.6,3371.7,5715.8,6405.1,3279.1,53298.3,0.0,0,0.0,2983.8,0,4436.0,7784.6
CHN_G0712,421750.0,1428750.0,80.27865,12.923174,0.0,0.0,0.582,57.0,0.0,1.0,0.0,80,2364.0,3871.7,6214.7,6739.8,3766.8,53654.1,0.0,0,0.0,3446.1,0,4841.2,8115.8
CHN_G0713,422250.0,1428750.0,80.283259,12.923187,0.0,0.0,0.582,57.0,0.0,1.0,0.0,80,2861.7,4371.7,6713.7,7094.0,4254.6,54012.2,0.0,0,0.0,3917.6,0,5262.7,8463.6
CHN_G0714,422750.0,1428750.0,80.287868,12.923199,0.0,0.0,0.582,57.0,0.0,1.0,0.0,80,3360.1,4871.7,7212.9,7464.9,4743.8,54372.5,0.0,0,0.0,4395.5,0,5696.9,8826.1
CHN_G0715,402250.0,1429250.0,80.098887,12.927136,19.12,1.23,0.895,110.0,0.896,0.0,0.104,50,9528.2,342.5,8683.1,1055.4,15440.2,40265.6,0.0,0,0.0,416.0,12,1531.9,4184.2
CHN_G0716,402750.0,1429250.0,80.103496,12.927152,27.01,1.08,0.562,225.0,0.878,0.0,0.122,50,9144.4,822.2,8199.8,1371.6,14950.0,40577.5,0.0,0,0.0,76.8,20,1037.9,3739.8
CHN_G0717,403250.0,1429250.0,80.108105,12.927168,35.27,3.39,0.229,123.0,0.877,0.0,0.12,50,8772.4,1306.0,7718.8,1773.2,14459.8,40893.1,0.0,0,0.0,88.2,35,554.9,3311.3
CHN_G0718,403750.0,1429250.0,80.112714,12.927184,35.45,0.71,0.399,124.0,0.893,0.0,0.102,50,8413.6,1786.8,7240.3,2022.0,13969.6,41212.4,0.0,0,0.0,31.6,50,196.4,2905.7
CHN_G0719,404250.0,1429250.0,80.117323,12.927199,36.97,1.73,0.42,28.0,0.918,0.0,0.076,50,8069.9,2264.1,6764.9,1701.2,13479.4,41535.2,0.0,0,0.0,177.3,42,518.9,2534.0
CHN_G0720,404750.0,1429250.0,80.121931,12.927215,30.46,1.19,0.725,185.0,0.589,0.0,0.41,50,7743.2,2741.4,6293.3,1349.8,12989.2,41861.5,0.0,0,0.0,347.9,59,999.9,2213.5
CHN_G0721,405250.0,1429250.0,80.12654,12.92723,33.87,1.5,0.451,167.0,0.567,0.0,0.427,50,7435.8,3223.0,5826.4,908.3,12499.1,42191.2,0.0,0,0.0,93.4,50,808.8,1969.3
CHN_G0722,405750.0,1429250.0,80.131149,12.927246,34.08,1.7,0.395,167.0,0.986,0.0,0.013,50,7058.5,3399.0,5365.5,572.8,12008.0,42524.2,0.0,0,0.0,162.7,38,650.2,1832.1
CHN_G0723,406250.0,1429250.0,80.135758,12.927261,27.89,0.77,0.688,301.0,0.972,0.0,0.026,50,6576.2,3460.9,4912.3,399.2,11516.8,42860.5,0.0,0,0.0,372.4,39,480.6,1826.2
CHN_G0724,406750.0,1429250.0,80.140367,12.927276,23.39,0.93,0.811,129.0,0.908,0.0,0.091,50,6096.9,3592.0,4469.1,533.7,11025.7,43200.0,0.0,0,0.0,307.6,18,734.3,1952.8
CHN_G0725,407250.0,1429250.0,80.144976,12.927291,23.22,1.58,0.69,68.0,0.955,0.0,0.045,50,5621.1,3785.1,4039.2,954.1,10534.6,43542.5,0.0,0,0.0,531.5,22,1160.8,2189.0
CHN_G0726,407750.0,1429250.0,80.149585,12.927306,24.76,1.75,0.489,68.0,0.889,0.0,0.11,50,5150.0,4031.3,3627.2,1332.8,10043.4,43888.1,0.0,0,0.0,190.6,12,1629.7,2504.0
CHN_G0727,408250.0,1429250.0,80.154194,12.927321,22.83,0.91,0.515,74.0,0.869,0.0,0.119,50,4680.8,4321.6,3240.2,1163.6,9552.3,44236.6,0.0,0,0.0,431.3,8,2112.8,2872.0
CHN_G0728,408750.0,1429250.0,80.158803,12.927336,20.28,2.29,0.614,74.0,0.836,0.0,0.164,50,4181.1,4647.7,2886.8,1056.1,9061.1,44588.0,0.0,0,0.0,393.1,5,2602.4,3275.2
CHN_G0729,409250.0,1429250.0,80.163412,12.927351,21.16,2.57,0.552,108.0,0.334,0.0,0.666,10,3681.4,5002.5,2582.0,1032.3,8570.0,44942.2,0.0,209,26479.2,624.1,3,3068.6,3702.1
CHN_G0730,409750.0,1429250.0,80.168021,12.927366,21.18,0.55,0.511,326.0,0.01,0.0,0.983,10,3181.9,5380.5,2345.2,1155.7,8078.8,45278.1,0.0,590,57719.6,724.0,1,3136.4,4145.3
CHN_G0731,410250.0,1429250.0,80.17263,12.92738,32.46,7.57,0.0,313.0,0.0,0.0,1.0,10,2682.5,5546.9,2189.3,1399.2,7587.7,45582.0,0.0,277,50446.3,978.1,1,2674.8,4600.2
CHN_G0732,410750.0,1429250.0,80.177239,12.927395,24.54,4.11,0.222,331.0,0.0,0.0,1.0,10,2183.4,5047.0,2054.7,1501.2,7096.6,45889.3,0.0,61,9291.3,821.4,5,2229.9,5063.6
CHN_G0733,411250.0,1429250.0,80.181848,12.92741,16.43,1.46,0.651,207.0,0.142,0.087,0.77,10,1684.8,4547.0,2031.7,1379.6,6606.6,46200.0,0.0,0,0.0,702.1,7,1814.0,5533.4
CHN_G0734,411750.0,1429250.0,80.186457,12.927424,5.06,3.27,1.0,137.0,0.414,0.375,0.208,50,1187.5,4047.1,2126.2,1429.1,6118.2,46514.0,0.0,0,0.0,900.7,7,1452.1,6008.1
CHN_G0735,412250.0,1429250.0,80.191066,12.927438,10.42,1.13,0.788,299.0,0.29,0.0,0.703,10,693.8,3547.2,2297.9,1548.1,5629.7,46831.2,0.0,56,13887.7,922.4,1,1194.4,6486.6
CHN_G0736,412750.0,1429250.0,80.195675,12.927452,11.26,5.56,0.639,12.0,0.797,0.0,0.202,50,210.7,3047.4,2500.6,1803.1,5139.4,47151.6,1515.6,91,17776.1,425.1,12,1115.6,6470.5
CHN_G0737,413250.0,1429250.0,80.200284,12.927467,15.77,2.26,0.276,12.0,0.837,0.0,0.142,50,88.1,2547.6,2317.1,2144.7,4649.1,47475.0,6280.2,95,16956.3,102.5,14,1250.0,6215.6
CHN_G0738,413750.0,1429250.0,80.204893,12.927481,15.91,2.39,0.141,12.0,0.93,0.0,0.066,50,48.2,2047.9,1861.3,2335.1,4158.8,47801.6,3131.6,378,63823.9,66.3,15,1542.8,5991.7
CHN_G0739,414250.0,1429250.0,80.209502,12.927495,8.18,1.72,0.49,178.0,0.946,0.0,0.054,50,370.2,1548.4,1435.2,2299.1,3668.4,48131.1,0.0,454,68280.6,414.1,13,1923.1,5802.3
CHN_G0740,414750.0,1429250.0,80.214111,12.927509,2.15,1.01,0.752,178.0,0.604,0.0,0.386,50,680.9,1049.5,1074.8,2324.7,3178.1,48463.5,0.0,400,51924.7,773.1,3,2348.7,5651.0
CHN_G0741,415250.0,1429250.0,80.21872,12.927522,1.29,0.39,0.74,293.0,0.032,0.0,0.959,40,1093.8,552.3,866.4,2454.2,2687.9,48798.8,0.0,336,58461.2,997.1,1,2799.0,5540.7
CHN_G0742,415750.0,1429250.0,80.223329,12.927536,1.11,0.72,0.727,294.0,0.0,0.0,0.835,40,657.7,92.8,915.7,2672.3,2196.9,49136.8,0.0,468,69270.5,1064.6,0,2978.2,5474.2
CHN_G0743,416250.0,1429250.0,80.227938,12.92755,1.68,2.22,0.691,214.0,0.39,0.0,0.476,50,285.7,250.8,1137.8,2959.7,1708.6,49477.7,422.5,185,26942.6,700.0,8,2669.8,5452.8
CHN_G0744,416750.0,1429250.0,80.232547,12.927563,5.96,2.19,0.439,214.0,0.902,0.0,0.086,50,140.1,424.0,1498.9,3298.2,1220.8,49820.9,5047.8,33,6307.0,487.2,9,2426.2,5477.2
CHN_G0745,417250.0,1429250.0,80.237156,12.927577,7.27,2.15,0.399,241.0,0.872,0.0,0.126,50,54.7,474.2,1923.2,3673.8,733.0,50166.7,5901.2,55,9733.0,628.7,9,2268.3,5546.7
CHN_G0746,417750.0,1429250.0,80.241765,12.92759,7.53,0.97,0.452,71.0,0.659,0.072,0.213,50,10.6,342.7,2377.1,4076.2,245.3,50507.7,3717.5,111,16269.7,970.9,2,2214.5,5659.7
CHN_G0747,418250.0,1429250.0,80.246374,12.927604,3.25,0.48,0.69,71.0,0.45,0.04,0.481,50,138.0,610.5,2846.5,4498.2,242.5,50848.6,778.5,116,21172.5,1366.2,0,2272.1,5813.7
CHN_G0748,418750.0,1429250.0,80.250983,12.927617,7.82,2.52,0.356,77.0,0.603,0.017,0.38,50,407.6,1009.2,3324.9,4679.6,730.3,51192.1,0.0,177,31682.4,1735.5,0,2433.3,6005.4
CHN_G0749,419250.0,1429250.0,80.255592,12.92763,9.04,0.99,0.242,55.0,0.352,0.0,0.636,30,736.6,1462.9,3808.8,4878.3,1218.1,51538.2,0.0,271,63695.7,1866.6,0,2679.5,6231.5
CHN_G0750,419750.0,1429250.0,80.260201,12.927643,0.0,0.0,0.754,55.0,0.004,0.901,0.05,80,829.0,1939.6,4296.4,5118.4,1705.9,51886.8,0.0,557,74409.7,2111.1,0,2989.7,6488.3
CHN_G0751,420250.0,1429250.0,80.26481,12.927656,0.0,0.0,0.704,55.0,0.0,1.0,0.0,80,1134.8,2425.6,4786.6,5394.2,2194.3,52237.8,0.0,401,54427.3,2435.0,0,3346.2,6772.3
CHN_G0752,420750.0,1429250.0,80.269419,12.927669,0.0,0.0,0.62,55.0,0.0,1.0,0.0,80,1545.5,2916.4,5278.6,5700.6,2684.7,52591.2,0.0,89,31198.5,2811.0,0,3735.7,7080.3
CHN_G0753,421250.0,1429250.0,80.274028,12.927682,0.0,0.0,0.582,55.0,0.0,1.0,0.0,80,1997.3,3409.8,5771.9,6033.0,3175.1,52947.0,0.0,30,15277.0,3220.9,0,4149.0,7409.3
CHN_G0754,421750.0,1429250.0,80.278637,12.927695,0.0,0.0,0.582,55.0,0.0,1.0,0.0,80,2467.8,3905.0,6266.4,6387.2,3665.6,53305.2,0.0,4,5381.9,3583.2,0,4579.6,7756.5
CHN_G0755,422250.0,1429250.0,80.283246,12.927708,0.0,0.0,0.582,55.0,0.0,1.0,0.0,80,2948.0,4401.2,6761.6,6759.9,4156.0,53665.5,0.0,15,10010.8,3954.1,0,5023.1,8119.7
CHN_G0756,422750.0,1429250.0,80.287856,12.92772,0.0,0.0,0.582,55.0,0.0,1.0,0.0,80,3433.8,4898.2,7257.5,7148.1,4646.4,54028.2,0.0,72,39026.0,4351.0,0,5476.3,8496.9
CHN_G0757,402250.0,1429750.0,80.098871,12.931657,17.51,1.8,0.955,110.0,0.554,0.008,0.408,50,9222.5,206.0,8571.9,666.0,15538.8,39874.5,0.0,123,41998.9,679.4,8,1671.0,3993.2
CHN_G0758,402750.0,1429750.0,80.10348,12.931673,24.01,1.5,0.719,10.0,0.484,0.025,0.482,50,8825.4,683.3,8082.0,1098.4,15048.5,40189.4,0.0,361,52029.2,401.6,12,1234.0,3524.8
CHN_G0759,403250.0,1429750.0,80.108089,12.931689,34.61,8.72,0.245,123.0,0.2,0.0,0.796,10,8439.3,1161.5,7593.5,1566.8,14557.4,40508.1,0.0,90,21140.9,132.3,35,868.0,3066.4
CHN_G0760,403750.0,1429750.0,80.112698,12.931705,37.37,0.81,0.308,124.0,0.282,0.0,0.714,10,8065.8,1645.8,7106.6,2019.3,14066.3,40830.3,0.0,2,40.8,267.4,46,695.7,2623.2
CHN_G0761,404250.0,1429750.0,80.117307,12.93172,32.67,2.06,0.72,124.0,0.817,0.0,0.155,50,7706.5,2129.1,6621.6,2021.3,13575.1,41156.1,0.0,25,4928.9,18.2,45,845.4,2204.4
CHN_G0762,404750.0,1429750.0,80.121916,12.931736,31.26,1.95,0.739,111.0,0.784,0.0,0.215,50,7363.7,2616.0,6139.0,1608.9,13084.0,41485.4,0.0,118,24559.5,232.8,41,864.4,1827.0
CHN_G0763,405250.0,1429750.0,80.126525,12.931751,30.14,0.25,0.734,111.0,0.608,0.0,0.39,50,7039.8,2912.7,5659.4,1261.7,12592.8,41818.1,0.0,43,9040.6,368.9,46,407.7,1521.9
CHN_G0764,405750.0,1429750.0,80.131134,12.931767,32.08,1.57,0.575,111.0,0.926,0.0,0.073,50,6737.4,2899.8,5183.7,1046.3,12101.7,42154.1,0.0,0,0.0,119.2,38,291.9,1339.7
CHN_G0765,406250.0,1429750.0,80.135743,12.931782,23.54,0.62,1.0,51.0,0.539,0.265,0.158,50,6446.4,2972.1,4713.1,888.0,11610.5,42493.3,0.0,0,0.0,142.7,21,710.1,1331.6
CHN_G0766,406750.0,1429750.0,80.140352,12.931797,25.72,2.23,0.713,129.0,0.963,0.0,0.036,50,5989.2,3123.8,4249.1,956.1,11119.4,42835.7,0.0,0,0.0,32.2,15,893.5,1500.5
CHN_G0767,407250.0,1429750.0,80.144961,12.931812,23.98,1.67,0.669,68.0,0.921,0.0,0.074,50,5539.4,3344.0,3794.3,1240.8,10628.2,43181.1,0.0,0,0.0,441.3,12,1140.4,1797.2
CHN_G0768,407750.0,1429750.0,80.14957,12.931827,19.57,1.59,0.812,68.0,0.797,0.0,0.194,50,5099.0,3620.4,3352.4,897.1,10137.1,43529.5,0.0,0,0.0,690.6,5,1517.5,2169.8
CHN_G0769,408250.0,1429750.0,80.154179,12.931842,15.29,0.48,0.964,176.0,0.055,0.032,0.268,90,4670.5,3941.0,2929.3,689.7,9646.1,43880.9,0.0,0,0.0,854.8,3,1950.6,2585.8
CHN_G0770,408750.0,1429750.0,80.158788,12.931857,17.84,1.0,0.74,176.0,0.834,0.0,0.166,50,4228.1,4296.1,2534.3,565.1,9156.0,44235.1,0.0,0,0.0,690.9,2,2409.8,3027.4
CHN_G0771,409250.0,1429750.0,80.163397,12.931872,16.75,2.86,0.774,158.0,0.384,0.0,0.613,10,3734.8,4677.7,2181.3,540.2,8667.0,44577.7,0.0,0,0.0,439.5,1,2882.6,3484.7
CHN_G0772,409750.0,1429750.0,80.168006,12.931887,18.9,0.89,0.596,331.0,0.001,0.0,0.996,10,3243.2,5079.9,1895.1,701.1,8179.2,44880.8,0.0,0,0.0,639.5,2,3259.8,3952.4
CHN_G0773,410250.0,1429750.0,80.172615,12.931901,24.35,1.9,0.22,221.0,0.179,0.0,0.821,10,2753.7,5498.2,1707.4,1055.2,7688.9,45187.3,0.0,0,0.0,716.1,4,2918.6,4427.2
CHN_G0774,410750.0,1429750.0,80.177224,12.931916,19.81,1.58,0.435,175.0,0.661,0.0,0.338,50,2268.7,5079.7,1563.4,1061.0,7198.6,45497.3,0.0,0,0.0,460.3,13,2517.2,4907.0
CHN_G0775,411250.0,1429750.0,80.181833,12.93193,17.44,1.4,0.51,169.0,0.731,0.022,0.238,50,1790.9,4583.3,1533.5,881.7,6708.3,45810.6,0.0,0,0.0,210.2,13,2157.3,5390.4
CHN_G0776,411750.0,1429750.0,80.186442,12.931945,6.8,0.26,1.0,266.0,0.29,0.539,0.158,80,1327.7,4087.9,1655.7,931.1,6217.9,46127.2,0.0,0,0.0,510.5,10,1863.3,5876.7
CHN_G0777,412250.0,1429750.0,80.191051,12.931959,9.18,0.68,0.801,301.0,0.504,0.0,0.48,50,891.0,3593.6,1837.1,1105.2,5727.6,46447.1,0.0,0,0.0,932.0,3,1670.3,6356.0
CHN_G0778,412750.0,1429750.0,80.19566,12.931973,6.21,1.65,0.892,148.0,0.414,0.232,0.252,50,494.3,3101.3,2033.2,1439.1,5237.4,46770.1,0.0,0,0.0,605.3,11,1614.9,6055.1
CHN_G0779,413250.0,1429750.0,80.200269,12.931988,8.43,0.7,0.673,152.0,0.42,0.046,0.506,50,164.6,2611.8,1892.4,1842.8,4746.4,47096.2,1213.6,0,0.0,340.5,15,1710.5,5782.0
CHN_G0780,413750.0,1429750.0,80.204878,12.932002,9.84,3.46,0.483,152.0,0.874,0.001,0.121,50,134.7,2127.3,1872.0,1835.2,4257.4,47425.3,4326.1,0,0.0,167.3,17,1934.9,5540.6
CHN_G0781,414250.0,1429750.0,80.209487,12.932016,9.76,0.58,0.393,186.0,0.925,0.008,0.065,50,346.6,1652.0,1778.3,1800.2,3769.6,47757.4,0.0,0,0.0,216.2,13,2249.8,5335.2
CHN_G0782,414750.0,1429750.0,80.214097,12.93203,3.27,0.71,0.689,186.0,0.839,0.0,0.158,50,646.2,1197.0,1502.6,1832.8,3281.8,48092.4,0.0,0,0.0,320.8,3,2622.9,5170.2
CHN_G0783,415250.0,1429750.0,80.218706,12.932043,1.7,0.19,0.716,301.0,0.274,0.0,0.684,30,766.4,797.8,1361.3,1994.4,2794.0,48430.3,0.0,0,0.0,658.6,1,3024.3,5049.5
CHN_G0784,415750.0,1429750.0,80.223315,12.932057,1.3,0.26,0.718,287.0,0.0,0.0,0.65,40,777.2,538.6,1396.0,2257.4,2306.3,48770.9,0.0,0,0.0,896.8,1,2627.7,4976.3
CHN_G0785,416250.0,1429750.0,80.227924,12.932071,1.91,0.82,0.685,100.0,0.35,0.0,0.632,40,312.3,595.9,1562.0,2591.2,1818.5,49114.0,0.0,379,64593.2,401.2,9,2272.3,4952.8
CHN_G0786,416750.0,1429750.0,80.232533,12.932084,8.25,1.74,0.31,100.0,0.89,0.007,0.079,50,28.6,905.7,1841.7,2972.0,1330.7,49459.8,5694.9,196,27626.0,16.3,9,1980.4,4979.6
CHN_G0787,417250.0,1429750.0,80.237142,12.932098,7.86,11.09,0.366,71.0,0.886,0.002,0.105,50,72.6,908.6,2200.9,3384.0,842.9,49801.2,9898.2,253,34018.1,264.2,9,1783.5,5056.0
CHN_G0788,417750.0,1429750.0,80.241751,12.932111,3.88,1.55,0.671,71.0,0.84,0.0,0.143,50,34.1,835.6,2606.9,3817.0,355.1,50141.9,11375.9,156,14018.8,702.6,8,1714.5,5179.7
CHN_G0789,418250.0,1429750.0,80.24636,12.932125,2.84,1.14,0.736,77.0,0.651,0.007,0.324,50,217.3,1005.4,3041.1,4046.0,135.2,50485.2,438.7,22,3784.3,1054.3,0,1788.3,5347.5
CHN_G0790,418750.0,1429750.0,80.250969,12.932138,4.54,1.73,0.569,77.0,0.754,0.0,0.229,50,388.5,1317.5,3492.9,4215.4,625.6,50831.2,0.0,36,9092.7,1383.8,0,1989.1,5555.4
CHN_G0791,419250.0,1429750.0,80.255579,12.932151,7.07,1.62,0.368,77.0,0.427,0.0,0.568,50,708.3,1702.5,3956.3,4435.0,1116.1,51179.7,0.0,198,20604.8,1794.0,0,2283.7,5799.0
CHN_G0792,419750.0,1429750.0,80.260188,12.932164,0.0,0.0,0.761,55.0,0.117,0.766,0.057,80,1094.6,2126.1,4427.7,4697.7,1606.5,51530.7,0.0,158,10924.8,2093.8,0,2640.8,6074.1
CHN_G0793,420250.0,1429750.0,80.264797,12.932177,0.0,0.0,0.715,55.0,0.0,1.0,0.0,80,1513.0,2577.2,4904.7,4996.8,2096.9,51884.1,0.0,61,11774.0,2275.9,0,3038.5,6376.7
CHN_G0794,420750.0,1429750.0,80.269406,12.93219,0.0,0.0,0.633,55.0,0.0,1.0,0.0,80,1841.1,3043.7,5386.0,5326.1,2587.3,52240.0,0.0,333,51474.9,2544.8,0,3462.8,6702.8
CHN_G0795,421250.0,1429750.0,80.274015,12.932203,0.0,0.0,0.583,55.0,0.0,1.0,0.0,80,2233.9,3519.3,5870.3,5680.4,3077.7,52598.1,0.0,292,49633.2,2876.1,0,3905.1,7049.4
CHN_G0796,421750.0,1429750.0,80.278624,12.932216,0.0,0.0,0.582,55.0,0.0,1.0,0.0,80,2662.9,4000.9,6357.1,6055.3,3568.1,52958.6,0.0,95,15734.7,3250.8,0,4359.8,7413.6
CHN_G0797,422250.0,1429750.0,80.283234,12.932229,0.0,0.0,0.582,55.0,0.0,1.0,0.0,80,3113.1,4486.5,6845.8,6447.2,4058.5,53321.4,0.0,301,59961.1,3655.7,0,4823.6,7792.8
CHN_G0798,422750.0,1429750.0,80.287843,12.932241,0.0,0.0,0.582,55.0,0.0,1.0,0.0,80,3576.6,4975.0,7336.0,6853.2,4549.0,53686.3,0.0,453,69860.1,4081.7,0,5293.9,8185.0
CHN_G0799,402250.0,1430250.0,80.098855,12.936178,17.87,3.48,0.898,321.0,0.374,0.0,0.567,10,8934.3,67.9,8488.8,463.3,15633.4,39485.9,0.0,124,26731.8,1064.9,0,1933.3,3858.0
CHN_G0800,402750.0,1430250.0,80.103464,12.936194,31.72,8.15,0.243,277.0,0.332,0.0,0.668,10,8523.8,561.5,7993.8,901.5,15142.2,39803.8,0.0,147,32597.5,700.1,2,1571.1,3370.8
CHN_G0801,403250.0,1430250.0,80.108073,12.93621,68.16,35.52,0.0,321.0,0.025,0.0,0.975,10,8123.4,1061.0,7499.6,1349.4,14651.1,40125.5,0.0,451,63038.7,588.6,2,1303.4,2888.1
CHN_G0802,403750.0,1430250.0,80.112682,12.936225,34.93,0.86,0.409,124.0,0.782,0.0,0.214,50,7734.6,1560.8,7006.1,1801.5,14159.9,40450.9,0.0,575,74178.1,690.5,22,1195.6,2412.3
CHN_G0803,404250.0,1430250.0,80.117291,12.936241,26.45,0.21,1.0,335.0,0.437,0.0,0.551,50,7359.2,2060.7,6513.6,2037.5,13668.8,40779.7,0.0,267,55287.9,488.7,27,1288.5,1948.8
CHN_G0804,404750.0,1430250.0,80.1219,12.936257,32.35,2.49,0.659,335.0,0.665,0.014,0.318,50,6999.4,2532.8,6022.4,1810.1,13177.7,41112.0,0.0,390,75630.4,210.4,26,871.3,1508.7
CHN_G0805,405250.0,1430250.0,80.126509,12.936272,40.04,3.61,0.123,329.0,0.67,0.0,0.328,50,6657.8,2416.5,5532.7,1659.2,12686.5,41447.7,0.0,409,73332.7,164.3,18,422.1,1120.0
CHN_G0806,405750.0,1430250.0,80.131118,12.936287,32.4,2.47,0.521,143.0,0.61,0.0,0.39,50,6337.2,2400.9,5045.1,1514.1,12195.6,41786.6,0.0,757,79120.4,276.4,25,311.8,856.1
CHN_G0807,406250.0,1430250.0,80.135727,12.936303,23.75,0.54,1.0,51.0,0.4,0.2,0.324,50,6041.1,2487.7,4560.2,1384.9,11705.5,42128.8,0.0,393,36935.5,335.1,28,434.7,843.3
CHN_G0808,406750.0,1430250.0,80.140336,12.936318,25.12,0.97,0.762,129.0,0.948,0.002,0.042,50,5773.1,2667.1,4078.8,1429.4,11216.2,42474.1,0.0,55,10680.6,127.5,23,437.2,1090.7
CHN_G0809,407250.0,1430250.0,80.144945,12.936333,25.95,2.29,0.552,129.0,0.914,0.0,0.079,50,5331.1,2922.0,3602.6,1056.5,10727.9,42822.4,0.0,0,0.0,79.9,16,832.7,1472.4
CHN_G0810,407750.0,1430250.0,80.149554,12.936348,22.98,3.48,0.6,187.0,0.965,0.0,0.034,50,4871.8,3234.6,3133.8,577.3,10238.4,43173.8,0.0,0,0.0,554.4,4,1302.1,1909.6
CHN_G0811,408250.0,1430250.0,80.154163,12.936363,17.79,1.23,0.79,187.0,0.539,0.0,0.407,50,4421.4,3589.9,2676.4,224.0,9748.1,43528.0,0.0,53,24232.7,835.8,1,1788.2,2371.7
CHN_G0812,408750.0,1430250.0,80.158773,12.936378,17.64,1.82,0.703,254.0,0.882,0.0,0.118,50,3982.9,3976.4,2237.1,78.3,9257.8,43877.5,0.0,36,15574.2,537.7,2,2280.3,2846.6
CHN_G0813,409250.0,1430250.0,80.163382,12.936393,13.96,1.9,0.853,75.0,0.484,0.103,0.346,50,3560.6,4385.9,1829.4,98.6,8767.4,44179.7,0.0,134,49738.3,70.6,1,2775.3,3328.9
CHN_G0814,409750.0,1430250.0,80.167991,12.936408,12.69,0.91,0.855,110.0,0.154,0.319,0.48,10,3161.0,4812.6,1477.4,383.8,8277.1,44485.5,0.0,481,59961.2,469.9,3,2866.5,3815.7
CHN_G0815,410250.0,1430250.0,80.1726,12.936422,17.47,1.55,0.507,110.0,0.714,0.0,0.251,50,2776.9,5169.3,1230.9,801.6,7786.8,44794.7,0.0,32,17219.9,216.2,8,2565.4,4305.6
CHN_G0816,410750.0,1430250.0,80.177209,12.936437,16.97,1.54,0.47,175.0,0.897,0.0,0.102,50,2407.3,5160.9,1079.8,705.4,7295.9,45107.4,0.0,17,814.4,294.7,15,2333.7,4797.6
CHN_G0817,411250.0,1430250.0,80.181818,12.936451,14.66,0.79,0.542,169.0,0.962,0.0,0.036,50,2003.5,4673.1,1037.1,389.2,6806.4,45423.4,0.0,99,12461.5,68.5,14,2193.3,5291.0
CHN_G0818,411750.0,1430250.0,80.186427,12.936466,15.2,2.29,0.434,266.0,0.901,0.0,0.094,50,1591.4,4188.3,1192.8,437.9,6318.4,45742.7,0.0,79,16181.1,382.9,13,2162.3,5785.6
CHN_G0819,412250.0,1430250.0,80.191037,12.93648,7.11,3.5,0.815,148.0,0.625,0.003,0.363,50,1171.7,3707.5,1403.4,736.7,5830.6,46065.2,0.0,51,7265.5,868.6,5,2157.2,5974.6
CHN_G0820,412750.0,1430250.0,80.195646,12.936494,7.81,1.61,0.706,300.0,0.384,0.165,0.41,50,696.2,3232.5,1585.7,1144.9,5342.8,46390.9,0.0,0,0.0,902.5,4,2114.6,5653.5
CHN_G0821,413250.0,1430250.0,80.200255,12.936509,9.53,2.27,0.535,142.0,0.506,0.038,0.434,50,301.3,2766.4,1401.7,1373.2,4855.0,46719.6,0.0,0,0.0,413.8,13,2188.5,5359.9
CHN_G0822,413750.0,1430250.0,80.204864,12.936523,10.39,1.7,0.402,142.0,0.828,0.0,0.17,50,48.6,2314.4,1372.3,1335.3,4367.2,47051.4,3583.6,0,0.0,107.3,14,2368.0,5098.5
CHN_G0823,414250.0,1430250.0,80.209473,12.936537,7.81,2.04,0.475,47.0,0.884,0.0,0.112,50,107.2,1886.9,1351.1,1302.0,3879.5,47386.1,4642.9,0,0.0,202.0,8,2631.6,4874.6
CHN_G0824,414750.0,1430250.0,80.214082,12.936551,7.57,0.32,0.412,47.0,0.948,0.0,0.051,50,151.5,1504.7,1407.1,1346.7,3391.7,47723.7,1333.3,0,0.0,206.1,4,2956.9,4693.4
CHN_G0825,415250.0,1430250.0,80.218692,12.936564,2.05,0.65,0.684,302.0,0.24,0.0,0.618,30,442.9,1203.8,1622.8,1559.5,2903.9,48064.2,0.0,0,0.0,611.1,1,2771.6,4560.1
CHN_G0826,415750.0,1430250.0,80.223301,12.936578,0.5,1.11,0.765,100.0,0.0,0.0,0.485,90,822.3,1028.0,1884.5,1884.3,2414.3,48407.1,0.0,0,0.0,987.6,1,2332.5,4478.9
CHN_G0827,416250.0,1430250.0,80.22791,12.936592,0.53,0.52,0.769,208.0,0.128,0.0,0.77,40,364.2,1062.6,2021.2,2273.6,1923.9,48752.8,0.0,0,0.0,560.5,9,1923.3,4452.8
CHN_G0828,416750.0,1430250.0,80.232519,12.936605,10.65,1.36,0.172,208.0,0.504,0.0,0.484,50,142.8,1286.8,2244.4,2699.6,1433.5,49094.6,4027.5,0,0.0,205.9,10,1567.7,4482.6
CHN_G0829,417250.0,1430250.0,80.237128,12.936619,8.3,0.63,0.342,208.0,0.979,0.0,0.018,50,120.1,1383.5,2547.4,3147.4,943.0,49435.1,6182.3,0,0.0,347.6,12,1310.1,4567.3
CHN_G0830,417750.0,1430250.0,80.241738,12.936632,5.06,0.76,0.604,71.0,0.882,0.0,0.102,50,84.9,1332.8,2905.4,3441.1,452.6,49778.3,10480.0,0,0.0,400.9,10,1214.5,4703.9
CHN_G0831,418250.0,1430250.0,80.246347,12.936646,2.17,0.69,0.8,77.0,0.652,0.041,0.277,50,103.1,1449.6,3300.5,3569.4,37.8,50124.2,5253.0,0,0.0,681.3,2,1316.6,4888.1
CHN_G0832,418750.0,1430250.0,80.250956,12.936659,7.05,2.54,0.441,77.0,0.913,0.0,0.082,50,20.4,1700.2,3721.0,3760.3,528.2,50472.6,4986.7,0,0.0,1125.9,0,1578.6,5114.6
CHN_G0833,419250.0,1430250.0,80.255565,12.936672,6.63,1.47,0.408,77.0,0.712,0.0,0.257,50,449.2,2024.6,4159.0,4005.0,1018.6,50823.6,0.0,0,0.0,1522.0,0,1936.7,5378.3
CHN_G0834,419750.0,1430250.0,80.260174,12.936685,0.0,0.0,0.771,77.0,0.121,0.6,0.192,80,947.7,2403.9,4609.7,4294.1,1509.0,51177.0,0.0,0,0.0,1616.3,0,2347.2,5673.8
CHN_G0835,420250.0,1430250.0,80.264784,12.936698,0.0,0.0,0.728,55.0,0.0,1.0,0.0,80,1447.3,2810.8,5069.7,4619.4,1999.5,51532.9,0.0,0,0.0,1846.2,0,2787.1,5996.6
CHN_G0836,420750.0,1430250.0,80.269393,12.936711,0.0,0.0,0.649,55.0,0.0,1.0,0.0,80,1947.0,3243.8,5536.6,4973.8,2489.9,51891.1,0.0,0,0.0,2169.0,0,3244.5,6342.4
CHN_G0837,421250.0,1430250.0,80.274002,12.936724,0.0,0.0,0.586,55.0,0.0,1.0,0.0,80,2325.1,3693.8,6008.8,5351.5,2980.3,52251.7,0.0,0,0.0,2549.6,0,3712.8,6707.6
CHN_G0838,421750.0,1430250.0,80.278611,12.936737,0.0,0.0,0.582,55.0,0.0,1.0,0.0,80,2641.6,4155.2,6485.2,5747.8,3471.4,52614.6,0.0,0,0.0,2965.9,0,4188.5,7089.3
CHN_G0839,422250.0,1430250.0,80.283221,12.93675,0.0,0.0,0.582,55.0,0.0,1.0,0.0,80,3008.4,4624.7,6964.9,6159.3,3964.7,52979.7,0.0,0,0.0,3404.8,0,4669.3,7485.0
CHN_G0840,422750.0,1430250.0,80.28783,12.936762,0.0,0.0,0.582,55.0,0.0,1.0,0.0,80,3409.1,5099.9,7447.3,6583.1,4458.6,53346.9,0.0,0,0.0,3858.6,0,5153.7,7892.5
CHN_G0841,402250.0,1430750.0,80.098838,12.940699,14.58,0.47,0.994,328.0,0.219,0.0,0.779,10,8665.4,444.8,8434.5,231.5,15727.1,39099.7,0.0,363,49519.4,1401.0,0,2276.6,3784.5
CHN_G0842,402750.0,1430750.0,80.103447,12.940715,19.8,4.43,0.837,317.0,0.328,0.0,0.667,10,8241.5,727.0,7936.2,692.6,15235.9,39420.8,0.0,468,51544.8,1148.5,0,1978.3,3286.4
CHN_G0843,403250.0,1430750.0,80.108057,12.94073,37.02,8.63,0.0,315.0,0.12,0.0,0.874,10,7826.7,1157.1,7438.1,1129.0,14745.1,39745.6,0.0,478,45804.9,1084.1,0,1773.2,2789.1
CHN_G0844,403750.0,1430750.0,80.112666,12.940746,25.99,0.94,0.783,323.0,0.43,0.0,0.537,50,7422.3,1623.9,6940.3,1574.5,14254.9,40074.0,0.0,669,60232.9,1004.9,0,1695.6,2292.9
CHN_G0845,404250.0,1430750.0,80.117275,12.940762,26.58,5.2,0.892,335.0,0.75,0.0,0.244,50,7030.3,2025.1,6442.8,1639.9,13765.5,40405.9,0.0,134,20257.5,588.8,5,1533.6,1798.8
CHN_G0846,404750.0,1430750.0,80.121884,12.940777,38.55,5.01,0.148,335.0,0.487,0.0,0.512,10,6652.8,2066.5,5945.7,1353.3,13276.8,40741.3,0.0,35,11030.1,428.6,10,1127.4,1309.3
CHN_G0847,405250.0,1430750.0,80.126493,12.940793,36.84,3.6,0.23,329.0,0.146,0.0,0.854,10,6292.3,1922.3,5449.1,1169.0,12787.9,41080.0,0.0,116,21376.0,228.5,13,830.8,832.2
CHN_G0848,405750.0,1430750.0,80.131102,12.940808,28.95,1.29,0.661,143.0,0.564,0.0,0.436,50,5952.1,1902.5,4953.3,1150.4,12297.6,41422.0,0.0,486,44638.8,111.2,21,761.3,413.5
CHN_G0849,406250.0,1430750.0,80.135711,12.940824,28.11,3.42,0.708,143.0,0.568,0.0,0.432,50,5635.8,2011.0,4458.4,1293.2,11807.3,41767.1,0.0,162,16242.5,303.0,32,286.0,386.5
CHN_G0850,406750.0,1430750.0,80.140321,12.940839,32.03,0.77,0.348,129.0,0.956,0.0,0.044,50,5347.5,2229.1,3964.7,1558.1,11317.0,42115.4,0.0,558,71410.0,190.7,30,289.8,792.3
CHN_G0851,407250.0,1430750.0,80.14493,12.940854,33.42,0.69,0.116,129.0,0.971,0.0,0.029,50,5092.1,2528.5,3472.9,1069.9,10826.6,42466.7,0.0,456,57232.5,334.4,23,765.6,1267.3
CHN_G0852,407750.0,1430750.0,80.149539,12.940869,29.74,0.17,0.19,187.0,0.974,0.0,0.025,50,4687.2,2884.1,2983.8,601.4,10336.1,42820.9,0.0,467,33976.0,454.4,12,1260.3,1756.3
CHN_G0853,408250.0,1430750.0,80.154148,12.940884,20.79,1.98,0.576,254.0,0.947,0.0,0.052,50,4217.1,3277.6,2499.0,273.5,9845.4,43177.5,0.0,265,46813.6,344.7,4,1758.0,2250.1
CHN_G0854,408750.0,1430750.0,80.158757,12.940899,14.51,0.93,0.828,254.0,0.719,0.0,0.28,50,3754.8,3696.9,2021.6,377.5,9355.7,43478.8,0.0,383,68741.7,518.3,2,2256.7,2746.1
CHN_G0855,409250.0,1430750.0,80.163367,12.940914,11.81,1.01,0.873,254.0,0.1,0.3,0.52,10,3303.5,4134.2,1558.5,142.4,8867.1,43783.8,0.0,281,38722.4,562.9,2,2755.9,3243.4
CHN_G0856,409750.0,1430750.0,80.167976,12.940929,13.09,2.4,0.702,110.0,0.112,0.357,0.48,80,2868.3,4487.1,1127.3,234.3,8379.3,44092.3,0.0,334,39624.5,569.9,4,2511.5,3741.4
CHN_G0857,410250.0,1430750.0,80.172585,12.940943,10.88,0.99,0.766,110.0,0.395,0.0,0.592,50,2457.9,4746.7,779.4,356.5,7891.6,44404.3,0.0,392,46527.9,283.9,5,2161.5,4239.9
CHN_G0858,410750.0,1430750.0,80.177194,12.940958,13.77,2.97,0.533,330.0,0.591,0.006,0.392,50,2075.4,5037.4,613.0,607.9,7403.8,44719.7,0.0,309,36519.2,329.0,15,1880.7,4738.7
CHN_G0859,411250.0,1430750.0,80.181803,12.940972,10.04,1.27,0.696,74.0,0.733,0.0,0.265,50,1700.4,4813.5,546.2,154.9,6916.0,45038.4,0.0,301,38981.3,116.1,14,1703.4,5237.7
CHN_G0860,411750.0,1430750.0,80.186413,12.940987,12.01,0.88,0.508,131.0,0.726,0.0,0.266,50,1405.6,4344.3,719.4,40.6,6428.2,45360.4,0.0,458,63614.6,384.7,14,1663.2,5490.0
CHN_G0861,412250.0,1430750.0,80.191022,12.941001,9.7,2.55,0.57,316.0,0.526,0.011,0.408,50,1167.8,3882.9,1028.0,452.0,5940.4,45685.7,0.0,538,77270.2,800.4,3,1769.4,5611.8
CHN_G0862,412750.0,1430750.0,80.195631,12.941015,8.82,2.0,0.563,318.0,0.662,0.0,0.337,50,685.5,3432.3,1179.4,923.4,5452.7,46014.0,0.0,414,60392.6,1022.5,0,1998.9,5268.7
CHN_G0863,413250.0,1430750.0,80.20024,12.941029,7.13,0.63,0.607,2.0,0.574,0.0,0.42,50,275.7,2997.4,919.5,895.5,4963.8,46345.4,384.0,618,72403.3,629.9,5,2315.2,4952.3
CHN_G0864,413750.0,1430750.0,80.20485,12.941044,7.52,0.37,0.514,174.0,0.726,0.028,0.244,50,147.1,2586.1,872.6,835.5,4473.4,46679.9,1698.7,278,22357.0,297.2,5,2670.7,4668.2
CHN_G0865,414250.0,1430750.0,80.209459,12.941058,4.87,1.68,0.604,47.0,0.917,0.0,0.068,50,17.8,2211.7,851.2,805.5,3983.0,47017.2,11557.0,44,4708.1,376.1,6,2691.8,4422.5
CHN_G0866,414750.0,1430750.0,80.214068,12.941071,2.37,1.12,0.698,47.0,0.892,0.008,0.097,50,2.3,1893.7,939.1,876.6,3492.5,47357.5,9225.2,0,0.0,694.3,3,2803.3,4222.0
CHN_G0867,415250.0,1430750.0,80.218677,12.941085,1.36,0.28,0.728,307.0,0.066,0.0,0.827,40,228.4,1650.8,1239.2,1177.6,3002.1,47700.3,431.1,0,0.0,901.7,1,2591.8,4073.3
CHN_G0868,415750.0,1430750.0,80.223287,12.941099,0.91,0.53,0.753,297.0,0.0,0.002,0.777,40,669.7,1524.4,1639.9,1582.8,2511.7,48045.8,0.0,2,397.2,1241.2,0,2115.7,3982.2
CHN_G0869,416250.0,1430750.0,80.227896,12.941113,1.48,0.22,0.732,208.0,0.017,0.0,0.949,40,374.5,1547.9,2084.0,2030.7,2021.3,48388.1,0.0,139,41208.5,876.9,2,1653.7,3952.8
CHN_G0870,416750.0,1430750.0,80.232505,12.941126,5.54,4.53,0.499,208.0,0.84,0.0,0.154,50,60.8,1713.9,2548.8,2498.4,1530.9,48728.4,5754.9,237,44587.7,525.4,11,1222.0,3986.4
CHN_G0871,417250.0,1430750.0,80.237115,12.94114,7.55,2.71,0.405,208.0,0.768,0.0,0.222,50,92.2,1868.8,2938.5,2876.7,1040.5,49071.5,6504.1,49,10370.3,190.6,11,867.1,4081.4
CHN_G0872,417750.0,1430750.0,80.241724,12.941153,3.09,2.9,0.731,71.0,0.847,0.001,0.148,50,102.8,1831.5,3253.7,2951.6,550.1,49417.2,4472.5,71,12230.2,115.7,4,714.5,4233.7
CHN_G0873,418250.0,1430750.0,80.246333,12.941167,3.45,1.25,0.741,71.0,0.628,0.038,0.324,50,128.4,1920.6,3610.9,3100.2,59.6,49765.6,1411.7,317,32225.2,562.9,2,877.0,4437.4
CHN_G0874,418750.0,1430750.0,80.250942,12.94118,3.04,0.5,0.704,71.0,0.838,0.0,0.161,50,57.3,2120.7,3998.9,3318.3,430.8,50116.5,9165.9,278,51380.3,1058.4,0,1236.0,4685.8
CHN_G0875,419250.0,1430750.0,80.255552,12.941193,11.13,1.79,0.16,71.0,0.814,0.0,0.168,50,437.2,2400.3,4409.4,3593.1,923.4,50469.9,0.0,200,29642.4,1022.4,0,1669.2,4972.3
CHN_G0876,419750.0,1430750.0,80.260161,12.941206,3.61,5.34,0.569,77.0,0.284,0.412,0.222,80,876.8,2731.7,4836.8,3912.8,1417.3,50825.8,0.0,0,0.0,1158.1,0,2131.9,5290.5
CHN_G0877,420250.0,1430750.0,80.26477,12.941219,0.0,0.0,0.743,77.0,0.0,1.0,0.0,80,1301.6,3106.6,5277.0,4267.3,1911.1,51184.1,0.0,0,0.0,1461.9,0,2608.3,5635.3
CHN_G0878,420750.0,1430750.0,80.26938,12.941232,0.0,0.0,0.666,55.0,0.0,1.0,0.0,80,1634.4,3504.4,5727.1,4648.6,2405.0,51544.8,0.0,0,0.0,1852.9,0,3092.3,6001.9
CHN_G0879,421250.0,1430750.0,80.273989,12.941245,0.0,0.0,0.593,55.0,0.0,1.0,0.0,80,1934.8,3924.6,6184.8,5050.6,2898.8,51907.8,0.0,0,0.0,2286.8,0,3580.6,6386.6
CHN_G0880,421750.0,1430750.0,80.278598,12.941258,0.0,0.0,0.582,55.0,0.0,1.0,0.0,80,2305.5,4361.7,6648.6,5468.9,3392.7,52273.0,0.0,0,0.0,2743.2,0,4071.8,6786.4
CHN_G0881,422250.0,1430750.0,80.283208,12.941271,0.0,0.0,0.582,55.0,0.0,1.0,0.0,80,2718.0,4811.0,7117.3,5899.8,3886.5,52640.5,0.0,0,0.0,3212.7,0,4564.9,7198.8
CHN_G0882,422750.0,1430750.0,80.287817,12.941283,0.0,0.0,0.582,55.0,0.0,1.0,0.0,80,3150.5,5269.5,7590.0,6341.0,4380.4,53010.0,0.0,0,0.0,3690.2,0,5059.3,7621.6
CHN_G0883,402250.0,1431250.0,80.098822,12.94522,13.76,1.15,0.986,311.0,0.048,0.0,0.95,10,8417.6,645.3,8407.3,20.5,15825.9,38716.2,0.0,0,0.0,1814.3,0,2669.9,3776.3
CHN_G0884,402750.0,1431250.0,80.103431,12.945236,15.23,0.5,1.0,319.0,0.104,0.0,0.88,10,7980.6,616.8,7907.5,461.3,15337.4,39040.5,0.0,0,0.0,1627.3,0,2420.6,3277.0
CHN_G0885,403250.0,1431250.0,80.108041,12.945251,18.57,1.82,0.918,312.0,0.25,0.0,0.743,10,7551.5,918.9,7407.8,892.7,14847.1,39368.4,0.0,0,0.0,1415.3,0,2256.0,2778.0
CHN_G0886,403750.0,1431250.0,80.11265,12.945267,75.73,17.66,0.0,323.0,0.023,0.0,0.977,10,7131.5,1344.8,6908.0,1333.0,14356.8,39699.9,0.0,0,0.0,916.5,1,2195.5,2279.4
CHN_G0887,404250.0,1431250.0,80.117259,12.945283,25.0,0.69,0.853,136.0,0.482,0.0,0.516,10,6722.6,1809.0,6408.4,1301.2,13866.5,40034.9,0.0,0,0.0,420.8,1,1834.1,1781.6
CHN_G0888,404750.0,1431250.0,80.121868,12.945298,25.72,2.05,0.793,18.0,0.836,0.0,0.164,50,6326.7,1620.5,5908.7,934.9,13376.1,40373.4,0.0,0,0.0,118.4,4,1511.0,1285.5
CHN_G0889,405250.0,1431250.0,80.126477,12.945314,98.9,13.99,0.0,333.0,0.157,0.0,0.842,10,5946.5,1432.0,5409.2,692.8,12885.6,40715.1,0.0,0,0.0,428.3,6,1304.7,794.2
CHN_G0890,405750.0,1431250.0,80.131087,12.945329,31.29,3.37,0.477,333.0,0.442,0.0,0.558,10,5585.3,1405.4,4909.7,653.7,12394.9,41060.1,0.0,0,0.0,94.2,20,986.1,330.4
CHN_G0891,406250.0,1431250.0,80.135696,12.945344,26.97,2.52,0.756,143.0,0.846,0.0,0.153,50,5246.8,1549.1,4410.4,880.9,11905.1,41408.3,0.0,0,0.0,42.1,32,688.9,295.9
CHN_G0892,406750.0,1431250.0,80.140305,12.94536,35.6,3.13,0.14,129.0,0.87,0.0,0.13,50,4935.9,1823.3,3911.2,1274.7,11416.1,41759.6,0.0,0,0.0,33.3,52,690.5,752.3
CHN_G0893,407250.0,1431250.0,80.144914,12.945375,30.87,1.63,0.283,129.0,0.833,0.0,0.166,50,4658.0,2179.2,3412.2,1293.5,10928.1,42113.8,0.0,0,0.0,226.2,46,989.4,1242.7
CHN_G0894,407750.0,1431250.0,80.149524,12.94539,27.47,3.48,0.339,254.0,0.804,0.0,0.196,50,4406.1,2583.3,2912.9,943.4,10440.3,42471.0,0.0,0,0.0,156.4,25,1407.5,1738.6
CHN_G0895,408250.0,1431250.0,80.154133,12.945405,17.1,0.75,0.796,254.0,0.76,0.0,0.237,50,4015.8,3016.3,2413.9,770.8,9952.6,42778.2,0.0,0,0.0,197.4,10,1866.4,2236.3
CHN_G0896,408750.0,1431250.0,80.158742,12.94542,18.6,2.78,0.557,254.0,0.875,0.0,0.117,50,3582.4,3467.4,1915.4,606.9,9464.8,43082.3,0.0,0,0.0,434.6,3,2342.1,2734.9
CHN_G0897,409250.0,1431250.0,80.163352,12.945435,17.42,0.48,0.493,90.0,0.736,0.0,0.264,50,3106.1,3814.1,1418.0,334.3,8977.0,43390.0,0.0,340,54668.9,789.1,2,2652.1,3233.9
CHN_G0898,409750.0,1431250.0,80.167961,12.945449,12.23,1.85,0.698,336.0,0.086,0.0,0.912,10,2638.6,4055.1,923.5,250.0,8489.2,43701.3,0.0,208,29898.8,499.9,2,2213.2,3733.1
CHN_G0899,410250.0,1431250.0,80.17257,12.945464,10.1,1.68,0.767,338.0,0.002,0.0,0.982,10,2185.6,4336.9,441.3,6.9,8001.4,44016.0,0.0,427,42502.7,614.1,3,1806.4,4232.6
CHN_G0900,410750.0,1431250.0,80.177179,12.945479,9.46,0.37,0.75,330.0,0.101,0.103,0.768,40,1758.1,4652.1,131.1,197.5,7513.3,44334.2,0.0,223,34655.8,773.0,7,1458.7,4732.1
CHN_G0901,411250.0,1431250.0,80.181789,12.945493,8.55,1.39,0.751,74.0,0.826,0.06,0.1,50,1379.7,4997.5,106.2,576.0,7022.9,44655.7,0.0,160,27905.8,525.1,8,1221.6,4878.7
CHN_G0902,411750.0,1431250.0,80.186398,12.945508,7.94,2.15,0.727,131.0,0.615,0.0,0.38,50,993.9,4550.2,324.0,291.5,6532.5,44980.5,0.0,69,18534.4,447.7,5,1164.9,5013.3
CHN_G0903,412250.0,1431250.0,80.191007,12.945522,5.0,1.39,0.828,316.0,0.402,0.0,0.573,50,756.4,4112.0,571.0,479.4,6042.1,45308.4,0.0,208,44373.3,324.6,2,1312.1,5192.7
CHN_G0904,412750.0,1431250.0,80.195617,12.945536,11.94,3.92,0.352,316.0,0.931,0.0,0.06,50,810.2,3689.4,679.4,877.8,5551.6,45639.5,0.0,554,82093.1,714.4,1,1608.2,4904.7
CHN_G0905,413250.0,1431250.0,80.200226,12.94555,5.54,2.64,0.669,2.0,0.722,0.171,0.105,50,446.9,3288.7,475.6,467.0,5061.2,45973.6,0.0,357,63365.9,968.6,1,1987.7,4563.2
CHN_G0906,413750.0,1431250.0,80.204835,12.945564,4.69,0.77,0.648,174.0,0.546,0.223,0.168,50,25.6,2918.8,372.8,335.7,4570.8,46310.7,2783.0,511,82202.8,620.4,3,2171.5,4253.2
CHN_G0907,414250.0,1431250.0,80.209445,12.945578,5.38,0.8,0.545,174.0,0.51,0.05,0.372,50,40.1,2592.8,351.6,309.3,4080.4,46650.7,5291.4,516,78272.2,405.8,3,2197.4,3982.0
CHN_G0908,414750.0,1431250.0,80.214054,12.945592,2.77,1.39,0.656,177.0,0.232,0.184,0.544,10,325.6,2320.5,532.9,472.2,3590.0,46993.4,0.0,398,53143.3,666.7,1,2332.7,3758.0
CHN_G0909,415250.0,1431250.0,80.218663,12.945606,0.5,0.04,0.769,142.0,0.025,0.053,0.58,40,356.1,2119.5,968.3,917.3,3099.6,47338.8,0.0,512,68796.5,1106.5,0,2500.6,3590.1
CHN_G0910,415750.0,1431250.0,80.223273,12.94562,0.5,0.0,0.78,134.0,0.0,0.328,0.31,90,723.3,2022.5,1439.0,1400.0,2609.2,47681.6,0.0,439,66441.1,1402.2,0,2002.9,3486.4
CHN_G0911,416250.0,1431250.0,80.227882,12.945634,0.5,0.0,0.8,263.0,0.0,0.114,0.632,40,552.3,2040.3,1899.0,1891.7,2117.9,48021.7,0.0,267,44866.4,902.3,1,1506.7,3452.8
CHN_G0912,416750.0,1431250.0,80.232491,12.945647,3.81,1.07,0.619,263.0,0.676,0.004,0.214,50,89.2,2172.4,2367.4,2367.1,1624.0,48364.6,2714.8,145,25679.0,402.7,4,1014.3,3491.2
CHN_G0913,417250.0,1431250.0,80.237101,12.945661,8.26,4.74,0.378,263.0,0.834,0.0,0.166,50,162.0,2360.2,2820.9,2378.8,1130.1,48710.2,3838.2,0,0.0,100.7,6,536.2,3599.3
CHN_G0914,417750.0,1431250.0,80.24171,12.945674,5.0,1.49,0.625,71.0,0.882,0.0,0.108,50,75.6,2330.8,3288.0,2466.3,636.3,49058.5,6562.7,8,807.2,415.0,6,214.6,3771.1
CHN_G0915,418250.0,1431250.0,80.24632,12.945688,7.64,1.56,0.512,71.0,0.654,0.014,0.33,50,72.8,2403.4,3763.5,2642.4,142.4,49409.4,2984.9,72,14676.4,796.7,4,552.0,3998.5
CHN_G0916,418750.0,1431250.0,80.250929,12.945701,5.04,1.21,0.615,71.0,0.901,0.002,0.096,50,75.7,2566.1,4233.4,2895.1,351.4,49762.8,6385.9,454,89174.9,691.3,3,1031.1,4272.5
CHN_G0917,419250.0,1431250.0,80.255538,12.945714,11.52,0.65,0.161,71.0,0.796,0.002,0.196,50,352.0,2807.5,4680.2,3206.5,845.3,50118.8,0.0,413,63480.3,523.3,3,1523.8,4584.8
CHN_G0918,419750.0,1431250.0,80.260148,12.945727,5.86,1.83,0.452,71.0,0.55,0.231,0.184,50,598.5,3103.3,5103.0,3561.0,1339.1,50477.1,0.0,292,56770.9,754.9,2,2020.0,4928.2
CHN_G0919,420250.0,1431250.0,80.264757,12.94574,0.0,0.0,0.758,71.0,0.0,1.0,0.0,80,967.8,3438.7,5522.0,3947.2,1833.0,50837.9,0.0,211,66638.7,1168.7,0,2517.7,5296.6
CHN_G0920,420750.0,1431250.0,80.269367,12.945753,0.0,0.0,0.683,71.0,0.0,1.0,0.0,80,1228.3,3810.4,5953.5,4356.6,2326.8,51201.0,0.0,519,56867.9,1631.6,0,3016.2,5685.1
CHN_G0921,421250.0,1431250.0,80.273976,12.945766,0.0,0.0,0.601,55.0,0.0,1.0,0.0,80,1606.5,4202.5,6395.0,4783.3,2820.7,51566.4,0.0,304,36204.0,2111.4,0,3515.1,6089.9
CHN_G0922,421750.0,1431250.0,80.278585,12.945779,0.0,0.0,0.582,55.0,0.0,1.0,0.0,80,2036.9,4613.3,6844.6,5223.0,3314.5,51934.0,0.0,44,3737.7,2597.8,0,4014.3,6507.9
CHN_G0923,422250.0,1431250.0,80.283195,12.945792,0.0,0.0,0.582,55.0,0.0,1.0,0.0,80,2471.7,5040.3,7300.7,5672.6,3808.4,52303.8,0.0,0,0.0,3087.9,0,4513.7,6936.8
CHN_G0924,422750.0,1431250.0,80.287804,12.945804,0.0,0.0,0.582,55.0,0.0,1.0,0.0,80,2927.5,5479.6,7762.3,6130.1,4300.1,52675.2,0.0,15,12500.4,3580.8,0,5013.2,7374.7
CHN_G0925,402250.0,1431750.0,80.098806,12.94974,16.51,0.49,0.68,302.0,0.02,0.0,0.98,40,8192.9,223.7,8099.4,208.5,15925.6,38335.4,0.0,60,31441.5,2262.9,0,3094.2,3833.9
CHN_G0926,402750.0,1431750.0,80.103415,12.949756,14.85,0.26,0.883,320.0,0.084,0.0,0.871,10,7743.2,228.0,7898.1,215.0,15435.0,38662.8,0.0,52,22275.3,1999.1,0,2881.8,3343.2
CHN_G0927,403250.0,1431750.0,80.108024,12.949772,16.79,6.94,0.84,12.0,0.153,0.06,0.735,10,7300.1,718.3,7408.5,700.5,14944.4,38993.9,0.0,78,35244.6,1527.5,0,2745.0,2855.8
CHN_G0928,403750.0,1431750.0,80.112634,12.949788,43.39,17.86,0.0,178.0,0.128,0.023,0.812,10,6864.8,1216.6,6908.8,1147.0,14454.5,39328.6,0.0,90,13575.8,1081.8,0,2541.1,2373.6
CHN_G0929,404250.0,1431750.0,80.117243,12.949804,24.17,0.03,0.68,182.0,0.19,0.0,0.808,10,6439.0,1510.9,6409.2,1083.1,13965.3,39666.8,0.0,602,66222.3,712.3,1,2208.2,1900.6
CHN_G0930,404750.0,1431750.0,80.121852,12.949819,21.61,1.45,0.886,144.0,0.328,0.003,0.646,10,6024.5,1217.1,5909.7,611.7,13476.9,40008.3,0.0,345,50103.8,586.8,1,1948.1,1445.9
CHN_G0931,405250.0,1431750.0,80.126462,12.949835,25.82,0.81,0.72,26.0,0.622,0.0,0.376,50,5623.9,951.9,5410.2,235.4,12989.1,40353.2,0.0,63,13031.9,699.9,8,1692.1,1033.9
CHN_G0932,405750.0,1431750.0,80.131071,12.94985,22.0,0.0,0.971,173.0,0.546,0.0,0.45,50,5240.5,911.4,4910.8,176.4,12501.3,40701.2,0.0,0,0.0,424.2,26,1365.7,739.8
CHN_G0933,406250.0,1431750.0,80.13568,12.949865,30.21,1.02,0.523,173.0,0.952,0.0,0.048,50,4878.2,1120.4,4411.6,616.3,12013.5,41052.5,0.0,0,0.0,76.0,46,1169.4,725.1
CHN_G0934,406750.0,1431750.0,80.14029,12.949881,33.46,2.59,0.26,173.0,0.735,0.0,0.243,50,4542.1,1476.4,3912.6,1108.4,11525.8,41406.7,0.0,0,0.0,224.8,62,1170.3,1002.1
CHN_G0935,407250.0,1431750.0,80.144899,12.949896,26.46,2.17,0.568,76.0,0.898,0.0,0.099,50,4238.5,1898.5,3413.9,1605.4,11038.0,41764.0,0.0,0,0.0,81.3,56,1368.1,1408.0
CHN_G0936,407750.0,1431750.0,80.149508,12.949911,31.02,3.1,0.174,76.0,0.892,0.0,0.108,50,3974.8,2351.4,2915.6,1382.3,10550.2,42077.7,0.0,0,0.0,201.6,32,1695.3,1860.3
CHN_G0937,408250.0,1431750.0,80.154118,12.949926,21.78,1.94,0.562,76.0,0.938,0.0,0.059,50,3708.1,2820.2,2418.0,1270.3,10062.4,42381.0,0.0,0,0.0,304.6,14,2091.9,2332.2
CHN_G0938,408750.0,1431750.0,80.158727,12.949941,19.33,0.31,0.561,314.0,0.849,0.0,0.148,50,3310.9,3156.1,1921.7,980.2,9572.4,42687.9,0.0,0,0.0,780.4,3,2525.5,2813.8
CHN_G0939,409250.0,1431750.0,80.163336,12.949956,14.29,0.97,0.726,314.0,0.253,0.0,0.743,40,2945.3,3370.0,1427.9,833.1,9082.0,42998.4,0.0,0,0.0,623.0,1,2474.8,3300.9
CHN_G0940,409750.0,1431750.0,80.167946,12.94997,9.96,0.05,0.873,332.0,0.356,0.0,0.638,40,2489.5,3638.9,939.1,661.7,8591.6,43312.5,0.0,0,0.0,123.7,1,1997.3,3791.4
CHN_G0941,410250.0,1431750.0,80.172555,12.949985,9.11,0.4,0.856,334.0,0.275,0.0,0.713,10,2003.0,3946.5,469.3,397.0,8101.1,43630.1,0.0,0,0.0,377.5,1,1534.2,4258.1
CHN_G0942,410750.0,1431750.0,80.177165,12.95,8.02,2.85,0.856,334.0,0.283,0.352,0.257,80,1525.2,4290.5,216.4,337.3,7610.7,43951.1,0.0,0,0.0,877.4,1,1103.8,4296.9
CHN_G0943,411250.0,1431750.0,80.181774,12.950014,10.19,3.84,0.669,74.0,0.704,0.129,0.155,50,1068.0,4662.8,336.0,674.4,7120.3,44275.3,0.0,0,0.0,579.5,5,763.6,4392.5
CHN_G0944,411750.0,1431750.0,80.186383,12.950029,8.22,3.29,0.723,131.0,0.84,0.0,0.147,50,674.4,4799.6,64.1,779.0,6629.9,44602.9,0.0,0,0.0,315.0,7,669.1,4541.5
CHN_G0945,412250.0,1431750.0,80.190993,12.950043,5.72,1.36,0.789,12.0,0.715,0.0,0.248,50,290.0,4386.3,94.9,867.0,6139.5,44933.6,48.0,0,0.0,264.8,5,901.3,4738.8
CHN_G0946,412750.0,1431750.0,80.195602,12.950057,6.11,0.96,0.694,12.0,0.85,0.0,0.135,50,375.2,3992.9,179.8,808.3,5649.1,45267.4,0.0,0,0.0,689.2,1,1295.0,4566.6
CHN_G0947,413250.0,1431750.0,80.200212,12.950071,5.62,2.7,0.653,183.0,0.743,0.109,0.128,50,309.3,3625.9,67.7,325.7,5158.7,45604.2,34.4,0,0.0,974.9,1,1744.0,4197.6
CHN_G0948,413750.0,1431750.0,80.204821,12.950085,2.42,0.23,0.768,183.0,0.798,0.008,0.178,50,56.5,3294.0,126.8,164.0,4665.3,45944.0,4991.4,0,0.0,479.8,1,1672.8,3858.3
CHN_G0949,414250.0,1431750.0,80.20943,12.950099,2.62,1.71,0.694,12.0,0.639,0.0,0.324,50,88.1,3004.3,140.1,186.6,4171.4,46286.6,3459.5,0,0.0,99.8,1,1706.2,3557.1
CHN_G0950,414750.0,1431750.0,80.21404,12.950113,2.33,0.09,0.662,280.0,0.056,0.0,0.874,40,366.4,2767.8,321.0,421.5,3677.6,46631.8,0.0,0,0.0,538.3,1,1877.3,3304.5
CHN_G0951,415250.0,1431750.0,80.218649,12.950127,2.01,0.45,0.661,326.0,0.048,0.06,0.81,10,830.2,2599.8,799.1,892.3,3183.7,46975.1,0.0,0,0.0,1034.2,0,2153.5,3112.2
CHN_G0952,415750.0,1431750.0,80.223259,12.950141,3.19,0.42,0.608,324.0,0.063,0.0,0.837,10,1047.7,2521.4,1249.6,1383.7,2689.9,47315.0,0.0,0,0.0,1480.8,0,2011.8,2992.1
CHN_G0953,416250.0,1431750.0,80.227868,12.950155,3.05,2.11,0.652,98.0,0.052,0.0,0.826,40,599.9,2535.7,1707.2,1879.6,2196.0,47657.7,0.0,457,57935.8,1020.2,0,1518.5,2952.8
CHN_G0954,416750.0,1431750.0,80.232478,12.950168,5.32,1.29,0.542,98.0,0.563,0.006,0.347,50,127.7,2643.5,2183.5,1868.1,1702.2,48003.2,1608.9,545,74269.2,617.8,4,1031.7,2997.6
CHN_G0955,417250.0,1431750.0,80.237087,12.950182,9.13,1.51,0.338,98.0,0.968,0.0,0.029,50,13.8,2832.0,2668.4,1882.0,1208.3,48351.4,2584.7,693,67309.8,121.8,5,568.4,3122.8
CHN_G0956,417750.0,1431750.0,80.241697,12.950195,6.05,1.5,0.571,71.0,0.728,0.0,0.244,50,48.2,2830.3,3116.0,1988.3,714.5,48702.3,6451.7,479,79712.8,208.5,5,285.7,3319.4
CHN_G0957,418250.0,1431750.0,80.246306,12.950209,3.62,0.96,0.772,71.0,0.716,0.002,0.263,50,6.8,2892.1,3562.6,2202.9,220.6,49055.7,8914.3,296,66584.2,585.8,6,583.3,3575.6
CHN_G0958,418750.0,1431750.0,80.250915,12.950222,3.36,0.59,0.75,71.0,0.911,0.009,0.076,50,7.1,3028.6,4021.8,2500.5,273.2,49411.7,12318.4,59,29244.5,454.5,4,1048.2,3879.6
CHN_G0959,419250.0,1431750.0,80.255525,12.950235,10.65,2.89,0.241,71.0,0.806,0.0,0.194,50,80.8,3237.5,4489.7,2855.2,767.1,49770.1,3366.9,202,35814.0,50.7,4,1535.4,4221.1
CHN_G0960,419750.0,1431750.0,80.260134,12.950248,7.1,2.83,0.396,71.0,0.652,0.059,0.175,50,434.2,3501.7,4963.9,3248.3,1259.9,50131.0,0.0,634,95268.2,540.0,3,2028.8,4591.8
CHN_G0961,420250.0,1431750.0,80.264744,12.950261,0.0,0.0,0.773,71.0,0.0,0.997,0.0,80,523.5,3807.1,5442.7,3667.6,1750.7,50494.2,0.0,670,85650.9,1038.4,0,2524.8,4985.0
CHN_G0962,420750.0,1431750.0,80.269353,12.950274,0.0,0.0,0.703,71.0,0.0,1.0,0.0,80,919.8,4145.8,5925.0,4105.0,2241.5,50859.8,0.0,491,77637.5,1537.8,0,3022.1,5396.0
CHN_G0963,421250.0,1431750.0,80.273963,12.950287,0.0,0.0,0.613,71.0,0.0,1.0,0.0,80,1353.7,4514.7,6410.0,4555.3,2732.3,51227.6,0.0,539,76236.9,2037.5,0,3520.2,5821.0
CHN_G0964,421750.0,1431750.0,80.278572,12.9503,0.0,0.0,0.582,71.0,0.0,1.0,0.0,80,1814.7,4903.2,6897.1,5015.0,3223.0,51597.5,0.0,488,64589.0,2537.3,0,4018.8,6257.0
CHN_G0965,422250.0,1431750.0,80.283182,12.950313,0.0,0.0,0.582,55.0,0.0,1.0,0.0,80,2292.1,5306.9,7386.0,5481.8,3713.8,51969.2,0.0,528,69256.0,3037.2,0,4481.1,6702.0
CHN_G0966,422750.0,1431750.0,80.287791,12.950325,0.0,0.0,0.582,55.0,0.0,1.0,0.0,80,2777.4,5725.8,7876.3,5953.9,4204.6,52343.1,0.0,534,60513.5,3527.1,0,4765.5,7154.2
CHN_G0967,402250.0,1432250.0,80.09879,12.954261,15.32,0.84,0.653,302.0,0.0,0.0,1.0,10,7993.2,226.2,7650.6,349.7,16025.9,37957.3,0.0,190,21060.2,2643.8,0,3367.5,3954.3
CHN_G0968,402750.0,1432250.0,80.103399,12.954277,15.96,1.96,0.7,309.0,0.191,0.0,0.742,10,7531.6,470.9,7437.2,58.2,15537.9,38288.0,0.0,0,0.0,2197.0,0,2942.0,3480.7
CHN_G0969,403250.0,1432250.0,80.108008,12.954293,15.42,7.09,0.776,140.0,0.136,0.036,0.77,10,7075.3,829.2,7252.0,514.6,15050.1,38622.3,0.0,0,0.0,1778.7,0,2543.6,3015.6
CHN_G0970,403750.0,1432250.0,80.112618,12.954309,0.0,28.24,1.0,133.0,0.109,0.188,0.596,10,6625.2,1285.1,6945.7,986.2,14562.3,38960.2,0.0,0,0.0,1414.4,0,2187.4,2563.6
CHN_G0971,404250.0,1432250.0,80.117227,12.954324,20.62,0.93,0.697,133.0,0.222,0.0,0.741,10,6182.9,1083.3,6449.0,1073.8,14074.5,39301.5,0.0,84,8176.1,1156.6,0,1897.3,2133.2
CHN_G0972,404750.0,1432250.0,80.121837,12.95434,17.0,0.0,1.0,175.0,0.0,0.12,0.322,90,5749.9,850.0,5952.7,595.1,13586.7,39646.2,0.0,269,31431.7,784.5,1,1707.2,1740.3
CHN_G0973,405250.0,1432250.0,80.126446,12.954355,18.35,3.31,1.0,151.0,0.334,0.1,0.439,40,5328.8,511.4,5457.2,235.1,13099.0,39994.2,0.0,59,32208.0,441.6,7,1652.1,1416.7
CHN_G0974,405750.0,1432250.0,80.131055,12.954371,30.67,2.28,0.358,151.0,0.934,0.0,0.066,50,4922.4,431.4,4962.6,364.8,12611.2,40345.4,0.0,524,64362.6,126.3,21,1744.8,1218.8
CHN_G0975,406250.0,1432250.0,80.135665,12.954386,33.26,3.66,0.264,173.0,0.878,0.0,0.118,50,4534.8,781.5,4469.2,695.5,12121.9,40699.6,0.0,504,63764.0,78.4,41,1661.4,1209.9
CHN_G0976,406750.0,1432250.0,80.140274,12.954401,31.75,2.56,0.323,173.0,0.931,0.0,0.063,50,4171.1,1239.1,3977.2,1154.3,11631.5,41057.0,0.0,526,71569.5,143.4,53,1662.1,1393.7
CHN_G0977,407250.0,1432250.0,80.144884,12.954417,25.69,2.0,0.633,129.0,0.95,0.0,0.049,50,3838.3,1720.4,3487.2,1637.4,11141.1,41377.5,0.0,586,70778.8,36.8,44,1806.8,1709.0
CHN_G0978,407750.0,1432250.0,80.149493,12.954432,24.5,4.83,0.63,76.0,0.838,0.0,0.146,50,3544.9,2210.1,3000.6,1852.1,10650.7,41679.8,0.0,260,23747.4,415.0,34,1897.7,2097.4
CHN_G0979,408250.0,1432250.0,80.154102,12.954447,20.3,0.14,0.747,76.0,0.688,0.0,0.21,50,3301.6,2524.7,2519.2,1675.5,10160.2,41985.9,0.0,11,889.4,547.9,6,1986.2,2525.4
CHN_G0980,408750.0,1432250.0,80.158712,12.954462,17.59,0.3,0.784,76.0,0.45,0.0,0.525,50,3013.9,2696.3,2046.7,1431.4,9669.8,42295.7,0.0,0,0.0,867.8,3,2188.4,2975.9
CHN_G0981,409250.0,1432250.0,80.163321,12.954476,14.32,0.74,0.849,146.0,0.776,0.0,0.186,50,2607.3,2943.9,1587.3,1329.1,9179.4,42609.1,0.0,93,28574.8,808.4,2,2390.7,3440.1
CHN_G0982,409750.0,1432250.0,80.167931,12.954491,12.97,1.62,0.821,325.0,0.412,0.0,0.377,50,2238.4,3241.6,1160.2,1062.3,8689.0,42926.1,0.0,371,63004.8,529.8,1,1892.1,3780.6
CHN_G0983,410250.0,1432250.0,80.17254,12.954506,11.84,1.66,0.789,261.0,0.874,0.0,0.124,50,1903.5,3583.5,820.2,888.1,8198.6,43246.5,0.0,675,54802.5,638.7,1,1394.5,3758.2
CHN_G0984,410750.0,1432250.0,80.17715,12.95452,11.44,0.07,0.716,261.0,0.674,0.037,0.281,50,1425.3,3959.2,706.6,759.6,7706.6,43570.3,0.0,567,44953.0,926.1,1,899.6,3802.0
CHN_G0985,411250.0,1432250.0,80.181759,12.954535,11.07,2.24,0.666,261.0,0.819,0.037,0.14,50,935.8,4352.0,593.5,695.4,7212.7,43897.4,0.0,274,27934.5,441.0,6,417.0,3909.8
CHN_G0986,411750.0,1432250.0,80.186369,12.954549,8.6,0.78,0.742,26.0,0.845,0.0,0.148,50,435.9,4627.6,431.4,765.4,6718.9,44227.7,0.0,163,38514.2,176.9,7,196.2,4076.5
CHN_G0987,412250.0,1432250.0,80.190978,12.954564,10.28,0.74,0.557,11.0,0.974,0.0,0.026,50,13.8,4698.0,307.7,1075.9,6225.0,44561.2,4779.9,82,18754.3,530.1,7,634.9,4295.2
CHN_G0988,412750.0,1432250.0,80.195588,12.954578,5.94,1.02,0.732,11.0,0.853,0.0,0.146,50,19.5,4333.0,257.1,1017.9,5731.1,44897.7,5109.4,0,0.0,969.4,2,1126.0,4260.4
CHN_G0989,413250.0,1432250.0,80.200197,12.954592,4.38,1.64,0.749,155.0,0.966,0.0,0.034,50,72.4,3997.3,339.9,699.2,5237.3,45237.3,8511.1,0,0.0,1138.3,0,1329.6,3862.3
CHN_G0990,413750.0,1432250.0,80.204807,12.954606,3.8,4.16,0.706,155.0,0.8,0.0,0.192,50,5.0,3696.3,541.3,663.8,4743.4,45579.7,13178.4,0,0.0,758.6,1,1175.2,3490.6
CHN_G0991,414250.0,1432250.0,80.209416,12.95462,1.88,0.33,0.751,11.0,0.788,0.0,0.185,50,130.2,3437.9,246.2,686.0,4249.6,45924.9,4919.4,0,0.0,596.0,1,1222.3,3154.4
CHN_G0992,414750.0,1432250.0,80.214026,12.954634,2.07,0.12,0.681,119.0,0.226,0.008,0.756,40,180.1,3229.1,134.9,795.2,3755.7,46268.6,1676.9,0,0.0,796.9,1,1451.6,2866.5
CHN_G0993,415250.0,1432250.0,80.218635,12.954648,3.69,1.64,0.56,139.0,0.011,0.032,0.803,10,646.3,3086.4,609.3,1118.4,3261.9,46608.3,0.0,0,0.0,1189.5,0,1794.5,2642.6
CHN_G0994,415750.0,1432250.0,80.223245,12.954662,7.43,0.86,0.359,135.0,0.0,0.0,0.549,30,1110.0,3020.6,1106.5,1539.2,2768.0,46950.9,0.0,0,0.0,1641.5,0,2140.7,2500.0
CHN_G0995,416250.0,1432250.0,80.227854,12.954676,8.69,1.91,0.323,94.0,0.054,0.0,0.545,60,723.2,3032.6,1585.6,1411.2,2274.2,47296.3,0.0,0,0.0,1238.1,0,1685.6,2452.8
CHN_G0996,416750.0,1432250.0,80.232464,12.954689,11.49,2.82,0.193,94.0,0.293,0.0,0.504,50,389.7,3123.3,1999.2,1369.9,1780.6,47644.4,0.0,0,0.0,816.1,2,1264.9,2506.5
CHN_G0997,417250.0,1432250.0,80.237073,12.954703,9.06,1.64,0.358,94.0,0.918,0.0,0.072,50,209.7,3286.6,2445.3,1386.3,1289.6,47995.2,663.2,0,0.0,539.7,4,926.6,2655.0
CHN_G0998,417750.0,1432250.0,80.241683,12.954716,12.77,2.47,0.182,71.0,0.791,0.0,0.2,50,38.4,3330.0,2909.0,1524.5,798.8,48348.6,13363.2,0,0.0,301.6,3,785.6,2883.7
CHN_G0999,418250.0,1432250.0,80.246292,12.95473,6.45,0.14,0.619,71.0,0.967,0.0,0.028,50,26.2,3383.9,3383.0,1795.5,308.0,48704.6,10063.5,0,0.0,598.5,5,935.8,3175.2
CHN_G1000,418750.0,1432250.0,80.250902,12.954743,3.21,1.78,0.788,71.0,0.607,0.0,0.392,50,25.0,3501.5,3863.6,2150.2,182.8,49063.1,4808.9,0,0.0,244.9,5,1278.4,3514.1
CHN_G1001,419250.0,1432250.0,80.255512,12.954756,8.4,0.46,0.404,71.0,0.758,0.0,0.239,50,79.7,3683.6,4348.6,2554.0,673.6,49424.1,846.0,0,0.0,226.8,5,1700.9,3887.8
CHN_G1002,419750.0,1432250.0,80.260121,12.954769,10.15,0.31,0.233,71.0,0.864,0.0,0.128,50,76.1,3920.9,4836.6,2987.1,1164.4,49787.5,2169.3,0,0.0,669.6,5,2156.8,4287.4
CHN_G1003,420250.0,1432250.0,80.264731,12.954782,0.0,0.0,0.785,71.0,0.024,0.876,0.012,80,235.7,4200.1,5326.8,3438.3,1655.1,50153.2,160.9,0,0.0,1121.8,0,2628.7,4706.2
CHN_G1004,420750.0,1432250.0,80.26934,12.954795,0.0,0.0,0.718,71.0,0.0,1.0,0.0,80,718.4,4511.8,5818.8,3901.5,2145.9,50521.2,0.0,0,0.0,1551.0,0,3109.5,5139.5
CHN_G1005,421250.0,1432250.0,80.27395,12.954808,0.0,0.0,0.626,71.0,0.0,1.0,0.0,80,1215.2,4852.9,6310.4,4372.8,2636.7,50891.3,0.0,0,0.0,1988.0,0,3574.1,5584.0
CHN_G1006,421750.0,1432250.0,80.278559,12.954821,0.0,0.0,0.583,71.0,0.0,1.0,0.0,80,1713.8,5219.7,6797.0,4849.8,3127.5,51263.2,0.0,0,0.0,2409.9,0,3795.2,6037.2
CHN_G1007,422250.0,1432250.0,80.283169,12.954834,0.0,0.0,0.582,79.0,0.0,1.0,0.0,80,2213.1,5605.5,7285.5,5331.1,3618.3,51637.3,0.0,0,0.0,2857.0,0,4066.1,6497.2
CHN_G1008,422750.0,1432250.0,80.287779,12.954846,0.0,0.0,0.582,79.0,0.0,1.0,0.0,80,2712.6,6003.6,7775.4,5815.5,4109.1,52013.6,0.0,0,0.0,3319.3,0,4377.5,6962.8
CHN_G1009,402250.0,1432750.0,80.098773,12.958782,15.02,1.09,0.666,302.0,0.0,0.0,1.0,10,7820.4,211.7,7208.6,553.0,16135.5,37582.1,0.0,144,31893.1,2884.4,0,3152.7,4132.2
CHN_G1010,402750.0,1432750.0,80.103383,12.958798,16.5,0.22,0.628,303.0,0.0,0.0,1.0,10,7348.0,711.6,6981.6,69.4,15647.7,37916.0,0.0,332,33871.1,2481.3,0,2693.4,3681.5
CHN_G1011,403250.0,1432750.0,80.107992,12.958814,14.53,0.58,0.769,156.0,0.012,0.0,0.973,10,6879.5,1165.8,6784.0,367.5,15159.9,38253.6,0.0,95,19100.3,2119.9,0,2251.5,3245.3
CHN_G1012,403750.0,1432750.0,80.112602,12.95883,17.39,0.81,0.661,140.0,0.13,0.0,0.833,10,6415.7,995.6,6618.4,709.4,14671.4,38594.7,0.0,209,22020.4,1672.9,0,1839.6,2830.2
CHN_G1013,404250.0,1432750.0,80.117211,12.958845,24.03,2.34,0.362,164.0,0.707,0.0,0.289,50,5957.8,686.9,6487.2,1053.0,14181.0,38939.2,0.0,690,84704.1,1174.0,0,1482.9,2447.1
CHN_G1014,404750.0,1432750.0,80.121821,12.958861,15.8,0.15,0.958,151.0,0.334,0.0,0.657,10,5507.2,393.2,6036.5,913.3,13690.6,39287.1,0.0,201,37824.4,676.7,2,1230.3,2113.5
CHN_G1015,405250.0,1432750.0,80.12643,12.958876,19.52,5.67,0.862,151.0,0.747,0.0,0.249,50,5065.9,181.6,5548.2,731.6,13200.2,39638.3,0.0,153,26475.1,193.9,7,1152.7,1856.2
CHN_G1016,405750.0,1432750.0,80.13104,12.958892,22.82,1.77,0.71,151.0,0.92,0.0,0.076,50,4636.5,204.0,5062.1,853.7,12709.7,39992.5,0.0,592,82351.4,342.4,13,1282.0,1709.9
CHN_G1017,406250.0,1432750.0,80.135649,12.958907,26.52,1.53,0.556,151.0,0.979,0.0,0.018,50,4222.7,682.8,4579.1,1042.8,12219.3,40349.9,0.0,338,44118.5,76.6,25,1567.9,1703.5
CHN_G1018,406750.0,1432750.0,80.140259,12.958922,34.44,0.77,0.096,129.0,0.966,0.0,0.034,50,3829.6,1179.3,4100.1,1391.5,11728.9,40677.5,0.0,534,74330.3,173.6,37,1663.8,1838.6
CHN_G1019,407250.0,1432750.0,80.144868,12.958937,26.43,0.97,0.599,129.0,0.853,0.0,0.143,50,3464.1,1677.9,3626.8,1812.5,11238.5,40978.9,0.0,575,71074.9,99.0,31,1453.3,2087.8
CHN_G1020,407750.0,1432750.0,80.149478,12.958953,19.85,3.63,1.0,129.0,0.544,0.001,0.316,50,3135.9,1946.0,3161.0,2265.8,10747.8,41284.2,0.0,427,66330.5,434.7,23,1398.5,2416.0
CHN_G1021,408250.0,1432750.0,80.154087,12.958968,23.1,0.34,0.789,326.0,0.073,0.001,0.788,10,2858.0,2045.3,2705.3,2096.5,10254.0,41593.2,0.0,12,2202.0,663.7,4,1516.5,2795.6
CHN_G1022,408750.0,1432750.0,80.158697,12.958982,17.05,1.58,1.0,83.0,0.189,0.0,0.793,10,2646.1,2253.8,2268.3,1907.1,9760.1,41905.9,0.0,431,64121.4,382.1,2,1773.0,3208.4
CHN_G1023,409250.0,1432750.0,80.163306,12.958997,17.42,1.15,0.936,86.0,0.868,0.0,0.127,50,2311.8,2538.0,1863.3,1759.3,9266.3,42222.2,0.0,217,27455.5,510.1,1,2118.4,3384.5
CHN_G1024,409750.0,1432750.0,80.167916,12.959012,18.62,0.87,0.776,148.0,0.73,0.0,0.246,50,1906.2,2876.6,1516.1,1327.0,8772.4,42542.0,0.0,2,171.1,935.1,1,1915.9,3284.2
CHN_G1025,410250.0,1432750.0,80.172525,12.959027,18.71,0.81,0.636,261.0,0.824,0.0,0.16,50,1531.7,3257.0,1274.8,836.2,8278.6,42865.3,0.0,112,13192.2,1083.2,0,1426.7,3258.4
CHN_G1026,410750.0,1432750.0,80.177135,12.959041,17.4,1.38,0.494,202.0,0.716,0.015,0.26,50,1248.4,3645.3,1204.8,370.8,7784.7,43191.9,0.0,534,40557.1,973.2,2,948.7,3308.8
CHN_G1027,411250.0,1432750.0,80.181744,12.959056,14.13,1.82,0.577,172.0,0.747,0.011,0.238,50,842.2,3952.7,1033.5,195.5,7290.9,43521.8,0.0,486,55472.0,489.9,8,514.4,3432.1
CHN_G1028,411750.0,1432750.0,80.186354,12.95907,14.35,1.93,0.478,26.0,0.952,0.0,0.046,50,342.5,4197.3,930.5,376.0,6797.0,43855.0,0.0,129,16849.4,71.8,11,359.5,3620.9
CHN_G1029,412250.0,1432750.0,80.190964,12.959085,7.5,0.0,0.785,26.0,0.556,0.295,0.146,50,146.6,4484.5,792.7,844.4,6303.2,44191.3,1615.8,132,29237.8,411.1,11,702.8,3865.5
CHN_G1030,412750.0,1432750.0,80.195573,12.959099,8.06,1.51,0.649,26.0,0.944,0.0,0.056,50,112.4,4701.7,741.4,1336.0,5809.3,44530.7,4993.3,78,44941.8,607.9,7,1165.6,3993.5
CHN_G1031,413250.0,1432750.0,80.200183,12.959113,6.74,0.58,0.641,3.0,0.981,0.0,0.019,50,3.2,4393.1,834.9,1171.2,5315.5,44872.9,10496.5,377,34422.3,766.4,2,922.3,3565.8
CHN_G1032,413750.0,1432750.0,80.204792,12.959127,3.41,0.83,0.752,3.0,0.956,0.0,0.042,50,0.6,4118.9,708.4,1150.8,4822.0,45217.9,17523.9,470,72288.3,724.6,1,681.1,3159.3
CHN_G1033,414250.0,1432750.0,80.209402,12.959141,2.0,0.29,0.768,133.0,0.698,0.0,0.294,50,62.8,3885.3,268.7,1185.0,4329.9,45562.1,9377.4,572,75073.6,747.0,1,759.6,2783.5
CHN_G1034,414750.0,1432750.0,80.214012,12.959155,3.66,1.43,0.609,116.0,0.274,0.042,0.582,50,2.8,3700.6,357.5,1074.6,3839.1,45901.6,3882.2,428,55259.1,1044.5,0,1090.9,2452.4
CHN_G1035,415250.0,1432750.0,80.218621,12.959169,3.87,1.05,0.568,187.0,0.022,0.002,0.888,10,463.9,3576.7,549.0,1018.3,3348.3,46244.0,0.0,164,14250.9,1457.4,0,1517.6,2186.5
CHN_G1036,415750.0,1432750.0,80.223231,12.959183,2.34,1.13,0.682,31.0,0.001,0.068,0.626,30,912.5,3520.1,885.5,1191.2,2857.5,46589.3,0.0,0,0.0,1717.6,0,1979.0,2011.7
CHN_G1037,416250.0,1432750.0,80.22784,12.959197,2.5,0.06,0.711,94.0,0.026,0.106,0.538,90,502.7,3530.4,1329.2,929.4,2366.7,46937.3,0.0,193,28370.5,1522.2,0,1969.0,1952.8
CHN_G1038,416750.0,1432750.0,80.23245,12.95921,4.54,1.3,0.63,220.0,0.457,0.016,0.465,50,66.9,3608.6,1802.6,870.2,1875.9,47288.1,4651.8,409,67144.8,1070.0,0,1623.4,2019.9
CHN_G1039,417250.0,1432750.0,80.23706,12.959224,8.02,0.5,0.441,220.0,0.952,0.0,0.032,50,13.4,3752.4,2287.4,891.8,1385.1,47641.5,13133.5,337,70148.6,585.0,2,1376.3,2201.5
CHN_G1040,417750.0,1432750.0,80.241669,12.959237,9.18,4.44,0.41,109.0,0.898,0.001,0.1,50,55.0,3829.7,2777.5,1093.1,894.3,47997.6,18755.9,175,73478.4,198.8,4,1285.6,2472.4
CHN_G1041,418250.0,1432750.0,80.246279,12.959251,4.79,1.9,0.732,109.0,0.968,0.0,0.025,50,21.0,3876.7,3270.7,1447.3,403.5,48356.1,21093.5,333,46756.1,425.0,6,1382.5,2807.0
CHN_G1042,418750.0,1432750.0,80.250888,12.959264,4.2,1.13,0.753,109.0,0.908,0.0,0.091,50,22.0,3981.0,3764.8,1869.3,87.3,48717.2,15561.2,181,49323.8,264.4,7,1634.0,3185.3
CHN_G1043,419250.0,1432750.0,80.255498,12.959277,7.26,3.18,0.497,109.0,0.888,0.0,0.11,50,5.1,4142.0,4248.9,2322.4,578.0,49080.7,6935.8,113,29936.4,201.4,6,1982.1,3593.4
CHN_G1044,419750.0,1432750.0,80.260108,12.95929,10.36,3.63,0.238,71.0,0.898,0.0,0.102,50,228.7,4354.9,4736.2,2791.7,1068.8,49446.6,1054.8,67,5688.4,433.4,4,2384.8,4022.3
CHN_G1045,420250.0,1432750.0,80.264717,12.959303,0.0,0.0,0.799,71.0,0.171,0.669,0.081,80,446.8,4610.1,5226.0,3270.0,1559.6,49814.9,0.0,0,0.0,904.9,2,2818.8,4466.0
CHN_G1046,420750.0,1432750.0,80.269327,12.959316,0.0,0.0,0.734,71.0,0.0,1.0,0.0,80,812.5,4900.1,5717.5,3754.0,2050.4,50185.1,0.0,0,0.0,1293.9,0,2932.2,4920.5
CHN_G1047,421250.0,1432750.0,80.273937,12.959329,0.0,0.0,0.64,79.0,0.0,1.0,0.0,80,1258.6,5217.3,6210.3,4241.7,2541.2,50557.3,0.0,0,0.0,1740.5,0,3118.8,5383.1
CHN_G1048,421750.0,1432750.0,80.278546,12.959342,0.0,0.0,0.585,79.0,0.0,1.0,0.0,80,1681.1,5560.0,6704.3,4732.0,3032.0,50931.7,0.0,0,0.0,2210.1,0,3369.9,5851.9
CHN_G1049,422250.0,1432750.0,80.283156,12.959355,0.0,0.0,0.582,79.0,0.0,1.0,0.0,80,2137.2,5925.2,7199.0,5224.1,3522.8,51308.2,0.0,0,0.0,2690.7,0,3672.3,6325.4
CHN_G1050,422750.0,1432750.0,80.287766,12.959367,0.0,0.0,0.582,79.0,0.0,1.0,0.0,80,2609.5,6308.1,7694.5,5717.6,4013.6,51686.8,0.0,0,0.0,3177.3,0,4014.4,6802.8
CHN_G1051,402250.0,1433250.0,80.098757,12.963303,15.02,0.39,0.668,294.0,0.002,0.0,0.998,10,7676.3,351.3,6774.6,707.9,16240.1,37209.8,0.0,0,0.0,3186.0,0,3006.4,4360.4
CHN_G1052,402750.0,1433250.0,80.103367,12.963319,14.77,0.42,0.689,291.0,0.2,0.0,0.784,40,7194.5,812.7,6532.6,253.9,15749.7,37547.1,0.0,0,0.0,2701.8,0,2520.6,3935.9
CHN_G1053,403250.0,1433250.0,80.107976,12.963335,13.65,0.64,0.758,304.0,0.104,0.0,0.878,10,6715.2,859.6,6321.0,62.3,15259.3,37887.9,0.0,0,0.0,2203.2,0,2041.7,3531.3
CHN_G1054,403750.0,1433250.0,80.112586,12.96335,20.69,3.77,0.379,306.0,0.326,0.032,0.642,10,6239.3,530.5,6142.9,366.7,14768.8,38232.3,0.0,0,0.0,1705.5,0,1575.8,3154.1
CHN_G1055,404250.0,1433250.0,80.117195,12.963366,16.0,0.87,0.723,150.0,0.254,0.0,0.746,10,5767.4,306.9,6001.2,601.0,14278.4,38580.1,0.0,0,0.0,1209.6,0,1139.3,2815.4
CHN_G1056,404750.0,1433250.0,80.121805,12.963382,17.32,5.65,0.742,320.0,0.302,0.0,0.668,10,5300.6,9.9,5898.7,950.2,13788.0,38931.1,0.0,0,0.0,719.3,2,782.9,2530.8
CHN_G1057,405250.0,1433250.0,80.126414,12.963397,22.25,2.81,0.588,320.0,0.533,0.0,0.465,50,4840.5,266.0,5681.1,1230.9,13295.3,39285.5,0.0,0,0.0,268.0,2,654.1,2320.2
CHN_G1058,405750.0,1433250.0,80.131024,12.963413,19.37,1.96,0.825,133.0,0.786,0.0,0.198,50,4389.2,408.2,5207.5,1310.1,12801.4,39642.9,0.0,0,0.0,355.2,10,861.8,2205.0
CHN_G1059,406250.0,1433250.0,80.135634,12.963428,27.45,0.69,0.412,133.0,0.941,0.0,0.059,50,3949.5,830.5,4739.2,1480.1,12307.6,39977.8,0.0,0,0.0,536.6,13,1248.0,2200.1
CHN_G1060,406750.0,1433250.0,80.140243,12.963443,27.35,1.96,0.438,129.0,0.824,0.0,0.176,50,3526.0,1308.8,4276.9,1743.6,11813.7,40278.2,0.0,0,0.0,312.4,18,1273.9,2306.2
CHN_G1061,407250.0,1433250.0,80.144853,12.963458,24.26,1.5,0.68,129.0,0.817,0.0,0.183,50,3125.2,1483.3,3823.4,2095.0,11319.9,40582.6,0.0,0,0.0,272.7,20,983.2,2509.4
CHN_G1062,407750.0,1433250.0,80.149462,12.963473,21.75,2.21,0.94,129.0,0.941,0.0,0.057,50,2757.0,1447.9,3383.0,2497.5,10826.0,40890.8,0.0,0,0.0,328.7,13,900.3,2788.4
CHN_G1063,408250.0,1433250.0,80.154072,12.963488,24.8,1.9,0.772,77.0,0.712,0.0,0.274,50,2436.3,1578.9,2961.6,2546.3,10332.2,41202.7,0.0,0,0.0,239.7,5,1074.4,3123.1
CHN_G1064,408750.0,1433250.0,80.158682,12.963503,32.94,1.79,0.262,83.0,0.777,0.0,0.22,50,2183.9,1836.9,2568.6,2328.3,9838.3,41518.4,0.0,0,0.0,197.1,2,1413.6,3101.0
CHN_G1065,409250.0,1433250.0,80.163291,12.963518,22.04,2.81,0.84,86.0,0.817,0.0,0.167,50,2025.7,2169.8,2219.1,1833.2,9344.4,41837.6,0.0,86,14583.6,391.2,1,1828.2,2906.4
CHN_G1066,409750.0,1433250.0,80.167901,12.963533,23.08,0.76,0.717,148.0,0.706,0.002,0.25,50,1614.0,2557.6,1936.7,1341.8,8850.6,42160.3,0.0,243,19451.7,875.9,1,2064.3,2789.0
CHN_G1067,410250.0,1433250.0,80.17251,12.963548,26.03,1.59,0.415,202.0,0.78,0.0,0.22,50,1212.2,2938.9,1754.3,860.4,8356.7,42486.5,0.0,19,1426.4,1371.6,0,1620.5,2758.6
CHN_G1068,410750.0,1433250.0,80.17712,12.963562,17.11,0.76,0.704,202.0,0.527,0.0,0.469,50,825.7,3291.4,1704.1,424.3,7863.3,42816.1,0.0,580,52089.9,1082.5,0,1221.0,2818.0
CHN_G1069,411250.0,1433250.0,80.18173,12.963577,13.76,0.43,0.721,172.0,0.23,0.178,0.578,40,627.3,3510.9,1505.2,304.5,7370.8,43148.9,0.0,179,42990.3,643.9,9,924.9,2961.8
CHN_G1070,411750.0,1433250.0,80.186339,12.963591,14.25,0.87,0.565,172.0,0.988,0.0,0.01,50,456.5,3784.2,1416.7,443.6,6879.3,43484.9,0.0,425,53050.9,165.9,12,848.6,3178.6
CHN_G1071,412250.0,1433250.0,80.190949,12.963606,10.28,6.56,0.686,26.0,0.663,0.252,0.082,50,5.1,4100.4,1281.2,876.6,6388.5,43824.0,3920.1,192,41881.9,263.0,12,1041.5,3454.6
CHN_G1072,412750.0,1433250.0,80.195559,12.96362,13.38,3.44,0.379,26.0,0.921,0.021,0.05,50,20.3,4450.5,1237.6,1356.5,5897.8,44166.1,13067.0,262,38679.5,111.8,6,1149.1,3774.3
CHN_G1073,413250.0,1433250.0,80.200168,12.963634,10.8,0.88,0.436,3.0,0.943,0.006,0.045,50,25.7,4806.5,1329.8,1659.7,5407.0,44510.9,13376.2,169,26537.3,480.0,4,658.5,3318.4
CHN_G1074,413750.0,1433250.0,80.204778,12.963648,8.14,0.55,0.506,3.0,0.962,0.0,0.036,50,30.3,4555.7,975.7,1459.8,4916.2,44855.7,7129.8,507,75502.5,289.3,3,216.1,2877.2
CHN_G1075,414250.0,1433250.0,80.209388,12.963662,6.25,3.05,0.556,133.0,0.986,0.0,0.01,50,11.4,4343.1,699.8,1006.5,4425.4,45194.9,12177.4,577,76843.4,341.6,2,399.7,2458.6
CHN_G1076,414750.0,1433250.0,80.213997,12.963676,4.24,0.95,0.62,116.0,0.908,0.0,0.083,50,123.1,4178.6,203.0,628.6,3934.6,45537.2,3785.3,645,77415.0,806.0,1,879.2,2076.4
CHN_G1077,415250.0,1433250.0,80.218607,12.96369,3.99,1.4,0.606,306.0,0.173,0.002,0.76,10,230.9,4069.3,232.7,526.5,3443.8,45882.3,910.5,390,42519.0,1194.3,0,1373.3,1754.4
CHN_G1078,415750.0,1433250.0,80.223217,12.963704,3.67,2.17,0.64,36.0,0.151,0.278,0.47,80,544.9,4019.7,732.7,812.0,2953.0,46230.3,0.0,511,68955.7,1231.5,0,1870.6,1531.1
CHN_G1079,416250.0,1433250.0,80.227826,12.963718,1.0,0.0,0.829,36.0,0.04,0.768,0.101,80,481.8,4028.7,1232.7,486.1,2462.2,46581.0,0.0,306,35776.0,1451.5,0,2047.0,1452.8
CHN_G1080,416750.0,1433250.0,80.232436,12.963731,5.93,1.48,0.57,220.0,0.384,0.006,0.513,50,10.8,4097.4,1704.6,370.2,1971.4,46934.4,9040.5,121,10469.0,1096.8,0,2042.3,1541.8
CHN_G1081,417250.0,1433250.0,80.237046,12.963745,8.95,1.42,0.399,111.0,0.808,0.013,0.17,50,23.1,4224.6,2187.4,407.6,1480.6,47290.5,17199.1,508,43807.4,632.8,3,1852.0,1773.0
CHN_G1082,417750.0,1433250.0,80.241656,12.963758,10.81,1.72,0.315,109.0,0.778,0.076,0.122,50,12.0,4329.5,2676.5,752.2,989.9,47649.1,14438.4,637,74482.6,312.7,4,1785.6,2100.0
CHN_G1083,418250.0,1433250.0,80.246265,12.963772,7.56,2.91,0.561,109.0,0.963,0.0,0.031,50,18.7,4371.2,3169.0,1210.5,499.1,48010.3,10875.7,615,79472.4,36.4,5,1856.6,2485.3
CHN_G1084,418750.0,1433250.0,80.250875,12.963785,3.29,0.64,0.82,109.0,0.866,0.006,0.119,50,18.2,4464.9,3663.5,1692.6,8.3,48374.0,15634.4,591,73344.9,468.1,9,2050.7,2905.7
CHN_G1085,419250.0,1433250.0,80.255485,12.963798,9.2,1.57,0.406,109.0,0.966,0.0,0.031,50,7.8,4609.1,4159.4,2182.8,482.5,48740.1,12662.9,354,47977.3,342.5,7,2337.5,3348.1
CHN_G1086,419750.0,1433250.0,80.260094,12.963811,10.76,1.16,0.235,109.0,0.896,0.0,0.098,50,151.9,4801.3,4656.1,2676.6,973.3,49108.5,873.3,155,31097.5,202.3,6,2300.4,3804.7
CHN_G1087,420250.0,1433250.0,80.264704,12.963824,0.0,0.0,0.817,79.0,0.194,0.47,0.181,80,241.9,5036.0,5153.5,3172.3,1464.1,49478.9,222.6,229,39099.5,629.4,3,2328.4,4271.1
CHN_G1088,420750.0,1433250.0,80.269314,12.963837,0.0,0.0,0.754,79.0,0.0,1.0,0.0,80,563.4,5304.1,5651.3,3669.2,1954.9,49851.4,0.0,346,68836.3,1118.7,0,2459.8,4744.4
CHN_G1089,421250.0,1433250.0,80.273924,12.96385,0.0,0.0,0.661,79.0,0.0,1.0,0.0,80,1029.2,5601.8,6149.5,4166.9,2445.7,50226.0,0.0,423,73187.7,1614.5,0,2679.5,5222.6
CHN_G1090,421750.0,1433250.0,80.278533,12.963863,0.0,0.0,0.591,79.0,0.0,1.0,0.0,80,1516.9,5923.1,6647.9,4665.0,2936.5,50602.9,0.0,508,59644.2,2112.3,0,2968.0,5704.5
CHN_G1091,422250.0,1433250.0,80.283143,12.963876,0.0,0.0,0.582,79.0,0.0,1.0,0.0,80,2006.2,6267.2,7146.6,5163.5,3427.3,50981.8,0.0,146,11196.9,2603.3,0,3307.3,6189.4
CHN_G1092,422750.0,1433250.0,80.287753,12.963888,0.0,0.0,0.582,79.0,0.0,1.0,0.0,80,2493.5,6631.1,7645.4,5547.9,3918.1,51362.9,0.0,0,0.0,3085.9,0,3683.5,6676.4
CHN_G1093,402250.0,1433750.0,80.098741,12.967824,15.81,0.27,0.681,265.0,0.383,0.0,0.612,50,7562.6,524.3,6350.3,402.6,16336.5,36840.5,0.0,35,7224.2,2743.5,0,2939.0,4631.6
CHN_G1094,402750.0,1433750.0,80.10335,12.96784,17.07,1.3,0.59,291.0,0.535,0.0,0.459,50,7073.0,998.1,6091.5,271.1,15842.7,37181.2,0.0,153,37368.4,2714.2,0,2439.8,4234.3
CHN_G1095,403250.0,1433750.0,80.10796,12.967855,14.93,0.72,0.702,300.0,0.225,0.0,0.772,10,6585.0,701.5,5864.0,157.9,15348.8,37525.3,0.0,573,79468.1,2218.4,0,1941.0,3861.1
CHN_G1096,403750.0,1433750.0,80.11257,12.967871,13.86,1.27,0.793,300.0,0.043,0.0,0.957,10,6098.8,201.5,5671.5,38.5,14855.0,37873.0,0.0,372,69199.6,1725.0,0,1443.0,3519.4
CHN_G1097,404250.0,1433750.0,80.117179,12.967887,15.39,1.18,0.754,159.0,0.455,0.0,0.545,50,5615.2,98.6,5517.8,270.2,14361.1,38224.0,0.0,489,49586.7,1236.9,0,947.2,3219.5
CHN_G1098,404750.0,1433750.0,80.121789,12.967902,23.19,3.68,0.369,9.0,0.207,0.121,0.614,10,5134.6,368.4,5406.2,760.9,13867.3,38578.4,0.0,369,68089.6,764.4,2,460.5,2973.8
CHN_G1099,405250.0,1433750.0,80.126399,12.967918,24.55,2.57,0.389,133.0,0.69,0.0,0.31,50,4658.1,711.4,5339.1,1216.7,13373.4,38935.9,0.0,217,43974.5,372.4,8,164.2,2796.7
CHN_G1100,405750.0,1433750.0,80.131008,12.967933,19.43,1.37,0.758,133.0,0.929,0.0,0.07,50,4187.2,848.4,5318.5,1658.4,12879.6,39278.3,0.0,39,4836.4,397.1,14,584.7,2701.9
CHN_G1101,406250.0,1433750.0,80.135618,12.967949,22.86,0.69,0.611,133.0,0.972,0.0,0.02,50,3723.8,1114.9,4941.4,1945.9,12385.7,39577.7,0.0,0,0.0,386.6,20,1075.5,2697.9
CHN_G1102,406750.0,1433750.0,80.140228,12.967964,23.3,0.25,0.595,129.0,0.985,0.0,0.011,50,3271.2,1270.2,4499.3,2155.0,11891.9,39881.2,0.0,0,0.0,448.6,21,988.6,2785.1
CHN_G1103,407250.0,1433750.0,80.144837,12.967979,26.26,1.99,0.485,77.0,0.955,0.0,0.035,50,2834.5,1004.8,4070.7,2448.0,11398.1,40188.5,0.0,0,0.0,98.6,19,566.8,2955.5
CHN_G1104,407750.0,1433750.0,80.149447,12.967994,25.98,1.67,0.634,77.0,0.915,0.0,0.081,50,2422.5,951.8,3660.2,2800.3,10904.7,40499.7,0.0,0,0.0,232.4,11,406.4,3195.9
CHN_G1105,408250.0,1433750.0,80.154057,12.968009,32.22,6.59,0.337,77.0,0.724,0.0,0.273,50,2050.1,1141.2,3274.7,2919.0,10412.0,40814.7,0.0,0,0.0,417.6,8,713.5,2962.7
CHN_G1106,408750.0,1433750.0,80.158666,12.968024,93.76,9.9,0.0,188.0,0.126,0.0,0.874,10,1742.7,1463.2,2924.1,2441.4,9920.0,41133.3,0.0,0,0.0,657.1,3,1163.2,2666.2
CHN_G1107,409250.0,1433750.0,80.163276,12.968039,31.14,1.64,0.38,92.0,0.515,0.0,0.475,50,1539.8,1864.0,2622.3,1974.9,9428.8,41455.5,0.0,0,0.0,738.9,1,1642.2,2437.2
CHN_G1108,409750.0,1433750.0,80.167886,12.968054,17.5,0.0,1.0,92.0,0.323,0.066,0.551,10,1376.2,2232.9,2388.2,1529.7,8938.0,41781.2,0.0,0,0.0,1077.1,0,2130.9,2295.9
CHN_G1109,410250.0,1433750.0,80.172495,12.968069,20.51,1.3,0.865,89.0,0.48,0.037,0.348,50,928.0,2589.8,2200.8,1131.3,8447.2,42110.3,0.0,0,0.0,1376.1,0,1680.8,2258.8
CHN_G1110,410750.0,1433750.0,80.177105,12.968083,22.54,1.63,0.509,89.0,0.525,0.022,0.378,50,523.4,2834.8,1746.6,848.3,7956.4,42442.8,0.0,0,0.0,880.5,2,1232.0,2331.0
CHN_G1111,411250.0,1433750.0,80.181715,12.968098,20.63,1.97,0.408,89.0,0.683,0.096,0.22,50,132.1,3086.9,1326.0,804.5,7465.7,42778.5,2284.8,0,0.0,396.3,7,842.9,2502.9
CHN_G1112,411750.0,1433750.0,80.186325,12.968112,17.77,0.2,0.44,172.0,0.945,0.011,0.043,50,198.1,3394.5,982.6,867.3,6974.9,43117.4,3355.9,0,0.0,100.2,9,634.8,2756.1
CHN_G1113,412250.0,1433750.0,80.190934,12.968127,15.43,1.64,0.45,26.0,0.972,0.0,0.026,50,68.5,3743.8,818.4,1150.6,6484.1,43459.3,10045.8,0,0.0,191.3,10,771.8,3070.3
CHN_G1114,412750.0,1433750.0,80.195544,12.968141,16.27,2.73,0.269,26.0,0.965,0.0,0.034,50,3.4,4124.3,924.8,1547.8,5993.3,43804.0,16583.0,0,0.0,394.3,7,1135.0,3429.0
CHN_G1115,413250.0,1433750.0,80.200154,12.968155,10.51,0.3,0.507,3.0,0.78,0.142,0.052,50,140.7,4528.0,1170.9,1867.9,5502.5,44149.3,7555.7,0,0.0,611.0,5,718.6,3132.0
CHN_G1116,413750.0,1433750.0,80.204764,12.968169,7.86,2.43,0.576,3.0,0.822,0.068,0.106,50,52.9,4949.4,859.5,1367.9,5011.7,44488.3,5502.6,0,0.0,377.3,3,359.9,2660.0
CHN_G1117,414250.0,1433750.0,80.209373,12.968183,5.77,3.85,0.642,20.0,0.982,0.0,0.017,50,199.9,4809.3,540.8,868.0,4520.9,44830.3,2120.1,0,0.0,335.7,3,492.6,2200.5
CHN_G1118,414750.0,1433750.0,80.213983,12.968197,2.78,2.09,0.762,20.0,0.916,0.0,0.073,50,243.1,4661.3,212.4,368.0,4030.1,45175.3,535.5,0,0.0,691.8,5,925.1,1763.1
CHN_G1119,415250.0,1433750.0,80.218593,12.968211,5.75,2.58,0.553,20.0,0.747,0.016,0.212,50,111.1,4563.6,128.9,121.9,3539.3,45523.2,3521.5,0,0.0,701.9,5,1403.2,1369.3
CHN_G1120,415750.0,1433750.0,80.223203,12.968225,2.99,0.76,0.725,20.0,0.478,0.081,0.396,50,50.9,4519.3,628.9,575.0,3048.5,45873.9,7286.2,0,0.0,763.5,6,1428.2,1068.4
CHN_G1121,416250.0,1433750.0,80.227812,12.968239,2.39,0.72,0.78,36.0,0.565,0.106,0.238,50,287.5,4527.4,1128.9,329.8,2557.7,46227.3,1372.8,41,9949.3,1076.9,0,1591.4,952.9
CHN_G1122,416750.0,1433750.0,80.232422,12.968252,5.99,2.05,0.588,78.0,0.853,0.0,0.124,50,121.5,4588.7,1628.9,129.7,2067.0,46583.4,1617.9,116,8616.3,1327.1,0,1877.7,1083.7
CHN_G1123,417250.0,1433750.0,80.237032,12.968266,6.75,1.48,0.543,111.0,0.64,0.174,0.179,50,182.8,4702.6,2128.9,192.3,1576.2,46942.2,1041.9,49,3103.9,979.1,1,2240.2,1393.2
CHN_G1124,417750.0,1433750.0,80.241642,12.968279,7.72,1.83,0.505,109.0,0.269,0.157,0.544,10,107.9,4829.4,2628.9,660.7,1085.4,47303.5,4598.1,281,22529.0,666.1,4,2285.6,1790.9
CHN_G1125,418250.0,1433750.0,80.246252,12.968293,10.04,1.35,0.416,109.0,0.987,0.0,0.013,50,16.5,4866.7,3128.9,1155.9,594.6,47667.3,25513.9,204,60783.0,248.8,4,2341.5,2230.2
CHN_G1126,418750.0,1433750.0,80.250861,12.968306,11.37,7.87,0.353,109.0,0.9,0.007,0.07,50,77.8,4952.1,3628.9,1654.0,103.8,48033.5,15467.9,162,39057.6,424.4,8,2118.0,2690.8
CHN_G1127,419250.0,1433750.0,80.255471,12.968319,9.15,2.89,0.435,109.0,0.921,0.0,0.074,50,28.9,5082.5,4128.9,2153.0,387.0,48402.2,14510.4,59,12634.3,169.4,13,1901.4,3163.4
CHN_G1128,419750.0,1433750.0,80.260081,12.968332,11.14,1.51,0.239,109.0,0.94,0.0,0.06,50,43.2,5257.4,4628.9,2652.3,877.8,48772.8,3868.7,223,35640.0,241.6,13,1801.3,3643.2
CHN_G1129,420250.0,1433750.0,80.264691,12.968345,7.74,2.79,0.379,79.0,0.562,0.271,0.07,50,2.6,5472.5,5128.9,3151.9,1368.6,49145.5,5859.2,161,45252.7,551.2,7,1836.9,4127.9
CHN_G1130,420750.0,1433750.0,80.269301,12.968358,0.0,0.0,0.776,79.0,0.0,1.0,0.0,80,441.6,5722.3,5628.9,3651.6,1859.4,49520.4,0.0,563,88524.4,1024.4,0,2000.8,4615.9
CHN_G1131,421250.0,1433750.0,80.273911,12.968371,0.0,0.0,0.684,79.0,0.0,1.0,0.0,80,941.6,6001.1,6128.9,4151.3,2350.2,49897.6,0.0,642,84735.3,1514.9,0,2265.5,5106.1
CHN_G1132,421750.0,1433750.0,80.27852,12.968384,0.0,0.0,0.602,79.0,0.0,1.0,0.0,80,1441.6,6304.7,6628.9,4651.2,2841.1,50276.9,0.0,552,76674.3,2010.0,0,2600.4,5598.1
CHN_G1133,422250.0,1433750.0,80.28313,12.968397,0.0,0.0,0.582,79.0,0.0,1.0,0.0,80,1941.6,6629.2,7128.9,4973.8,3334.0,50658.3,0.0,589,67452.2,2507.1,0,2981.8,6091.4
CHN_G1134,422750.0,1433750.0,80.28774,12.968409,0.0,0.0,0.582,79.0,0.0,1.0,0.0,80,2441.6,6974.3,7628.9,5058.8,3827.4,51041.7,0.0,411,42123.6,2928.5,0,3394.2,6585.7
CHN_G1135,402250.0,1434250.0,80.098725,12.972344,19.43,2.82,0.514,295.0,0.347,0.0,0.653,10,7264.9,847.9,5937.8,83.8,16414.7,36474.4,0.0,51,4655.5,2250.3,0,2955.8,4938.6
CHN_G1136,402750.0,1434250.0,80.103334,12.97236,17.34,0.44,0.614,297.0,0.297,0.0,0.694,10,6905.5,1210.9,5660.2,214.4,15920.9,36818.4,0.0,25,3837.1,2215.1,0,2460.0,4568.1
CHN_G1137,403250.0,1434250.0,80.107944,12.972376,15.64,0.2,0.683,314.0,0.124,0.0,0.869,10,6490.7,863.4,5414.6,335.8,15427.0,37165.9,0.0,195,34414.9,2085.2,0,1966.4,4224.5
CHN_G1138,403750.0,1434250.0,80.112554,12.972392,16.74,0.71,0.633,322.0,0.0,0.0,1.0,10,5996.9,542.1,5205.6,342.5,14933.2,37516.9,0.0,328,41226.7,1661.2,0,1477.0,3914.7
CHN_G1139,404250.0,1434250.0,80.117163,12.972408,17.07,1.19,0.65,157.0,0.376,0.0,0.615,10,5504.3,553.6,5037.7,99.9,14439.4,37871.3,0.0,372,59801.4,1229.3,0,998.2,3647.3
CHN_G1140,404750.0,1434250.0,80.121773,12.972423,24.38,2.33,0.268,157.0,0.78,0.005,0.212,50,5013.1,791.0,4915.1,542.4,13946.1,38228.9,0.0,550,57748.1,729.3,2,557.9,3432.4
CHN_G1141,405250.0,1434250.0,80.126383,12.972439,27.04,1.22,0.188,133.0,0.845,0.012,0.134,50,4523.9,1075.1,4841.3,1011.0,13453.2,38579.2,0.0,396,37264.1,229.7,11,355.1,3280.2
CHN_G1142,405750.0,1434250.0,80.130993,12.972454,24.79,1.44,0.368,133.0,0.894,0.0,0.101,50,4037.3,1331.6,4818.5,1496.2,12961.0,38877.5,0.0,313,39791.1,81.7,19,664.1,3199.7
CHN_G1143,406250.0,1434250.0,80.135602,12.97247,25.02,2.71,0.401,133.0,0.832,0.0,0.162,50,3554.4,1423.5,4837.2,1988.1,12469.3,39180.0,0.0,273,48512.6,181.0,21,1120.6,3196.3
CHN_G1144,406750.0,1434250.0,80.140212,12.972485,21.79,1.56,0.592,333.0,0.974,0.0,0.021,50,3077.0,960.6,4636.1,2139.5,11978.3,39486.5,0.0,366,57388.7,80.3,25,912.1,3270.3
CHN_G1145,407250.0,1434250.0,80.144822,12.9725,24.83,1.47,0.48,252.0,0.723,0.0,0.196,50,2608.1,564.9,4352.5,2347.9,11487.5,39796.9,0.0,398,68954.8,73.9,17,419.4,3190.8
CHN_G1146,407750.0,1434250.0,80.149432,12.972515,19.48,2.72,0.948,252.0,0.707,0.0,0.29,50,2153.2,464.2,3981.1,2407.0,10996.7,40111.1,0.0,326,58525.9,244.8,11,140.6,2850.4
CHN_G1147,408250.0,1434250.0,80.154041,12.97253,24.73,4.22,0.727,252.0,0.452,0.0,0.546,10,1723.4,757.7,3629.9,2443.1,10505.9,40429.1,0.0,32,3004.3,526.3,6,603.0,2562.8
CHN_G1148,408750.0,1434250.0,80.158651,12.972545,43.99,15.89,0.0,336.0,0.228,0.0,0.771,10,1343.2,1186.4,3317.0,2514.2,10015.1,40750.7,0.0,0,0.0,988.4,1,1098.9,2258.6
CHN_G1149,409250.0,1434250.0,80.163261,12.97256,71.44,25.06,0.0,158.0,0.362,0.0,0.634,10,1067.0,1528.0,3054.4,2222.6,9524.3,41075.9,0.0,19,1239.8,1199.5,0,1597.3,1983.1
CHN_G1150,409750.0,1434250.0,80.167871,12.972575,32.24,3.15,0.294,158.0,0.578,0.067,0.339,50,986.2,1885.6,2562.6,1838.3,9033.5,41404.6,0.0,373,72494.3,1432.8,0,2061.6,1806.6
CHN_G1151,410250.0,1434250.0,80.172481,12.972589,21.11,4.67,0.847,195.0,0.078,0.218,0.576,10,729.0,2178.3,2067.4,1522.9,8542.8,41736.7,0.0,278,54029.5,1119.1,0,1563.0,1759.2
CHN_G1152,410750.0,1434250.0,80.17709,12.972604,25.4,2.08,0.367,194.0,0.188,0.208,0.58,10,268.8,2395.5,1575.3,1326.3,8052.0,42072.1,161.6,329,63871.3,747.7,3,1065.6,1851.0
CHN_G1153,411250.0,1434250.0,80.1817,12.972619,20.6,0.9,0.447,194.0,0.88,0.008,0.11,50,11.4,2689.2,1090.4,1303.4,7561.2,42410.7,21700.0,432,44164.4,280.6,11,572.8,2063.3
CHN_G1154,411750.0,1434250.0,80.18631,12.972633,18.69,1.56,0.425,194.0,0.965,0.0,0.034,50,17.3,3037.3,629.5,1344.5,7070.4,42752.4,25770.2,428,72445.2,162.3,16,144.2,2364.0
CHN_G1155,412250.0,1434250.0,80.19092,12.972647,14.64,0.96,0.537,172.0,0.953,0.0,0.046,50,8.4,3423.2,322.0,1542.5,6579.6,43097.0,17630.9,282,63419.0,319.8,13,462.0,2723.9
CHN_G1156,412750.0,1434250.0,80.19553,12.972662,11.03,0.97,0.627,26.0,0.96,0.0,0.04,50,32.3,3835.6,524.0,1857.7,6088.8,43442.9,21191.5,148,23582.7,635.3,7,951.9,3122.6
CHN_G1157,413250.0,1434250.0,80.200139,12.972676,10.04,1.71,0.584,3.0,0.888,0.009,0.094,50,20.1,4266.8,728.4,1931.2,5598.0,43781.7,14463.5,0,0.0,650.9,4,1048.5,3017.7
CHN_G1158,413750.0,1434250.0,80.204749,12.97269,6.85,1.79,0.69,3.0,0.912,0.001,0.085,50,49.2,4711.6,468.5,1453.1,5107.2,44123.5,4392.3,0,0.0,426.4,6,844.0,2524.5
CHN_G1159,414250.0,1434250.0,80.209359,12.972704,3.51,2.22,0.832,20.0,0.878,0.0,0.116,50,151.0,5166.4,156.6,996.0,4616.4,44468.4,3684.1,0,0.0,218.2,6,908.6,2034.6
CHN_G1160,414750.0,1434250.0,80.213969,12.972718,7.36,1.35,0.55,20.0,0.934,0.0,0.065,50,30.1,5147.3,164.8,541.4,4125.6,44816.1,9046.2,0,0.0,492.5,7,1181.7,1551.1
CHN_G1161,415250.0,1434250.0,80.218579,12.972732,8.0,2.08,0.485,20.0,0.985,0.0,0.01,50,41.0,5058.9,488.5,86.9,3634.8,45166.8,11671.4,0,0.0,243.3,10,943.1,1082.7
CHN_G1162,415750.0,1434250.0,80.223189,12.972746,4.66,1.49,0.692,20.0,0.952,0.0,0.048,50,18.7,5019.1,794.7,372.4,3144.1,45520.2,16913.7,0,0.0,385.4,9,939.3,662.4
CHN_G1163,416250.0,1434250.0,80.227799,12.972759,7.84,3.89,0.516,78.0,0.824,0.0,0.154,50,9.7,5026.4,1233.7,666.7,2653.3,45876.4,18989.1,0,0.0,710.8,10,1172.7,453.1
CHN_G1164,416750.0,1434250.0,80.232408,12.972773,3.59,1.49,0.777,78.0,0.871,0.001,0.116,50,319.0,5081.6,1703.2,629.7,2162.5,46235.2,412.9,0,0.0,901.3,2,1538.9,686.8
CHN_G1165,417250.0,1434250.0,80.237018,12.972787,4.75,0.62,0.697,111.0,0.903,0.0,0.074,50,598.5,5184.7,2186.2,638.6,1671.7,46596.6,0.0,0,0.0,962.2,1,1965.0,1112.7
CHN_G1166,417750.0,1434250.0,80.241628,12.9728,7.03,1.21,0.573,58.0,0.483,0.0,0.483,50,183.7,5329.3,2675.6,898.5,1180.9,46960.6,565.9,0,0.0,951.2,1,2243.9,1582.6
CHN_G1167,418250.0,1434250.0,80.246238,12.972814,6.89,2.53,0.617,58.0,0.991,0.0,0.009,50,17.8,5363.1,3168.2,1306.5,690.1,47327.0,17083.4,0,0.0,723.1,3,1931.1,2066.7
CHN_G1168,418750.0,1434250.0,80.250848,12.972827,9.75,1.13,0.46,58.0,0.894,0.0,0.088,50,59.0,5441.6,3662.8,1762.5,199.3,47695.9,10508.2,0,0.0,469.7,10,1709.7,2556.9
CHN_G1169,419250.0,1434250.0,80.255458,12.97284,9.58,0.88,0.431,58.0,0.959,0.0,0.041,50,12.3,5560.5,4158.8,2237.4,292.6,48066.6,14233.2,0,0.0,281.5,17,1438.1,3050.3
CHN_G1170,419750.0,1434250.0,80.260068,12.972853,9.82,5.09,0.341,79.0,0.882,0.0,0.102,50,245.3,5720.8,4655.6,2721.3,786.0,48439.6,297.7,0,0.0,43.8,17,1302.9,3545.5
CHN_G1171,420250.0,1434250.0,80.264678,12.972866,7.14,2.28,0.439,79.0,0.551,0.066,0.285,50,97.2,5919.2,5153.0,3210.2,1279.3,48814.9,1239.7,0,0.0,456.3,15,1351.6,4041.9
CHN_G1172,420750.0,1434250.0,80.269287,12.972879,0.0,0.0,0.799,79.0,0.0,0.994,0.0,80,588.2,6151.8,5650.8,3702.0,1772.6,49192.4,0.0,0,0.0,956.3,1,1567.2,4539.1
CHN_G1173,421250.0,1434250.0,80.273897,12.972892,0.0,0.0,0.704,79.0,0.0,1.0,0.0,80,1063.3,6412.9,6149.1,4195.8,2266.0,49572.0,0.0,0,0.0,1415.6,0,1893.5,5036.9
CHN_G1174,421750.0,1434250.0,80.278507,12.972905,0.0,0.0,0.615,79.0,0.0,1.0,0.0,80,1523.9,6700.0,6647.5,4438.2,2759.3,49953.8,0.0,0,0.0,1813.8,0,2283.6,5535.0
CHN_G1175,422250.0,1434250.0,80.283117,12.972918,0.0,0.0,0.582,79.0,0.0,1.0,0.0,80,2003.4,7008.2,7146.2,4477.9,3252.6,50337.7,0.0,0,0.0,2252.9,0,2710.0,6033.5
CHN_G1176,422750.0,1434250.0,80.287727,12.97293,0.0,0.0,0.582,79.0,0.0,1.0,0.0,80,2491.0,7335.5,7645.1,4572.2,3746.0,50723.5,0.0,0,0.0,2713.2,0,3136.0,6532.2
CHN_G1177,402250.0,1434750.0,80.098708,12.976865,20.02,1.73,0.519,289.0,0.09,0.0,0.91,10,6935.9,1286.4,5539.8,469.4,16452.5,36111.5,0.0,17,700.8,1760.8,0,3055.5,5275.2
CHN_G1178,402750.0,1434750.0,80.103318,12.976881,22.6,4.39,0.332,291.0,0.326,0.0,0.672,10,6558.5,1550.2,5241.1,691.9,15960.9,36458.9,0.0,19,4245.5,1715.7,0,2579.0,4930.1
CHN_G1179,403250.0,1434750.0,80.107928,12.976897,18.23,0.64,0.547,300.0,0.406,0.0,0.593,50,6198.4,1224.2,4974.9,813.8,15469.9,36809.8,0.0,126,6939.4,1812.9,0,2113.3,4613.5
CHN_G1180,403750.0,1434750.0,80.112538,12.976913,15.6,0.35,0.701,313.0,0.022,0.0,0.978,30,5858.9,1023.3,4746.5,560.1,14979.5,37164.2,0.0,25,1064.6,1423.2,0,1667.5,4331.6
CHN_G1181,404250.0,1434750.0,80.117147,12.976929,13.99,0.9,0.819,310.0,0.125,0.0,0.87,10,5437.4,1033.5,4561.8,63.7,14489.7,37521.9,0.0,114,39180.6,968.1,1,1263.2,4091.6
CHN_G1182,404750.0,1434750.0,80.121757,12.976944,19.37,3.4,0.534,15.0,0.558,0.0,0.431,50,4939.5,1039.5,4426.0,433.0,14000.6,37880.3,0.0,129,72696.0,590.6,2,954.2,3901.2
CHN_G1183,405250.0,1434750.0,80.126367,12.97696,24.07,3.97,0.311,15.0,0.592,0.005,0.401,50,4442.2,1179.9,4343.9,921.1,13512.4,38177.5,0.0,66,20161.4,510.4,9,851.6,3768.0
CHN_G1184,405750.0,1434750.0,80.130977,12.976975,20.61,1.72,0.554,15.0,0.926,0.0,0.051,50,3945.5,1484.6,4318.5,1344.3,13025.0,38479.0,0.0,303,29094.3,236.1,18,1019.9,3698.2
CHN_G1185,406250.0,1434750.0,80.135587,12.97699,24.6,1.99,0.354,154.0,0.943,0.0,0.047,50,3449.8,1355.0,4339.3,1538.0,12538.4,38784.6,0.0,286,58901.2,192.4,20,1362.0,3695.2
CHN_G1186,406750.0,1434750.0,80.140197,12.977006,20.24,1.47,0.606,154.0,0.977,0.0,0.018,50,2955.6,855.7,4248.3,1673.6,12052.0,39094.2,0.0,386,69196.4,357.2,17,1089.3,3283.8
CHN_G1187,407250.0,1434750.0,80.144806,12.977021,20.72,0.57,0.633,333.0,0.892,0.0,0.106,50,2463.6,358.6,3936.8,1932.9,11565.7,39407.7,0.0,380,59877.4,568.0,18,728.3,2868.2
CHN_G1188,407750.0,1434750.0,80.149416,12.977036,16.5,2.5,1.0,333.0,0.518,0.0,0.474,50,1975.7,72.3,3667.4,1907.2,11079.8,39725.0,0.0,488,63329.2,722.8,7,611.9,2483.9
CHN_G1189,408250.0,1434750.0,80.154026,12.977051,20.31,2.92,0.896,338.0,0.371,0.0,0.627,10,1495.9,560.7,3449.7,1944.9,10593.8,40046.0,0.0,548,46294.3,894.5,2,847.5,2147.9
CHN_G1190,408750.0,1434750.0,80.158636,12.977066,19.95,4.39,0.944,338.0,0.341,0.0,0.657,10,1035.2,826.7,3290.0,2028.4,10107.8,40370.7,0.0,577,60996.8,1224.8,0,1249.9,1885.9
CHN_G1191,409250.0,1434750.0,80.163246,12.977081,40.46,18.78,0.0,323.0,0.31,0.0,0.688,10,637.1,1185.1,3048.0,2198.2,9619.9,40698.9,0.0,454,51765.1,1643.2,0,1704.7,1557.3
CHN_G1192,409750.0,1434750.0,80.167856,12.977096,42.24,17.59,0.0,324.0,0.04,0.0,0.96,10,489.8,1566.1,2549.0,2217.9,9129.1,41030.6,0.0,46,5719.2,1446.9,0,2090.0,1325.3
CHN_G1193,410250.0,1434750.0,80.172466,12.97711,22.54,1.83,0.718,333.0,0.0,0.0,1.0,10,598.7,1716.8,2050.6,1964.4,8638.3,41365.7,0.0,2,122.5,948.8,1,1600.2,1260.0
CHN_G1194,410750.0,1434750.0,80.177075,12.977125,22.15,3.94,0.539,327.0,0.283,0.0,0.717,10,154.8,1985.1,1553.2,1816.2,8147.5,41704.1,5627.5,30,8682.6,454.9,6,1119.5,1385.2
CHN_G1195,411250.0,1434750.0,80.181685,12.97714,18.87,0.61,0.551,327.0,0.982,0.0,0.017,50,13.5,2331.1,1058.2,1799.5,7656.7,42045.6,30558.2,329,67358.2,116.8,12,667.8,1658.3
CHN_G1196,411750.0,1434750.0,80.186295,12.977154,17.3,2.21,0.529,327.0,0.954,0.0,0.044,50,1.3,2725.4,571.9,1833.9,7165.9,42390.1,24642.4,357,55988.3,197.3,19,372.2,2020.2
CHN_G1197,412250.0,1434750.0,80.190905,12.977168,14.96,0.11,0.552,327.0,0.975,0.0,0.025,50,13.4,3149.8,180.8,1983.6,6675.1,42736.5,26565.8,190,29638.1,280.1,18,491.9,2431.5
CHN_G1198,412750.0,1434750.0,80.195515,12.977183,11.27,1.89,0.65,327.0,0.978,0.0,0.02,50,1.8,3593.7,243.3,2237.5,6184.3,43075.0,27803.1,550,68961.2,599.2,12,604.0,2871.2
CHN_G1199,413250.0,1434750.0,80.200125,12.977197,8.1,1.74,0.738,3.0,0.959,0.0,0.04,50,44.5,4050.7,234.4,1967.0,5693.5,43416.7,19786.4,331,51665.4,428.8,5,993.9,2983.9
CHN_G1200,413750.0,1434750.0,80.204735,12.977211,6.68,2.84,0.746,20.0,0.871,0.0,0.124,50,16.2,4516.8,78.3,1484.6,5202.7,43761.4,16327.4,253,45495.5,72.1,6,1339.9,2484.0
CHN_G1201,414250.0,1434750.0,80.209345,12.977225,8.19,2.34,0.608,20.0,0.962,0.0,0.032,50,4.1,4989.5,232.2,1014.8,4712.0,44109.1,11128.9,97,26031.6,241.4,5,1321.4,1984.1
CHN_G1202,414750.0,1434750.0,80.213955,12.977239,7.79,2.97,0.597,20.0,0.991,0.0,0.009,50,57.0,5467.0,544.6,544.2,4221.2,44459.7,9442.4,163,13727.1,292.4,12,859.7,1484.3
CHN_G1203,415250.0,1434750.0,80.218565,12.977253,8.84,0.72,0.523,20.0,0.952,0.0,0.042,50,59.1,5555.1,869.8,85.1,3730.4,44813.1,6471.7,28,1225.1,260.2,15,481.7,984.7
CHN_G1204,415750.0,1434750.0,80.223175,12.977267,7.0,1.41,0.643,44.0,0.958,0.0,0.04,50,45.6,5518.9,1161.8,19.6,3239.6,45169.3,6280.8,0,0.0,104.5,13,474.3,485.8
CHN_G1205,416250.0,1434750.0,80.227785,12.97728,7.49,2.35,0.616,167.0,0.954,0.0,0.046,50,5.6,5525.5,1497.3,251.0,2748.7,45528.2,12093.5,0,0.0,320.2,14,847.3,50.0
CHN_G1206,416750.0,1434750.0,80.232395,12.977294,4.07,1.13,0.815,114.0,0.816,0.049,0.113,50,13.8,5575.8,1906.3,512.6,2255.4,45889.7,11460.9,177,52357.4,469.7,6,1308.0,518.6
CHN_G1207,417250.0,1434750.0,80.237004,12.977308,3.19,1.74,0.845,114.0,0.51,0.092,0.327,50,389.3,5669.9,2350.7,788.6,1762.1,46253.8,0.0,308,80555.2,507.3,2,1789.9,1017.6
CHN_G1208,417750.0,1434750.0,80.241614,12.977321,3.07,1.73,0.845,60.0,0.764,0.026,0.188,50,185.7,5805.7,2811.8,1211.0,1268.7,46620.5,3599.6,293,65426.6,891.1,1,1915.3,1517.2
CHN_G1209,418250.0,1434750.0,80.246224,12.977335,3.88,1.35,0.811,60.0,0.713,0.0,0.286,50,37.4,5860.1,3284.0,1605.5,775.4,46989.6,4017.0,291,48232.1,904.6,1,1537.0,2017.0
CHN_G1210,418750.0,1434750.0,80.250834,12.977348,7.49,2.61,0.605,60.0,0.756,0.0,0.236,50,5.8,5932.8,3763.5,1994.3,282.1,47360.5,8232.2,390,76346.6,437.0,14,1247.5,2516.9
CHN_G1211,419250.0,1434750.0,80.255444,12.977361,7.85,4.34,0.558,79.0,0.85,0.001,0.148,50,96.0,6042.1,4247.7,2424.2,211.3,47733.8,9687.0,241,59831.8,218.6,23,1010.4,3016.8
CHN_G1212,419750.0,1434750.0,80.260054,12.977374,13.42,2.73,0.157,79.0,0.902,0.0,0.094,50,219.3,6190.0,4735.2,2876.9,704.6,48109.4,844.6,120,35901.8,153.2,27,806.4,3516.8
CHN_G1213,420250.0,1434750.0,80.264664,12.977387,13.1,1.05,0.11,79.0,0.897,0.0,0.067,50,274.4,6373.7,5225.0,3343.1,1197.9,48487.2,720.6,0,0.0,438.6,15,882.9,4016.7
CHN_G1214,420750.0,1434750.0,80.269274,12.9774,0.0,0.0,0.82,79.0,0.02,0.837,0.045,80,666.8,6590.3,5716.6,3817.8,1691.3,48867.2,0.0,0,0.0,709.4,3,1186.9,4516.7
CHN_G1215,421250.0,1434750.0,80.273884,12.977413,0.0,0.0,0.724,79.0,0.0,1.0,0.0,80,1141.7,6836.4,6209.5,3956.9,2186.4,49249.4,0.0,0,0.0,1135.4,0,1593.2,5016.7
CHN_G1216,421750.0,1434750.0,80.278494,12.977426,0.0,0.0,0.63,79.0,0.0,1.0,0.0,80,1631.6,7106.7,6628.3,3938.4,2683.3,49633.6,0.0,0,0.0,1604.7,0,2041.4,5516.7
CHN_G1217,422250.0,1434750.0,80.283104,12.977439,0.0,0.0,0.584,79.0,0.0,1.0,0.0,80,2126.3,7400.0,6976.5,3983.0,3181.2,50019.9,0.0,0,0.0,2088.3,0,2428.9,6016.6
CHN_G1218,422750.0,1434750.0,80.287714,12.977451,0.0,0.0,0.582,79.0,0.0,1.0,0.0,80,2622.9,7712.2,7342.3,4088.7,3679.7,50408.2,0.0,0,0.0,2578.1,0,2799.6,6516.6
CHN_G1219,402250.0,1435250.0,80.098692,12.981386,21.24,1.15,0.488,282.0,0.074,0.0,0.925,40,6628.4,1758.1,5159.6,908.6,16369.9,35751.8,0.0,0,0.0,1279.6,0,3230.4,5636.1
CHN_G1220,402750.0,1435250.0,80.103302,12.981402,22.37,1.99,0.376,284.0,0.143,0.0,0.835,10,6232.3,1479.1,4837.5,1158.5,15875.7,36102.7,0.0,0,0.0,1216.7,0,2783.9,5314.5
CHN_G1221,403250.0,1435250.0,80.107912,12.981418,16.41,0.21,0.68,292.0,0.008,0.0,0.992,40,5852.2,1184.2,4547.7,1135.2,15382.0,36457.1,0.0,0,0.0,1350.4,0,2359.0,5022.2
CHN_G1222,403750.0,1435250.0,80.112522,12.981434,17.03,1.02,0.624,311.0,0.0,0.0,1.0,10,5491.3,1053.7,4296.7,639.5,14888.7,36814.8,0.0,0,0.0,1338.4,0,1969.7,4764.6
CHN_G1223,404250.0,1435250.0,80.117131,12.981449,14.28,1.1,0.793,315.0,0.064,0.0,0.933,10,5153.7,693.6,4091.6,146.8,14395.8,37175.9,0.0,0,0.0,838.5,1,1641.6,4547.5
CHN_G1224,404750.0,1435250.0,80.121741,12.981465,18.88,0.35,0.529,15.0,0.794,0.0,0.206,50,4844.3,541.2,3939.7,320.4,13903.4,37477.8,0.0,0,0.0,338.7,1,1417.6,4377.0
CHN_G1225,405250.0,1435250.0,80.126351,12.98148,20.82,4.7,0.447,15.0,0.901,0.002,0.095,50,4415.9,777.6,3847.2,658.9,13411.6,37778.3,0.0,0,0.0,162.4,2,1350.7,4258.7
CHN_G1226,405750.0,1435250.0,80.130961,12.981496,19.69,1.04,0.545,154.0,0.879,0.0,0.121,50,3915.9,1190.1,3818.5,973.2,12920.4,38082.9,0.0,0,0.0,661.8,9,1462.6,3992.8
CHN_G1227,406250.0,1435250.0,80.135571,12.981511,20.66,0.6,0.498,154.0,0.959,0.0,0.038,50,3415.9,1368.2,3841.9,1043.4,12430.0,38391.6,0.0,0,0.0,335.0,11,1718.8,3519.3
CHN_G1228,406750.0,1435250.0,80.140181,12.981527,19.98,4.16,0.51,154.0,0.932,0.0,0.067,50,2916.0,874.5,3886.1,1234.5,11940.3,38704.4,0.0,0,0.0,521.5,9,1428.7,3054.3
CHN_G1229,407250.0,1435250.0,80.144791,12.981542,16.2,2.04,0.758,333.0,0.906,0.0,0.09,50,2416.0,391.5,3543.0,1452.5,11451.5,39021.0,0.0,0,0.0,907.5,3,1176.9,2602.3
CHN_G1230,407750.0,1435250.0,80.149401,12.981557,12.44,0.1,1.0,333.0,0.212,0.0,0.781,10,1916.0,1.5,3241.0,1407.7,10963.7,39341.4,0.0,0,0.0,1158.7,0,1108.6,2171.5
CHN_G1231,408250.0,1435250.0,80.154011,12.981572,17.94,6.28,0.867,255.0,0.186,0.0,0.812,10,1416.0,154.9,2992.4,1446.0,10477.0,39665.6,0.0,0,0.0,1350.3,0,1254.1,1777.3
CHN_G1232,408750.0,1435250.0,80.158621,12.981587,14.04,1.73,1.0,338.0,0.748,0.0,0.248,50,916.1,503.2,2811.7,1551.4,9990.6,39993.3,0.0,0,0.0,1588.4,0,1554.6,1449.8
CHN_G1233,409250.0,1435250.0,80.163231,12.981602,19.12,4.68,0.838,126.0,0.94,0.0,0.059,50,416.3,954.0,2661.2,1750.5,9504.2,40324.6,0.0,4,533.9,1929.5,0,1939.2,1190.7
CHN_G1234,409750.0,1435250.0,80.167841,12.981617,18.18,0.44,0.919,126.0,0.506,0.0,0.494,50,31.1,1075.4,2581.9,1991.6,9018.3,40659.4,2107.6,8,1253.9,1497.1,0,2232.9,865.5
CHN_G1235,410250.0,1435250.0,80.172451,12.981631,22.79,0.52,0.601,329.0,0.083,0.0,0.917,10,295.9,1284.5,2153.1,2231.2,8532.3,40997.5,590.0,36,1679.3,1023.8,0,1782.8,761.7
CHN_G1236,410750.0,1435250.0,80.177061,12.981646,20.79,1.53,0.558,191.0,0.35,0.0,0.644,10,9.2,1625.8,1686.2,2216.8,8046.3,41338.9,11487.5,18,1226.7,595.7,5,1367.9,954.7
CHN_G1237,411250.0,1435250.0,80.181671,12.98166,17.41,0.84,0.601,191.0,0.86,0.0,0.136,50,54.8,2033.9,1245.2,2291.0,7560.3,41683.1,14247.9,44,5544.9,267.7,14,1031.3,1320.1
CHN_G1238,411750.0,1435250.0,80.186281,12.981675,15.06,1.25,0.642,191.0,0.965,0.0,0.034,50,3.4,2475.9,868.8,2327.8,7074.9,42030.1,23489.9,145,24468.6,120.7,20,627.6,1753.2
CHN_G1239,412250.0,1435250.0,80.190891,12.981689,15.61,0.84,0.515,191.0,0.988,0.0,0.012,50,31.9,2936.6,395.7,2447.5,6591.4,42368.4,26543.3,360,39491.4,222.8,18,129.5,2214.7
CHN_G1240,412750.0,1435250.0,80.195501,12.981704,10.68,0.42,0.703,206.0,0.966,0.0,0.033,50,64.1,3408.4,33.9,2405.3,6108.5,42709.9,10159.0,403,38219.2,198.6,15,373.7,2690.0
CHN_G1241,413250.0,1435250.0,80.200111,12.981718,11.06,2.59,0.592,277.0,0.963,0.0,0.035,50,7.2,3887.2,224.1,1905.5,5624.9,43054.5,19906.7,533,82876.9,212.2,7,872.7,3033.3
CHN_G1242,413750.0,1435250.0,80.204721,12.981732,9.3,1.46,0.631,17.0,0.988,0.0,0.012,50,4.2,4370.8,331.1,1405.8,5140.1,43402.0,22818.3,177,45281.5,202.0,5,898.6,2543.1
CHN_G1243,414250.0,1435250.0,80.209331,12.981746,6.91,1.03,0.743,17.0,0.983,0.0,0.017,50,37.4,4857.7,534.9,906.4,4655.3,43752.6,11421.6,462,89712.6,562.3,8,1163.3,2057.6
CHN_G1244,414750.0,1435250.0,80.213941,12.98176,6.86,2.98,0.736,44.0,0.989,0.0,0.011,50,14.9,5347.0,786.9,407.1,4170.4,44106.0,10485.5,549,75095.1,431.3,10,762.7,1581.3
CHN_G1245,415250.0,1435250.0,80.218551,12.981774,9.6,1.18,0.577,44.0,0.952,0.0,0.046,50,44.5,5838.1,870.8,90.5,3685.6,44462.2,3321.9,693,70785.8,183.2,16,273.2,1125.5
CHN_G1246,415750.0,1435250.0,80.223161,12.981788,10.64,1.08,0.529,44.0,0.929,0.0,0.07,50,78.4,6018.7,1182.0,439.6,3192.0,44821.2,4892.0,533,62293.0,263.2,19,260.0,730.3
CHN_G1247,416250.0,1435250.0,80.227771,12.981801,12.26,0.8,0.434,167.0,0.923,0.0,0.076,50,164.0,6024.8,1592.6,174.9,2700.6,45182.9,4250.2,109,14812.6,216.8,12,748.7,547.5
CHN_G1248,416750.0,1435250.0,80.232381,12.981815,8.2,3.13,0.656,67.0,0.702,0.0,0.291,50,57.7,6071.0,2043.3,96.3,2213.0,45547.2,2727.3,60,8984.8,228.3,7,1246.4,752.5
CHN_G1249,417250.0,1435250.0,80.236991,12.981829,8.34,0.9,0.614,114.0,0.829,0.004,0.146,50,29.7,6157.5,2511.7,594.8,1727.1,45914.0,6186.2,50,10674.6,298.1,5,1745.4,1154.4
CHN_G1250,417750.0,1435250.0,80.241601,12.981842,8.92,0.96,0.553,60.0,0.945,0.0,0.054,50,43.9,6282.8,2989.7,1094.7,1241.3,46283.3,5958.2,42,12802.0,790.9,1,1673.9,1612.2
CHN_G1251,418250.0,1435250.0,80.246211,12.981856,12.67,4.52,0.323,60.0,0.614,0.0,0.222,50,82.1,6357.6,3468.2,1594.7,755.4,46654.5,2014.1,289,62605.9,848.1,2,1223.0,2089.4
CHN_G1252,418750.0,1435250.0,80.250821,12.981869,11.02,2.08,0.42,60.0,0.546,0.0,0.366,50,142.1,6425.1,3925.7,2094.6,273.9,47028.0,3127.0,234,62943.8,360.1,14,830.4,2575.3
CHN_G1253,419250.0,1435250.0,80.255431,12.981882,13.11,1.36,0.28,79.0,0.632,0.0,0.364,50,79.9,6526.5,4392.1,2594.6,210.8,47403.9,10314.5,145,45849.6,151.4,26,619.3,3065.7
CHN_G1254,419750.0,1435250.0,80.260041,12.981895,9.39,1.99,0.437,79.0,0.966,0.0,0.031,50,15.2,6663.6,4865.1,3094.6,701.8,47782.1,2090.7,245,53932.6,185.1,27,320.8,3558.8
CHN_G1255,420250.0,1435250.0,80.264651,12.981908,13.14,1.19,0.143,79.0,0.812,0.0,0.182,50,131.3,6834.6,5300.5,3498.3,1192.8,48162.5,1205.1,262,51735.3,50.3,20,481.9,4053.6
CHN_G1256,420750.0,1435250.0,80.269261,12.981921,0.0,0.06,0.851,79.0,0.193,0.6,0.11,80,604.7,7037.1,5597.5,3509.1,1686.0,48545.1,0.0,165,35935.8,537.0,4,928.2,4549.5
CHN_G1257,421250.0,1435250.0,80.273871,12.981934,0.0,0.0,0.753,79.0,0.0,1.0,0.0,80,1101.8,7268.3,5921.9,3459.8,2182.3,48929.7,0.0,142,27060.8,1036.5,0,1411.0,5046.2
CHN_G1258,421750.0,1435250.0,80.278481,12.981947,0.0,0.0,0.653,79.0,0.0,1.0,0.0,80,1600.7,7524.4,6269.5,3438.6,2680.0,49316.5,0.0,0,0.0,1536.3,0,1722.0,5543.5
CHN_G1259,422250.0,1435250.0,80.283091,12.98196,0.0,0.0,0.59,79.0,0.0,1.0,0.0,80,2009.9,7802.9,6636.5,3489.6,3178.4,49705.2,0.0,0,0.0,1994.2,0,2098.4,6041.3
CHN_G1260,422750.0,1435250.0,80.287701,12.981972,0.0,0.0,0.582,79.0,0.0,1.0,0.0,80,2377.2,8101.2,7020.0,3609.8,3677.3,50096.0,0.0,0,0.0,2387.9,0,2518.2,6539.4
CHN_G1261,402250.0,1435750.0,80.098676,12.985907,21.39,2.69,0.511,260.0,0.352,0.0,0.646,10,6345.4,1632.9,4801.3,1362.6,16302.1,35395.6,0.0,3,186.8,821.1,1,3469.1,6017.0
CHN_G1262,402750.0,1435750.0,80.103286,12.985923,23.11,1.07,0.368,274.0,0.102,0.0,0.893,10,5930.4,1175.3,4453.4,1358.1,15805.9,35750.0,0.0,110,29029.3,719.2,1,3057.7,5716.8
CHN_G1263,403250.0,1435750.0,80.107896,12.985939,17.6,1.36,0.636,294.0,0.31,0.0,0.688,50,5529.6,772.0,4136.8,1090.8,15309.9,36107.8,0.0,391,83685.4,927.5,1,2676.6,5446.2
CHN_G1264,403750.0,1435750.0,80.112506,12.985954,16.19,1.15,0.669,313.0,0.294,0.0,0.682,40,5146.1,555.9,3859.1,694.4,14814.2,36469.0,0.0,206,51080.3,1305.1,0,2340.7,5209.5
CHN_G1265,404250.0,1435750.0,80.117116,12.98597,16.39,0.42,0.645,147.0,0.55,0.0,0.436,50,4784.2,354.8,3629.4,206.6,14318.7,36778.4,0.0,392,52269.0,984.4,1,2072.2,5011.7
CHN_G1266,404750.0,1435750.0,80.121726,12.985986,8.83,2.8,1.0,175.0,0.462,0.001,0.529,50,4449.2,72.3,3457.3,3.0,13823.6,37077.8,0.0,378,85493.1,617.0,1,1899.7,4857.6
CHN_G1267,405250.0,1435750.0,80.126335,12.986001,15.86,1.34,0.684,175.0,0.893,0.0,0.104,50,4147.5,563.0,3351.5,266.9,13328.9,37381.4,0.0,341,75166.9,540.6,1,1850.3,4364.0
CHN_G1268,405750.0,1435750.0,80.130945,12.986017,15.35,2.01,0.722,214.0,0.853,0.0,0.146,50,3886.9,1062.4,3318.5,525.5,12834.5,37689.3,0.0,175,45950.8,839.0,1,1933.5,3871.4
CHN_G1269,406250.0,1435750.0,80.135555,12.986032,13.68,0.77,0.818,154.0,0.708,0.0,0.29,50,3454.9,1504.0,3345.3,558.4,12340.6,38001.2,0.0,0,0.0,817.6,3,2133.5,3381.0
CHN_G1270,406750.0,1435750.0,80.140165,12.986047,18.88,1.71,0.48,154.0,0.87,0.002,0.126,50,2961.5,1062.4,3411.0,861.5,11847.3,38317.1,0.0,0,0.0,433.2,3,1842.8,2893.8
CHN_G1271,407250.0,1435750.0,80.144775,12.986063,16.16,1.87,0.608,41.0,0.774,0.0,0.223,50,2470.7,697.6,3179.2,975.1,11354.5,38636.9,0.0,0,0.0,454.8,1,1655.2,2411.9
CHN_G1272,407750.0,1435750.0,80.149386,12.986078,13.82,2.38,0.742,132.0,0.584,0.0,0.407,50,1984.5,379.3,2838.7,908.7,10862.4,38960.5,0.0,0,0.0,852.1,1,1607.4,1939.3
CHN_G1273,408250.0,1435750.0,80.153996,12.986093,11.62,0.28,0.936,82.0,0.282,0.0,0.718,30,1507.5,81.6,2551.3,948.2,10371.0,39287.8,0.0,0,0.0,1321.1,0,1711.0,1484.6
CHN_G1274,408750.0,1435750.0,80.158606,12.986108,12.49,0.14,0.901,209.0,0.531,0.0,0.463,50,1052.0,262.7,2336.6,1083.0,9880.5,39618.7,0.0,0,0.0,1806.8,0,1942.0,1071.1
CHN_G1275,409250.0,1435750.0,80.163216,12.986123,12.61,0.46,0.914,102.0,0.709,0.0,0.266,50,663.9,578.8,2180.6,1330.9,9391.0,39953.1,0.0,0,0.0,2140.7,0,2261.7,768.5
CHN_G1276,409750.0,1435750.0,80.167826,12.986137,12.67,0.84,0.941,126.0,0.845,0.0,0.154,50,297.5,599.2,2083.2,1568.4,8902.6,40290.9,0.0,0,0.0,1699.8,0,2470.5,491.6
CHN_G1277,410250.0,1435750.0,80.172436,12.986152,22.48,3.37,0.376,329.0,0.676,0.0,0.318,50,32.6,923.3,2103.4,1733.8,8415.6,40632.1,12752.2,0,0.0,1302.3,0,2072.7,269.9
CHN_G1278,410750.0,1435750.0,80.177046,12.986167,18.23,0.32,0.612,191.0,0.394,0.0,0.605,10,49.8,1358.6,1942.7,1717.9,7929.2,40976.2,6596.6,0,0.0,970.6,2,1709.6,635.6
CHN_G1279,411250.0,1435750.0,80.181656,12.986181,19.47,0.88,0.43,191.0,0.871,0.0,0.123,50,13.2,1827.4,1501.3,1803.9,7442.7,41323.5,13509.4,0,0.0,471.7,13,1243.3,1111.4
CHN_G1280,411750.0,1435750.0,80.186266,12.986196,14.72,1.69,0.64,206.0,0.843,0.013,0.128,50,33.2,2309.2,1055.4,1990.8,6956.8,41661.8,17450.6,0,0.0,54.0,16,817.7,1602.0
CHN_G1281,412250.0,1435750.0,80.190876,12.98621,15.85,1.07,0.508,206.0,0.984,0.0,0.014,50,5.0,2797.5,580.7,2274.3,6470.8,42003.1,19554.9,0,0.0,168.3,12,540.0,2097.0
CHN_G1282,412750.0,1435750.0,80.195486,12.986224,11.67,3.44,0.682,206.0,0.813,0.009,0.152,50,0.9,3289.3,135.0,2408.0,5984.8,42347.5,11805.6,0,0.0,364.8,12,643.8,2594.0
CHN_G1283,413250.0,1435750.0,80.200096,12.986239,9.1,0.43,0.76,277.0,0.99,0.0,0.01,50,5.7,3783.2,352.3,1908.8,5498.8,42695.0,34071.6,0,0.0,363.3,10,403.9,3091.9
CHN_G1284,413750.0,1435750.0,80.204706,12.986253,12.09,0.17,0.528,17.0,0.928,0.0,0.071,50,47.4,4278.6,827.1,1410.2,5013.4,43045.5,11670.3,0,0.0,496.2,8,457.2,2695.3
CHN_G1285,414250.0,1435750.0,80.209316,12.986267,9.33,1.6,0.67,17.0,0.8,0.074,0.105,50,1.7,4774.9,671.7,912.6,4530.2,43398.9,8864.4,0,0.0,473.2,8,868.8,2243.0
CHN_G1286,414750.0,1435750.0,80.213926,12.986281,8.58,1.62,0.722,17.0,0.657,0.204,0.127,50,35.7,5271.9,300.3,416.6,4047.3,43755.2,6436.0,0,0.0,408.6,7,766.2,1815.9
CHN_G1287,415250.0,1435750.0,80.218536,12.986295,13.06,2.18,0.469,44.0,0.854,0.0,0.146,50,38.5,5769.4,478.7,74.3,3563.4,44114.2,5285.7,0,0.0,75.4,8,290.2,1436.7
CHN_G1288,415750.0,1435750.0,80.223147,12.986309,9.62,3.95,0.686,44.0,0.778,0.0,0.219,50,12.9,6267.4,930.6,568.8,3078.6,44476.0,5607.0,0,0.0,465.9,13,285.4,1153.5
CHN_G1289,416250.0,1435750.0,80.227757,12.986322,12.16,2.8,0.533,167.0,0.532,0.0,0.462,50,27.5,6524.2,1412.8,600.0,2593.7,44840.5,2369.7,0,0.0,145.2,9,760.7,1047.4
CHN_G1290,416750.0,1435750.0,80.232367,12.986336,11.1,2.15,0.567,67.0,0.458,0.0,0.542,10,134.8,6566.9,1902.3,491.1,2108.9,45207.5,823.7,39,5091.3,268.4,5,1255.3,1167.7
CHN_G1291,417250.0,1435750.0,80.236977,12.98635,14.88,1.97,0.302,77.0,0.226,0.0,0.774,10,381.4,6646.9,2354.4,765.4,1624.1,45577.0,0.0,62,3743.2,648.3,4,1753.0,1459.4
CHN_G1292,417750.0,1435750.0,80.241587,12.986363,6.24,0.32,0.773,131.0,0.55,0.0,0.448,50,1.1,6763.1,2813.3,1196.0,1138.2,45948.5,4987.0,72,4272.1,978.3,1,1560.5,1842.9
CHN_G1293,418250.0,1435750.0,80.246197,12.986376,7.41,3.84,0.676,131.0,0.482,0.001,0.468,50,1.5,6855.5,3284.2,1665.8,644.3,46322.3,4016.6,68,5913.6,921.9,3,1062.5,2272.2
CHN_G1294,418750.0,1435750.0,80.250807,12.98639,5.38,1.36,0.788,131.0,0.644,0.0,0.352,50,4.3,6918.1,3762.6,2149.3,151.5,46698.5,3205.0,1,53.3,510.1,11,568.2,2725.7
CHN_G1295,419250.0,1435750.0,80.255417,12.986403,7.99,3.35,0.621,79.0,0.81,0.0,0.184,50,5.8,7013.0,4246.0,2639.0,321.8,47077.1,14238.6,271,26758.8,281.6,25,129.5,3193.1
CHN_G1296,419750.0,1435750.0,80.260028,12.986416,9.9,3.2,0.449,79.0,0.866,0.027,0.103,50,42.5,7140.8,4607.5,2968.6,809.2,47457.8,5094.5,643,68552.7,14.5,27,235.9,3669.1
CHN_G1297,420250.0,1435750.0,80.264638,12.986429,6.76,4.14,0.56,79.0,0.324,0.0,0.676,10,424.5,7300.6,4895.6,3003.3,1296.6,47840.8,0.0,377,77674.6,264.2,19,430.1,4150.7
CHN_G1298,420750.0,1435750.0,80.269248,12.986442,5.75,4.0,0.54,79.0,0.23,0.352,0.33,80,838.2,7490.5,5215.7,3011.9,1784.0,48225.9,0.0,357,74308.2,757.4,12,769.7,4636.3
CHN_G1299,421250.0,1435750.0,80.273858,12.986455,0.0,0.0,0.781,79.0,0.0,1.0,0.0,80,1043.3,7708.2,5562.4,2963.7,2271.4,48613.1,0.0,439,80598.2,966.8,1,1015.2,5124.6
CHN_G1300,421750.0,1435750.0,80.278468,12.986468,0.0,0.0,0.675,79.0,0.0,1.0,0.0,80,1303.7,7951.4,5931.1,2938.8,2760.2,49002.4,0.0,486,57933.8,1288.3,0,1403.2,5615.0
CHN_G1301,422250.0,1435750.0,80.283078,12.986481,0.0,0.0,0.599,79.0,0.0,1.0,0.0,80,1676.6,8215.6,6317.8,2998.4,3251.2,49393.6,0.0,360,48028.8,1698.5,0,1845.8,6106.9
CHN_G1302,422750.0,1435750.0,80.287689,12.986493,0.0,0.0,0.582,79.0,0.0,1.0,0.0,80,2102.9,8500.9,6719.5,3137.5,3742.2,49786.8,0.0,89,22558.6,2147.1,0,2312.0,6335.5
CHN_G1303,402250.0,1436250.0,80.098659,12.990428,20.69,1.59,0.573,108.0,0.688,0.0,0.307,50,6087.3,1536.3,4470.4,1359.0,16249.5,35042.9,0.0,121,38352.4,459.4,1,3759.5,6414.2
CHN_G1304,402750.0,1436250.0,80.103269,12.990444,18.36,0.76,0.676,256.0,0.566,0.0,0.431,50,5656.7,1036.8,4094.4,995.0,15751.6,35400.8,0.0,105,29357.0,232.6,1,3383.6,6133.6
CHN_G1305,403250.0,1436250.0,80.107879,12.990459,18.09,1.21,0.628,309.0,0.836,0.0,0.163,50,5234.9,538.2,3747.6,670.6,15253.9,35762.2,0.0,387,58043.1,630.2,1,3043.6,5882.1
CHN_G1306,403750.0,1436250.0,80.112489,12.990475,15.69,1.22,0.702,316.0,0.548,0.0,0.45,50,4828.1,66.5,3438.7,384.3,14756.2,36079.3,0.0,283,33323.5,1113.6,0,2752.9,5663.7
CHN_G1307,404250.0,1436250.0,80.1171,12.990491,17.53,6.81,0.564,185.0,0.319,0.0,0.674,10,4440.4,64.5,3178.7,188.9,14258.8,36377.5,0.0,468,73301.1,1317.2,0,2528.5,5310.7
CHN_G1308,404750.0,1436250.0,80.12171,12.990507,17.11,4.7,0.567,313.0,0.175,0.0,0.825,10,4077.2,340.9,2980.7,410.6,13761.5,36680.2,0.0,420,77935.6,1070.8,0,2389.1,4811.1
CHN_G1309,405250.0,1436250.0,80.12632,12.990522,13.43,1.13,0.785,178.0,0.213,0.01,0.766,40,3745.6,716.8,2857.3,31.7,13264.5,36987.1,0.0,588,91177.1,1028.7,0,2350.1,4311.6
CHN_G1310,405750.0,1436250.0,80.13093,12.990538,9.99,5.85,0.983,214.0,0.232,0.012,0.756,10,3454.9,1135.5,2818.5,26.2,12767.6,37298.2,0.0,426,71816.3,1212.4,0,2416.1,3812.2
CHN_G1311,406250.0,1436250.0,80.13554,12.990553,25.65,1.22,0.036,115.0,0.414,0.0,0.585,10,3216.0,1019.8,2849.8,160.8,12271.1,37613.3,0.0,482,78702.4,742.9,1,2531.1,3313.0
CHN_G1312,406750.0,1436250.0,80.14015,12.990568,19.82,1.56,0.351,115.0,0.875,0.0,0.125,50,3008.1,1108.5,2922.2,585.3,11774.8,37932.5,0.0,255,46282.1,266.6,1,2291.4,2814.2
CHN_G1313,407250.0,1436250.0,80.14476,12.990583,18.03,2.53,0.419,253.0,0.882,0.0,0.118,50,2621.4,957.8,2856.8,517.1,11278.8,38255.5,0.0,373,47109.5,300.4,1,2143.4,2315.8
CHN_G1314,407750.0,1436250.0,80.14937,12.990599,14.41,0.32,0.594,132.0,0.634,0.0,0.364,50,2169.3,538.1,2472.3,412.2,10783.2,38582.3,0.0,116,11080.1,780.6,1,2106.7,1818.3
CHN_G1315,408250.0,1436250.0,80.15398,12.990614,9.8,1.58,0.869,128.0,0.153,0.0,0.842,10,1743.5,170.3,2136.2,454.8,10288.1,38912.8,0.0,1,60.2,1276.2,0,2186.8,1322.6
CHN_G1316,408750.0,1436250.0,80.15859,12.990629,8.42,2.1,0.934,338.0,0.079,0.0,0.913,10,1369.0,61.6,1874.6,637.7,9793.4,39246.8,0.0,0,0.0,1774.2,0,2371.9,832.3
CHN_G1317,409250.0,1436250.0,80.1632,12.990644,12.2,0.36,0.722,168.0,0.388,0.0,0.6,30,910.0,133.6,1711.3,874.5,9299.3,39584.4,0.0,1,54.9,2273.1,0,2640.1,368.7
CHN_G1318,409750.0,1436250.0,80.167811,12.990658,11.83,0.07,0.772,168.0,0.591,0.0,0.386,50,464.9,248.0,1585.3,1182.3,8805.9,39925.3,0.0,68,14159.6,2009.3,0,2778.7,281.5
CHN_G1319,410250.0,1436250.0,80.172421,12.990673,12.53,0.28,0.771,322.0,0.706,0.0,0.287,50,318.8,744.9,1611.7,1237.0,8313.3,40269.2,0.0,349,71426.3,1567.3,0,2361.1,255.9
CHN_G1320,410750.0,1436250.0,80.177031,12.990688,13.54,0.26,0.76,241.0,0.922,0.0,0.078,50,215.9,1244.3,1783.9,1219.8,7821.5,40616.4,1031.2,222,69743.4,1112.1,0,1922.9,629.8
CHN_G1321,411250.0,1436250.0,80.181641,12.990702,18.03,2.55,0.493,203.0,0.466,0.0,0.532,10,343.5,1744.1,1697.1,1326.5,7331.0,40955.3,0.0,268,77728.3,719.1,2,1523.3,1108.1
CHN_G1322,411750.0,1436250.0,80.186251,12.990717,15.55,3.65,0.629,206.0,0.697,0.0,0.294,50,7.9,2243.9,1227.3,1571.2,6841.7,41296.3,5858.2,205,45676.1,500.4,7,1201.5,1599.7
CHN_G1323,412250.0,1436250.0,80.190861,12.990731,17.22,3.02,0.502,206.0,0.95,0.0,0.048,50,5.8,2743.8,745.9,1913.6,6354.2,41640.6,18383.7,239,64902.4,223.2,10,1032.7,2095.3
CHN_G1324,412750.0,1436250.0,80.195471,12.990745,10.38,2.27,0.863,277.0,0.918,0.0,0.081,50,13.5,3243.8,264.1,2286.1,5867.7,41987.9,27024.1,377,70460.0,349.8,9,720.3,2592.6
CHN_G1325,413250.0,1436250.0,80.200082,12.99076,14.98,1.41,0.524,277.0,0.964,0.0,0.035,50,9.1,3743.7,209.8,1985.0,5381.3,42338.4,19567.6,17,1046.0,157.7,6,254.2,3090.7
CHN_G1326,413750.0,1436250.0,80.204692,12.990774,11.6,2.17,0.66,17.0,0.969,0.0,0.028,50,8.4,4243.7,671.7,1502.2,4895.3,42691.8,16964.0,0,0.0,248.7,8,332.4,2926.1
CHN_G1327,414250.0,1436250.0,80.209302,12.990788,9.66,0.88,0.731,17.0,0.845,0.05,0.101,50,5.0,4743.6,503.1,1035.9,4409.3,43048.1,5401.3,0,0.0,259.3,6,810.1,2515.6
CHN_G1328,414750.0,1436250.0,80.213912,12.990802,10.8,3.42,0.672,17.0,0.849,0.111,0.039,50,37.0,5243.6,39.5,624.2,3923.3,43407.3,6047.4,0,0.0,274.4,8,989.8,2143.6
CHN_G1329,415250.0,1436250.0,80.218522,12.990816,13.63,3.26,0.525,318.0,0.772,0.0,0.225,50,130.5,5743.6,351.5,454.1,3437.4,43769.2,3452.7,0,0.0,355.1,6,690.5,1833.4
CHN_G1330,415750.0,1436250.0,80.223132,12.99083,18.17,2.23,0.276,252.0,0.199,0.037,0.764,10,159.5,6243.6,811.1,723.0,2951.9,44133.8,2256.6,0,0.0,709.9,7,688.5,1621.0
CHN_G1331,416250.0,1436250.0,80.227743,12.990843,17.46,5.51,0.321,252.0,0.252,0.0,0.748,10,511.3,6743.6,1236.6,1055.0,2468.9,44501.1,0.0,0,0.0,556.6,3,985.5,1547.3
CHN_G1332,416750.0,1436250.0,80.232353,12.990857,17.31,3.46,0.301,29.0,0.265,0.0,0.734,10,602.1,7063.3,1703.1,986.5,1986.0,44870.7,0.0,0,0.0,572.9,3,1403.0,1631.2
CHN_G1333,417250.0,1436250.0,80.236963,12.990871,6.65,3.44,0.889,258.0,0.091,0.0,0.909,10,525.3,7137.8,2184.5,1147.9,1501.8,45242.5,0.0,0,0.0,920.1,1,1861.6,1851.3
CHN_G1334,417750.0,1436250.0,80.241573,12.990884,9.58,2.0,0.665,258.0,0.349,0.008,0.637,10,134.9,7246.2,2672.7,1470.5,1017.0,45616.6,852.4,0,0.0,1150.4,0,1602.6,2166.5
CHN_G1335,418250.0,1436250.0,80.246184,12.990897,3.14,6.47,0.998,201.0,0.569,0.0,0.42,50,104.0,7353.6,3164.6,1872.7,532.2,45993.2,4004.4,0,0.0,694.2,4,1123.5,2541.7
CHN_G1336,418750.0,1436250.0,80.250794,12.990911,10.14,4.73,0.553,201.0,0.798,0.001,0.182,50,94.0,7412.0,3658.7,2313.3,47.3,46372.1,6771.0,0,0.0,288.2,10,675.4,2954.1
CHN_G1337,419250.0,1436250.0,80.255404,12.990924,11.06,2.59,0.481,30.0,0.692,0.0,0.307,50,30.7,7501.3,3919.7,2495.2,434.1,46753.2,11430.1,0,0.0,165.2,30,387.4,3390.1
CHN_G1338,419750.0,1436250.0,80.260014,12.990937,13.3,4.67,0.294,30.0,0.898,0.0,0.102,50,106.2,7620.9,4195.3,2468.7,919.2,47136.6,4888.3,0,0.0,174.6,34,586.5,3841.8
CHN_G1339,420250.0,1436250.0,80.264624,12.99095,5.62,1.62,0.668,30.0,0.485,0.0,0.515,50,355.4,7770.9,4509.7,2510.3,1408.1,47522.2,0.0,0,0.0,249.2,28,397.4,4304.2
CHN_G1340,420750.0,1436250.0,80.269235,12.990963,8.37,2.57,0.416,30.0,0.567,0.12,0.219,50,491.8,7949.6,4855.4,2515.8,1895.5,47909.9,0.0,0,0.0,342.9,17,310.0,4774.1
CHN_G1341,421250.0,1436250.0,80.273845,12.990976,0.0,0.0,0.809,30.0,0.0,1.0,0.0,80,599.8,8155.0,5226.1,2469.1,2382.9,48299.6,0.0,0,0.0,585.4,6,731.0,5249.7
CHN_G1342,421750.0,1436250.0,80.278455,12.990989,0.0,0.0,0.702,30.0,0.0,1.0,0.0,80,985.4,8385.2,5616.8,2439.2,2870.3,48691.3,0.0,0,0.0,1033.3,0,1213.5,5729.3
CHN_G1343,422250.0,1436250.0,80.283065,12.991002,0.0,0.0,0.615,30.0,0.0,1.0,0.0,80,1443.0,8637.6,6023.8,2510.6,3357.7,49085.1,0.0,0,0.0,1514.2,0,1674.5,5773.2
CHN_G1344,422750.0,1436250.0,80.287676,12.991014,0.0,0.0,0.582,30.0,0.0,1.0,0.0,80,1921.8,8909.3,6443.8,2675.2,3845.1,49480.7,0.0,0,0.0,2004.5,0,2082.2,5843.2
CHN_G1345,402250.0,1436750.0,80.098643,12.994948,20.85,1.45,0.569,121.0,0.8,0.0,0.188,50,5820.3,1598.0,4173.2,1217.6,16212.2,34693.8,0.0,0,0.0,497.9,1,4090.6,6825.0
CHN_G1346,402750.0,1436750.0,80.103253,12.994964,21.22,0.15,0.509,299.0,0.319,0.0,0.68,10,5394.1,1126.3,3767.8,797.1,15713.1,35055.3,0.0,0,0.0,301.6,2,3748.0,6561.9
CHN_G1347,403250.0,1436750.0,80.107863,12.99498,17.93,0.22,0.644,315.0,0.586,0.0,0.41,50,4973.2,695.2,3387.6,308.5,15214.1,35380.5,0.0,3,121.0,658.8,2,3444.2,6313.6
CHN_G1348,403750.0,1436750.0,80.112473,12.994996,19.7,5.33,0.47,308.0,0.35,0.0,0.65,10,4543.0,445.0,3042.4,60.0,14715.1,35677.5,0.0,24,2647.4,1004.9,0,3190.2,5814.2
CHN_G1349,404250.0,1436750.0,80.117084,12.995012,15.75,0.59,0.672,314.0,0.204,0.0,0.788,10,4128.6,317.6,2745.2,316.5,14216.2,35979.1,0.0,510,32570.4,1147.9,0,2998.7,5314.9
CHN_G1350,404750.0,1436750.0,80.121694,12.995027,16.91,0.88,0.573,323.0,0.122,0.0,0.876,10,3735.2,572.8,2513.2,664.9,13717.4,36285.1,0.0,77,24702.4,1457.9,0,2882.2,4815.8
CHN_G1351,405250.0,1436750.0,80.126304,12.995043,18.64,3.89,0.453,326.0,0.326,0.0,0.674,10,3370.2,1014.8,2365.6,502.8,13218.7,36595.3,0.0,325,51905.9,1524.5,0,2849.9,4316.8
CHN_G1352,405750.0,1436750.0,80.130914,12.995058,15.89,1.09,0.601,334.0,0.023,0.0,0.977,10,3043.7,720.9,2318.5,472.8,12720.1,36909.7,0.0,502,79948.0,1384.2,0,2904.6,3818.1
CHN_G1353,406250.0,1436750.0,80.135524,12.995074,12.64,1.21,0.77,203.0,0.081,0.0,0.916,40,2769.6,519.8,2351.2,77.3,12221.5,37228.2,0.0,600,81655.9,967.1,1,2959.9,3319.9
CHN_G1354,406750.0,1436750.0,80.140134,12.995089,19.24,1.83,0.343,211.0,0.34,0.0,0.66,10,2564.6,657.7,2428.3,135.7,11723.2,37550.6,0.0,575,79702.5,674.1,1,2757.7,2822.2
CHN_G1355,407250.0,1436750.0,80.144745,12.995104,12.35,2.12,0.708,253.0,0.31,0.0,0.683,10,2339.2,707.4,2414.9,80.3,11224.9,37876.9,0.0,281,61447.2,688.2,1,2636.1,2325.5
CHN_G1356,407750.0,1436750.0,80.149355,12.995119,12.07,3.45,0.682,318.0,0.078,0.0,0.918,10,2122.7,371.1,2160.2,86.2,10726.9,38206.9,0.0,327,34285.7,996.4,1,2606.3,1830.7
CHN_G1357,408250.0,1436750.0,80.153965,12.995135,8.97,1.84,0.825,329.0,0.132,0.003,0.852,10,1909.6,226.8,1765.7,29.6,10229.0,38540.6,0.0,64,4671.9,1418.4,0,2671.5,1339.7
CHN_G1358,408750.0,1436750.0,80.158575,12.995149,10.79,1.61,0.688,344.0,0.014,0.0,0.983,10,1575.4,161.2,1438.2,243.5,9731.3,38877.8,0.0,87,13475.4,1879.1,0,2825.0,859.1
CHN_G1359,409250.0,1436750.0,80.163185,12.995164,11.67,0.38,0.636,336.0,0.302,0.0,0.698,50,1170.4,21.6,1232.6,475.2,9233.9,39218.6,0.0,490,79140.3,2355.9,0,2846.4,425.8
CHN_G1360,409750.0,1436750.0,80.167796,12.995179,13.0,0.01,0.574,262.0,0.896,0.0,0.049,50,870.6,434.6,1089.3,826.8,8736.8,39562.3,0.0,475,50381.4,2229.5,0,2655.0,353.0
CHN_G1361,410250.0,1436750.0,80.172406,12.995194,11.49,0.97,0.714,322.0,0.555,0.0,0.444,50,800.9,870.3,1127.4,740.2,8240.0,39909.4,0.0,551,46729.0,1803.1,0,2406.3,747.1
CHN_G1362,410750.0,1436750.0,80.177016,12.995209,11.39,0.52,0.801,241.0,0.527,0.0,0.473,50,684.9,1323.2,1362.2,724.3,7743.6,40248.7,0.0,443,46334.9,1425.3,0,2229.9,943.0
CHN_G1363,411250.0,1436750.0,80.181626,12.995223,14.36,1.09,0.717,203.0,0.52,0.0,0.48,50,626.2,1801.2,1713.5,874.7,7247.8,40589.5,0.0,424,55949.9,1145.3,0,1896.2,1311.7
CHN_G1364,411750.0,1436750.0,80.186236,12.995238,14.24,0.95,0.751,206.0,0.448,0.0,0.53,50,227.5,2288.6,1364.6,1207.5,6752.5,40933.6,1118.9,536,95562.4,847.4,1,1580.6,1746.9
CHN_G1365,412250.0,1436750.0,80.190847,12.995252,17.7,1.09,0.547,206.0,0.7,0.0,0.297,50,44.5,2780.5,907.6,1581.3,6258.1,41280.9,5546.0,327,52556.6,719.4,2,1107.2,2209.7
CHN_G1366,412750.0,1436750.0,80.195457,12.995266,13.97,1.38,0.75,277.0,0.722,0.0,0.278,50,5.9,3274.8,486.8,1992.7,5764.5,41631.3,16704.8,558,93024.1,576.4,5,673.3,2685.9
CHN_G1367,413250.0,1436750.0,80.200067,12.995281,13.11,0.17,0.75,277.0,0.919,0.0,0.078,50,138.5,3770.7,373.6,2153.9,5272.2,41984.7,7948.9,619,91221.5,231.0,9,425.3,3169.4
CHN_G1368,413750.0,1436750.0,80.204677,12.995295,16.86,0.97,0.451,17.0,0.947,0.0,0.045,50,48.1,4267.5,736.3,1719.2,4781.5,42341.1,17905.5,417,72442.5,240.6,12,639.1,3218.6
CHN_G1369,414250.0,1436750.0,80.209288,12.995309,11.91,1.04,0.671,17.0,0.96,0.0,0.038,50,106.6,4764.9,562.1,1331.3,4292.9,42700.3,10069.4,212,40392.9,259.4,8,1028.5,2850.6
CHN_G1370,414750.0,1436750.0,80.213898,12.995323,11.36,1.22,0.709,17.0,0.816,0.0,0.184,50,144.3,5262.9,177.1,1043.5,3806.3,43062.4,3344.2,52,12992.7,647.0,5,1368.3,2528.3
CHN_G1371,415250.0,1436750.0,80.218508,12.995337,12.91,1.29,0.64,318.0,0.257,0.0,0.742,10,141.3,5761.2,123.2,951.5,3319.9,43427.2,5050.4,0,0.0,841.1,2,1170.2,2271.2
CHN_G1372,415750.0,1436750.0,80.223118,12.995351,17.65,1.74,0.389,317.0,0.019,0.0,0.981,10,549.7,6259.8,621.7,1105.4,2833.8,43794.6,0.0,0,0.0,1041.8,0,1169.0,2103.6
CHN_G1373,416250.0,1436750.0,80.227729,12.995364,16.43,2.16,0.469,294.0,0.004,0.0,0.996,10,818.7,6758.6,1121.6,1427.7,2347.8,44164.5,0.0,0,0.0,1032.4,0,1365.2,2047.3
CHN_G1374,416750.0,1436750.0,80.232339,12.995378,18.41,0.96,0.327,307.0,0.032,0.0,0.968,10,1090.6,7257.5,1621.5,1485.0,1861.8,44536.5,0.0,144,33141.7,1041.3,0,1691.4,2111.4
CHN_G1375,417250.0,1436750.0,80.236949,12.995391,16.38,2.85,0.401,320.0,0.034,0.001,0.955,10,791.8,7627.0,2121.5,1596.8,1375.9,44911.0,0.0,475,92432.2,1147.9,0,2053.0,2285.7
CHN_G1376,417750.0,1436750.0,80.24156,12.995405,14.28,2.9,0.469,201.0,0.404,0.014,0.562,10,313.1,7731.4,2621.5,1842.3,890.6,45287.9,0.0,394,85452.7,978.9,2,1558.4,2547.7
CHN_G1377,418250.0,1436750.0,80.24617,12.995418,6.26,2.51,0.884,201.0,0.27,0.0,0.73,10,52.7,7852.0,3043.2,2176.9,407.7,45667.1,3454.6,198,70736.5,607.0,10,1068.8,2873.6
CHN_G1378,418750.0,1436750.0,80.25078,12.995432,12.03,3.77,0.493,201.0,0.71,0.001,0.287,50,8.1,7906.7,3240.1,2051.8,75.2,46048.7,13696.2,314,90712.2,164.3,21,596.8,3244.0
CHN_G1379,419250.0,1436750.0,80.25539,12.995445,7.92,4.82,0.714,30.0,0.754,0.0,0.24,50,71.2,7991.1,3497.9,1995.3,558.1,46432.5,8982.7,299,73079.4,291.0,33,264.4,3645.6
CHN_G1380,419750.0,1436750.0,80.260001,12.995458,12.59,3.91,0.39,30.0,0.879,0.0,0.121,50,126.1,8103.5,3804.2,1968.8,1041.0,46818.6,7992.6,300,70229.7,57.0,33,532.6,4069.0
CHN_G1381,420250.0,1436750.0,80.264611,12.995471,10.38,1.0,0.433,30.0,0.871,0.0,0.129,50,49.7,8244.7,4148.4,2020.7,1525.6,47206.7,3740.4,69,10084.5,102.1,27,402.0,4508.1
CHN_G1382,420750.0,1436750.0,80.269221,12.995484,6.8,1.82,0.547,30.0,0.906,0.0,0.062,50,5.8,8413.3,4521.7,2021.7,2010.6,47596.9,3037.8,0,0.0,22.2,18,315.9,4958.8
CHN_G1383,421250.0,1436750.0,80.273832,12.995497,0.0,0.0,0.842,30.0,0.038,0.875,0.004,80,361.8,8607.6,4917.6,1976.5,2495.7,47989.2,0.0,0,0.0,495.8,6,642.7,5263.8
CHN_G1384,421750.0,1436750.0,80.278442,12.99551,0.0,0.0,0.733,72.0,0.0,1.0,0.0,80,861.5,8826.1,5331.0,1939.8,2980.7,48383.5,0.0,0,0.0,987.8,2,971.9,5246.0
CHN_G1385,422250.0,1436750.0,80.283052,12.995523,0.0,0.0,0.638,17.0,0.0,1.0,0.0,80,1361.4,9066.9,5758.2,2028.8,3467.8,48779.7,0.0,0,0.0,1483.5,0,1405.8,5275.8
CHN_G1386,422750.0,1436750.0,80.287663,12.995535,0.0,0.0,0.586,17.0,0.0,1.0,0.0,80,1861.3,9326.7,6168.0,2229.3,3956.7,49177.8,0.0,0,0.0,1981.4,0,1872.9,5352.4
CHN_G1387,402250.0,1437250.0,80.098627,12.999469,21.47,3.28,0.513,246.0,0.714,0.0,0.265,50,5585.4,1802.0,3917.6,717.7,16190.2,34348.5,0.0,0,0.0,634.5,2,4320.3,7247.0
CHN_G1388,402750.0,1437250.0,80.103237,12.999485,18.45,1.25,0.652,246.0,0.582,0.0,0.415,50,5139.8,1400.7,3482.5,826.5,15690.4,34682.0,0.0,0,0.0,370.9,2,4140.9,6853.0
CHN_G1389,403250.0,1437250.0,80.107847,12.999501,17.61,0.12,0.651,313.0,0.067,0.0,0.933,10,4705.1,1084.8,3067.2,490.4,15190.6,34977.9,0.0,0,0.0,610.3,3,3868.0,6356.7
CHN_G1390,403750.0,1437250.0,80.112457,12.999517,18.21,2.65,0.57,311.0,0.443,0.0,0.554,10,4284.6,929.2,2681.0,402.7,14690.9,35278.3,0.0,0,0.0,506.6,1,3643.7,5860.9
CHN_G1391,404250.0,1437250.0,80.117068,12.999533,16.74,1.74,0.625,317.0,0.38,0.0,0.616,10,3856.6,817.6,2338.3,645.0,14191.1,35583.3,0.0,0,0.0,751.3,1,3477.3,5366.0
CHN_G1392,404750.0,1437250.0,80.121678,12.999548,19.06,0.66,0.459,329.0,0.777,0.0,0.22,50,3432.2,954.2,2061.0,1010.0,13691.4,35892.6,0.0,0,0.0,1156.8,0,3377.3,4872.1
CHN_G1393,405250.0,1437250.0,80.126288,12.999564,15.45,1.01,0.653,336.0,0.213,0.0,0.762,10,3030.9,997.1,1878.2,994.7,13191.7,36206.2,0.0,0,0.0,1230.3,0,3349.8,4379.5
CHN_G1394,405750.0,1437250.0,80.130898,12.999579,17.62,0.91,0.504,339.0,0.321,0.0,0.678,40,2663.2,498.6,1818.5,784.1,12692.0,36524.0,0.0,0,0.0,1479.5,0,3396.5,3888.9
CHN_G1395,406250.0,1437250.0,80.135509,12.999595,13.45,0.74,0.726,338.0,0.142,0.0,0.856,40,2345.0,19.8,1852.8,525.0,12192.4,36845.8,0.0,0,0.0,1348.6,0,3408.2,3401.0
CHN_G1396,406750.0,1437250.0,80.140119,12.99961,13.43,0.6,0.696,349.0,0.006,0.0,0.99,10,2098.9,261.6,1934.6,336.1,11692.7,37171.5,0.0,0,0.0,1156.6,0,3234.1,2917.2
CHN_G1397,407250.0,1437250.0,80.144729,12.999625,13.92,1.1,0.626,343.0,0.024,0.0,0.973,10,1890.9,448.4,1915.3,362.7,11193.1,37501.1,0.0,0,0.0,1164.9,0,3131.1,2440.0
CHN_G1398,407750.0,1437250.0,80.149339,12.99964,10.57,0.79,0.78,333.0,0.13,0.0,0.83,10,1660.6,6.9,1887.3,585.7,10693.6,37834.4,0.0,0,0.0,1369.7,0,2970.9,1974.0
CHN_G1399,408250.0,1437250.0,80.15395,12.999655,13.43,1.36,0.571,333.0,0.0,0.0,1.0,10,1481.2,272.0,1473.7,450.1,10194.1,38171.3,0.0,0,0.0,1701.6,0,2688.2,1529.7
CHN_G1400,408750.0,1437250.0,80.15856,12.99967,10.37,1.17,0.719,334.0,0.139,0.0,0.849,10,1256.6,179.0,1059.6,226.5,9694.6,38511.8,0.0,0,0.0,2101.1,0,2475.2,1132.9
CHN_G1401,409250.0,1437250.0,80.16317,12.999685,12.41,0.82,0.583,333.0,0.364,0.0,0.636,40,1208.3,239.7,757.3,209.6,9195.2,38855.4,0.0,0,0.0,2405.8,0,2351.0,852.4
CHN_G1402,409750.0,1437250.0,80.16778,12.9997,11.11,0.54,0.662,326.0,0.534,0.0,0.461,50,1332.8,704.6,599.9,388.2,8695.9,39202.3,0.0,64,7405.0,2121.6,0,2261.5,818.5
CHN_G1403,410250.0,1437250.0,80.172391,12.999715,10.76,0.89,0.727,329.0,0.468,0.0,0.525,50,1296.7,1102.9,666.7,243.3,8196.6,39542.2,0.0,13,3876.6,1927.3,0,1963.5,1055.1
CHN_G1404,410750.0,1437250.0,80.177001,12.999729,9.65,1.67,0.873,315.0,0.346,0.0,0.648,10,1179.6,1550.5,1012.3,232.8,7697.5,39882.8,0.0,180,18478.2,1823.7,0,1759.7,1371.8
CHN_G1405,411250.0,1437250.0,80.181611,12.999744,18.78,3.1,0.426,217.0,0.18,0.001,0.798,10,922.5,1986.6,1449.2,501.5,7198.5,40226.7,0.0,152,10588.2,1544.7,0,1684.6,1647.2
CHN_G1406,411750.0,1437250.0,80.186222,12.999759,17.64,3.43,0.54,305.0,0.176,0.0,0.824,10,580.6,2437.2,1588.3,880.1,6699.6,40573.9,0.0,37,28131.8,1284.2,0,1524.3,2011.0
CHN_G1407,412250.0,1437250.0,80.190832,12.999773,23.29,5.11,0.221,305.0,0.345,0.0,0.655,10,403.4,2904.1,1193.9,1315.5,6200.9,40924.2,0.0,194,35517.3,1021.7,0,1025.2,2423.9
CHN_G1408,412750.0,1437250.0,80.195442,12.999787,20.42,4.93,0.386,277.0,0.302,0.0,0.695,10,298.3,3380.4,909.9,1764.3,5702.4,41277.6,0.0,293,72997.7,534.0,6,527.9,2864.7
CHN_G1409,413250.0,1437250.0,80.200053,12.999801,16.37,3.38,0.588,277.0,0.719,0.0,0.272,50,102.8,3862.7,854.7,2233.3,5204.2,41634.0,11952.2,307,104696.0,162.5,12,78.6,3322.3
CHN_G1410,413750.0,1437250.0,80.204663,12.999816,15.95,1.44,0.545,21.0,0.918,0.0,0.08,50,18.3,4349.0,901.1,2038.4,4706.4,41993.4,22956.3,272,71015.3,261.1,14,483.4,3557.6
CHN_G1411,414250.0,1437250.0,80.209273,12.99983,12.24,0.54,0.691,307.0,0.973,0.0,0.025,50,65.4,4838.1,881.0,1723.8,4209.1,42355.6,6616.2,311,64280.0,228.3,11,980.4,3228.4
CHN_G1412,414750.0,1437250.0,80.213884,12.999844,10.46,0.31,0.793,307.0,0.476,0.0,0.512,50,31.8,5329.2,605.5,1512.6,3712.5,42720.5,2588.1,535,77211.7,664.9,4,1107.2,2947.8
CHN_G1413,415250.0,1437250.0,80.218494,12.999858,13.22,0.99,0.648,309.0,0.143,0.0,0.846,10,91.3,5821.9,493.8,1450.7,3217.0,43088.2,4717.9,474,60796.0,1154.1,0,1348.6,2730.5
CHN_G1414,415750.0,1437250.0,80.223104,12.999871,13.17,0.92,0.684,325.0,0.0,0.0,1.0,10,477.0,6315.6,784.4,1556.0,2723.2,43458.3,0.0,405,68446.1,1153.2,0,1467.8,2592.7
CHN_G1415,416250.0,1437250.0,80.227715,12.999885,24.02,1.69,0.043,322.0,0.0,0.0,1.0,10,914.7,6810.3,1219.3,1798.5,2232.0,43830.6,0.0,533,59506.7,1311.8,0,1396.8,2547.3
CHN_G1416,416750.0,1437250.0,80.232325,12.999899,18.31,0.67,0.359,319.0,0.0,0.0,1.0,10,1151.5,7016.6,1690.6,1726.9,1744.9,44205.4,0.0,559,44851.1,1005.4,0,1499.2,2599.1
CHN_G1417,417250.0,1437250.0,80.236935,12.999912,14.61,1.61,0.537,206.0,0.037,0.0,0.962,10,745.6,7147.7,2174.7,1772.8,1258.5,44582.6,0.0,538,36988.4,678.2,2,1744.8,2742.6
CHN_G1418,417750.0,1437250.0,80.241546,12.999926,14.99,1.35,0.457,279.0,0.048,0.0,0.952,10,271.9,7310.4,2428.0,1922.2,772.3,44962.3,534.8,278,26431.9,615.7,6,1554.6,2964.5
CHN_G1419,418250.0,1437250.0,80.246156,12.999939,9.27,1.54,0.724,279.0,0.212,0.001,0.787,10,131.6,7503.0,2575.3,1749.4,286.3,45344.3,2952.7,123,18072.5,318.8,14,1063.2,3248.8
CHN_G1420,418750.0,1437250.0,80.250767,12.999953,9.65,1.9,0.642,279.0,0.818,0.006,0.173,50,36.6,7723.2,2805.2,1569.9,199.7,45728.6,12781.6,616,98493.0,178.7,22,586.7,3580.6
CHN_G1421,419250.0,1437250.0,80.255377,12.999966,11.93,2.07,0.48,157.0,0.863,0.0,0.134,50,5.7,7968.7,3099.4,1495.3,685.6,46115.0,12854.0,373,58898.2,173.6,29,240.8,3948.1
CHN_G1422,419750.0,1437250.0,80.259987,12.999979,8.94,2.37,0.61,157.0,0.816,0.0,0.184,50,31.7,8193.6,3441.4,1468.9,1170.7,46503.7,9974.1,536,83461.2,199.1,28,521.3,4342.1
CHN_G1423,420250.0,1437250.0,80.264598,12.999992,11.66,1.59,0.355,157.0,0.746,0.0,0.254,50,59.3,8416.9,3818.4,1537.8,1653.6,46894.4,1172.9,573,76987.2,398.3,25,160.0,4756.1
CHN_G1424,420750.0,1437250.0,80.269208,13.000005,11.66,0.57,0.253,72.0,0.588,0.0,0.337,50,437.7,8663.3,4221.1,1531.3,2136.4,47287.3,0.0,502,83851.9,478.4,13,231.8,4837.1
CHN_G1425,421250.0,1437250.0,80.273819,13.000018,0.0,0.0,0.847,72.0,0.013,0.608,0.016,80,630.1,8931.0,4642.7,1484.1,2619.3,47682.1,0.0,390,84708.0,688.6,5,292.1,4765.7
CHN_G1426,421750.0,1437250.0,80.278429,13.000031,0.0,0.0,0.743,17.0,0.0,1.0,0.0,80,1006.7,9218.0,5061.4,1440.7,3102.3,48078.9,0.0,395,62925.1,1104.3,0,785.4,4746.1
CHN_G1427,422250.0,1437250.0,80.283039,13.000044,0.0,0.0,0.648,17.0,0.0,1.0,0.0,80,1457.6,9502.4,5475.5,1558.6,3587.1,48477.6,0.0,17,4514.5,1569.9,0,1283.9,4779.0
CHN_G1428,422750.0,1437250.0,80.28765,13.000056,0.0,0.0,0.588,17.0,0.0,1.0,0.0,80,1932.8,9751.9,5902.7,1811.8,4072.2,48878.1,0.0,5,2875.7,2051.8,0,1783.3,4863.3
CHN_G1429,402250.0,1437750.0,80.09861,13.00399,21.14,1.85,0.517,168.0,0.516,0.0,0.47,50,5364.0,2107.4,3712.0,218.1,16183.6,33983.9,0.0,49,2345.3,531.1,1,3867.7,7420.6
CHN_G1430,402750.0,1437750.0,80.103221,13.004006,18.61,0.42,0.634,247.0,0.356,0.0,0.637,10,4923.3,1776.4,3249.5,400.1,15683.6,34278.5,0.0,169,26600.8,130.3,2,3670.4,6928.9
CHN_G1431,403250.0,1437750.0,80.107831,13.004022,20.12,1.58,0.501,313.0,0.351,0.0,0.646,10,4467.5,1539.6,2799.8,444.1,15183.6,34577.8,0.0,395,61432.1,442.2,2,3533.3,6438.4
CHN_G1432,403750.0,1437750.0,80.112441,13.004038,17.56,4.77,0.637,13.0,0.686,0.0,0.312,50,4022.3,1393.4,2370.5,553.2,14683.6,34881.7,0.0,388,67507.2,57.9,2,3463.6,5949.4
CHN_G1433,404250.0,1437750.0,80.117052,13.004053,16.85,1.28,0.644,207.0,0.386,0.0,0.611,10,3591.6,1317.6,1974.6,825.4,14183.6,35190.1,0.0,266,67994.9,557.8,2,3465.4,5462.5
CHN_G1434,404750.0,1437750.0,80.121662,13.004069,18.14,3.28,0.539,335.0,0.429,0.0,0.568,10,3179.3,1409.8,1636.8,954.6,13683.6,35502.9,0.0,297,97040.4,658.7,1,3538.6,4978.2
CHN_G1435,405250.0,1437750.0,80.126272,13.004085,15.44,1.28,0.67,331.0,0.285,0.0,0.682,10,2741.2,1021.2,1399.7,997.6,13183.6,35819.9,0.0,462,109057.3,780.5,1,3678.8,4497.3
CHN_G1436,405750.0,1437750.0,80.130883,13.0041,15.12,1.51,0.661,334.0,0.565,0.0,0.435,50,2328.2,538.5,1318.5,1193.5,12683.6,36141.0,0.0,370,70344.1,1133.4,0,3879.0,4021.1
CHN_G1437,406250.0,1437750.0,80.135493,13.004115,14.92,0.55,0.644,329.0,0.496,0.0,0.495,50,1956.3,50.6,1355.5,981.8,12183.6,36466.2,0.0,43,9006.6,1568.4,0,3814.5,3551.4
CHN_G1438,406750.0,1437750.0,80.140103,13.004131,15.21,0.88,0.594,346.0,0.241,0.0,0.748,10,1653.3,196.6,1445.1,825.3,11683.6,36795.3,0.0,0,0.0,1649.6,0,3383.9,3091.2
CHN_G1439,407250.0,1437750.0,80.144714,13.004146,15.15,2.59,0.564,348.0,0.046,0.0,0.95,10,1462.8,29.2,1416.0,833.0,11183.6,37128.2,0.0,0,0.0,1655.4,0,2975.0,2645.5
CHN_G1440,407750.0,1437750.0,80.149324,13.004161,15.67,3.57,0.492,342.0,0.166,0.0,0.83,40,1224.3,247.8,1435.1,1037.0,10683.6,37464.8,0.0,0,0.0,1805.4,0,2598.3,2223.1
CHN_G1441,408250.0,1437750.0,80.153934,13.004176,11.01,0.96,0.733,343.0,0.085,0.0,0.912,10,1021.4,46.9,1205.8,873.6,10183.6,37805.1,0.0,0,0.0,2068.5,0,2269.7,1840.0
CHN_G1442,408750.0,1437750.0,80.158545,13.004191,12.12,0.4,0.637,338.0,0.4,0.0,0.6,30,791.6,208.0,822.8,446.1,9683.6,38148.5,0.0,0,0.0,2267.8,0,2012.9,1526.0
CHN_G1443,409250.0,1437750.0,80.163155,13.004206,11.99,0.16,0.622,342.0,0.432,0.0,0.568,50,710.5,400.0,357.5,53.3,9183.7,38495.3,0.0,0,0.0,2046.2,0,1858.0,1331.2
CHN_G1444,409750.0,1437750.0,80.167765,13.004221,6.03,2.83,0.961,341.0,0.027,0.0,0.973,10,840.9,773.9,182.3,121.4,8683.7,38835.7,0.0,0,0.0,1703.0,0,1831.0,1309.7
CHN_G1445,410250.0,1437750.0,80.172376,13.004236,16.5,1.05,0.366,332.0,0.03,0.0,0.97,10,868.3,1240.1,336.6,251.9,8183.7,39176.0,0.0,0,0.0,1453.8,0,1555.9,1469.2
CHN_G1446,410750.0,1437750.0,80.176986,13.00425,11.35,0.92,0.742,321.0,0.004,0.0,0.996,10,981.4,1725.4,829.9,204.6,7683.7,39519.8,0.0,0,0.0,1351.5,0,1289.2,1761.2
CHN_G1447,411250.0,1437750.0,80.181597,13.004265,12.74,3.77,0.755,260.0,0.226,0.002,0.734,10,659.4,2217.2,1260.5,197.7,7183.7,39866.8,0.0,0,0.0,1262.1,0,1184.6,2050.8
CHN_G1448,411750.0,1437750.0,80.186207,13.004279,45.71,7.8,0.0,133.0,0.32,0.0,0.675,10,419.0,2666.5,1686.2,652.3,6683.7,40217.1,0.0,0,0.0,952.7,1,1282.4,2353.1
CHN_G1449,412250.0,1437750.0,80.190817,13.004294,50.45,9.76,0.0,95.0,0.42,0.0,0.579,10,534.8,3104.2,1586.3,1138.7,6183.7,40570.5,0.0,0,0.0,584.4,4,1102.7,2714.4
CHN_G1450,412750.0,1437750.0,80.195428,13.004308,26.23,0.83,0.044,277.0,0.538,0.0,0.46,50,543.8,3553.8,1205.0,1626.7,5683.7,40927.0,0.0,0,0.0,524.9,10,752.6,3114.4
CHN_G1451,413250.0,1437750.0,80.200038,13.004322,16.83,0.67,0.58,21.0,0.415,0.0,0.564,50,263.6,4015.3,749.6,2114.8,5183.7,41286.4,531.6,0,0.0,277.1,13,575.7,3539.8
CHN_G1452,413750.0,1437750.0,80.204649,13.004337,17.43,1.11,0.483,21.0,0.946,0.0,0.051,50,26.2,4485.1,414.5,1835.5,4683.7,41648.7,20880.6,0,0.0,158.0,10,747.7,3931.1
CHN_G1453,414250.0,1437750.0,80.209259,13.004351,11.26,1.35,0.767,307.0,0.87,0.0,0.128,50,36.3,4960.8,530.8,1616.0,4183.7,42013.9,10664.8,0,0.0,297.6,9,574.7,3636.0
CHN_G1454,414750.0,1437750.0,80.213869,13.004365,10.9,1.32,0.772,307.0,0.196,0.0,0.804,30,204.8,5440.9,944.3,1448.7,3683.8,42381.8,599.5,0,0.0,762.5,5,650.5,3389.2
CHN_G1455,415250.0,1437750.0,80.21848,13.004379,11.88,0.61,0.717,318.0,0.137,0.0,0.853,30,172.3,5924.2,936.2,1330.1,3183.8,42752.1,3984.0,0,0.0,737.9,1,1008.0,3202.0
CHN_G1456,415750.0,1437750.0,80.22309,13.004392,16.49,0.46,0.461,322.0,0.044,0.0,0.956,10,294.7,6317.6,920.3,1290.7,2683.8,43124.7,359.4,0,0.0,659.8,2,1004.1,3085.4
CHN_G1457,416250.0,1437750.0,80.227701,13.004406,24.83,5.75,0.0,328.0,0.059,0.0,0.941,10,546.3,6425.9,1147.7,1321.5,2183.9,43499.8,0.0,48,19089.9,908.9,2,897.2,3047.3
CHN_G1458,416750.0,1437750.0,80.232311,13.00442,18.92,5.31,0.303,328.0,0.001,0.0,0.999,10,714.1,6531.0,1511.4,1227.7,1684.0,43877.5,0.0,102,26171.5,808.1,2,1049.6,3090.7
CHN_G1459,417250.0,1437750.0,80.236922,13.004433,17.86,1.67,0.327,286.0,0.047,0.0,0.953,10,477.4,6671.5,1878.7,1284.0,1184.2,44257.5,0.0,30,15927.5,319.6,2,1377.8,3212.3
CHN_G1460,417750.0,1437750.0,80.241532,13.004447,12.96,1.5,0.559,51.0,0.281,0.0,0.719,10,318.9,6845.5,1940.8,1472.8,684.5,44639.9,220.7,8,2578.0,226.4,8,1704.4,3403.7
CHN_G1461,418250.0,1437750.0,80.246143,13.00446,5.99,4.28,0.903,51.0,0.544,0.001,0.454,50,236.7,7050.8,2122.2,1307.8,184.7,45024.7,2693.1,68,9297.2,172.0,14,1272.2,3654.0
CHN_G1462,418750.0,1437750.0,80.250753,13.004474,11.25,2.38,0.531,51.0,0.881,0.0,0.118,50,49.9,7284.6,2396.0,1099.8,315.0,45411.6,12447.0,152,12436.9,212.8,17,912.3,3952.0
CHN_G1463,419250.0,1437750.0,80.255364,13.004487,11.55,1.35,0.475,157.0,0.848,0.0,0.152,50,87.6,7533.1,2734.5,995.4,803.0,45800.8,13178.2,306,46857.1,212.0,21,739.0,4287.7
CHN_G1464,419750.0,1437750.0,80.259974,13.0045,12.7,3.87,0.357,157.0,0.798,0.0,0.198,50,37.3,7743.2,3116.8,969.2,1289.2,46192.1,8507.0,478,76697.0,309.4,19,776.1,4643.2
CHN_G1465,420250.0,1437750.0,80.264584,13.004513,8.06,1.28,0.543,157.0,0.228,0.0,0.772,10,248.5,7979.1,3528.7,1070.8,1775.2,46585.5,971.2,524,80587.5,718.7,13,455.5,4482.1
CHN_G1466,420750.0,1437750.0,80.269195,13.004526,8.78,1.87,0.406,72.0,0.236,0.0,0.764,10,633.9,8238.7,3960.9,1050.2,2261.2,46980.9,0.0,676,77748.2,978.3,1,475.4,4347.7
CHN_G1467,421250.0,1437750.0,80.273805,13.004539,6.58,4.57,0.446,17.0,0.274,0.296,0.322,80,1043.7,8519.7,4365.2,988.5,2747.1,47378.2,0.0,593,94178.7,1096.6,0,507.5,4268.0
CHN_G1468,421750.0,1437750.0,80.278416,13.004552,0.0,0.0,0.743,17.0,0.0,1.0,0.0,80,1334.4,8820.1,4787.3,942.7,3101.0,47777.5,0.0,402,75462.6,1395.6,0,888.4,4246.1
CHN_G1469,422250.0,1437750.0,80.283026,13.004565,0.0,0.0,0.654,17.0,0.0,1.0,0.0,80,1701.7,9138.0,5222.5,1114.5,3461.4,48178.7,0.0,433,42540.2,1786.9,0,1349.4,4282.9
CHN_G1470,422750.0,1437750.0,80.287637,13.004578,0.0,0.0,0.59,17.0,0.0,1.0,0.0,80,2123.0,9471.7,5668.4,1447.6,3841.8,48581.8,0.0,137,11131.0,2222.2,0,1830.9,4376.8
CHN_G1471,402250.0,1438250.0,80.098594,13.008511,0.95,4.07,1.0,168.0,0.129,0.248,0.598,10,5013.4,2476.8,3565.2,272.0,16192.5,33579.4,0.0,411,29539.0,813.4,1,3428.4,7524.0
CHN_G1472,402750.0,1438250.0,80.103204,13.008527,18.07,0.35,0.668,137.0,0.435,0.0,0.524,50,4657.2,2202.1,3080.7,51.0,15692.8,33877.5,0.0,336,20397.1,629.6,1,3204.1,7039.5
CHN_G1473,403250.0,1438250.0,80.107815,13.008543,18.19,0.82,0.625,309.0,0.468,0.0,0.489,50,4275.5,2016.0,2602.1,43.4,15193.1,34180.3,0.0,345,21794.8,665.1,2,3046.1,6557.3
CHN_G1474,403750.0,1438250.0,80.112425,13.008559,16.97,0.53,0.697,319.0,0.497,0.0,0.487,50,3807.9,1874.4,2133.2,152.5,14693.4,34487.8,0.0,451,32872.1,500.1,1,2965.0,6077.9
CHN_G1475,404250.0,1438250.0,80.117036,13.008574,16.59,0.38,0.687,341.0,0.186,0.0,0.798,10,3349.7,1817.6,1682.5,327.5,14193.6,34799.7,0.0,492,50185.1,595.0,2,2967.1,5602.2
CHN_G1476,404750.0,1438250.0,80.121646,13.00859,17.3,3.08,0.621,129.0,0.415,0.0,0.576,50,2905.3,1498.8,1269.1,499.9,13693.9,35115.9,0.0,580,78394.8,171.5,1,3052.2,5131.1
CHN_G1477,405250.0,1438250.0,80.126256,13.008605,16.28,0.3,0.652,313.0,0.312,0.0,0.683,10,2482.2,1002.6,943.8,539.5,13194.2,35436.4,0.0,501,86349.0,452.5,1,3213.8,4665.9
CHN_G1478,405750.0,1438250.0,80.130867,13.008621,17.64,1.53,0.541,334.0,0.781,0.0,0.219,50,2061.3,514.0,818.5,807.2,12694.5,35761.0,0.0,574,87002.7,938.2,1,3441.1,4208.8
CHN_G1479,406250.0,1438250.0,80.135477,13.008636,16.16,1.02,0.601,117.0,0.689,0.0,0.289,50,1629.5,152.1,861.4,975.0,12194.9,36089.6,0.0,433,66991.6,1433.7,0,3602.1,3762.7
CHN_G1480,406750.0,1438250.0,80.140088,13.008652,16.0,0.51,0.584,168.0,0.53,0.0,0.453,50,1249.6,531.1,959.3,1315.5,11695.2,36422.0,0.0,451,72994.4,1278.7,0,3142.6,3331.8
CHN_G1481,407250.0,1438250.0,80.144698,13.008667,14.88,0.07,0.619,345.0,0.447,0.0,0.552,50,983.8,457.3,917.5,1321.8,11195.6,36758.3,0.0,419,90643.2,1281.2,0,2697.4,2923.0
CHN_G1482,407750.0,1438250.0,80.149309,13.008682,16.57,0.95,0.481,116.0,0.72,0.0,0.256,50,776.2,128.1,936.2,1479.7,10696.1,37098.3,0.0,256,53789.4,1465.6,0,2275.2,2547.1
CHN_G1483,408250.0,1438250.0,80.153919,13.008697,14.29,1.01,0.584,197.0,0.483,0.0,0.517,50,543.1,231.7,784.9,1143.4,10196.5,37441.6,0.0,172,40749.2,1776.0,0,1891.2,2220.5
CHN_G1484,408750.0,1438250.0,80.158529,13.008712,12.72,1.09,0.651,340.0,0.268,0.0,0.687,10,387.4,628.6,586.6,760.1,9697.1,37788.3,0.0,100,26293.1,1823.6,0,1573.9,1968.3
CHN_G1485,409250.0,1438250.0,80.16314,13.008727,10.28,1.81,0.77,327.0,0.205,0.0,0.782,10,222.7,873.2,304.2,435.8,9197.7,38129.2,371.2,360,20268.0,1625.8,0,1370.2,1821.4
CHN_G1486,409750.0,1438250.0,80.16775,13.008742,11.55,1.29,0.666,325.0,0.17,0.0,0.784,10,353.5,1096.1,69.7,344.3,8698.3,38469.3,0.0,652,44956.2,1341.4,0,1333.3,1805.7
CHN_G1487,410250.0,1438250.0,80.172361,13.008757,12.74,1.03,0.609,323.0,0.076,0.0,0.924,10,368.3,1463.0,209.9,583.3,8199.0,38812.8,0.0,345,47617.2,1006.2,0,1219.2,1924.6
CHN_G1488,410750.0,1438250.0,80.176971,13.008771,11.31,1.61,0.749,322.0,0.051,0.0,0.949,30,537.6,1891.9,568.2,434.2,7699.9,39159.8,0.0,70,29218.9,851.8,1,853.0,2155.8
CHN_G1489,411250.0,1438250.0,80.181582,13.008786,8.28,1.23,1.0,333.0,0.126,0.032,0.838,10,406.7,2349.1,1037.1,53.9,7200.8,39510.0,0.0,333,81457.7,777.8,2,684.6,2467.9
CHN_G1490,411750.0,1438250.0,80.186192,13.0088,20.12,4.49,0.363,334.0,0.136,0.01,0.851,10,13.3,2820.9,1420.3,537.1,6701.9,39863.4,4032.7,254,79285.9,780.6,5,842.6,2744.0
CHN_G1491,412250.0,1438250.0,80.190803,13.008815,19.15,1.98,0.447,334.0,0.558,0.0,0.441,50,201.4,3301.0,1519.2,1014.3,6203.1,40219.9,2513.0,364,86957.5,316.2,6,910.0,3059.5
CHN_G1492,412750.0,1438250.0,80.195413,13.008829,25.48,3.11,0.085,95.0,0.758,0.0,0.24,50,212.7,3783.7,1124.7,1493.6,5704.3,40579.5,1657.0,395,73523.0,93.2,8,422.6,3419.3
CHN_G1493,413250.0,1438250.0,80.200024,13.008843,21.84,3.17,0.278,21.0,0.697,0.0,0.292,50,297.1,4222.0,628.7,1768.8,5205.5,40941.9,0.0,251,40641.3,522.5,13,170.6,3810.9
CHN_G1494,413750.0,1438250.0,80.204634,13.008857,16.88,1.96,0.519,21.0,0.783,0.0,0.189,50,63.7,4671.1,133.5,1429.4,4706.8,41307.3,4088.4,0,0.0,225.1,10,616.1,4053.2
CHN_G1495,414250.0,1438250.0,80.209245,13.008872,12.02,1.7,0.719,84.0,0.771,0.0,0.228,50,119.3,5129.5,363.7,1161.0,4208.0,41675.5,2434.7,0,0.0,300.9,7,165.7,3720.7
CHN_G1496,414750.0,1438250.0,80.213855,13.008886,10.62,2.23,0.776,84.0,0.606,0.0,0.386,50,16.5,5595.1,834.6,975.6,3709.2,42045.9,3242.2,0,0.0,714.0,4,346.9,3429.2
CHN_G1497,415250.0,1438250.0,80.218466,13.008899,12.01,3.72,0.685,36.0,0.29,0.0,0.706,10,61.8,5733.9,482.7,842.4,3210.4,42418.8,1379.1,0,0.0,387.2,3,844.5,3189.7
CHN_G1498,415750.0,1438250.0,80.223076,13.008913,12.92,3.14,0.633,36.0,0.356,0.02,0.624,10,103.0,5830.1,451.0,792.6,2711.6,42794.3,5132.3,0,0.0,201.8,3,601.9,3014.9
CHN_G1499,416250.0,1438250.0,80.227687,13.008927,24.03,1.92,0.0,319.0,0.172,0.0,0.827,10,46.5,5934.0,817.3,859.8,2212.8,43172.3,2468.3,0,0.0,580.8,3,398.7,2916.3
CHN_G1500,416750.0,1438250.0,80.232297,13.008941,18.63,6.39,0.287,81.0,0.2,0.0,0.8,10,371.4,6047.7,1275.0,729.1,1712.9,43552.8,0.0,0,0.0,686.1,5,675.0,2901.8
CHN_G1501,417250.0,1438250.0,80.236908,13.008954,17.27,2.81,0.325,81.0,0.286,0.0,0.714,10,375.8,6199.0,1378.8,808.5,1213.1,43935.7,0.0,0,0.0,448.9,5,1119.0,2972.5
CHN_G1502,417750.0,1438250.0,80.241518,13.008968,11.42,1.84,0.623,236.0,0.314,0.0,0.686,10,103.5,6385.9,1462.2,1069.3,713.2,44320.9,4703.3,0,0.0,360.1,7,1596.5,3122.7
CHN_G1503,418250.0,1438250.0,80.246129,13.008981,10.62,1.42,0.612,236.0,0.253,0.003,0.744,10,136.6,6605.4,1695.6,902.6,213.3,44708.3,3934.2,0,0.0,256.7,13,1614.5,3341.6
CHN_G1504,418750.0,1438250.0,80.250739,13.008995,16.62,4.27,0.206,126.0,0.735,0.0,0.265,50,23.7,6854.5,2027.8,632.1,286.6,45098.0,9928.7,0,0.0,123.7,14,1349.2,3616.9
CHN_G1505,419250.0,1438250.0,80.25535,13.009008,12.68,1.0,0.397,126.0,0.608,0.047,0.345,50,47.8,7076.0,2418.5,495.6,786.4,45489.9,6556.4,0,0.0,371.1,12,1238.6,3936.6
CHN_G1506,419750.0,1438250.0,80.259961,13.009021,10.41,2.55,0.486,201.0,0.49,0.018,0.49,10,106.6,7299.3,2843.6,470.2,1286.3,45883.8,7063.6,0,0.0,197.0,8,1133.2,4216.6
CHN_G1507,420250.0,1438250.0,80.264571,13.009034,10.54,1.18,0.4,201.0,0.208,0.0,0.792,10,148.2,7549.1,3260.3,632.4,1786.2,46279.8,2088.9,0,0.0,663.2,2,943.1,4011.6
CHN_G1508,420750.0,1438250.0,80.269182,13.009047,17.78,1.76,0.0,141.0,0.017,0.0,0.983,10,613.3,7822.9,3673.2,595.3,2081.9,46677.8,0.0,0,0.0,987.1,2,947.8,3860.9
CHN_G1509,421250.0,1438250.0,80.273792,13.00906,16.19,0.89,0.0,17.0,0.006,0.098,0.861,10,866.4,8118.3,4105.0,488.7,2394.1,47077.7,0.0,0,0.0,999.4,0,964.3,3771.0
CHN_G1510,421750.0,1438250.0,80.278403,13.009073,0.0,0.0,0.749,17.0,0.0,0.904,0.04,80,1127.6,8433.1,4550.5,449.1,2754.8,47479.6,0.0,0,0.0,1234.2,0,1208.9,3746.2
CHN_G1511,422250.0,1438250.0,80.283013,13.009086,0.0,0.0,0.666,17.0,0.0,1.0,0.0,80,1514.0,8765.0,5006.3,745.1,3141.2,47883.3,0.0,0,0.0,1596.1,0,1578.9,3787.8
CHN_G1512,422750.0,1438250.0,80.287624,13.009099,0.0,0.0,0.595,17.0,0.0,1.0,0.0,80,1849.1,9112.3,5458.5,1186.8,3555.9,48288.7,0.0,0,0.0,2017.9,0,2006.1,3893.7
CHN_G1513,402250.0,1438750.0,80.098578,13.013032,23.86,11.88,0.352,230.0,0.209,0.362,0.418,80,4690.0,2885.9,3484.6,689.4,16214.1,33177.5,0.0,180,25152.9,1241.4,0,3008.1,7658.8
CHN_G1514,402750.0,1438750.0,80.103188,13.013048,18.12,1.71,0.667,230.0,0.445,0.0,0.542,10,4307.1,2653.9,2987.0,549.6,15714.1,33479.2,0.0,66,17808.7,841.0,1,2749.7,7183.3
CHN_G1515,403250.0,1438750.0,80.107799,13.013064,18.51,1.4,0.617,307.0,0.566,0.0,0.416,50,3950.4,2501.5,2490.4,506.9,15214.2,33785.6,0.0,17,6520.9,582.1,1,2563.8,6711.4
CHN_G1516,403750.0,1438750.0,80.112409,13.013079,19.94,0.58,0.541,319.0,0.844,0.0,0.149,50,3627.8,2363.2,1995.6,250.1,14714.2,34096.6,0.0,0,0.0,685.8,2,2466.9,6243.9
CHN_G1517,404250.0,1438750.0,80.11702,13.013095,20.48,1.14,0.478,124.0,0.364,0.0,0.636,10,3168.8,2095.0,1504.1,124.6,14214.2,34412.0,0.0,99,12146.2,670.6,1,2469.4,5781.9
CHN_G1518,404750.0,1438750.0,80.12163,13.013111,20.93,3.85,0.427,124.0,0.426,0.0,0.572,50,2694.8,1627.3,1020.9,46.6,13714.2,34731.8,0.0,422,41019.1,353.6,1,2571.1,5326.6
CHN_G1519,405250.0,1438750.0,80.126241,13.013126,16.76,1.01,0.646,306.0,0.512,0.0,0.481,50,2232.1,1186.2,567.7,294.7,13214.3,35055.8,0.0,477,52319.0,548.0,1,2761.0,4880.2
CHN_G1520,405750.0,1438750.0,80.130851,13.013142,19.23,2.35,0.474,306.0,0.464,0.0,0.535,50,1789.6,816.1,318.5,319.8,12714.3,35383.9,0.0,529,64251.8,987.8,1,3022.5,4445.2
CHN_G1521,406250.0,1438750.0,80.135462,13.013157,18.91,1.39,0.464,23.0,0.708,0.0,0.28,50,1386.8,651.9,383.0,618.3,12214.3,35715.9,0.0,533,66501.9,1059.9,0,3142.9,4025.3
CHN_G1522,406750.0,1438750.0,80.140072,13.013172,19.31,1.06,0.422,23.0,0.777,0.0,0.218,50,943.2,691.5,492.0,1078.1,11714.4,36051.9,0.0,638,81291.8,793.6,1,2966.6,3625.8
CHN_G1523,407250.0,1438750.0,80.144683,13.013188,17.87,1.56,0.485,169.0,0.82,0.0,0.179,50,544.1,399.8,422.3,1280.8,11214.4,36391.6,0.0,328,63617.6,797.6,1,2490.2,3254.2
CHN_G1524,407750.0,1438750.0,80.149293,13.013203,19.12,0.87,0.38,235.0,0.746,0.0,0.253,50,441.2,85.7,439.6,1566.6,10714.4,36734.7,0.0,219,49663.8,1068.9,0,2025.2,2921.1
CHN_G1525,408250.0,1438750.0,80.153904,13.013218,16.6,3.16,0.498,235.0,0.868,0.0,0.13,50,107.0,571.3,371.8,1467.0,10214.5,37081.2,4119.0,97,19656.9,1363.1,0,1581.7,2641.2
CHN_G1526,408750.0,1438750.0,80.158514,13.013233,14.34,1.98,0.606,196.0,0.577,0.0,0.389,50,178.5,937.8,89.9,1128.1,9714.5,37422.7,2313.1,149,7730.9,1417.2,0,1184.2,2433.0
CHN_G1527,409250.0,1438750.0,80.163125,13.013248,13.01,0.85,0.661,213.0,0.51,0.0,0.474,50,184.9,1316.5,18.6,887.5,9214.6,37762.6,3068.9,281,16292.6,1151.5,0,895.9,2315.8
CHN_G1528,409750.0,1438750.0,80.167735,13.013263,17.33,4.04,0.369,94.0,0.644,0.0,0.232,50,60.7,1517.9,25.3,835.3,8714.7,38105.9,7234.6,485,29345.5,1069.3,0,838.4,2303.5
CHN_G1529,410250.0,1438750.0,80.172346,13.013277,16.02,1.75,0.442,218.0,0.559,0.0,0.426,50,7.6,1800.8,24.7,991.0,8214.7,38452.7,9152.4,95,4323.6,641.4,1,1025.6,2397.8
CHN_G1530,410750.0,1438750.0,80.176956,13.013292,12.3,1.64,0.696,320.0,0.315,0.0,0.685,10,163.3,2163.8,475.6,552.9,7714.8,38802.9,8022.4,40,8870.1,353.0,2,541.3,2587.0
CHN_G1531,411250.0,1438750.0,80.181567,13.013307,6.79,3.66,1.0,261.0,0.46,0.043,0.497,50,36.5,2573.1,792.2,52.9,7214.9,39156.3,7099.5,530,66114.4,342.0,3,184.8,2852.4
CHN_G1532,411750.0,1438750.0,80.186177,13.013321,13.12,1.79,0.756,202.0,0.288,0.0,0.664,10,97.7,3010.0,990.9,447.1,6715.0,39512.9,6996.8,498,77017.3,348.4,5,524.7,3165.8
CHN_G1533,412250.0,1438750.0,80.190788,13.013336,14.5,3.44,0.693,202.0,0.519,0.0,0.45,50,232.1,3463.9,1036.1,829.3,6215.1,39872.5,3983.8,503,88584.7,352.1,8,708.6,3442.9
CHN_G1534,412750.0,1438750.0,80.195399,13.01335,19.39,2.18,0.412,317.0,0.443,0.0,0.557,50,133.7,3929.1,1169.8,1165.1,5715.3,40235.2,5239.9,603,87507.5,163.2,7,539.3,3766.2
CHN_G1535,413250.0,1438750.0,80.200009,13.013364,17.64,3.74,0.494,317.0,0.831,0.0,0.166,50,148.8,4401.9,702.7,1485.8,5215.4,40600.7,3293.0,528,77811.2,406.7,11,375.9,4106.3
CHN_G1536,413750.0,1438750.0,80.20462,13.013378,12.28,3.88,0.768,21.0,0.69,0.0,0.289,50,12.8,4880.2,267.2,1064.0,4715.6,40969.1,7512.3,464,73224.0,679.8,6,701.3,3712.3
CHN_G1537,414250.0,1438750.0,80.20923,13.013392,13.05,2.12,0.644,84.0,0.621,0.0,0.372,50,195.2,5168.4,161.5,726.2,4215.9,41339.8,4118.0,288,61390.1,704.3,4,474.0,3346.2
CHN_G1538,414750.0,1438750.0,80.213841,13.013406,11.95,3.83,0.682,84.0,0.332,0.0,0.666,10,9.4,5181.1,594.6,504.0,3716.2,41713.0,6852.8,413,91361.7,389.3,2,563.6,3018.6
CHN_G1539,415250.0,1438750.0,80.218452,13.01342,15.0,2.19,0.483,12.0,0.487,0.0,0.51,10,354.3,5240.2,299.2,356.6,3216.6,42088.9,0.0,428,93567.9,166.1,4,954.2,2743.6
CHN_G1540,415750.0,1438750.0,80.223062,13.013434,16.5,0.99,0.387,12.0,0.782,0.0,0.218,50,110.9,5345.0,187.6,296.5,2717.2,42467.3,5043.5,364,89055.5,143.5,9,465.1,2538.2
CHN_G1541,416250.0,1438750.0,80.227673,13.013448,15.23,2.8,0.466,74.0,0.547,0.0,0.452,50,5.8,5443.7,668.8,453.6,2217.8,42848.2,11367.9,202,48580.2,371.2,6,114.0,2420.3
CHN_G1542,416750.0,1438750.0,80.232283,13.013462,11.19,2.3,0.683,74.0,0.56,0.068,0.341,50,127.3,5567.2,963.9,231.4,1718.4,43231.5,1765.1,655,50776.9,235.4,4,556.4,2402.8
CHN_G1543,417250.0,1438750.0,80.236894,13.013475,18.62,1.15,0.201,325.0,0.314,0.001,0.684,10,371.1,5731.1,878.8,362.9,1219.1,43617.2,0.0,790,58655.0,264.0,5,1051.8,2487.7
CHN_G1544,417750.0,1438750.0,80.241505,13.013489,12.79,2.84,0.508,325.0,0.187,0.0,0.813,10,108.6,5932.8,1004.6,778.9,720.9,44005.2,4118.1,233,39009.8,213.8,5,1550.1,2665.3
CHN_G1545,418250.0,1438750.0,80.246115,13.013502,11.11,2.55,0.561,325.0,0.776,0.0,0.218,50,88.0,6168.5,1321.5,567.4,225.3,44395.4,8242.3,304,88183.2,555.3,6,1856.7,2918.8
CHN_G1546,418750.0,1438750.0,80.250726,13.013516,13.84,4.99,0.361,126.0,0.359,0.271,0.344,50,294.4,6417.4,1727.2,197.5,270.1,44787.8,107.9,258,71368.5,418.6,5,1818.9,3230.3
CHN_G1547,419250.0,1438750.0,80.255337,13.013529,0.5,0.0,1.0,126.0,0.014,0.878,0.108,80,266.5,6625.2,2168.8,3.8,765.5,45182.3,866.5,431,88275.3,511.2,10,1738.5,3584.7
CHN_G1548,419750.0,1438750.0,80.259947,13.013542,0.5,0.0,1.0,42.0,0.052,0.66,0.273,80,250.2,6863.1,2562.6,26.1,1177.5,45578.9,9.8,367,75581.9,402.9,8,1570.4,3779.4
CHN_G1549,420250.0,1438750.0,80.264558,13.013555,5.9,1.08,0.687,42.0,0.007,0.526,0.454,80,413.4,7128.2,2987.9,185.3,1396.3,45977.6,0.0,144,39451.5,681.3,8,1236.4,3549.3
CHN_G1550,420750.0,1438750.0,80.269168,13.013568,0.0,0.0,0.943,20.0,0.042,0.493,0.435,80,385.3,7417.6,3432.7,151.1,1687.4,46378.2,0.0,0,0.0,512.3,3,1017.4,3378.0
CHN_G1551,421250.0,1438750.0,80.273779,13.013581,0.0,0.0,0.851,20.0,0.006,0.815,0.111,80,421.5,7728.5,3890.9,11.2,2048.5,46780.7,0.0,0,0.0,536.5,3,1020.6,3274.8
CHN_G1552,421750.0,1438750.0,80.27839,13.013594,0.0,0.0,0.759,17.0,0.0,0.881,0.052,80,822.1,8058.5,4342.1,121.1,2444.3,47185.0,0.0,0,0.0,901.2,2,1244.2,3246.3
CHN_G1553,422250.0,1438750.0,80.283001,13.013607,0.0,0.0,0.679,17.0,0.0,1.0,0.0,80,1142.1,8405.2,4781.4,606.7,2872.7,47591.2,0.0,0,0.0,1355.2,0,1501.3,3294.2
CHN_G1554,422750.0,1438750.0,80.287611,13.01362,0.0,0.0,0.606,17.0,0.0,1.0,0.0,80,1544.5,8766.4,5231.7,1105.2,3237.6,47999.1,0.0,0,0.0,1833.3,0,1840.7,3415.4
CHN_G1555,402250.0,1439250.0,80.098561,13.017552,27.65,10.35,0.138,309.0,0.312,0.215,0.47,10,4399.7,3319.9,3474.7,480.7,16226.2,32778.4,0.0,0,0.0,1120.7,0,2615.9,7823.2
CHN_G1556,402750.0,1439250.0,80.103172,13.017568,19.05,0.83,0.619,230.0,0.717,0.004,0.264,50,3989.1,3120.3,2975.5,444.5,15726.6,33083.7,0.0,0,0.0,622.4,1,2314.2,7358.3
CHN_G1557,403250.0,1439250.0,80.107783,13.017584,21.94,2.35,0.425,260.0,0.498,0.0,0.487,50,3601.1,2974.5,2476.7,156.1,15227.0,33393.7,0.0,0,0.0,137.6,1,2089.9,6898.4
CHN_G1558,403750.0,1439250.0,80.112393,13.0176,18.87,1.22,0.621,195.0,0.573,0.0,0.416,50,3243.9,2744.5,1978.3,28.9,14727.5,33708.3,0.0,0,0.0,387.8,2,1969.8,6444.5
CHN_G1559,404250.0,1439250.0,80.117004,13.017616,17.9,0.8,0.651,328.0,0.383,0.0,0.612,10,2928.7,2300.2,1481.2,59.8,14228.0,34027.4,0.0,0,0.0,699.7,2,1973.0,5997.9
CHN_G1560,404750.0,1439250.0,80.121614,13.017632,19.92,1.03,0.507,328.0,0.448,0.0,0.552,50,2565.7,1884.1,986.8,95.7,13728.5,34350.7,0.0,0,0.0,848.9,2,2098.8,5560.4
CHN_G1561,405250.0,1439250.0,80.126225,13.017647,18.31,0.11,0.571,325.0,0.148,0.0,0.828,40,2074.5,1519.5,503.9,4.8,13229.1,34678.3,0.0,0,0.0,946.5,1,2327.6,5134.4
CHN_G1562,405750.0,1439250.0,80.130835,13.017663,16.51,0.83,0.655,303.0,0.531,0.0,0.423,50,1588.6,1252.1,128.3,184.0,12729.7,35009.9,0.0,0,0.0,1253.5,0,2632.5,4722.8
CHN_G1563,406250.0,1439250.0,80.135446,13.017678,18.9,3.66,0.489,303.0,0.703,0.0,0.294,50,1115.4,1073.6,93.3,560.2,12230.3,35345.5,0.0,0,0.0,786.2,1,2644.7,4329.9
CHN_G1564,406750.0,1439250.0,80.140057,13.017693,16.46,1.07,0.621,23.0,0.886,0.0,0.111,50,681.6,578.2,2.2,653.2,11730.9,35684.9,0.0,0,0.0,352.8,1,2736.0,3961.3
CHN_G1565,407250.0,1439250.0,80.144667,13.017709,18.22,1.64,0.498,169.0,0.929,0.0,0.07,50,306.4,126.2,70.9,860.4,11231.5,36027.8,12.5,0,0.0,361.8,2,2372.0,3624.2
CHN_G1566,407750.0,1439250.0,80.149278,13.017724,16.94,3.11,0.55,235.0,0.852,0.0,0.145,50,57.5,125.9,46.3,1246.6,10732.2,36374.2,7361.2,0,0.0,773.5,2,1878.0,3328.4
CHN_G1567,408250.0,1439250.0,80.153888,13.017739,17.91,3.31,0.463,98.0,0.845,0.0,0.142,50,10.9,567.9,65.8,1693.4,10233.0,36716.3,13530.2,0,0.0,913.6,1,1388.2,3085.7
CHN_G1568,408750.0,1439250.0,80.158499,13.017754,13.11,1.47,0.73,98.0,0.764,0.0,0.222,50,18.7,1061.7,258.1,1549.4,9733.8,37055.8,19714.2,0,0.0,1091.5,0,909.6,2909.4
CHN_G1569,409250.0,1439250.0,80.16311,13.017769,15.11,3.75,0.593,92.0,0.552,0.0,0.446,50,30.3,1559.1,446.3,1372.6,9234.8,37399.0,7304.2,40,5393.3,713.3,1,477.3,2812.1
CHN_G1570,409750.0,1439250.0,80.16772,13.017784,16.03,3.89,0.502,89.0,0.784,0.0,0.204,50,24.7,1976.5,522.7,1332.8,8735.8,37745.7,10932.2,120,20953.7,571.2,1,357.9,2802.0
CHN_G1571,410250.0,1439250.0,80.172331,13.017798,12.17,0.51,0.709,89.0,0.855,0.0,0.14,50,30.5,2201.2,521.1,1079.7,8237.0,38095.8,9848.2,76,23641.0,557.1,2,727.0,2880.1
CHN_G1572,410750.0,1439250.0,80.176941,13.017813,15.78,2.2,0.499,230.0,0.592,0.0,0.404,50,93.6,2506.9,406.2,582.8,7738.3,38449.2,10231.8,10,1437.8,153.5,2,598.7,3039.4
CHN_G1573,411250.0,1439250.0,80.181552,13.017828,12.82,1.11,0.712,230.0,0.288,0.039,0.661,10,268.7,2867.7,303.8,99.9,7239.8,38805.8,1317.6,24,2720.2,359.1,4,315.6,3268.2
CHN_G1574,411750.0,1439250.0,80.186163,13.017842,9.43,2.66,0.916,64.0,0.352,0.079,0.555,10,10.2,3265.3,504.0,149.3,6741.5,39165.6,5183.4,235,24790.6,365.2,4,60.7,3553.1
CHN_G1575,412250.0,1439250.0,80.190773,13.017857,15.98,2.96,0.525,19.0,0.374,0.0,0.62,10,17.9,3688.0,567.4,458.1,6243.5,39528.4,10799.5,441,32119.5,379.6,6,458.2,3853.1
CHN_G1576,412750.0,1439250.0,80.195384,13.017871,11.99,0.23,0.761,317.0,0.142,0.0,0.854,10,200.3,4128.0,885.8,861.9,5745.8,39894.2,939.2,587,61930.2,271.9,6,748.4,4144.5
CHN_G1577,413250.0,1439250.0,80.199995,13.017885,15.83,2.15,0.52,317.0,0.794,0.0,0.206,50,5.8,4580.3,919.7,1177.4,5248.6,40262.8,5103.7,651,70514.6,340.8,5,562.9,3834.8
CHN_G1578,413750.0,1439250.0,80.204605,13.017899,16.08,1.03,0.479,317.0,0.921,0.0,0.064,50,7.7,4707.0,436.0,829.3,4752.0,40633.7,6796.0,591,85049.0,494.6,2,757.3,3410.0
CHN_G1579,414250.0,1439250.0,80.209216,13.017913,9.03,1.03,0.851,84.0,0.564,0.0,0.428,50,125.2,4668.5,96.0,367.8,4256.1,41007.3,3210.4,581,74195.8,732.5,3,960.2,3008.3
CHN_G1580,414750.0,1439250.0,80.213827,13.017927,7.36,5.04,0.93,84.0,0.443,0.122,0.388,50,124.5,4682.5,220.8,43.5,3757.7,41383.5,2917.5,265,30232.4,541.6,2,977.8,2639.1
CHN_G1581,415250.0,1439250.0,80.218437,13.017941,7.31,4.19,0.914,12.0,0.686,0.089,0.206,50,206.5,4747.8,447.8,129.3,3258.3,41762.3,1532.0,77,19859.4,411.5,13,964.6,2319.6
CHN_G1582,415750.0,1439250.0,80.223048,13.017955,10.28,3.87,0.725,12.0,0.743,0.091,0.154,50,125.2,4862.9,283.1,199.4,2758.9,42143.6,2478.8,54,10483.9,297.1,15,592.0,2072.6
CHN_G1583,416250.0,1439250.0,80.227659,13.017969,11.59,4.49,0.646,74.0,0.514,0.156,0.312,50,94.2,4955.3,678.1,121.8,2259.5,42527.4,2611.9,101,9662.0,463.9,11,520.0,1926.4
CHN_G1584,416750.0,1439250.0,80.232269,13.017983,7.81,2.08,0.848,318.0,0.127,0.062,0.781,30,126.7,5090.3,485.7,253.3,1760.1,42913.6,3017.6,33,2043.6,374.3,7,814.7,1904.3
CHN_G1585,417250.0,1439250.0,80.23688,13.017996,7.68,4.2,0.822,69.0,0.234,0.159,0.602,10,208.1,5269.2,378.9,126.1,1260.7,43302.1,1400.9,1,20.1,550.3,3,1208.4,2010.4
CHN_G1586,417750.0,1439250.0,80.241491,13.01801,13.04,3.99,0.479,325.0,0.632,0.0,0.365,50,12.9,5487.8,616.9,573.0,761.4,43692.9,7162.0,172,23459.1,531.8,2,1345.1,2226.4
CHN_G1587,418250.0,1439250.0,80.246102,13.018023,10.48,0.74,0.598,325.0,0.879,0.034,0.085,50,4.5,5741.8,1057.1,322.7,262.0,44085.9,9098.1,584,96191.9,863.8,2,1366.1,2524.3
CHN_G1588,418750.0,1439250.0,80.250712,13.018037,4.82,8.62,0.903,126.0,0.369,0.44,0.163,80,90.4,5958.7,1463.1,123.9,137.8,44481.0,1612.8,466,83882.2,913.9,4,1556.6,2878.8
CHN_G1589,419250.0,1439250.0,80.255323,13.01805,8.56,0.45,0.653,126.0,0.266,0.029,0.702,10,161.1,6181.9,1871.9,480.3,477.1,44878.3,2007.1,587,88127.5,496.7,9,1683.2,3271.5
CHN_G1590,419750.0,1439250.0,80.259934,13.018063,12.07,3.82,0.41,60.0,0.656,0.0,0.343,50,61.5,6436.2,2315.1,484.2,744.2,45277.5,7430.3,558,92631.2,43.1,9,1335.8,3359.8
CHN_G1591,420250.0,1439250.0,80.264545,13.018076,6.95,3.21,0.651,60.0,0.211,0.072,0.7,10,297.7,6718.2,2777.7,202.1,981.1,45678.8,249.6,520,87514.2,488.2,12,889.3,3098.7
CHN_G1592,420750.0,1439250.0,80.269155,13.018089,6.58,1.93,0.579,20.0,0.607,0.023,0.362,50,7.6,7024.5,3226.8,291.1,1343.1,46082.0,6682.2,356,72092.0,210.4,7,545.2,2900.9
CHN_G1593,421250.0,1439250.0,80.273766,13.018102,1.28,2.67,0.799,20.0,0.454,0.21,0.324,50,141.8,7352.0,3663.4,179.6,1755.5,46487.0,3823.3,439,90423.1,277.2,3,551.2,2780.1
CHN_G1594,421750.0,1439250.0,80.278377,13.018115,0.0,0.0,0.786,20.0,0.304,0.546,0.026,80,435.8,7698.1,4114.5,309.3,2201.8,46893.9,0.0,402,131211.4,775.4,3,810.2,2746.4
CHN_G1595,422250.0,1439250.0,80.282988,13.018128,0.0,0.0,0.705,17.0,0.0,1.0,0.0,80,878.0,8060.0,4575.8,789.1,2535.2,47302.6,0.0,336,103378.1,1275.0,0,1136.0,2802.9
CHN_G1596,422750.0,1439250.0,80.287598,13.018141,0.0,0.0,0.627,17.0,0.0,1.0,0.0,80,1360.8,8436.0,5044.5,1238.7,2867.0,47713.0,0.0,369,97619.9,1627.2,0,1557.2,2944.4
CHN_G1597,402250.0,1439750.0,80.098545,13.022073,21.07,3.36,0.549,309.0,0.116,0.001,0.883,10,4149.6,3770.3,3536.3,15.8,16252.4,32382.0,0.0,440,103367.0,1198.4,0,2266.6,8015.4
CHN_G1598,402750.0,1439750.0,80.103156,13.022089,23.26,1.13,0.393,71.0,0.581,0.0,0.416,50,3711.4,3595.9,3047.2,26.0,15753.6,32691.1,0.0,316,73379.2,753.4,1,1910.5,7562.5
CHN_G1599,403250.0,1439750.0,80.107766,13.022105,18.49,0.55,0.657,285.0,0.178,0.0,0.818,10,3290.8,3416.9,2562.3,228.5,15254.8,33004.8,0.0,362,27023.0,446.1,1,1631.7,7115.8
CHN_G1600,403750.0,1439750.0,80.112377,13.022121,19.01,0.76,0.642,312.0,0.326,0.0,0.671,10,2895.5,2989.0,2084.6,460.7,14756.1,33323.0,0.0,149,41519.7,522.0,2,1474.7,6676.6
CHN_G1601,404250.0,1439750.0,80.116988,13.022137,20.51,1.68,0.526,203.0,0.81,0.0,0.174,50,2537.5,2587.1,1620.3,526.6,14257.5,33645.7,0.0,258,57832.9,200.2,2,1478.9,6246.6
CHN_G1602,404750.0,1439750.0,80.121598,13.022152,20.53,1.71,0.503,332.0,0.569,0.0,0.43,50,2234.8,2225.3,1185.5,504.6,13759.0,33972.7,0.0,238,52366.7,554.7,1,1643.1,5827.8
CHN_G1603,405250.0,1439750.0,80.126209,13.022168,19.77,0.45,0.519,325.0,0.54,0.0,0.457,50,2012.2,1926.3,827.5,283.0,13260.6,34303.9,0.0,400,78740.5,1037.0,0,1926.7,5422.8
CHN_G1604,405750.0,1439750.0,80.13082,13.022183,17.79,2.36,0.614,208.0,0.705,0.0,0.293,50,1531.3,1681.4,505.7,219.8,12762.3,34639.1,0.0,341,88573.6,1267.4,0,2149.2,5034.9
CHN_G1605,406250.0,1439750.0,80.13543,13.022199,16.38,0.66,0.671,308.0,0.756,0.0,0.234,50,1032.1,1228.3,184.4,232.8,12264.1,34978.2,0.0,274,95693.5,782.8,1,2147.2,4668.4
CHN_G1606,406750.0,1439750.0,80.140041,13.022214,19.25,4.99,0.486,316.0,0.645,0.0,0.353,50,534.4,830.9,137.5,163.0,11766.2,35320.9,0.0,2,421.4,345.3,1,2258.8,4328.6
CHN_G1607,407250.0,1439750.0,80.144652,13.022229,17.23,1.56,0.595,230.0,0.812,0.0,0.185,50,70.3,609.9,550.7,583.3,11268.4,35667.2,2731.9,0,0.0,354.5,2,2145.1,4022.5
CHN_G1608,407750.0,1439750.0,80.149262,13.022245,16.55,2.81,0.617,230.0,0.885,0.0,0.113,50,52.8,609.7,518.6,1074.2,10770.8,36009.9,10657.7,0,0.0,273.7,2,1779.8,3758.1
CHN_G1609,408250.0,1439750.0,80.153873,13.02226,17.31,2.63,0.55,98.0,0.732,0.0,0.237,50,1.2,828.8,556.3,1570.8,10273.4,36349.2,15008.5,0,0.0,557.9,1,1361.0,3545.0
CHN_G1610,408750.0,1439750.0,80.158484,13.022275,22.66,3.82,0.216,98.0,0.908,0.0,0.092,50,16.5,1223.4,669.3,1999.3,9775.1,36692.1,13602.1,0,0.0,934.9,1,867.5,3392.7
CHN_G1611,409250.0,1439750.0,80.163094,13.02229,14.3,2.58,0.697,92.0,0.794,0.0,0.204,50,54.1,1674.2,407.8,1865.7,9275.7,37038.7,11468.4,0,0.0,437.7,1,391.1,3309.6
CHN_G1612,409750.0,1439750.0,80.167705,13.022304,18.25,0.8,0.437,89.0,0.932,0.0,0.057,50,53.3,2146.7,352.0,1676.1,8776.5,37388.7,16517.4,0,0.0,95.2,1,230.8,3301.0
CHN_G1613,410250.0,1439750.0,80.172316,13.022319,14.46,1.57,0.628,89.0,0.898,0.0,0.092,50,18.8,2629.3,234.7,1216.4,8277.3,37742.1,11022.4,0,0.0,571.4,4,673.5,3367.5
CHN_G1614,410750.0,1439750.0,80.176927,13.022334,11.91,2.09,0.752,230.0,0.788,0.0,0.206,50,286.8,2896.0,52.9,801.2,7778.2,38098.8,0.0,0,0.0,650.0,5,961.2,3504.8
CHN_G1615,411250.0,1439750.0,80.181537,13.022348,15.53,3.16,0.52,230.0,0.608,0.0,0.39,50,150.0,3213.4,65.7,509.3,7279.3,38458.6,620.9,0,0.0,484.2,7,710.8,3704.9
CHN_G1616,411750.0,1439750.0,80.186148,13.022363,16.04,12.37,0.473,64.0,0.562,0.012,0.422,50,58.7,3572.8,63.7,249.0,6780.5,38821.6,4208.3,0,0.0,134.9,7,459.9,3958.5
CHN_G1617,412250.0,1439750.0,80.190759,13.022377,16.23,5.39,0.45,267.0,0.148,0.057,0.795,10,314.7,3962.8,214.2,177.1,6281.9,39187.6,0.0,0,0.0,549.4,7,646.4,4256.0
CHN_G1618,412750.0,1439750.0,80.195369,13.022392,9.98,0.04,0.81,275.0,0.159,0.0,0.839,10,566.5,4082.3,713.1,555.1,5783.6,39556.5,0.0,0,0.0,385.4,4,497.3,4077.6
CHN_G1619,413250.0,1439750.0,80.19998,13.022406,15.89,2.85,0.445,275.0,0.531,0.0,0.469,50,254.2,4214.2,807.2,697.6,5285.5,39927.7,697.4,0,0.0,436.8,2,63.2,3612.4
CHN_G1620,413750.0,1439750.0,80.204591,13.02242,14.91,2.66,0.5,44.0,0.938,0.0,0.055,50,10.3,4211.2,764.7,565.2,4787.9,40301.6,7153.3,0,0.0,42.5,5,510.6,3157.8
CHN_G1621,414250.0,1439750.0,80.209202,13.022434,13.76,1.68,0.556,44.0,0.72,0.072,0.176,50,276.3,4168.7,343.5,230.9,4290.9,40678.2,294.1,0,0.0,525.3,5,520.8,2719.2
CHN_G1622,414750.0,1439750.0,80.213812,13.022448,13.51,0.91,0.551,12.0,0.9,0.059,0.035,50,195.0,4184.2,347.4,256.7,3794.6,41057.4,2005.2,0,0.0,425.9,9,507.2,2305.8
CHN_G1623,415250.0,1439750.0,80.218423,13.022462,14.65,0.92,0.458,12.0,0.984,0.0,0.014,50,47.3,4257.2,726.2,605.3,3299.4,41439.2,3412.8,0,0.0,336.4,13,692.1,1932.2
CHN_G1624,415750.0,1439750.0,80.223034,13.022476,14.74,5.5,0.43,83.0,0.942,0.0,0.053,50,124.0,4371.3,477.3,562.3,2805.9,41823.5,5945.1,0,0.0,10.2,17,330.2,1627.4
CHN_G1625,416250.0,1439750.0,80.227645,13.02249,10.05,2.68,0.704,83.0,0.756,0.0,0.218,50,107.4,4469.5,314.4,375.2,2315.2,42210.2,1414.2,48,3829.4,176.9,15,170.1,1436.6
CHN_G1626,416750.0,1439750.0,80.232256,13.022504,13.42,5.26,0.476,83.0,0.466,0.0,0.506,50,347.4,4618.4,56.4,544.8,1829.6,42599.2,0.0,41,6001.1,510.7,9,670.0,1406.8
CHN_G1627,417250.0,1439750.0,80.236866,13.022517,9.43,1.47,0.687,184.0,0.138,0.204,0.652,10,225.0,4814.8,70.4,93.0,1354.5,42990.6,337.0,2,177.7,656.6,2,1024.4,1547.4
CHN_G1628,417750.0,1439750.0,80.241477,13.022531,12.32,2.21,0.503,184.0,0.683,0.004,0.312,50,35.1,5053.2,463.5,358.3,896.8,43384.2,8862.7,2,257.8,807.0,4,853.3,1819.3
CHN_G1629,418250.0,1439750.0,80.246088,13.022544,6.76,5.71,0.811,37.0,0.39,0.26,0.343,50,119.8,5302.8,760.3,100.8,498.3,43779.9,2208.4,23,4293.7,747.5,4,886.0,2173.7
CHN_G1630,418750.0,1439750.0,80.250699,13.022558,13.45,0.78,0.391,37.0,0.444,0.064,0.484,10,74.8,5507.1,1198.4,301.8,213.8,44177.8,5995.7,478,40045.4,605.7,10,1158.4,2576.9
CHN_G1631,419250.0,1439750.0,80.25531,13.022571,10.3,2.49,0.551,213.0,0.73,0.0,0.267,50,104.7,5747.9,1671.0,753.9,73.7,44577.8,5025.3,657,76384.7,463.9,16,1183.9,2831.9
CHN_G1632,419750.0,1439750.0,80.25992,13.022584,8.15,1.66,0.648,213.0,0.833,0.0,0.162,50,29.3,6020.6,2114.5,624.1,279.2,44979.7,12407.1,591,67257.7,49.8,18,1243.6,2965.3
CHN_G1633,420250.0,1439750.0,80.264531,13.022597,11.78,1.88,0.387,213.0,0.581,0.04,0.368,50,8.4,6321.1,2545.5,165.8,641.5,45383.6,6111.9,570,65956.7,65.5,20,743.6,2665.8
CHN_G1634,420750.0,1439750.0,80.269142,13.02261,9.68,3.51,0.422,213.0,0.482,0.075,0.444,50,44.5,6645.7,2998.0,203.6,1083.8,45789.4,5555.1,539,68245.2,305.1,11,243.8,2433.1
CHN_G1635,421250.0,1439750.0,80.273753,13.022623,0.63,3.47,0.864,213.0,0.29,0.243,0.461,10,126.7,6991.0,3463.6,55.8,1518.9,46197.0,2823.9,485,59646.5,530.5,7,230.7,2287.7
CHN_G1636,421750.0,1439750.0,80.278364,13.022636,2.29,3.65,0.675,20.0,0.34,0.418,0.089,80,395.3,7353.7,3937.7,321.3,1832.4,46606.4,0.0,21,2531.6,719.2,4,439.4,2246.5
CHN_G1637,422250.0,1439750.0,80.282975,13.022649,0.0,0.0,0.732,20.0,0.0,1.0,0.0,80,858.6,7731.7,4417.5,812.4,2159.9,47017.6,0.0,24,3193.9,922.1,1,909.5,2315.3
CHN_G1638,422750.0,1439750.0,80.287585,13.022662,0.0,0.0,0.653,17.0,0.0,1.0,0.0,80,1348.3,8122.9,4896.0,1300.3,2472.6,47430.5,0.0,34,7768.7,1297.4,0,1400.5,2484.7
CHN_G1639,402250.0,1440250.0,80.098529,13.026594,19.66,0.16,0.669,311.0,0.133,0.0,0.858,40,3947.3,4167.6,3665.7,389.4,16292.9,31988.6,0.0,24,9325.8,1454.7,0,1982.9,8233.6
CHN_G1640,402750.0,1440250.0,80.103139,13.02661,24.03,0.99,0.387,76.0,0.703,0.0,0.274,50,3483.7,4077.2,3196.4,336.7,15793.8,32301.4,0.0,7,1899.8,1117.0,0,1563.5,7793.3
CHN_G1641,403250.0,1440250.0,80.10775,13.026626,20.29,1.93,0.588,112.0,0.643,0.0,0.356,50,3031.6,3684.7,2738.1,0.8,15294.9,32618.8,0.0,23,3708.2,903.4,2,1207.0,7360.7
CHN_G1642,403750.0,1440250.0,80.112361,13.026642,20.53,1.94,0.573,113.0,0.638,0.0,0.312,50,2597.3,3291.8,2297.2,108.3,14795.9,32940.8,0.0,254,26826.8,568.4,2,984.5,6937.0
CHN_G1643,404250.0,1440250.0,80.116972,13.026658,17.67,0.15,0.718,203.0,0.225,0.0,0.748,40,2191.1,2931.7,1886.0,115.6,14297.1,33267.2,0.0,469,81340.9,301.1,1,990.8,6524.3
CHN_G1644,404750.0,1440250.0,80.121582,13.026673,17.4,2.16,0.709,332.0,0.111,0.0,0.889,10,1831.9,2617.9,1528.7,48.0,13798.3,33597.9,0.0,534,97388.6,598.5,2,1222.4,6124.5
CHN_G1645,405250.0,1440250.0,80.126193,13.026689,17.3,0.82,0.684,333.0,0.317,0.0,0.68,10,1552.6,2345.5,1212.2,120.8,13299.7,33932.7,0.0,507,94591.4,869.4,1,1583.2,5740.4
CHN_G1646,405750.0,1440250.0,80.130804,13.026704,17.88,1.81,0.633,208.0,0.787,0.0,0.211,50,1362.5,1919.2,886.8,273.3,12801.1,34271.5,0.0,482,78515.9,1093.4,0,1653.9,5375.5
CHN_G1647,406250.0,1440250.0,80.135415,13.02672,16.64,0.32,0.683,308.0,0.22,0.0,0.78,40,1114.1,1537.8,558.8,265.0,12302.7,34614.0,0.0,481,86676.1,1011.6,0,1651.4,5033.8
CHN_G1648,406750.0,1440250.0,80.140025,13.026735,15.63,0.75,0.729,316.0,0.154,0.0,0.838,10,634.7,1243.6,364.1,353.9,11804.4,34960.1,0.0,539,90362.7,783.6,1,1794.0,4720.4
CHN_G1649,407250.0,1440250.0,80.144636,13.02675,16.47,1.33,0.671,230.0,0.141,0.0,0.858,10,254.0,1108.1,672.9,663.4,11306.2,35303.5,47.7,502,101337.4,561.4,2,1876.5,4441.4
CHN_G1650,407750.0,1440250.0,80.149247,13.026765,16.4,1.88,0.662,230.0,0.494,0.004,0.491,50,72.3,1108.0,1006.0,1119.7,10808.2,35642.5,6023.2,471,135268.2,227.0,1,1445.1,4203.4
CHN_G1651,408250.0,1440250.0,80.153858,13.026781,16.59,1.36,0.631,233.0,0.883,0.0,0.113,50,16.8,1243.2,1054.7,1602.3,10310.4,35985.2,16234.3,347,116952.8,536.6,1,1074.0,4014.0
CHN_G1652,408750.0,1440250.0,80.158468,13.026796,15.11,1.92,0.697,107.0,0.852,0.0,0.12,50,7.2,1535.5,692.7,2093.1,9812.9,36331.6,19175.4,408,100622.0,1012.1,0,841.3,3880.1
CHN_G1653,409250.0,1440250.0,80.163079,13.02681,16.53,0.46,0.598,107.0,0.891,0.0,0.109,50,37.1,1915.2,224.0,2334.3,9315.5,36681.6,16589.7,495,94629.1,611.9,1,760.3,3807.7
CHN_G1654,409750.0,1440250.0,80.16769,13.026825,12.57,1.93,0.814,107.0,0.511,0.0,0.484,50,49.9,2340.2,127.1,1902.5,8818.5,37035.0,8203.0,376,72999.0,438.1,3,691.7,3800.3
CHN_G1655,410250.0,1440250.0,80.172301,13.02684,19.55,3.73,0.365,107.0,0.482,0.0,0.463,50,37.3,2789.8,193.7,1505.6,8321.9,37391.7,11331.1,591,86299.6,449.4,3,909.2,3858.2
CHN_G1656,410750.0,1440250.0,80.176912,13.026855,15.41,0.81,0.58,230.0,0.784,0.0,0.176,50,25.1,3254.1,326.8,1177.5,7825.7,37751.7,9045.3,628,92097.2,660.2,8,589.6,3978.5
CHN_G1657,411250.0,1440250.0,80.181522,13.026869,13.97,0.77,0.643,230.0,0.881,0.0,0.118,50,5.1,3462.0,309.3,922.1,7329.9,38114.9,9042.3,52,31620.8,164.4,9,607.1,4156.0
CHN_G1658,411750.0,1440250.0,80.186133,13.026884,17.76,4.22,0.395,64.0,0.723,0.0,0.275,50,104.4,3437.5,296.8,528.7,6834.9,38481.1,9014.4,101,36681.0,320.9,10,943.2,4383.5
CHN_G1659,412250.0,1440250.0,80.190744,13.026898,13.7,1.02,0.624,64.0,0.728,0.044,0.226,50,48.6,3485.4,519.5,150.0,6340.6,38850.3,4678.9,313,74006.6,334.2,7,1061.0,4421.3
CHN_G1660,412750.0,1440250.0,80.195355,13.026913,8.83,0.43,0.896,291.0,0.162,0.092,0.708,10,314.1,3602.6,318.2,163.6,5847.2,39221.7,0.0,442,97482.8,564.1,3,659.1,3933.3
CHN_G1661,413250.0,1440250.0,80.199966,13.026927,11.43,5.9,0.723,44.0,0.444,0.066,0.47,50,399.5,3735.5,390.9,208.1,5355.1,39595.9,0.0,259,73937.1,683.4,4,437.2,3448.7
CHN_G1662,413750.0,1440250.0,80.204576,13.026941,13.38,3.82,0.603,44.0,0.748,0.106,0.143,50,287.2,3716.6,628.1,78.1,4864.6,39972.9,367.0,82,12534.4,490.0,8,554.5,2969.1
CHN_G1663,414250.0,1440250.0,80.209187,13.026955,8.11,9.82,0.905,44.0,0.776,0.075,0.134,50,1.2,3668.9,320.7,51.9,4376.2,40352.6,5522.6,0,0.0,231.5,8,268.9,2497.6
CHN_G1664,414750.0,1440250.0,80.213798,13.026969,10.72,1.53,0.733,44.0,0.928,0.0,0.064,50,34.3,3686.4,97.8,395.8,3890.8,40734.8,6686.9,0,0.0,186.7,13,241.4,2039.8
CHN_G1665,415250.0,1440250.0,80.218409,13.026983,13.45,0.93,0.544,83.0,0.957,0.0,0.043,50,49.9,3768.8,575.4,861.1,3409.7,41119.6,7375.5,0,0.0,320.3,20,274.3,1607.2
CHN_G1666,415750.0,1440250.0,80.22302,13.026997,12.64,1.96,0.562,83.0,0.929,0.001,0.064,50,18.2,3877.5,118.6,986.4,2934.8,41506.8,8463.8,0,0.0,136.0,21,606.3,1225.3
CHN_G1667,416250.0,1440250.0,80.227631,13.027011,10.76,3.15,0.669,83.0,0.93,0.0,0.069,50,27.0,3987.0,43.7,875.1,2469.9,41896.5,9636.3,0,0.0,84.7,26,536.2,957.5
CHN_G1668,416750.0,1440250.0,80.232242,13.027025,21.47,2.52,0.005,83.0,0.748,0.0,0.251,50,81.7,4153.1,374.1,759.7,2014.8,42288.4,10031.2,0,0.0,364.2,15,841.1,912.2
CHN_G1669,417250.0,1440250.0,80.236852,13.027038,12.06,10.54,0.538,333.0,0.236,0.022,0.741,10,198.7,4370.4,390.1,315.2,1582.3,42682.6,1071.4,0,0.0,211.8,13,572.5,1116.9
CHN_G1670,417750.0,1440250.0,80.241463,13.027052,12.14,5.43,0.524,168.0,0.365,0.192,0.427,50,44.5,4631.8,99.9,77.6,1203.2,43079.0,5502.6,0,0.0,382.8,12,383.4,1470.6
CHN_G1671,418250.0,1440250.0,80.246074,13.027065,15.31,2.34,0.325,37.0,0.516,0.06,0.414,50,19.9,4841.7,585.9,254.7,913.2,43477.6,8254.0,0,0.0,275.6,13,451.5,1891.6
CHN_G1672,418750.0,1440250.0,80.250685,13.027079,7.31,3.04,0.788,37.0,0.45,0.0,0.55,10,50.0,5064.7,1014.8,606.1,572.8,43878.2,8194.6,0,0.0,375.8,17,872.2,2259.0
CHN_G1673,419250.0,1440250.0,80.255296,13.027092,12.74,1.41,0.44,37.0,0.718,0.0,0.278,50,4.0,5325.4,1427.7,992.9,373.5,44280.8,12760.6,0,0.0,61.7,27,685.6,2348.7
CHN_G1674,419750.0,1440250.0,80.259907,13.027105,13.09,3.87,0.395,213.0,0.785,0.0,0.211,50,8.1,5618.7,1883.3,841.8,33.1,44685.4,8693.9,0,0.0,115.9,24,803.3,2535.7
CHN_G1675,420250.0,1440250.0,80.264518,13.027118,11.43,3.53,0.458,213.0,0.867,0.0,0.129,50,107.2,5939.6,2357.0,472.2,426.0,45092.0,4649.9,0,0.0,148.1,22,803.7,2260.7
CHN_G1676,420750.0,1440250.0,80.269129,13.027131,11.59,0.09,0.359,213.0,0.886,0.0,0.112,50,70.5,6283.9,2839.8,296.4,838.5,45500.3,3527.4,0,0.0,109.5,13,550.1,1981.0
CHN_G1677,421250.0,1440250.0,80.27374,13.027144,11.32,0.25,0.268,213.0,0.871,0.0,0.107,50,137.1,6647.5,3319.7,410.3,1125.8,45910.5,7120.5,0,0.0,412.9,6,309.2,1799.4
CHN_G1678,421750.0,1440250.0,80.278351,13.027157,5.87,2.43,0.494,213.0,0.566,0.232,0.069,50,254.8,7027.9,3782.3,635.9,1452.9,46322.5,1383.4,0,0.0,229.9,3,479.3,1746.8
CHN_G1679,422250.0,1440250.0,80.282961,13.02717,0.0,0.0,0.76,57.0,0.0,1.0,0.0,80,723.6,7422.6,4248.5,994.4,1789.5,46736.2,0.0,0,0.0,621.2,1,929.5,1834.3
CHN_G1680,422750.0,1440250.0,80.287572,13.027183,0.0,0.0,0.671,57.0,0.0,1.0,0.0,80,1206.8,7829.2,4719.9,1432.5,2067.2,47151.5,0.0,0,0.0,1104.1,0,1413.5,2044.1
CHN_G1681,402250.0,1440750.0,80.098512,13.031115,21.63,0.89,0.597,321.0,0.572,0.0,0.424,50,3800.3,3672.2,3856.0,886.3,16330.9,31598.1,0.0,258,19714.6,1347.2,0,1796.3,8475.7
CHN_G1682,402750.0,1440750.0,80.103123,13.031131,19.75,0.74,0.681,318.0,0.563,0.0,0.429,50,3316.2,3628.3,3413.0,696.9,15833.1,31914.8,0.0,9,998.7,874.4,1,1318.7,8048.7
CHN_G1683,403250.0,1440750.0,80.107734,13.031147,22.71,0.23,0.484,42.0,0.828,0.0,0.169,50,2837.7,3643.4,2988.1,469.3,15335.3,32236.0,0.0,75,11617.1,462.7,4,866.9,7630.5
CHN_G1684,403750.0,1440750.0,80.112345,13.031163,23.01,5.74,0.449,95.0,0.556,0.0,0.423,50,2368.0,3638.3,2590.1,207.0,14837.8,32561.8,0.0,89,13581.3,404.7,5,513.7,7222.7
CHN_G1685,404250.0,1440750.0,80.116956,13.031178,18.44,0.53,0.7,327.0,0.426,0.0,0.572,50,1913.7,3316.1,2233.5,299.3,14340.4,32892.0,0.0,197,34365.9,756.3,6,525.6,6827.2
CHN_G1686,404750.0,1440750.0,80.121566,13.031194,17.89,0.51,0.706,332.0,0.221,0.0,0.776,10,1489.1,3029.2,1918.8,428.8,13843.2,33226.4,0.0,231,21598.0,411.8,2,888.1,6446.3
CHN_G1687,405250.0,1440750.0,80.126177,13.03121,17.16,0.18,0.712,329.0,0.507,0.0,0.449,50,1128.0,2618.7,1589.5,576.5,13346.2,33564.9,0.0,688,74637.6,418.0,1,1342.1,6082.6
CHN_G1688,405750.0,1440750.0,80.130788,13.031225,18.49,1.18,0.62,7.0,0.495,0.0,0.475,50,909.5,2244.8,1264.6,773.0,12849.5,33907.2,0.0,479,57665.2,661.0,2,1162.7,5739.4
CHN_G1689,406250.0,1440750.0,80.135399,13.031241,19.12,0.59,0.558,80.0,0.791,0.0,0.206,50,745.3,1929.0,958.9,763.8,12353.0,34253.1,0.0,472,48428.7,514.5,2,1159.0,5420.7
CHN_G1690,406750.0,1440750.0,80.14001,13.031256,16.31,0.8,0.705,309.0,0.48,0.0,0.506,50,708.3,1703.7,860.1,838.4,11856.8,34597.1,0.0,528,55498.7,732.0,4,1354.6,5131.1
CHN_G1691,407250.0,1440750.0,80.144621,13.031271,16.47,0.51,0.685,322.0,0.159,0.0,0.8,10,598.0,1606.9,1029.6,1019.8,11360.9,34935.8,0.0,411,37326.3,682.9,4,1681.2,4875.6
CHN_G1692,407750.0,1440750.0,80.149231,13.031286,14.94,0.09,0.768,233.0,0.093,0.114,0.621,10,364.3,1607.3,1371.3,1361.5,10865.4,35278.4,0.0,145,19430.0,726.8,3,1228.1,4659.9
CHN_G1693,408250.0,1440750.0,80.153842,13.031301,18.77,1.87,0.526,233.0,0.616,0.15,0.218,50,35.4,1703.4,1339.1,1779.7,10370.4,35624.6,18213.0,23,1489.7,657.3,2,758.5,4489.7
CHN_G1694,408750.0,1440750.0,80.158453,13.031316,20.16,1.52,0.422,107.0,0.936,0.0,0.063,50,13.3,1928.4,929.3,2231.8,9875.8,35974.5,15869.4,0,0.0,605.5,4,373.6,4370.5
CHN_G1695,409250.0,1440750.0,80.163064,13.031331,16.03,3.47,0.654,107.0,0.868,0.0,0.122,50,0.4,2242.5,658.8,2599.9,9381.9,36327.9,12222.3,0,0.0,523.8,7,440.2,4306.3
CHN_G1696,409750.0,1440750.0,80.167675,13.031346,15.67,2.97,0.665,107.0,0.73,0.0,0.224,50,120.3,2615.1,627.0,2211.7,8888.6,36684.7,4354.3,36,13468.9,427.2,8,864.9,4299.7
CHN_G1697,410250.0,1440750.0,80.172286,13.031361,17.83,1.27,0.511,107.0,0.932,0.0,0.059,50,4.8,3024.7,684.0,1873.9,8396.1,37044.8,20113.5,281,34851.1,80.5,7,730.3,4351.0
CHN_G1698,410750.0,1440750.0,80.176897,13.031376,16.21,0.96,0.576,230.0,0.92,0.0,0.077,50,10.5,3077.0,761.6,1615.4,7904.5,37408.1,16073.3,84,18375.3,359.3,12,233.0,4458.0
CHN_G1699,411250.0,1440750.0,80.181508,13.03139,16.15,1.76,0.553,64.0,0.878,0.003,0.109,50,32.8,2966.3,759.9,1234.2,7414.1,37774.6,13293.4,372,80699.2,171.2,11,274.5,4617.1
CHN_G1700,411750.0,1440750.0,80.186118,13.031405,16.0,2.11,0.537,64.0,0.962,0.0,0.035,50,41.2,2937.7,775.5,856.7,6925.0,38144.0,11737.1,472,86696.4,407.9,16,772.2,4822.9
CHN_G1701,412250.0,1440750.0,80.190729,13.031419,14.21,1.31,0.629,64.0,0.875,0.0,0.123,50,13.8,2993.5,699.1,532.1,6437.6,38515.7,2794.9,575,101854.5,23.8,17,1190.6,4346.5
CHN_G1702,412750.0,1440750.0,80.19534,13.031434,13.91,0.51,0.625,291.0,0.846,0.0,0.146,50,168.5,3122.4,202.5,316.6,5952.3,38890.3,2072.4,446,69397.3,478.9,12,691.1,3849.0
CHN_G1703,413250.0,1440750.0,80.199951,13.031448,13.49,0.11,0.626,44.0,0.975,0.0,0.016,50,85.0,3256.2,39.0,282.2,5469.6,39267.7,856.9,563,94356.1,645.3,11,194.1,3352.2
CHN_G1704,413750.0,1440750.0,80.204562,13.031462,15.96,1.25,0.474,44.0,0.86,0.0,0.138,50,11.1,3223.6,248.3,402.7,4990.4,39647.8,6313.0,475,85747.5,453.4,14,312.7,2856.5
CHN_G1705,414250.0,1440750.0,80.209173,13.031476,12.43,2.31,0.681,44.0,0.834,0.0,0.16,50,12.6,3169.2,517.7,517.1,4515.7,40030.5,10343.5,433,72984.4,60.8,14,611.1,2362.7
CHN_G1706,414750.0,1440750.0,80.213784,13.03149,14.26,3.78,0.559,44.0,0.732,0.0,0.266,50,0.6,3189.2,278.0,747.6,4047.1,40415.8,12743.4,377,69024.1,297.3,19,440.8,1872.1
CHN_G1707,415250.0,1440750.0,80.218395,13.031504,11.77,3.83,0.685,83.0,0.89,0.0,0.108,50,1.7,3283.7,621.8,1095.6,3586.8,40803.6,13964.1,447,81440.3,264.6,23,414.0,1388.2
CHN_G1708,415750.0,1440750.0,80.223006,13.031518,11.8,2.2,0.659,83.0,0.956,0.0,0.033,50,24.9,3384.7,515.9,1453.1,3132.9,41193.9,9267.6,401,76672.0,42.7,24,789.5,921.8
CHN_G1709,416250.0,1440750.0,80.227617,13.031532,13.34,2.05,0.559,83.0,0.903,0.0,0.097,50,113.2,3509.2,290.7,1375.1,2694.2,41586.4,8223.3,346,51773.8,242.7,24,411.2,519.3
CHN_G1710,416750.0,1440750.0,80.232228,13.031545,11.93,2.11,0.614,333.0,0.948,0.0,0.051,50,57.0,3696.9,82.5,1017.6,2281.0,41981.3,16169.0,215,44470.2,36.9,21,463.5,430.1
CHN_G1711,417250.0,1440750.0,80.236839,13.031559,8.44,2.92,0.796,333.0,0.797,0.0,0.203,50,10.6,3939.4,10.7,703.5,1909.7,42378.3,16039.2,71,18224.4,193.3,19,325.8,774.8
CHN_G1712,417750.0,1440750.0,80.24145,13.031573,13.41,2.83,0.501,168.0,0.77,0.0,0.227,50,16.1,4189.9,26.4,575.4,1609.7,42777.5,3886.7,261,38115.0,282.1,17,177.7,1231.1
CHN_G1713,418250.0,1440750.0,80.246061,13.031586,12.82,5.99,0.529,37.0,0.794,0.0,0.206,50,10.5,4389.1,311.7,662.8,1270.7,43178.9,13541.6,68,38128.3,229.2,16,350.2,1712.0
CHN_G1714,418750.0,1440750.0,80.250672,13.031599,14.71,2.76,0.406,37.0,0.686,0.0,0.314,50,18.8,4634.0,778.3,957.0,1033.6,43582.2,6872.0,115,41699.1,72.3,27,602.8,1760.7
CHN_G1715,419250.0,1440750.0,80.255283,13.031613,13.14,3.04,0.48,37.0,0.826,0.0,0.174,50,2.5,4917.6,1270.6,1313.0,676.8,43987.6,7311.5,335,81042.4,310.1,35,196.3,1874.4
CHN_G1716,419750.0,1440750.0,80.259894,13.031626,10.59,1.21,0.615,213.0,0.869,0.0,0.13,50,31.5,5233.7,1744.0,1177.6,216.5,44394.9,7566.9,388,91250.1,44.2,36,462.4,2103.9
CHN_G1717,420250.0,1440750.0,80.264504,13.031639,9.46,1.38,0.649,213.0,0.65,0.0,0.35,50,36.5,5576.8,2203.5,896.7,149.9,44804.0,6295.3,157,37462.5,301.5,25,346.9,1901.3
CHN_G1718,420750.0,1440750.0,80.269115,13.031652,12.34,1.58,0.38,213.0,0.84,0.0,0.139,50,86.2,5941.6,2669.1,796.4,419.2,45215.0,5503.3,177,19329.0,399.1,14,399.6,1558.4
CHN_G1719,421250.0,1440750.0,80.273726,13.031665,12.93,2.22,0.225,213.0,0.934,0.0,0.066,50,14.9,6325.0,3138.7,877.6,745.9,45627.8,4010.6,0,0.0,505.4,6,616.1,1319.9
CHN_G1720,421750.0,1440750.0,80.278337,13.031678,9.43,3.0,0.323,57.0,0.721,0.072,0.041,50,252.1,6723.7,3616.5,1061.9,1136.4,46042.3,654.2,0,0.0,297.5,3,833.4,1247.2
CHN_G1721,422250.0,1440750.0,80.282948,13.031691,0.0,0.0,0.792,57.0,0.0,0.999,0.0,80,701.1,7134.4,4099.6,1339.0,1364.7,46458.4,0.0,0,0.0,649.3,2,914.1,1367.2
CHN_G1722,422750.0,1440750.0,80.28756,13.031704,0.0,0.0,0.692,57.0,0.0,1.0,0.0,80,1186.0,7554.2,4586.3,1695.4,1698.6,46876.2,0.0,0,0.0,1116.7,0,1215.1,1637.9
CHN_G1723,402250.0,1441250.0,80.098496,13.035636,22.89,2.75,0.567,321.0,0.543,0.0,0.453,50,3715.4,3178.4,4098.8,1385.4,16384.1,31210.8,0.0,0,0.0,1308.8,0,1738.2,8739.8
CHN_G1724,402750.0,1441250.0,80.103107,13.035652,19.95,2.57,0.714,321.0,0.541,0.0,0.45,50,3218.6,3128.6,3685.1,1116.0,15887.9,31531.3,0.0,0,0.0,813.9,2,1238.4,8326.3
CHN_G1725,403250.0,1441250.0,80.107718,13.035668,20.88,0.95,0.634,321.0,0.872,0.0,0.127,50,2722.9,3146.0,3295.5,871.4,15392.0,31856.5,0.0,0,0.0,334.8,4,738.9,7922.8
CHN_G1726,403750.0,1441250.0,80.112329,13.035683,22.39,2.62,0.517,327.0,0.623,0.0,0.345,50,2229.1,3150.2,2939.4,706.8,14896.3,32186.1,0.0,0,0.0,162.7,4,241.7,7530.8
CHN_G1727,404250.0,1441250.0,80.11694,13.035699,26.18,7.68,0.269,327.0,0.62,0.0,0.374,50,1739.0,3148.7,2625.2,763.7,14400.9,32520.1,0.0,0,0.0,391.0,5,266.2,7152.4
CHN_G1728,404750.0,1441250.0,80.12155,13.035715,18.75,1.08,0.676,5.0,0.91,0.0,0.083,50,1256.6,3217.3,2294.0,923.4,13905.9,32858.2,0.0,0,0.0,297.5,3,763.7,6789.7
CHN_G1729,405250.0,1441250.0,80.126161,13.03573,21.26,0.85,0.482,329.0,0.864,0.0,0.133,50,796.2,2951.9,1971.4,1053.9,13411.2,33200.3,0.0,0,0.0,305.9,2,988.3,6445.4
CHN_G1730,405750.0,1441250.0,80.130772,13.035746,20.51,2.61,0.508,7.0,0.897,0.0,0.094,50,434.6,2625.9,1645.2,1236.3,12917.0,33546.1,0.0,0,0.0,422.3,2,684.3,6122.6
CHN_G1731,406250.0,1441250.0,80.135383,13.035761,18.86,1.22,0.577,80.0,0.91,0.0,0.084,50,249.8,2361.6,1423.7,1263.6,12423.2,33890.8,28.1,0,0.0,78.3,5,678.1,5824.9
CHN_G1732,406750.0,1441250.0,80.139994,13.035777,18.52,3.62,0.573,54.0,0.506,0.0,0.484,50,246.9,2181.4,1359.1,1324.7,11929.9,34229.2,241.1,0,0.0,232.8,5,975.3,5556.4
CHN_G1733,407250.0,1441250.0,80.144605,13.035792,16.39,1.1,0.688,322.0,0.361,0.01,0.609,50,216.9,2105.7,1472.2,1462.8,11437.2,34571.5,1254.1,0,0.0,183.4,4,1393.8,5321.3
CHN_G1734,407750.0,1441250.0,80.149216,13.035807,16.0,2.42,0.704,233.0,0.401,0.424,0.114,80,72.3,2107.0,1728.5,1718.6,10945.2,34917.6,6526.0,0,0.0,547.2,4,1195.0,5124.4
CHN_G1735,408250.0,1441250.0,80.153827,13.035822,19.41,2.06,0.486,233.0,0.74,0.18,0.063,50,14.9,2181.2,1636.2,2065.7,10453.9,35267.4,13824.5,0,0.0,324.7,3,703.6,4970.2
CHN_G1736,408750.0,1441250.0,80.158438,13.035837,19.7,0.52,0.45,46.0,0.924,0.003,0.05,50,10.2,2361.2,1321.9,2465.9,9963.5,35620.8,19953.3,0,0.0,199.8,4,249.5,4862.7
CHN_G1737,409250.0,1441250.0,80.163049,13.035852,18.97,2.21,0.485,107.0,0.969,0.0,0.026,50,16.3,2624.8,1148.0,2897.3,9474.1,35977.7,24298.0,355,42206.5,156.2,6,354.4,4805.2
CHN_G1738,409750.0,1441250.0,80.16766,13.035867,19.1,3.26,0.472,107.0,0.867,0.0,0.126,50,4.7,2949.5,1127.0,2576.1,8985.9,36337.9,16221.8,241,32447.0,274.4,8,824.5,4799.3
CHN_G1739,410250.0,1441250.0,80.172271,13.035882,17.49,2.38,0.55,107.0,0.81,0.002,0.172,50,4.7,2819.6,1182.2,2292.6,8499.0,36701.4,14041.9,301,36031.8,279.6,11,860.2,4845.2
CHN_G1740,410750.0,1441250.0,80.176882,13.035897,16.22,1.56,0.602,278.0,0.906,0.0,0.086,50,45.1,2604.1,1245.0,1939.3,8013.8,37068.1,13258.9,219,24247.8,488.2,13,510.9,4941.6
CHN_G1741,411250.0,1441250.0,80.181493,13.035911,16.69,2.72,0.548,64.0,0.814,0.0,0.183,50,102.4,2472.3,1246.7,1563.8,7530.5,37437.7,9500.0,201,24228.1,105.7,17,531.1,5085.5
CHN_G1742,411750.0,1441250.0,80.186104,13.035926,16.49,1.76,0.534,64.0,0.972,0.0,0.026,50,48.6,2437.9,1257.8,1234.4,7049.5,37809.8,12933.3,28,8194.9,70.1,24,896.1,4828.4
CHN_G1743,412250.0,1441250.0,80.190715,13.03594,15.58,1.42,0.572,64.0,0.879,0.0,0.119,50,47.4,2504.9,883.0,948.8,6571.3,38184.8,8245.7,150,12884.0,165.9,19,1087.9,4328.5
CHN_G1744,412750.0,1441250.0,80.195326,13.035954,15.97,3.09,0.528,291.0,0.794,0.0,0.201,50,135.1,2635.5,555.7,803.5,6096.7,38562.6,6432.2,126,15437.5,295.8,21,876.3,3828.7
CHN_G1745,413250.0,1441250.0,80.199937,13.035969,17.86,1.5,0.396,44.0,0.909,0.0,0.084,50,57.0,2758.9,389.5,779.6,5626.5,38943.1,9589.6,319,28441.6,198.4,19,572.7,3328.8
CHN_G1746,413750.0,1441250.0,80.204548,13.035983,13.26,3.0,0.663,44.0,0.554,0.0,0.445,50,11.2,2732.5,63.2,882.5,5161.8,39326.4,6908.9,551,53520.3,303.7,16,619.0,2829.1
CHN_G1747,414250.0,1441250.0,80.209159,13.035997,16.77,0.89,0.454,44.0,0.595,0.0,0.39,50,65.9,2669.6,558.8,993.9,4703.8,39712.2,9174.0,517,39417.1,161.9,24,731.0,2329.4
CHN_G1748,414750.0,1441250.0,80.21377,13.036011,16.15,4.14,0.482,44.0,0.782,0.0,0.21,50,67.8,2693.2,773.9,1168.0,4250.9,40100.6,12125.9,400,30896.3,301.9,23,889.1,1829.9
CHN_G1749,415250.0,1441250.0,80.218381,13.036025,14.99,2.19,0.535,83.0,0.95,0.0,0.05,50,5.9,2803.8,953.0,1448.4,3809.8,40491.4,15336.7,52,9375.5,229.9,21,876.1,1330.8
CHN_G1750,415750.0,1441250.0,80.222992,13.036039,14.68,2.73,0.537,83.0,0.941,0.002,0.054,50,39.0,2894.4,979.5,1801.1,3385.0,40884.6,11682.5,0,0.0,120.4,21,711.5,832.8
CHN_G1751,416250.0,1441250.0,80.227603,13.036053,9.5,4.23,0.83,333.0,0.894,0.0,0.102,50,9.8,3038.6,691.7,1723.9,2983.7,41280.1,10041.4,0,0.0,224.3,21,235.0,340.7
CHN_G1752,416750.0,1441250.0,80.232214,13.036066,18.99,1.19,0.234,333.0,0.931,0.0,0.067,50,43.7,3253.5,572.7,1397.3,2616.6,41677.8,18278.5,0,0.0,172.3,22,322.8,194.7
CHN_G1753,417250.0,1441250.0,80.236825,13.03608,13.33,1.33,0.553,333.0,0.831,0.0,0.165,50,17.7,3526.7,478.0,1163.2,2300.1,42077.8,14039.7,12,15561.1,209.6,25,620.1,673.2
CHN_G1754,417750.0,1441250.0,80.241436,13.036094,13.68,1.16,0.53,168.0,0.882,0.0,0.118,50,95.9,3725.2,234.2,1072.9,1975.1,42479.8,7855.5,35,29500.3,228.1,21,556.8,1169.8
CHN_G1755,418250.0,1441250.0,80.246047,13.036107,11.34,4.39,0.657,37.0,0.802,0.0,0.198,50,36.8,3948.0,164.0,1131.6,1689.6,42883.9,3884.8,81,15962.4,141.8,24,735.8,1297.6
CHN_G1756,418750.0,1441250.0,80.250658,13.03612,12.37,3.8,0.581,37.0,0.907,0.0,0.092,50,25.0,4218.5,635.6,1339.1,1333.3,43290.0,7551.4,271,53739.1,185.7,30,568.7,1263.7
CHN_G1757,419250.0,1441250.0,80.255269,13.036134,13.35,4.0,0.502,37.0,0.777,0.0,0.212,50,10.6,4528.3,1091.1,1663.1,908.2,43698.1,10366.9,509,90298.8,142.2,33,327.1,1417.8
CHN_G1758,419750.0,1441250.0,80.25988,13.036147,12.32,1.3,0.549,213.0,0.788,0.0,0.212,50,6.3,4869.7,1557.6,1574.6,555.3,44108.0,6484.0,480,73286.6,201.2,38,531.3,1709.8
CHN_G1759,420250.0,1441250.0,80.264491,13.03616,12.68,2.49,0.494,213.0,0.7,0.0,0.298,50,63.0,5236.0,2038.1,1366.1,273.3,44519.8,5131.0,579,109372.7,211.1,38,307.8,1618.5
CHN_G1760,420750.0,1441250.0,80.269102,13.036173,9.86,4.65,0.567,213.0,0.877,0.002,0.112,50,19.8,5623.0,2526.0,1296.4,43.8,44933.4,5153.3,610,102545.4,198.9,20,114.6,1197.1
CHN_G1761,421250.0,1441250.0,80.273713,13.036186,13.36,0.78,0.238,57.0,0.9,0.0,0.099,50,332.2,6026.7,3014.0,1359.4,507.6,45348.7,0.0,569,83701.4,105.3,10,387.9,864.0
CHN_G1762,421750.0,1441250.0,80.278324,13.036199,12.58,1.68,0.169,57.0,0.83,0.0,0.067,50,149.0,6441.7,3502.2,1524.1,671.8,45765.8,1487.6,401,90332.0,135.9,3,343.9,748.3
CHN_G1763,422250.0,1441250.0,80.282935,13.036212,0.0,0.0,0.818,57.0,0.0,0.898,0.0,80,511.0,6867.5,3992.1,1742.4,992.6,46184.4,0.0,230,61271.3,566.1,2,509.2,934.6
CHN_G1764,422750.0,1441250.0,80.287547,13.036224,0.0,0.0,0.712,57.0,0.0,1.0,0.0,80,972.6,7224.3,4483.0,2043.8,1410.1,46604.7,0.0,56,16723.5,1059.5,0,948.9,1298.9
CHN_G1765,402250.0,1441750.0,80.09848,13.040156,20.85,0.35,0.722,321.0,0.295,0.0,0.703,40,3696.7,2686.8,4385.4,1797.3,16452.3,30826.7,0.0,118,33894.8,1133.1,0,1820.9,9023.8
CHN_G1766,402750.0,1441750.0,80.103091,13.040172,21.72,1.77,0.64,320.0,0.673,0.0,0.326,50,3197.0,2628.9,4001.5,1573.5,15958.2,31151.2,0.0,141,36107.7,1029.8,0,1352.1,8623.9
CHN_G1767,403250.0,1441750.0,80.107702,13.040188,22.82,1.03,0.547,22.0,0.839,0.0,0.16,50,2697.3,2648.1,3645.8,1310.0,15464.6,31480.3,0.0,20,8238.2,584.8,7,916.8,8235.0
CHN_G1768,403750.0,1441750.0,80.112313,13.040204,22.24,1.16,0.548,22.0,0.933,0.0,0.059,50,2197.9,2652.2,3327.4,1206.8,14971.3,31813.8,0.0,149,33823.4,321.3,7,594.1,7858.7
CHN_G1769,404250.0,1441750.0,80.116924,13.04022,20.28,0.94,0.639,327.0,0.919,0.0,0.08,50,1698.7,2650.4,2998.7,1246.7,14478.5,32151.6,0.0,78,49153.8,483.4,7,604.5,7496.8
CHN_G1770,404750.0,1441750.0,80.121535,13.040236,20.17,1.46,0.608,5.0,0.758,0.0,0.229,50,1200.2,2729.8,2678.3,1416.9,13986.2,32493.5,0.0,196,74269.4,712.3,3,936.9,7151.6
CHN_G1771,405250.0,1441750.0,80.126145,13.040251,21.91,0.48,0.457,5.0,0.892,0.0,0.088,50,703.9,2872.1,2343.8,1525.7,13494.5,32839.1,0.0,276,65288.5,715.9,1,770.2,6825.6
CHN_G1772,405750.0,1441750.0,80.130756,13.040267,19.58,1.84,0.575,242.0,0.875,0.0,0.106,50,222.6,3041.6,2077.0,1693.0,13003.4,33184.5,473.4,397,97624.7,647.9,2,291.0,6521.6
CHN_G1773,406250.0,1441750.0,80.135367,13.040282,18.82,2.17,0.585,248.0,0.739,0.0,0.242,50,107.1,2816.6,1906.3,1763.5,12513.0,33522.5,3262.0,202,51079.4,446.1,5,276.0,6243.0
CHN_G1774,406750.0,1441750.0,80.139978,13.040298,17.4,1.31,0.638,248.0,0.442,0.0,0.545,50,108.4,2667.3,1858.6,1813.2,12023.4,33864.6,2083.5,212,47216.9,269.4,6,753.4,5993.2
CHN_G1775,407250.0,1441750.0,80.14459,13.040313,26.35,2.6,0.089,248.0,0.431,0.0,0.569,10,213.3,2604.8,1942.8,1933.8,11534.7,34210.6,1024.6,0,0.0,237.5,5,1248.6,5776.0
CHN_G1776,407750.0,1441750.0,80.149201,13.040328,16.41,2.52,0.667,75.0,0.698,0.0,0.299,50,39.9,2606.2,2143.6,2133.9,11047.1,34560.3,9074.8,0,0.0,605.5,4,1359.3,5595.1
CHN_G1777,408250.0,1441750.0,80.153812,13.040343,18.35,5.76,0.533,75.0,0.889,0.0,0.101,50,15.9,2667.1,2015.2,2344.0,10560.5,34913.7,11361.7,0,0.0,528.0,3,956.5,5454.2
CHN_G1778,408750.0,1441750.0,80.158423,13.040358,19.74,2.9,0.431,46.0,0.88,0.0,0.113,50,0.4,2816.3,1769.6,2374.7,10075.3,35270.6,15912.5,0,0.0,452.8,4,694.3,5356.5
CHN_G1779,409250.0,1441750.0,80.163034,13.040373,17.24,1.73,0.575,46.0,0.604,0.0,0.385,50,203.1,3041.3,1643.7,2495.5,9591.6,35631.0,4641.6,0,0.0,273.6,6,741.1,5304.2
CHN_G1780,409750.0,1441750.0,80.167645,13.040388,17.94,0.21,0.534,46.0,0.856,0.0,0.137,50,71.4,2726.3,1627.0,2609.2,9109.7,35994.7,8293.6,0,0.0,399.0,6,1054.3,5298.9
CHN_G1781,410250.0,1441750.0,80.172256,13.040403,19.14,3.48,0.453,278.0,0.932,0.002,0.055,50,8.9,2400.8,1681.5,2644.4,8629.8,36361.7,8508.8,0,0.0,150.4,8,1202.8,5340.6
CHN_G1782,410750.0,1441750.0,80.176867,13.040417,16.06,1.44,0.624,278.0,0.88,0.0,0.115,50,6.2,2143.5,1737.8,2270.9,8152.4,36731.5,17966.8,0,0.0,174.1,17,983.7,5428.1
CHN_G1783,411250.0,1441750.0,80.181478,13.040432,17.45,1.96,0.521,278.0,0.894,0.0,0.106,50,14.9,1981.4,1741.0,1937.0,7677.8,37103.9,19504.8,0,0.0,125.9,28,700.1,5360.5
CHN_G1784,411750.0,1441750.0,80.186089,13.040447,17.25,1.23,0.517,64.0,0.867,0.0,0.13,50,27.1,1938.3,1586.9,1631.7,7206.6,37479.3,8360.4,0,0.0,402.3,36,474.2,4863.9
CHN_G1785,412250.0,1441750.0,80.1907,13.040461,18.1,1.34,0.45,64.0,0.95,0.0,0.046,50,64.3,2021.9,1243.2,1417.3,6739.6,37857.5,8433.9,0,0.0,283.7,29,677.9,4368.1
CHN_G1786,412750.0,1441750.0,80.195311,13.040475,17.58,1.54,0.461,291.0,0.885,0.0,0.114,50,37.9,2154.6,1000.5,1293.8,6277.7,38238.6,14857.7,0,0.0,114.6,24,1046.6,3873.3
CHN_G1787,413250.0,1441750.0,80.199922,13.04049,17.42,1.07,0.456,44.0,0.854,0.0,0.146,50,54.0,2262.8,507.2,1279.1,5820.8,38622.3,12924.3,0,0.0,220.0,23,609.1,3380.1
CHN_G1788,413750.0,1441750.0,80.204533,13.040504,16.57,1.06,0.495,44.0,0.642,0.0,0.354,50,23.9,2244.6,35.1,1363.1,5368.9,39008.7,13414.2,0,0.0,46.6,22,148.7,2889.2
CHN_G1789,414250.0,1441750.0,80.209144,13.040518,14.61,0.94,0.605,44.0,0.783,0.0,0.217,50,36.0,2170.2,492.7,1485.1,4926.4,39397.7,17957.0,0,0.0,169.5,26,416.2,2402.1
CHN_G1790,414750.0,1441750.0,80.213755,13.040532,16.76,3.92,0.465,44.0,0.788,0.0,0.21,50,32.0,2198.8,992.1,1627.9,4496.0,39789.1,16535.8,0,0.0,101.2,19,549.7,1921.6
CHN_G1791,415250.0,1441750.0,80.218366,13.040546,15.08,0.82,0.552,83.0,0.93,0.0,0.069,50,32.1,2324.8,1389.2,1854.5,4081.4,40182.9,19357.5,0,0.0,292.1,20,407.6,1454.3
CHN_G1792,415750.0,1441750.0,80.222978,13.04056,15.81,1.93,0.499,333.0,0.951,0.0,0.048,50,28.1,2408.0,1375.1,2153.4,3688.0,40579.1,17321.2,0,0.0,226.6,19,728.0,1018.6
CHN_G1793,416250.0,1441750.0,80.227589,13.040574,15.98,0.93,0.477,333.0,0.978,0.0,0.016,50,15.9,2579.0,1164.5,2096.2,3323.5,40977.6,12145.4,478,56797.6,165.6,18,653.4,678.3
CHN_G1794,416750.0,1441750.0,80.2322,13.040587,14.86,10.39,0.52,333.0,0.785,0.0,0.209,50,20.8,2829.1,1063.3,1821.0,2998.3,41378.2,12425.8,131,16114.6,150.6,20,689.9,618.5
CHN_G1795,417250.0,1441750.0,80.236811,13.040601,16.79,0.9,0.389,333.0,0.886,0.0,0.111,50,19.1,3080.7,941.2,1639.7,2681.0,41781.0,12455.9,299,35678.2,269.3,22,1012.4,897.2
CHN_G1796,417750.0,1441750.0,80.241422,13.040615,13.84,2.56,0.559,168.0,0.827,0.0,0.173,50,31.5,3271.1,479.0,1570.9,2375.2,42185.9,10646.1,144,15315.4,275.3,24,971.2,1125.8
CHN_G1797,418250.0,1441750.0,80.246033,13.040628,11.15,2.3,0.704,37.0,0.897,0.0,0.103,50,52.0,3522.7,23.4,1611.5,2015.9,42592.8,9889.7,65,9312.6,285.8,22,473.7,825.0
CHN_G1798,418750.0,1441750.0,80.250644,13.040641,12.44,0.76,0.604,37.0,0.774,0.0,0.226,50,8.1,3823.4,466.1,1780.4,1612.5,43001.7,8980.3,17,1426.4,137.2,28,74.7,770.6
CHN_G1799,419250.0,1441750.0,80.255255,13.040655,14.47,2.73,0.457,37.0,0.814,0.0,0.186,50,1.8,4162.6,953.1,2035.5,1260.5,43412.4,11756.1,158,14435.2,200.0,32,535.5,1003.5
CHN_G1800,419750.0,1441750.0,80.259867,13.040668,14.73,2.66,0.425,213.0,0.766,0.0,0.234,50,126.9,4530.9,1442.6,2013.7,939.4,43825.1,4762.9,19,1719.6,209.8,40,916.7,1385.7
CHN_G1801,420250.0,1441750.0,80.264478,13.040681,10.23,2.02,0.665,213.0,0.827,0.0,0.166,50,20.0,4922.6,1934.0,1847.2,554.1,44239.5,3632.2,52,4581.5,263.7,35,522.3,1457.3
CHN_G1802,420750.0,1441750.0,80.269089,13.040694,9.57,0.26,0.618,57.0,0.912,0.0,0.084,50,77.5,5331.6,2424.4,1796.4,101.9,44655.7,6533.8,213,18415.5,120.2,23,453.0,968.2
CHN_G1803,421250.0,1441750.0,80.2737,13.040707,9.97,4.22,0.473,57.0,0.914,0.001,0.066,50,1.9,5752.7,2916.8,1844.6,124.2,45073.5,3308.1,154,11646.9,322.5,15,633.3,500.9
CHN_G1804,421750.0,1441750.0,80.278311,13.04072,9.4,7.21,0.392,57.0,0.441,0.0,0.44,50,178.7,6185.5,3411.2,1989.8,292.5,45493.1,2222.3,33,3223.3,627.7,7,205.1,253.7
CHN_G1805,422250.0,1441750.0,80.282922,13.040733,0.0,0.0,0.846,57.0,0.0,0.697,0.0,80,440.5,6522.5,3840.0,2179.9,767.3,45914.2,0.0,130,6786.1,834.3,1,427.9,614.7
CHN_G1806,422750.0,1441750.0,80.287534,13.040745,0.0,0.0,0.732,57.0,0.0,1.0,0.0,80,924.6,6838.2,4235.4,2435.7,1252.4,46335.9,0.0,2,366.2,1224.0,0,907.8,1091.5
CHN_G1807,402250.0,1442250.0,80.098463,13.044677,22.96,2.72,0.604,103.0,0.529,0.0,0.463,50,3745.3,2199.0,4707.8,2233.8,16535.4,30446.0,0.0,0,0.0,709.9,2,2027.4,9326.0
CHN_G1808,402750.0,1442250.0,80.103074,13.044693,19.77,1.58,0.773,268.0,0.493,0.0,0.505,50,3253.0,2129.4,4352.4,1983.1,16043.9,30774.5,0.0,0,0.0,530.6,2,1619.5,8939.7
CHN_G1809,403250.0,1442250.0,80.107685,13.044709,26.16,4.39,0.368,22.0,0.494,0.0,0.505,50,2763.6,2150.6,4027.8,1781.3,15552.9,31107.6,0.0,0,0.0,567.0,8,1278.7,8565.1
CHN_G1810,403750.0,1442250.0,80.112296,13.044725,31.58,3.87,0.014,22.0,0.69,0.0,0.294,50,2278.6,2154.8,3703.3,1706.8,15062.5,31445.0,0.0,0,0.0,162.2,7,1071.2,8203.9
CHN_G1811,404250.0,1442250.0,80.116907,13.044741,21.59,0.39,0.58,22.0,0.816,0.0,0.163,50,1802.0,2153.0,3384.4,1736.7,14572.8,31786.7,0.0,0,0.0,380.7,7,1077.0,7857.9
CHN_G1812,404750.0,1442250.0,80.121519,13.044756,23.46,2.18,0.43,5.0,0.832,0.0,0.151,50,1326.6,2245.3,3046.4,1873.1,14083.8,32132.1,0.0,68,19730.8,867.6,3,1293.2,7529.3
CHN_G1813,405250.0,1442250.0,80.12613,13.044772,19.11,2.15,0.643,242.0,0.84,0.0,0.142,50,840.1,2408.5,2757.0,2008.0,13595.6,32478.2,0.0,240,56884.7,950.8,1,842.4,7220.4
CHN_G1814,405750.0,1442250.0,80.130741,13.044788,17.61,1.32,0.707,242.0,0.678,0.0,0.28,50,355.9,2644.8,2534.0,2097.7,13108.3,32815.9,0.0,312,50927.8,625.8,1,448.4,6933.8
CHN_G1815,406250.0,1442250.0,80.135352,13.044803,18.16,1.36,0.637,242.0,0.889,0.0,0.072,50,36.4,2945.1,2396.1,1958.1,12622.0,33157.8,9789.6,341,87121.8,140.9,4,438.8,6672.4
CHN_G1816,406750.0,1442250.0,80.139963,13.044818,18.85,0.72,0.556,12.0,0.731,0.009,0.252,50,64.5,3157.7,2358.3,1906.6,12136.9,33503.6,5572.5,419,85925.2,384.8,5,827.1,6439.2
CHN_G1817,407250.0,1442250.0,80.144574,13.044834,15.53,1.6,0.731,52.0,0.39,0.041,0.538,10,82.1,3104.3,2425.3,1917.7,11652.9,33853.2,6781.3,556,99945.1,475.4,5,1294.4,6237.6
CHN_G1818,407750.0,1442250.0,80.149185,13.044849,17.6,1.44,0.593,266.0,0.686,0.0,0.306,50,22.7,3105.6,2588.9,1911.3,11170.4,34206.6,8624.5,574,94638.9,836.4,2,1663.6,6070.5
CHN_G1819,408250.0,1442250.0,80.153796,13.044864,16.71,1.82,0.628,75.0,0.54,0.0,0.46,50,80.4,3157.4,2438.2,1844.7,10689.5,34563.6,1839.2,111,25452.1,975.7,1,1354.5,5940.8
CHN_G1820,408750.0,1442250.0,80.158407,13.044879,16.48,2.72,0.616,46.0,0.873,0.0,0.121,50,251.9,3253.3,2239.5,1883.5,10210.4,34924.1,220.5,9,2285.8,837.2,3,1184.0,5851.2
CHN_G1821,409250.0,1442250.0,80.163018,13.044894,18.07,1.91,0.513,46.0,0.986,0.0,0.012,50,200.1,2813.3,2141.4,2024.0,9733.4,35288.0,6948.7,0,0.0,755.5,2,1212.0,5803.5
CHN_G1822,409750.0,1442250.0,80.16763,13.044909,17.36,0.64,0.554,278.0,0.939,0.0,0.058,50,46.4,2397.1,2126.7,2127.4,9258.9,35655.2,21745.2,28,9547.3,712.8,5,1427.0,5798.6
CHN_G1823,410250.0,1442250.0,80.172241,13.044924,17.51,0.58,0.535,278.0,0.838,0.0,0.156,50,9.3,2019.2,2181.1,2318.5,8787.1,36025.3,18505.9,54,8548.7,502.5,5,1303.8,5836.7
CHN_G1824,410750.0,1442250.0,80.176852,13.044938,13.17,2.58,0.779,278.0,0.555,0.0,0.443,50,38.7,1705.3,2232.6,2411.1,8318.7,36398.0,12211.9,317,39440.6,298.7,17,892.3,5916.9
CHN_G1825,411250.0,1442250.0,80.181463,13.044953,22.47,3.53,0.214,278.0,0.772,0.0,0.226,50,57.3,1496.4,2237.8,2329.1,7854.2,36773.8,10176.4,119,41991.4,94.0,22,516.0,5438.7
CHN_G1826,411750.0,1442250.0,80.186074,13.044967,17.81,5.54,0.489,278.0,0.771,0.0,0.229,50,11.2,1438.9,1944.4,2066.7,7394.3,37152.5,14187.6,252,63490.9,28.2,39,30.2,4949.9
CHN_G1827,412250.0,1442250.0,80.190685,13.044982,18.17,0.28,0.462,64.0,0.894,0.0,0.103,50,122.5,1549.6,1600.3,1894.8,6938.1,37534.1,9898.6,288,76636.4,255.5,42,485.4,4463.6
CHN_G1828,412750.0,1442250.0,80.195296,13.044996,16.49,1.9,0.548,291.0,0.787,0.0,0.207,50,80.3,1683.5,1141.2,1789.0,6487.0,37918.4,8771.1,370,92121.7,321.7,35,625.8,3980.8
CHN_G1829,413250.0,1442250.0,80.199908,13.045011,16.57,2.55,0.532,44.0,0.846,0.0,0.144,50,78.9,1768.2,737.4,1778.7,6043.6,38305.3,11636.0,365,79977.4,250.8,36,459.1,3502.7
CHN_G1830,413750.0,1442250.0,80.204519,13.045025,13.28,2.12,0.72,37.0,0.861,0.0,0.13,50,129.4,1762.8,534.1,1851.3,5609.7,38694.9,4720.9,443,84439.3,274.1,35,401.3,3031.8
CHN_G1831,414250.0,1442250.0,80.20913,13.045039,14.98,2.15,0.608,37.0,0.87,0.0,0.13,50,1.7,1671.1,725.8,1980.1,5187.8,39087.0,15072.6,23,3127.2,365.9,31,558.8,2571.8
CHN_G1832,414750.0,1442250.0,80.213741,13.045053,14.74,2.47,0.605,37.0,0.925,0.0,0.068,50,69.7,1707.8,1126.2,2097.6,4780.9,39481.5,12608.3,0,0.0,272.5,21,401.1,2129.9
CHN_G1833,415250.0,1442250.0,80.218352,13.045067,12.16,2.41,0.743,5.0,0.968,0.0,0.032,50,12.8,1826.8,1258.4,2285.9,4393.3,39878.4,9063.4,0,0.0,199.6,18,157.5,1720.2
CHN_G1834,415750.0,1442250.0,80.222963,13.045081,14.55,2.03,0.591,5.0,0.978,0.0,0.022,50,16.8,1928.1,1014.8,2550.1,4030.5,40277.5,11076.5,0,0.0,153.9,13,623.5,1371.7
CHN_G1835,416250.0,1442250.0,80.227575,13.045095,15.91,2.13,0.497,5.0,0.976,0.0,0.024,50,11.7,2137.7,988.1,2504.9,3699.9,40679.0,19964.2,0,0.0,389.8,19,1119.2,1141.9
CHN_G1836,416750.0,1442250.0,80.232186,13.045108,16.26,1.38,0.455,5.0,0.822,0.0,0.165,50,29.3,2431.9,1192.8,2275.6,3387.4,41082.5,6708.2,0,0.0,195.5,17,1160.9,1107.5
CHN_G1837,417250.0,1442250.0,80.236797,13.045122,14.11,1.81,0.565,20.0,0.711,0.0,0.282,50,116.3,2610.2,1061.1,2127.0,3070.5,41488.2,13932.3,0,0.0,179.5,23,1377.2,1284.1
CHN_G1838,417750.0,1442250.0,80.241408,13.045135,15.46,5.09,0.473,168.0,0.876,0.0,0.124,50,45.2,2832.4,615.5,2069.7,2709.1,41895.9,10915.0,0,0.0,153.1,21,958.5,874.3
CHN_G1839,418250.0,1442250.0,80.24602,13.045149,11.46,6.75,0.691,37.0,0.826,0.0,0.174,50,117.8,3119.6,122.1,2100.8,2318.5,42305.6,12160.9,0,0.0,148.0,17,539.9,421.4
CHN_G1840,418750.0,1442250.0,80.250631,13.045162,15.2,6.02,0.443,37.0,0.566,0.0,0.434,50,7.8,3455.5,377.8,1923.0,1966.0,42717.2,5870.2,0,0.0,335.9,19,405.2,301.2
CHN_G1841,419250.0,1442250.0,80.255242,13.045176,12.87,3.93,0.552,37.0,0.756,0.0,0.244,50,2.1,3826.6,877.8,1799.7,1640.0,43130.7,9625.7,0,0.0,111.8,21,684.7,709.8
CHN_G1842,419750.0,1442250.0,80.259853,13.045189,10.34,2.78,0.685,57.0,0.869,0.0,0.131,50,164.9,4224.3,1377.8,1799.4,1214.3,43546.0,3895.1,0,0.0,231.2,31,863.9,1190.4
CHN_G1843,420250.0,1442250.0,80.264464,13.045202,11.21,0.28,0.608,57.0,0.798,0.0,0.202,50,75.4,4639.3,1877.8,1909.4,796.5,43963.0,7127.3,0,0.0,142.3,28,757.1,1458.8
CHN_G1844,420750.0,1442250.0,80.269076,13.045215,11.41,1.58,0.522,57.0,0.9,0.0,0.1,50,73.9,5068.5,2377.7,2134.0,463.6,44381.8,8428.2,0,0.0,240.5,28,932.7,970.4
CHN_G1845,421250.0,1442250.0,80.273687,13.045228,12.49,3.13,0.342,57.0,0.833,0.0,0.164,50,24.4,5509.7,2764.7,2334.5,327.6,44802.2,8719.9,0,0.0,251.9,19,908.2,505.2
CHN_G1846,421750.0,1442250.0,80.278298,13.045241,11.49,2.29,0.285,57.0,0.63,0.0,0.354,50,141.1,5822.0,3136.3,2458.7,147.9,45224.3,4114.8,0,0.0,502.7,9,682.5,262.2
CHN_G1847,422250.0,1442250.0,80.282909,13.045254,0.08,0.39,0.86,57.0,0.018,0.478,0.001,60,356.0,6133.3,3539.6,2476.3,627.2,45644.7,0.0,0,0.0,865.2,3,779.0,618.3
CHN_G1848,422750.0,1442250.0,80.287521,13.045266,0.0,0.0,0.75,57.0,0.0,1.0,0.0,80,842.9,6467.3,3965.1,2392.2,1107.8,46066.2,0.0,0,0.0,1114.6,0,1117.1,1093.5
CHN_G1849,402250.0,1442750.0,80.098447,13.049198,26.89,1.47,0.365,103.0,0.9,0.003,0.057,50,3858.6,1718.3,5059.1,2067.2,16633.0,30068.8,0.0,377,49925.4,325.5,2,2324.8,9644.7
CHN_G1850,402750.0,1442750.0,80.103058,13.049214,25.3,1.87,0.443,73.0,0.725,0.0,0.267,50,3382.9,1630.1,4730.2,1870.9,16144.5,30401.4,0.0,359,26869.3,40.7,2,1979.2,9271.6
CHN_G1851,403250.0,1442750.0,80.107669,13.04923,26.24,7.18,0.361,22.0,0.588,0.0,0.403,50,2898.1,1654.5,4408.2,1796.4,15656.7,30738.5,0.0,45,3957.0,528.5,6,1711.6,8911.0
CHN_G1852,403750.0,1442750.0,80.11228,13.049246,23.61,1.35,0.486,22.0,0.954,0.0,0.036,50,2406.9,1655.7,4088.3,1732.2,15169.7,31079.8,0.0,236,23904.7,215.0,4,1562.7,8564.4
CHN_G1853,404250.0,1442750.0,80.116891,13.049262,20.84,1.14,0.624,22.0,0.749,0.0,0.248,50,1920.3,1656.3,3750.7,1698.7,14683.6,31425.1,0.0,255,18527.9,253.5,5,1566.7,8233.6
CHN_G1854,404750.0,1442750.0,80.121503,13.049277,20.02,1.34,0.633,249.0,0.6,0.0,0.383,50,1432.2,1763.0,3447.9,1758.7,14198.4,31772.0,0.0,397,33552.4,580.7,5,1527.9,7920.6
CHN_G1855,405250.0,1442750.0,80.126114,13.049293,19.63,2.21,0.612,318.0,0.684,0.0,0.302,50,943.0,1959.7,3195.0,1885.3,13714.3,32109.4,0.0,40,4808.0,459.8,3,1151.5,7627.5
CHN_G1856,405750.0,1442750.0,80.130725,13.049308,18.47,1.52,0.652,318.0,0.686,0.0,0.288,50,470.2,2240.4,3004.7,1644.3,13231.4,32450.9,0.0,182,12775.0,765.2,4,904.1,7356.8
CHN_G1857,406250.0,1442750.0,80.135336,13.049324,16.78,1.61,0.713,318.0,0.681,0.0,0.311,50,62.2,2588.1,2889.4,1468.4,12749.7,32796.6,4031.5,75,7117.1,583.7,1,899.4,7111.0
CHN_G1858,406750.0,1442750.0,80.139947,13.049339,18.63,0.98,0.564,12.0,0.858,0.0,0.141,50,140.3,2979.4,2858.1,1407.7,12269.6,33146.1,3537.5,1,27.3,684.7,2,1140.4,6892.7
CHN_G1859,407250.0,1442750.0,80.144558,13.049354,15.78,0.99,0.705,52.0,0.516,0.0,0.477,50,102.6,3399.4,2913.6,1420.9,11791.1,33499.5,6136.5,10,1514.7,946.4,1,1513.9,6704.7
CHN_G1860,407750.0,1442750.0,80.14917,13.04937,15.44,1.36,0.703,266.0,0.511,0.0,0.45,50,4.3,3605.0,3051.1,1431.9,11314.5,33856.6,5671.6,19,10432.5,1170.1,0,1945.1,6549.5
CHN_G1861,408250.0,1442750.0,80.153781,13.049385,15.21,2.45,0.697,266.0,0.732,0.0,0.263,50,350.1,3544.9,2886.0,1345.5,10840.0,34217.2,0.0,1,54.8,1457.9,0,1804.0,6429.5
CHN_G1862,408750.0,1442750.0,80.158392,13.0494,16.11,2.24,0.62,46.0,0.774,0.0,0.223,50,398.0,3065.5,2720.1,1397.9,10367.8,34581.3,0.0,4,375.4,1302.7,0,1679.8,6346.8
CHN_G1863,409250.0,1442750.0,80.163003,13.049415,16.37,0.69,0.594,46.0,0.949,0.0,0.041,50,297.2,2593.9,2640.0,1530.0,9898.4,34948.8,304.5,0,0.0,1251.7,0,1699.7,6302.8
CHN_G1864,409750.0,1442750.0,80.167614,13.04943,18.05,0.78,0.488,278.0,0.941,0.0,0.058,50,18.2,2135.3,2626.6,1654.3,9432.2,35319.1,17405.8,0,0.0,1130.5,0,1657.1,6298.3
CHN_G1865,410250.0,1442750.0,80.172226,13.049444,14.14,2.34,0.713,278.0,0.642,0.0,0.356,50,28.5,1700.2,2672.7,1837.8,8969.6,35692.3,10328.1,0,0.0,962.1,2,1158.6,6333.4
CHN_G1866,410750.0,1442750.0,80.176837,13.049459,17.55,1.85,0.5,278.0,0.893,0.0,0.105,50,15.8,1312.1,2565.9,1926.5,8511.2,36068.5,11649.3,5,2340.3,559.8,12,662.4,6041.6
CHN_G1867,411250.0,1442750.0,80.181448,13.049474,15.95,1.2,0.588,278.0,0.939,0.0,0.058,50,0.3,1026.0,2498.0,2115.3,8055.6,36447.6,21730.8,37,6605.4,244.9,21,187.5,5560.9
CHN_G1868,411750.0,1442750.0,80.186059,13.049488,17.25,0.73,0.509,278.0,0.963,0.0,0.037,50,22.0,940.1,2259.1,2379.9,7605.0,36829.7,18712.0,35,8240.1,218.8,30,362.7,5083.9
CHN_G1869,412250.0,1442750.0,80.190671,13.049503,16.25,1.09,0.562,278.0,0.964,0.0,0.031,50,38.9,1063.2,1828.9,2378.1,7161.0,37214.6,7145.1,91,20633.3,119.7,32,715.3,4611.7
CHN_G1870,412750.0,1442750.0,80.195282,13.049517,14.62,0.85,0.648,37.0,0.895,0.0,0.101,50,80.0,1235.4,1444.4,2285.4,6724.9,37602.1,7616.8,92,19376.6,168.8,38,433.3,4146.2
CHN_G1871,413250.0,1442750.0,80.199893,13.049531,16.93,4.27,0.501,37.0,0.893,0.0,0.102,50,20.5,1276.6,1152.3,2278.3,6298.3,37992.3,9952.3,324,68480.6,194.6,45,83.2,3689.6
CHN_G1872,413750.0,1442750.0,80.204504,13.049546,15.02,2.47,0.608,37.0,0.908,0.0,0.092,50,83.6,1292.1,1034.1,2341.4,5883.2,38385.0,5910.3,405,109677.0,131.5,37,571.1,3245.9
CHN_G1873,414250.0,1442750.0,80.209116,13.04956,12.23,1.4,0.761,37.0,0.966,0.0,0.03,50,0.5,1172.8,1144.9,2462.6,5482.4,38780.3,6351.4,578,111697.7,88.3,30,283.9,2821.0
CHN_G1874,414750.0,1442750.0,80.213727,13.049574,15.11,2.63,0.578,37.0,0.982,0.0,0.015,50,57.0,1223.0,1385.2,2572.5,5099.0,39177.9,7462.7,275,46190.5,228.2,25,216.6,2425.0
CHN_G1875,415250.0,1442750.0,80.218338,13.049588,16.76,2.56,0.468,5.0,0.948,0.0,0.052,50,85.9,1330.2,930.1,2320.7,4737.5,39577.8,4891.6,70,11330.8,260.0,12,619.3,2074.4
CHN_G1876,415750.0,1442750.0,80.222949,13.049602,14.7,0.66,0.582,5.0,0.917,0.0,0.083,50,36.6,1461.5,558.2,2119.8,4403.2,39980.0,10274.0,0,0.0,283.4,13,864.5,1796.0
CHN_G1877,416250.0,1442750.0,80.227561,13.049615,14.88,4.86,0.564,5.0,0.917,0.0,0.083,50,22.8,1727.9,507.9,2015.8,4094.0,40384.3,13103.4,0,0.0,259.4,16,1269.4,1627.3
CHN_G1878,416750.0,1442750.0,80.232172,13.049629,16.99,2.11,0.423,5.0,0.886,0.0,0.114,50,27.0,1981.5,839.2,1903.9,3770.2,40790.8,11525.1,0,0.0,157.4,18,1593.8,1603.3
CHN_G1879,417250.0,1442750.0,80.236783,13.049643,14.8,1.99,0.534,20.0,0.892,0.0,0.108,50,28.4,2153.0,756.0,1839.1,3408.0,41199.3,12951.2,18,4383.0,420.9,24,1279.8,1359.4
CHN_G1880,417750.0,1442750.0,80.241395,13.049656,15.73,2.15,0.461,20.0,0.726,0.0,0.274,50,16.5,2417.6,359.8,1879.2,3025.0,41609.9,9296.8,58,11588.9,36.5,25,884.6,872.5
CHN_G1881,418250.0,1442750.0,80.246006,13.04967,12.94,1.32,0.599,20.0,0.742,0.0,0.256,50,57.8,2748.4,96.7,1741.0,2672.2,42022.4,6989.6,83,23489.2,204.4,23,394.0,417.6
CHN_G1882,418750.0,1442750.0,80.250617,13.049683,13.95,2.32,0.511,20.0,0.65,0.0,0.35,50,94.8,3123.5,374.5,1461.6,2331.7,42436.7,6761.6,358,75118.7,399.6,23,167.4,295.9
CHN_G1883,419250.0,1442750.0,80.255228,13.049697,15.32,2.1,0.399,20.0,0.66,0.0,0.321,50,12.1,3528.9,873.5,1305.7,1904.6,42852.9,11093.6,329,81066.4,267.8,8,633.1,707.6
CHN_G1884,419750.0,1442750.0,80.25984,13.04971,12.81,1.29,0.527,57.0,0.949,0.0,0.051,50,6.8,3952.2,1373.3,1302.1,1496.8,43270.9,8099.2,347,84518.3,249.9,16,493.1,1189.1
CHN_G1885,420250.0,1442750.0,80.264451,13.049723,14.03,1.96,0.426,57.0,0.906,0.0,0.094,50,39.5,4391.7,1743.8,1450.3,1153.3,43690.5,9084.4,347,79470.5,91.3,23,264.7,1622.5
CHN_G1886,420750.0,1442750.0,80.269062,13.049736,12.55,0.61,0.455,57.0,0.846,0.0,0.154,50,52.8,4839.5,2057.6,1726.6,912.5,44111.9,9783.4,246,50179.2,478.3,26,630.1,1202.5
CHN_G1887,421250.0,1442750.0,80.273674,13.049749,11.19,0.1,0.43,57.0,0.798,0.0,0.2,50,90.9,5123.3,2434.4,2065.4,471.9,44533.3,6971.4,12,819.0,126.5,24,1079.3,871.5
CHN_G1888,421750.0,1442750.0,80.278285,13.049762,9.78,2.62,0.401,57.0,0.708,0.0,0.283,50,41.3,5429.0,2849.4,2129.6,0.3,44954.1,3402.5,0,0.0,386.3,15,1178.8,757.0
CHN_G1889,422250.0,1442750.0,80.282896,13.049775,2.72,1.99,0.719,57.0,0.104,0.233,0.046,60,273.0,5760.4,3288.2,1998.7,421.1,45376.5,0.0,0,0.0,410.4,7,1237.2,941.6
CHN_G1890,422750.0,1442750.0,80.287508,13.049787,0.0,0.0,0.767,57.0,0.0,1.0,0.0,80,770.2,6114.9,3742.3,1893.6,861.6,45800.5,0.0,0,0.0,813.8,1,1473.7,1303.9
CHN_G1891,402250.0,1443250.0,80.098431,13.053719,23.56,2.2,0.562,73.0,0.816,0.0,0.174,50,3981.5,1244.8,5433.8,1651.4,16745.1,29695.2,0.0,0,0.0,426.2,2,2683.2,9978.2
CHN_G1892,402750.0,1443250.0,80.103042,13.053735,24.15,1.07,0.504,73.0,0.906,0.0,0.089,50,3491.6,1131.6,5113.7,1397.8,16259.9,30031.9,0.0,0,0.0,395.9,2,2389.9,9618.1
CHN_G1893,403250.0,1443250.0,80.107653,13.053751,23.26,0.19,0.527,73.0,0.653,0.0,0.346,50,3004.6,1160.9,4790.9,1296.4,15775.7,30373.0,0.0,0,0.0,706.6,4,2173.5,9271.0
CHN_G1894,403750.0,1443250.0,80.112264,13.053767,24.35,3.18,0.427,22.0,0.832,0.0,0.162,50,2522.4,1157.2,4455.8,1242.9,15292.5,30718.1,0.0,0,0.0,509.3,4,2058.3,8938.4
CHN_G1895,404250.0,1443250.0,80.116875,13.053782,23.41,1.42,0.448,249.0,0.79,0.0,0.209,50,2048.7,1160.0,4144.3,1198.7,14810.4,31065.8,0.0,0,0.0,506.1,6,2061.3,8622.0
CHN_G1896,404750.0,1443250.0,80.121487,13.053798,19.35,3.25,0.647,249.0,0.583,0.0,0.397,50,1587.7,1293.3,3872.4,1268.2,14329.5,31402.8,0.0,0,0.0,376.4,4,1857.7,8323.5
CHN_G1897,405250.0,1443250.0,80.126098,13.053814,21.28,2.09,0.488,8.0,0.594,0.0,0.404,50,1142.2,1537.8,3649.0,1415.7,13850.0,31744.1,0.0,0,0.0,136.8,3,1562.8,8045.2
CHN_G1898,405750.0,1443250.0,80.130709,13.053829,21.65,2.68,0.434,8.0,0.65,0.0,0.34,50,748.5,1882.5,3483.6,1227.7,13371.9,32089.5,0.0,0,0.0,514.3,3,1390.6,7789.0
CHN_G1899,406250.0,1443250.0,80.13532,13.053845,15.77,0.43,0.74,332.0,0.541,0.0,0.446,50,561.9,2285.3,3384.7,987.6,12895.6,32439.0,0.0,0,0.0,877.7,2,1387.6,7557.2
CHN_G1900,406750.0,1443250.0,80.139932,13.05386,17.93,5.71,0.574,332.0,0.852,0.0,0.147,50,492.7,2720.6,3358.0,908.8,12421.1,32792.4,0.0,0,0.0,990.2,1,1554.6,7352.2
CHN_G1901,407250.0,1443250.0,80.144543,13.053875,24.63,1.11,0.147,70.0,0.36,0.0,0.639,10,256.4,3174.9,3405.4,923.7,11948.7,33149.5,685.0,0,0.0,1300.2,0,1846.2,7176.2
CHN_G1902,407750.0,1443250.0,80.149154,13.05389,17.25,0.65,0.562,130.0,0.546,0.0,0.406,50,2.1,3641.3,3346.6,959.3,11478.6,33510.3,10692.9,0,0.0,1593.3,0,2213.5,7031.4
CHN_G1903,408250.0,1443250.0,80.153765,13.053906,14.33,0.86,0.711,254.0,0.607,0.0,0.369,50,53.1,3446.7,3114.0,846.4,11011.1,33874.7,7073.5,0,0.0,1813.9,0,2274.7,6919.9
CHN_G1904,408750.0,1443250.0,80.158377,13.053921,18.39,2.64,0.452,63.0,0.644,0.0,0.354,50,230.4,2951.4,2948.5,914.6,10546.7,34242.5,1042.5,0,0.0,1353.7,0,2177.5,6843.1
CHN_G1905,409250.0,1443250.0,80.162988,13.053936,14.02,1.59,0.707,122.0,0.845,0.01,0.11,50,65.9,2458.0,2795.5,1036.4,10085.6,34613.0,9947.8,139,19592.0,935.3,1,2189.1,6802.3
CHN_G1906,409750.0,1443250.0,80.167599,13.05395,13.32,1.48,0.739,122.0,0.67,0.002,0.32,50,115.5,1968.0,2513.7,1200.7,9628.2,34986.5,9158.6,126,12654.1,645.6,1,1699.6,6798.1
CHN_G1907,410250.0,1443250.0,80.172211,13.053965,14.55,1.92,0.661,278.0,0.835,0.0,0.158,50,17.8,1484.6,2269.7,1340.0,9173.2,35363.2,12820.2,213,21667.6,677.5,1,1218.6,6665.0
CHN_G1908,410750.0,1443250.0,80.176822,13.05398,16.37,0.17,0.541,278.0,0.842,0.0,0.147,50,118.6,1017.4,2082.7,1452.4,8723.0,35742.8,10523.3,230,32964.1,903.1,2,762.5,6192.3
CHN_G1909,411250.0,1443250.0,80.181433,13.053995,14.94,1.56,0.621,278.0,0.973,0.0,0.018,50,19.4,605.1,1998.5,1682.0,8278.6,36125.4,26776.9,160,23141.9,744.7,9,421.6,5724.3
CHN_G1910,411750.0,1443250.0,80.186045,13.054009,15.33,1.9,0.592,278.0,0.952,0.0,0.033,50,0.7,444.0,2037.2,2001.4,7840.9,36510.9,18306.9,149,24232.7,446.1,27,523.5,5262.1
CHN_G1911,412250.0,1443250.0,80.190656,13.054024,16.46,1.0,0.512,210.0,0.957,0.0,0.042,50,15.5,574.1,2151.5,2109.4,7411.0,36899.0,4718.4,44,6649.4,166.1,30,933.0,4807.5
CHN_G1912,412750.0,1443250.0,80.195267,13.054038,15.43,0.21,0.565,37.0,0.863,0.0,0.137,50,18.8,746.7,1835.9,2258.0,6990.5,37289.9,11340.2,298,32057.2,259.3,38,577.9,4362.9
CHN_G1913,413250.0,1443250.0,80.199878,13.054052,13.68,0.3,0.66,37.0,0.938,0.0,0.06,50,4.3,794.0,1616.1,2467.5,6581.2,37683.3,14705.4,171,21607.7,75.2,46,348.3,3931.5
CHN_G1914,413750.0,1443250.0,80.20449,13.054067,11.25,0.69,0.802,37.0,0.892,0.0,0.107,50,37.1,802.1,1534.1,2612.9,6185.1,38079.2,12284.3,87,7472.5,106.4,41,401.9,3518.5
CHN_G1915,414250.0,1443250.0,80.209101,13.054081,15.53,1.02,0.54,37.0,0.914,0.0,0.086,50,20.7,675.9,1610.9,2500.8,5805.1,38477.6,9029.2,8,1196.6,141.6,34,564.8,3075.0
CHN_G1916,414750.0,1443250.0,80.213713,13.054095,12.99,2.63,0.684,37.0,0.958,0.0,0.031,50,6.2,757.8,1304.0,2227.8,5444.6,38878.3,9993.9,30,7538.7,253.3,19,534.1,2611.6
CHN_G1917,415250.0,1443250.0,80.218324,13.054109,14.42,1.39,0.593,5.0,0.955,0.0,0.042,50,59.5,836.5,804.2,1897.3,5107.6,39281.2,5647.9,1,304.7,148.5,14,867.0,2164.5
CHN_G1918,415750.0,1443250.0,80.222935,13.054123,17.33,1.52,0.412,5.0,0.786,0.0,0.196,50,20.5,1026.8,305.3,1651.7,4799.1,39686.4,16323.2,0,0.0,373.3,12,1267.3,1746.4
CHN_G1919,416250.0,1443250.0,80.227547,13.054136,14.88,5.47,0.552,5.0,0.832,0.0,0.158,50,8.1,1371.5,182.7,1519.8,4472.2,40093.8,10016.3,1,29.9,59.7,17,1571.7,1383.7
CHN_G1920,416750.0,1443250.0,80.232158,13.05415,13.35,1.06,0.63,5.0,0.92,0.0,0.077,50,0.5,1499.6,677.8,1421.5,4109.7,40503.2,10184.2,1,22.7,347.5,16,1299.6,1131.1
CHN_G1921,417250.0,1443250.0,80.236769,13.054164,13.81,1.3,0.588,20.0,0.884,0.0,0.1,50,13.3,1719.9,719.1,1339.2,3731.8,40914.6,9897.3,15,1043.0,116.6,23,887.0,1069.6
CHN_G1922,417750.0,1443250.0,80.241381,13.054177,14.94,3.17,0.501,20.0,0.714,0.0,0.283,50,53.4,2041.3,274.1,1390.7,3378.8,41327.9,3810.7,4,546.8,268.2,32,620.2,1121.6
CHN_G1923,418250.0,1443250.0,80.245992,13.054191,12.47,1.8,0.619,20.0,0.866,0.0,0.133,50,21.5,2422.6,284.5,1403.4,3015.1,41743.2,9063.8,28,11630.8,73.2,28,694.5,819.3
CHN_G1924,418750.0,1443250.0,80.250603,13.054204,16.66,4.11,0.34,20.0,0.849,0.0,0.151,50,50.1,2837.3,544.2,1036.7,2599.2,42160.3,7310.3,49,18084.7,326.0,23,626.0,764.5
CHN_G1925,419250.0,1443250.0,80.255215,13.054218,13.08,1.87,0.519,20.0,0.8,0.0,0.169,50,120.3,3273.7,817.3,818.8,2201.4,42579.2,2837.8,229,27973.2,266.3,9,623.3,998.8
CHN_G1926,419750.0,1443250.0,80.259826,13.054231,11.46,2.03,0.594,57.0,0.79,0.0,0.209,50,6.8,3726.2,1051.4,808.1,1853.6,42999.8,7550.6,279,43159.9,233.7,8,489.8,1382.3
CHN_G1927,420250.0,1443250.0,80.264438,13.054244,13.89,2.77,0.419,57.0,0.672,0.0,0.308,50,13.2,4149.4,1350.5,1027.9,1573.9,43422.1,4152.5,78,22812.5,53.6,12,258.5,1626.5
CHN_G1928,420750.0,1443250.0,80.269049,13.054257,8.98,5.58,0.664,57.0,0.794,0.0,0.202,50,76.5,4426.3,1736.9,1358.6,1115.0,43842.2,4958.3,446,106535.0,402.3,22,557.9,1565.4
CHN_G1929,421250.0,1443250.0,80.273661,13.05427,13.26,1.07,0.317,57.0,0.958,0.0,0.038,50,8.3,4725.5,2170.1,1601.0,685.3,44264.0,7900.7,331,81676.2,163.0,25,620.8,1328.1
CHN_G1930,421750.0,1443250.0,80.278272,13.054283,7.89,7.93,0.529,57.0,0.956,0.009,0.032,50,60.7,5053.6,2627.2,1636.8,243.4,44687.3,2553.4,83,17437.9,34.0,24,979.6,1256.0
CHN_G1931,422250.0,1443250.0,80.282883,13.054296,3.36,1.42,0.7,57.0,0.205,0.022,0.101,60,484.9,5408.2,3097.6,1534.8,253.5,45112.2,0.0,65,12011.8,297.2,7,1426.1,1375.1
CHN_G1932,422750.0,1443250.0,80.287495,13.054308,0.0,0.0,0.786,57.0,0.0,0.944,0.0,80,878.2,5784.2,3576.0,1396.0,753.5,45538.7,0.0,35,5247.0,763.0,1,1896.2,1644.5
CHN_G1933,402250.0,1443750.0,80.098414,13.058239,20.9,1.37,0.706,328.0,0.609,0.0,0.375,50,4103.1,762.5,5819.6,1296.5,16871.2,29325.4,0.0,10,5894.4,870.2,1,3081.2,10325.2
CHN_G1934,402750.0,1443750.0,80.103025,13.058256,23.91,0.99,0.501,324.0,0.658,0.0,0.333,50,3629.1,633.9,5494.6,952.7,16389.8,29666.2,0.0,5,379.2,855.8,2,2829.5,9977.7
CHN_G1935,403250.0,1443750.0,80.107637,13.058271,26.94,0.26,0.289,20.0,0.716,0.0,0.284,50,3162.6,675.3,5161.5,796.6,15909.5,30011.1,0.0,23,5378.9,1098.9,0,2649.3,9643.5
CHN_G1936,403750.0,1443750.0,80.112248,13.058287,26.84,5.07,0.259,20.0,0.877,0.0,0.12,50,2705.4,661.1,4843.7,767.3,15430.5,30359.7,0.0,92,26876.3,975.4,1,2555.6,9324.2
CHN_G1937,404250.0,1443750.0,80.116859,13.058303,22.36,0.6,0.491,249.0,0.688,0.0,0.308,50,2259.5,668.3,4558.7,698.7,14952.8,30696.3,0.0,204,53159.2,871.7,2,2558.0,9021.3
CHN_G1938,404750.0,1443750.0,80.121471,13.058319,19.83,0.99,0.598,249.0,0.516,0.0,0.483,50,1833.3,842.9,4313.0,779.2,14476.7,31037.3,0.0,404,92076.1,437.4,3,2251.1,8736.5
CHN_G1939,405250.0,1443750.0,80.126082,13.058334,20.11,3.62,0.541,263.0,0.626,0.0,0.372,50,1454.8,1178.7,4113.7,938.4,14002.2,31382.5,0.0,336,83609.8,209.2,3,2014.6,8471.7
CHN_G1940,405750.0,1443750.0,80.130693,13.05835,18.18,0.41,0.619,322.0,0.524,0.0,0.472,50,1171.4,1602.5,3967.7,874.0,13529.6,31731.9,0.0,410,83806.4,324.4,4,1884.2,8228.8
CHN_G1941,406250.0,1443750.0,80.135305,13.058365,17.94,3.62,0.586,27.0,0.537,0.0,0.462,50,945.0,2060.8,3881.1,528.1,13058.9,32085.3,0.0,147,26754.4,379.0,2,1881.9,8009.8
CHN_G1942,406750.0,1443750.0,80.139916,13.058381,16.27,0.73,0.648,235.0,0.711,0.0,0.263,50,477.2,2534.9,3618.1,408.8,12590.6,32442.5,0.0,99,27974.6,594.7,1,2008.3,7816.6
CHN_G1943,407250.0,1443750.0,80.144527,13.058396,19.88,1.57,0.402,70.0,0.733,0.0,0.243,50,242.4,3017.4,3255.6,426.2,12124.8,32803.5,659.1,180,28924.7,1031.3,0,2241.6,7651.4
CHN_G1944,407750.0,1443750.0,80.149139,13.058411,16.77,1.78,0.56,63.0,0.626,0.0,0.302,50,283.6,3504.8,2932.4,499.4,11661.8,33168.0,0.0,0,0.0,1347.0,0,2552.7,7515.7
CHN_G1945,408250.0,1443750.0,80.15375,13.058426,16.01,3.27,0.58,254.0,0.828,0.006,0.163,50,93.4,3419.5,2663.8,347.3,11202.0,33536.1,5095.2,0,0.0,1378.4,0,2755.7,7411.5
CHN_G1946,408750.0,1443750.0,80.158361,13.058442,15.55,0.69,0.595,63.0,0.719,0.0,0.272,50,176.0,2919.6,2468.4,448.0,10745.2,33906.9,2665.3,0,0.0,1213.0,0,2676.1,7339.8
CHN_G1947,409250.0,1443750.0,80.162973,13.058456,17.04,0.24,0.499,122.0,0.95,0.0,0.033,50,57.2,2419.8,2357.2,548.0,10290.9,34280.8,19729.5,0,0.0,716.5,1,2331.3,7301.8
CHN_G1948,409750.0,1443750.0,80.167584,13.058471,14.16,1.8,0.654,122.0,0.838,0.0,0.151,50,9.9,1920.0,2094.2,745.8,9841.1,34657.9,13231.0,0,0.0,235.8,1,1879.1,7297.9
CHN_G1949,410250.0,1443750.0,80.172196,13.058486,16.09,1.52,0.533,28.0,0.75,0.0,0.247,50,27.3,1420.3,1830.6,844.8,9396.3,35038.1,9275.4,0,0.0,312.6,1,1458.6,6838.6
CHN_G1950,410750.0,1443750.0,80.176807,13.058501,15.42,0.85,0.561,28.0,0.92,0.0,0.07,50,9.7,921.1,1609.7,997.3,8957.4,35421.3,19820.6,0,0.0,799.9,1,1106.3,6378.8
CHN_G1951,411250.0,1443750.0,80.181418,13.058516,14.62,0.85,0.599,28.0,0.975,0.0,0.016,50,2.9,423.7,1499.2,1294.4,8525.2,35807.3,27528.1,0,0.0,1126.4,0,905.7,5912.2
CHN_G1952,411750.0,1443750.0,80.18603,13.05853,12.45,2.48,0.719,210.0,0.816,0.0,0.038,50,31.1,31.3,1550.5,1528.6,8100.8,36196.1,15590.6,0,0.0,738.7,9,957.4,5414.7
CHN_G1953,412250.0,1443750.0,80.190641,13.058545,16.09,0.85,0.49,210.0,0.874,0.0,0.111,50,135.7,139.5,1749.4,1623.3,7685.5,36587.6,6172.7,0,0.0,243.1,17,851.8,4917.7
CHN_G1954,412750.0,1443750.0,80.195253,13.058559,16.91,3.05,0.439,210.0,0.953,0.0,0.045,50,12.2,247.7,2053.5,1804.0,7280.9,36981.8,8561.7,0,0.0,95.5,26,487.5,4421.3
CHN_G1955,413250.0,1443750.0,80.199864,13.058573,15.68,2.65,0.506,37.0,0.954,0.0,0.037,50,15.7,301.3,2096.7,2038.7,6888.8,37378.4,7184.0,0,0.0,105.3,28,158.2,3925.9
CHN_G1956,413750.0,1443750.0,80.204475,13.058587,10.94,1.65,0.792,37.0,0.861,0.0,0.138,50,38.8,330.2,2034.1,2114.3,6511.4,37777.6,7052.8,0,0.0,353.3,31,105.6,3431.8
CHN_G1957,414250.0,1443750.0,80.209087,13.058602,14.31,3.46,0.59,37.0,0.939,0.0,0.057,50,35.5,183.3,1842.9,2054.7,6151.7,38179.0,10168.3,0,0.0,290.1,22,544.3,2939.8
CHN_G1958,414750.0,1443750.0,80.213698,13.058616,11.02,1.5,0.781,37.0,0.967,0.0,0.018,50,11.6,342.8,1343.0,1804.2,5812.7,38582.8,12359.7,0,0.0,214.6,14,1011.8,2450.9
CHN_G1959,415250.0,1443750.0,80.21831,13.05863,13.6,3.72,0.622,5.0,0.968,0.0,0.032,50,16.7,347.0,843.1,1521.0,5498.3,38988.9,12146.9,0,0.0,430.4,7,1220.6,1967.7
CHN_G1960,415750.0,1443750.0,80.222921,13.058644,14.38,0.76,0.568,5.0,0.94,0.0,0.056,50,43.9,672.8,343.6,1204.1,5175.7,39397.1,11067.4,0,0.0,244.6,6,1567.3,1495.5
CHN_G1961,416250.0,1443750.0,80.227533,13.058657,13.79,0.89,0.598,5.0,0.95,0.0,0.049,50,2.1,925.3,135.4,1027.1,4813.0,39807.3,10747.3,59,2562.9,335.7,13,1655.3,1049.4
CHN_G1962,416750.0,1443750.0,80.232144,13.058671,10.84,2.57,0.756,5.0,0.74,0.0,0.26,50,27.5,1035.0,628.8,950.5,4438.6,40219.7,6613.4,157,14024.3,251.2,13,1156.7,682.6
CHN_G1963,417250.0,1443750.0,80.236755,13.058685,16.02,4.37,0.435,20.0,0.662,0.0,0.338,50,88.2,1334.2,981.2,839.4,4085.5,40633.9,6309.7,161,26735.7,92.6,17,660.0,575.0
CHN_G1964,417750.0,1443750.0,80.241367,13.058698,13.06,0.26,0.592,20.0,0.802,0.0,0.198,50,40.6,1726.3,594.8,910.9,3707.3,41050.1,8576.8,106,29867.7,160.9,26,182.8,833.9
CHN_G1965,418250.0,1443750.0,80.245978,13.058712,11.28,1.33,0.678,20.0,0.801,0.0,0.199,50,38.1,2155.7,449.7,1111.5,3295.8,41468.2,8955.0,62,14462.3,80.9,28,362.2,1249.1
CHN_G1966,418750.0,1443750.0,80.25059,13.058725,9.36,3.4,0.762,20.0,0.801,0.0,0.197,50,144.2,2610.4,313.3,714.7,2907.2,41888.0,4368.9,211,32508.5,247.5,28,472.5,1257.5
CHN_G1967,419250.0,1443750.0,80.255201,13.058739,8.61,2.65,0.773,20.0,0.822,0.002,0.17,50,100.4,3078.6,351.2,343.7,2557.7,42309.6,5364.8,148,16024.0,343.9,10,129.3,1280.4
CHN_G1968,419750.0,1443750.0,80.259813,13.058752,8.38,1.22,0.77,20.0,0.856,0.005,0.139,50,50.8,3465.1,643.5,332.4,2215.5,42730.7,6727.6,489,54401.0,554.9,4,366.2,1105.2
CHN_G1969,420250.0,1443750.0,80.264424,13.058765,24.26,8.56,0.0,57.0,0.77,0.0,0.209,50,74.5,3730.0,1052.1,651.8,1716.9,43151.7,9266.5,373,54874.9,510.8,5,347.9,1141.6
CHN_G1970,420750.0,1443750.0,80.269036,13.058778,11.15,2.26,0.527,57.0,0.907,0.0,0.092,50,20.7,4022.8,1516.5,967.0,1219.5,43574.4,8449.4,232,55934.6,382.1,22,178.3,1373.1
CHN_G1971,421250.0,1443750.0,80.273647,13.058791,11.83,4.28,0.401,57.0,0.995,0.0,0.005,50,20.5,4346.9,1998.2,1149.6,722.7,43998.7,13851.5,160,27244.2,52.8,24,325.5,1722.6
CHN_G1972,421750.0,1443750.0,80.278259,13.058804,9.86,4.22,0.418,57.0,0.797,0.0,0.202,50,73.2,4701.6,2487.1,1150.3,225.8,44424.6,6468.9,275,42410.6,69.0,22,824.7,1755.5
CHN_G1973,422250.0,1443750.0,80.28287,13.058817,6.72,4.6,0.507,57.0,0.326,0.0,0.192,60,305.9,5080.7,2979.7,1082.1,271.0,44852.0,0.0,232,20633.5,486.1,14,1324.5,1842.7
CHN_G1974,422750.0,1443750.0,80.287482,13.058829,0.0,0.0,0.794,57.0,0.0,0.645,0.0,80,793.5,5428.7,3474.4,901.1,767.9,45280.9,0.0,40,15728.1,983.8,1,1765.7,2051.6
CHN_G1975,402250.0,1444250.0,80.098398,13.06276,20.54,0.42,0.693,328.0,0.168,0.0,0.821,10,4278.1,319.2,6199.0,918.7,17011.1,28959.5,0.0,135,14718.4,1353.9,0,3505.5,10684.4
CHN_G1976,402750.0,1444250.0,80.103009,13.062776,19.53,0.38,0.73,324.0,0.32,0.0,0.644,40,3823.1,137.5,5867.6,598.1,16533.8,29304.1,0.0,27,7780.9,1344.7,0,3286.5,10348.9
CHN_G1977,403250.0,1444250.0,80.10762,13.062792,20.27,0.72,0.656,20.0,0.804,0.0,0.195,50,3377.3,220.1,5545.2,297.1,16057.8,29653.2,0.0,34,6104.9,1511.0,0,3132.6,10027.1
CHN_G1978,403750.0,1444250.0,80.112232,13.062808,20.0,0.16,0.64,20.0,0.794,0.0,0.198,50,2943.1,168.6,5250.6,331.3,15583.3,29989.8,0.0,8,1065.7,1464.0,0,3053.8,9720.4
CHN_G1979,404250.0,1444250.0,80.116843,13.062824,19.29,0.98,0.654,113.0,0.317,0.0,0.683,10,2533.2,184.1,4988.9,198.7,15110.5,30330.5,0.0,23,5912.8,1144.4,0,2948.3,9430.2
CHN_G1980,404750.0,1444250.0,80.121455,13.06284,18.48,0.5,0.659,334.0,0.283,0.0,0.717,10,2161.7,484.6,4765.5,304.3,14639.5,30675.5,0.0,133,13135.2,860.7,2,2680.2,9158.2
CHN_G1981,405250.0,1444250.0,80.126066,13.062855,20.48,1.15,0.499,263.0,0.539,0.0,0.461,50,1851.6,955.9,4585.8,440.1,14170.4,31024.8,0.0,357,44673.1,620.0,2,2485.0,8905.9
CHN_G1982,405750.0,1444250.0,80.130677,13.062871,20.08,1.87,0.485,322.0,0.704,0.0,0.296,50,1594.8,1446.5,4178.9,397.9,13703.6,31378.2,0.0,424,63150.0,553.9,2,2380.5,8675.2
CHN_G1983,406250.0,1444250.0,80.135289,13.062886,18.76,1.36,0.518,27.0,0.598,0.0,0.398,50,1173.9,1942.0,3737.9,167.7,13239.2,31735.5,0.0,322,58212.0,129.5,1,2378.7,8467.7
CHN_G1984,406750.0,1444250.0,80.1399,13.062902,17.32,1.59,0.567,235.0,0.634,0.0,0.306,50,844.2,2439.3,3313.6,91.1,12777.4,32096.6,0.0,127,43759.5,476.2,1,2479.8,8285.2
CHN_G1985,407250.0,1444250.0,80.144512,13.062917,12.56,2.3,0.818,48.0,0.441,0.0,0.535,50,739.3,2937.5,2913.4,67.1,12318.7,32461.4,0.0,206,64455.0,967.9,1,2672.3,8129.5
CHN_G1986,407750.0,1444250.0,80.149123,13.062932,10.58,2.34,0.911,63.0,0.504,0.0,0.437,50,655.0,3436.3,2548.8,23.4,11862.3,32829.8,0.0,112,43293.8,852.9,1,2938.1,8002.0
CHN_G1987,408250.0,1444250.0,80.153735,13.062947,17.51,5.19,0.48,274.0,0.468,0.0,0.523,10,298.4,3465.0,2235.0,148.9,11408.7,33200.9,0.0,64,18781.6,901.8,1,3242.5,7904.1
CHN_G1988,408750.0,1444250.0,80.158346,13.062962,10.71,1.91,0.874,314.0,0.548,0.0,0.428,50,175.6,2972.8,1998.1,28.1,10959.1,33575.2,1745.1,95,23566.4,1182.8,0,2996.8,7837.0
CHN_G1989,409250.0,1444250.0,80.162958,13.062977,13.75,5.17,0.685,19.0,0.757,0.001,0.232,50,28.9,2483.4,1866.9,87.7,10514.1,33952.8,5246.0,31,11991.3,807.5,1,2564.6,7801.4
CHN_G1990,409750.0,1444250.0,80.167569,13.062992,17.48,1.33,0.443,19.0,0.845,0.0,0.155,50,33.9,1999.4,1701.8,284.8,10074.2,34333.5,13128.2,51,18593.8,440.8,1,2161.9,7385.5
CHN_G1991,410250.0,1444250.0,80.17218,13.063007,18.62,2.17,0.363,28.0,0.9,0.0,0.089,50,5.7,1525.0,1398.7,352.1,9640.2,34717.2,9809.6,67,34994.6,486.3,1,1808.3,6885.6
CHN_G1992,410750.0,1444250.0,80.176792,13.063022,17.1,2.15,0.439,28.0,0.807,0.0,0.186,50,32.3,1065.2,1152.1,587.7,9212.9,35103.9,11792.3,69,26489.1,768.7,2,1538.3,6385.6
CHN_G1993,411250.0,1444250.0,80.181403,13.063036,14.56,1.14,0.575,28.0,0.983,0.0,0.012,50,11.5,658.8,1000.7,916.6,8793.3,35493.3,30035.4,125,23933.7,707.4,1,1351.5,5885.6
CHN_G1994,411750.0,1444250.0,80.186015,13.063051,13.45,2.32,0.634,210.0,0.795,0.0,0.204,50,14.8,468.5,1076.0,1042.8,8382.5,35885.6,19191.1,246,79969.1,860.2,2,869.7,5385.6
CHN_G1995,412250.0,1444250.0,80.190626,13.063065,13.63,5.03,0.611,210.0,0.817,0.0,0.177,50,16.5,167.6,1346.9,1146.1,7981.9,36280.4,10862.3,232,65179.0,503.2,4,431.5,4885.7
CHN_G1996,412750.0,1444250.0,80.195238,13.06308,16.64,2.21,0.433,210.0,0.907,0.0,0.093,50,14.9,192.9,1723.5,1349.9,7593.0,36677.9,15173.3,228,43768.2,407.3,11,340.7,4385.7
CHN_G1997,413250.0,1444250.0,80.199849,13.063094,12.67,3.58,0.669,31.0,0.701,0.0,0.294,50,26.8,195.4,1862.2,1602.7,7217.9,37077.8,2414.7,165,27483.0,520.7,14,654.8,3885.8
CHN_G1998,413750.0,1444250.0,80.204461,13.063108,12.92,1.66,0.662,37.0,0.388,0.0,0.581,10,338.7,134.5,2101.1,1615.6,6858.7,37480.1,57.1,20,6049.4,513.8,11,600.7,3385.9
CHN_G1999,414250.0,1444250.0,80.209072,13.063123,14.68,3.82,0.555,37.0,0.766,0.0,0.22,50,180.7,281.3,1883.5,1578.6,6518.2,37884.8,1173.0,6,915.7,402.5,8,780.3,2886.0
CHN_G2000,414750.0,1444250.0,80.213684,13.063137,16.38,0.46,0.449,37.0,0.94,0.0,0.052,50,183.1,156.1,1385.3,1413.4,6199.2,38291.7,2085.9,0,0.0,307.9,7,1155.2,2386.1
CHN_G2001,415250.0,1444250.0,80.218295,13.063151,13.8,1.18,0.599,5.0,0.981,0.0,0.018,50,18.0,91.3,888.5,1115.2,5880.0,38700.8,7276.8,0,0.0,458.6,6,1600.1,1886.3
CHN_G2002,415750.0,1444250.0,80.222907,13.063164,13.61,1.16,0.603,5.0,0.937,0.0,0.062,50,35.8,488.2,393.2,814.7,5517.3,39111.9,7886.5,0,0.0,291.0,6,1922.1,1386.7
CHN_G2003,416250.0,1444250.0,80.227518,13.063178,15.32,1.87,0.494,5.0,0.98,0.0,0.02,50,6.4,425.7,98.0,538.8,5145.6,39525.2,10368.2,0,0.0,331.7,5,1699.7,887.5
CHN_G2004,416750.0,1444250.0,80.23213,13.063192,14.97,1.54,0.495,5.0,0.746,0.0,0.254,50,7.7,627.2,590.8,521.5,4792.4,39940.4,5970.3,0,0.0,186.2,10,1219.3,390.5
CHN_G2005,417250.0,1444250.0,80.236742,13.063206,12.39,2.46,0.637,20.0,0.49,0.0,0.51,50,111.3,1037.8,879.0,340.2,4401.9,40357.6,2077.4,0,0.0,469.4,16,764.5,131.1
CHN_G2006,417750.0,1444250.0,80.241353,13.063219,15.79,1.42,0.415,20.0,0.617,0.0,0.382,50,94.1,1497.6,380.3,455.4,3996.0,40776.6,5796.8,0,0.0,136.2,25,426.9,618.0
CHN_G2007,418250.0,1444250.0,80.245965,13.063233,16.25,4.13,0.368,20.0,0.49,0.0,0.509,10,129.0,1975.2,19.6,644.9,3612.4,41197.4,6503.0,0,0.0,238.1,27,529.2,1116.5
CHN_G2008,418750.0,1444250.0,80.250576,13.063246,13.03,3.66,0.525,20.0,0.78,0.0,0.218,50,21.9,2458.8,66.7,548.5,3185.7,41619.5,4571.8,0,0.0,103.1,23,592.8,1309.6
CHN_G2009,419250.0,1444250.0,80.255188,13.063259,4.81,2.83,0.977,20.0,0.618,0.032,0.35,50,66.5,2785.6,40.1,48.5,2733.3,42039.7,3521.8,0,0.0,398.1,10,380.7,892.8
CHN_G2010,419750.0,1444250.0,80.259799,13.063273,6.62,2.21,0.856,20.0,0.58,0.047,0.374,50,67.6,3036.8,444.1,55.0,2238.0,42461.7,4863.0,0,0.0,614.0,9,359.6,615.7
CHN_G2011,420250.0,1444250.0,80.264411,13.063286,7.07,4.67,0.794,68.0,0.787,0.0,0.211,50,10.1,3322.0,943.4,383.2,1742.8,42885.4,9303.2,0,0.0,673.7,9,341.0,679.0
CHN_G2012,420750.0,1444250.0,80.269023,13.063299,12.19,0.6,0.443,68.0,0.956,0.0,0.042,50,95.5,3640.4,1443.2,485.1,1247.7,43310.7,9351.5,0,0.0,190.9,16,502.3,1021.3
CHN_G2013,421250.0,1444250.0,80.273634,13.063312,9.66,5.51,0.52,68.0,0.958,0.0,0.036,50,44.9,3995.2,1943.1,758.3,752.5,43737.5,7234.6,0,0.0,72.6,18,436.1,1457.7
CHN_G2014,421750.0,1444250.0,80.278246,13.063325,4.26,4.76,0.753,68.0,0.814,0.0,0.186,50,6.5,4378.4,2443.1,671.1,257.3,44165.9,7287.4,0,0.0,326.0,19,661.3,1925.3
CHN_G2015,422250.0,1444250.0,80.282857,13.063338,15.63,4.45,0.0,68.0,0.562,0.0,0.266,50,242.5,4769.6,2943.0,622.5,238.6,44595.8,218.6,0,0.0,648.0,8,1088.3,2323.7
CHN_G2016,422750.0,1444250.0,80.287469,13.06335,1.6,1.51,0.709,68.0,0.101,0.275,0.119,60,731.3,4957.9,3443.0,418.4,672.6,45027.2,0.0,0,0.0,1073.0,0,1559.4,2492.6
CHN_G2017,402250.0,1444750.0,80.098381,13.067281,20.49,0.54,0.669,327.0,0.196,0.0,0.804,10,4494.8,296.7,6573.9,478.0,17164.4,28597.1,0.0,95,6645.0,1846.3,0,3947.5,11054.5
CHN_G2018,402750.0,1444750.0,80.102993,13.067297,24.18,5.43,0.428,323.0,0.066,0.0,0.934,40,4057.4,328.6,6247.9,281.5,16691.5,28946.1,0.0,221,25185.6,1839.5,0,3754.4,10730.5
CHN_G2019,403250.0,1444750.0,80.107604,13.067313,18.33,0.65,0.749,328.0,0.014,0.0,0.982,40,3635.7,205.1,5946.1,73.2,16220.1,29283.3,0.0,263,43775.3,1964.4,0,3620.5,10420.5
CHN_G2020,403750.0,1444750.0,80.112216,13.067329,18.73,2.05,0.699,267.0,0.391,0.0,0.606,50,3236.3,329.6,5672.4,143.3,15750.6,29623.7,0.0,522,68054.8,1851.4,0,3552.5,10125.8
CHN_G2021,404250.0,1444750.0,80.116827,13.067345,19.17,1.43,0.648,113.0,0.428,0.0,0.571,10,2868.6,283.5,5413.0,300.6,15282.9,29968.6,0.0,276,24719.9,1535.9,0,3362.8,9847.5
CHN_G2022,404750.0,1444750.0,80.121439,13.06736,20.89,1.14,0.506,7.0,0.619,0.0,0.371,50,2546.5,509.1,4931.0,162.6,14817.4,30317.7,0.0,260,39012.4,1289.8,0,3130.5,9587.4
CHN_G2023,405250.0,1444750.0,80.12605,13.067376,14.36,2.59,0.853,68.0,0.529,0.0,0.467,50,2278.9,968.5,4452.9,58.6,14354.1,30671.1,0.0,205,33433.8,1106.8,0,2965.1,9346.7
CHN_G2024,405750.0,1444750.0,80.130662,13.067392,15.0,4.15,0.776,334.0,0.558,0.001,0.395,50,1878.4,1455.0,3980.3,24.4,13893.5,31028.5,0.0,195,36610.6,824.6,1,2878.0,9127.1
CHN_G2025,406250.0,1444750.0,80.135273,13.067407,20.14,1.72,0.426,320.0,0.395,0.0,0.514,50,1537.2,1948.3,3515.2,220.1,13435.6,31389.8,0.0,317,59912.2,624.4,1,2876.5,8930.1
CHN_G2026,406750.0,1444750.0,80.139885,13.067422,16.47,1.71,0.609,230.0,0.404,0.0,0.593,50,1302.9,2444.3,3060.9,538.8,12979.6,31754.8,0.0,367,73053.1,774.6,1,2960.7,8757.3
CHN_G2027,407250.0,1444750.0,80.144496,13.067438,16.27,0.05,0.593,275.0,0.304,0.0,0.692,10,1237.8,2941.7,2622.5,563.2,12526.5,32123.5,0.0,486,82354.5,744.8,1,3123.7,8610.1
CHN_G2028,407750.0,1444750.0,80.149108,13.067453,18.07,2.64,0.463,272.0,0.561,0.0,0.43,50,981.6,3439.8,2210.3,476.6,12077.1,32494.9,0.0,347,54712.8,374.8,1,3353.9,8489.8
CHN_G2029,408250.0,1444750.0,80.153719,13.067468,17.51,8.84,0.482,334.0,0.37,0.0,0.625,10,789.7,3579.9,1842.2,617.7,11631.9,32869.7,0.0,306,76458.8,475.7,1,3638.7,8397.6
CHN_G2030,408750.0,1444750.0,80.158331,13.067483,14.94,1.18,0.628,314.0,0.528,0.0,0.467,50,312.2,3105.4,1546.4,518.0,11191.3,33247.7,0.0,200,46186.8,901.1,1,3259.4,8334.5
CHN_G2031,409250.0,1444750.0,80.162942,13.067498,17.51,2.08,0.468,19.0,0.638,0.0,0.353,50,23.9,2639.3,1374.1,355.9,10755.9,33629.0,4917.5,270,38455.5,1136.2,0,2867.0,7897.3
CHN_G2032,409750.0,1444750.0,80.167554,13.067513,12.22,1.73,0.759,19.0,0.568,0.0,0.431,50,228.9,2183.2,1269.8,202.3,10326.3,34013.3,331.0,382,54619.8,912.7,1,2513.2,7398.2
CHN_G2033,410250.0,1444750.0,80.172165,13.067528,16.97,3.64,0.461,150.0,0.56,0.0,0.351,50,146.1,1751.2,997.3,118.4,9903.4,34400.6,4053.3,308,55419.4,861.4,2,2216.5,6899.1
CHN_G2034,410750.0,1444750.0,80.176777,13.067543,15.93,1.3,0.508,150.0,0.634,0.0,0.357,50,11.9,1365.8,720.6,315.8,9488.0,34790.8,8645.8,202,25894.3,389.4,1,1821.8,6400.2
CHN_G2035,411250.0,1444750.0,80.181389,13.067557,14.77,0.61,0.552,150.0,0.879,0.0,0.108,50,1.8,1076.9,505.0,425.2,9081.1,35183.7,16060.5,163,32249.5,247.5,1,1336.8,5901.4
CHN_G2036,411750.0,1444750.0,80.186,13.067572,14.61,0.67,0.546,210.0,0.843,0.0,0.144,50,18.0,838.5,641.4,544.5,8683.9,35579.3,17253.9,257,27796.3,686.2,1,846.8,5402.9
CHN_G2037,412250.0,1444750.0,80.190612,13.067586,8.92,1.21,0.866,210.0,0.884,0.0,0.107,50,228.3,666.6,1033.3,687.1,8297.8,35977.6,1562.1,83,34995.5,942.9,2,383.2,4904.7
CHN_G2038,412750.0,1444750.0,80.195223,13.067601,11.77,2.86,0.694,210.0,0.962,0.0,0.029,50,252.4,637.5,1242.5,931.9,7924.5,36378.3,435.4,223,34691.6,576.5,4,277.0,4406.9
CHN_G2039,413250.0,1444750.0,80.199835,13.067615,9.71,0.98,0.816,31.0,0.549,0.0,0.432,50,356.0,636.3,1411.0,1106.0,7565.8,36781.5,0.0,379,74871.1,525.1,2,234.0,3909.7
CHN_G2040,413750.0,1444750.0,80.204446,13.067629,10.58,2.15,0.767,5.0,0.597,0.0,0.358,50,223.4,634.5,1714.0,1117.0,7224.0,37187.0,1771.6,71,48840.5,61.5,3,120.9,3413.3
CHN_G2041,414250.0,1444750.0,80.209058,13.067643,12.97,4.32,0.626,5.0,0.775,0.0,0.198,50,28.5,756.4,1720.5,1118.2,6901.4,37594.8,4445.4,171,62938.7,405.3,6,490.3,2918.1
CHN_G2042,414750.0,1444750.0,80.21367,13.067657,14.67,0.83,0.526,5.0,0.962,0.0,0.036,50,93.3,391.3,1455.4,981.0,6584.9,38004.8,6093.8,124,35582.3,311.5,9,982.9,2424.9
CHN_G2043,415250.0,1444750.0,80.218281,13.067671,13.51,2.81,0.592,5.0,0.964,0.0,0.035,50,47.5,43.2,964.1,706.3,6222.2,38417.0,9631.5,100,40676.9,332.9,13,1480.5,1935.1
CHN_G2044,415750.0,1444750.0,80.222893,13.067685,11.02,1.95,0.735,5.0,0.952,0.0,0.047,50,40.9,10.9,475.7,465.6,5790.9,38831.2,9239.3,248,70375.8,345.1,12,1966.1,1452.4
CHN_G2045,416250.0,1444750.0,80.227504,13.067699,11.53,3.37,0.7,5.0,0.858,0.014,0.125,50,22.0,67.2,70.4,114.7,5304.2,39247.4,12315.1,224,49454.5,240.0,13,1618.7,987.0
CHN_G2046,416750.0,1444750.0,80.232116,13.067713,8.09,3.74,0.889,5.0,0.714,0.001,0.282,50,39.8,398.7,506.5,51.6,4820.1,39665.5,5482.2,230,61545.5,417.6,15,1133.5,582.2
CHN_G2047,417250.0,1444750.0,80.236728,13.067727,13.51,3.62,0.56,20.0,0.593,0.005,0.399,50,30.6,896.3,1004.0,156.7,4339.7,40085.5,3618.0,94,45651.6,209.0,19,670.2,451.3
CHN_G2048,417750.0,1444750.0,80.241339,13.06774,5.19,1.59,1.0,20.0,0.606,0.026,0.367,50,148.6,1395.5,659.9,3.9,3864.3,40507.3,3672.1,94,26547.0,287.5,22,337.1,754.0
CHN_G2049,418250.0,1444750.0,80.245951,13.067754,16.89,5.0,0.319,20.0,0.534,0.037,0.422,50,60.7,1895.2,482.0,195.7,3395.9,40928.1,4221.6,352,85729.6,271.9,22,527.3,1197.2
CHN_G2050,418750.0,1444750.0,80.250563,13.067767,10.95,3.48,0.633,20.0,0.543,0.011,0.445,50,37.3,2105.7,544.3,269.4,2937.9,41349.3,3332.8,102,33761.4,75.6,17,552.0,1171.7
CHN_G2051,419250.0,1444750.0,80.255174,13.06778,10.27,1.81,0.631,20.0,0.608,0.014,0.376,50,6.7,2348.9,535.7,111.9,2496.2,41772.3,7036.4,5,1407.8,316.5,22,624.4,674.4
CHN_G2052,419750.0,1444750.0,80.259786,13.067794,11.58,4.96,0.532,68.0,0.694,0.004,0.268,50,56.9,2624.6,693.0,287.7,2080.9,42197.0,5816.3,2,182.4,211.2,16,263.5,191.7
CHN_G2053,420250.0,1444750.0,80.264398,13.067807,10.89,3.39,0.532,68.0,0.742,0.078,0.175,50,91.0,2934.1,1083.1,108.5,1711.6,42623.3,1310.2,7,2237.6,324.1,17,269.8,344.5
CHN_G2054,420750.0,1444750.0,80.269009,13.06782,4.38,9.68,0.874,68.0,0.788,0.103,0.099,50,78.2,3289.1,1538.2,54.4,1336.2,43051.1,7670.2,5,3622.4,223.7,24,350.0,837.1
CHN_G2055,421250.0,1444750.0,80.273621,13.067833,5.84,2.91,0.732,68.0,0.876,0.0,0.105,50,63.3,3674.2,2014.7,478.7,868.9,43480.6,5613.2,1,979.8,179.9,19,64.0,1335.1
CHN_G2056,421750.0,1444750.0,80.278233,13.067846,11.46,2.64,0.326,68.0,0.537,0.099,0.351,50,138.7,4071.2,2500.3,209.4,425.0,43911.5,2067.4,1,103.7,473.9,11,501.2,1834.3
CHN_G2057,422250.0,1444750.0,80.282844,13.067859,5.78,3.35,0.583,68.0,0.361,0.275,0.343,50,266.7,4323.5,2990.7,125.4,40.3,44343.8,484.7,0,0.0,957.5,1,999.2,2088.6
CHN_G2058,422750.0,1444750.0,80.287456,13.067871,0.0,0.0,0.826,68.0,0.174,0.316,0.38,80,331.5,4493.6,3483.9,35.9,538.3,44776.4,0.0,0,0.0,1354.6,0,1378.5,2063.3
CHN_G2059,423250.0,1444750.0,80.292068,13.067884,0.0,0.0,0.739,68.0,0.0,0.871,0.04,80,793.0,4710.8,3978.7,214.4,1037.8,45210.2,0.0,0,0.0,1751.1,0,1793.7,2157.0
CHN_G2060,402250.0,1445250.0,80.098365,13.071802,20.71,0.79,0.65,313.0,0.013,0.0,0.976,10,4745.4,757.7,6951.5,247.3,17330.8,28239.0,0.0,0,0.0,2341.9,0,4402.0,11434.4
CHN_G2061,402750.0,1445250.0,80.102976,13.071818,23.95,3.71,0.435,324.0,0.0,0.0,0.995,10,4332.9,798.8,6644.0,146.2,16862.5,28576.9,0.0,0,0.0,2336.6,0,4229.7,11121.6
CHN_G2062,403250.0,1445250.0,80.107588,13.071834,19.36,0.49,0.68,332.0,0.019,0.0,0.981,10,3940.8,704.2,6295.7,327.7,16396.1,28916.9,0.0,0,0.0,2436.1,0,4111.2,10822.8
CHN_G2063,403750.0,1445250.0,80.1122,13.07185,20.85,1.62,0.561,328.0,0.309,0.0,0.69,10,3575.7,829.6,5801.2,116.3,15931.7,29261.6,0.0,0,0.0,2231.0,0,4051.5,10539.3
CHN_G2064,404250.0,1445250.0,80.116811,13.071866,21.37,3.31,0.509,11.0,0.836,0.0,0.158,50,3246.7,777.6,5307.6,362.0,15469.6,29610.6,0.0,0,0.0,1977.0,0,3798.0,10272.3
CHN_G2065,404750.0,1445250.0,80.121423,13.071881,21.34,1.23,0.472,7.0,0.79,0.0,0.203,50,2965.9,885.2,4815.5,623.0,15009.8,29964.0,0.0,0,0.0,1733.3,0,3593.9,10023.1
CHN_G2066,405250.0,1445250.0,80.126034,13.071897,18.22,1.12,0.615,68.0,0.876,0.0,0.118,50,2584.3,1209.3,4325.0,558.6,14552.6,30321.5,0.0,0,0.0,1530.7,0,3450.8,9793.2
CHN_G2067,405750.0,1445250.0,80.130646,13.071912,16.72,1.98,0.664,334.0,0.338,0.0,0.625,50,2239.0,1625.2,3836.6,352.5,14097.0,30683.0,0.0,0,0.0,1246.2,0,3376.3,9583.8
CHN_G2068,406250.0,1445250.0,80.135257,13.071928,14.0,0.0,0.784,320.0,0.072,0.015,0.707,40,1961.6,2078.5,3351.6,576.3,13644.4,31048.3,0.0,0,0.0,1123.9,0,3375.0,9396.4
CHN_G2069,406750.0,1445250.0,80.139869,13.071943,16.85,2.41,0.584,321.0,0.1,0.0,0.898,10,1783.9,2549.3,2871.9,912.7,13195.2,31417.2,0.0,0,0.0,1175.6,0,3447.1,9232.3
CHN_G2070,407250.0,1445250.0,80.144481,13.071959,14.43,0.61,0.699,290.0,0.009,0.0,0.991,40,1594.2,3029.5,2400.4,1048.0,12749.8,31789.0,0.0,0,0.0,684.0,1,3588.0,9092.8
CHN_G2071,407750.0,1445250.0,80.149092,13.071974,16.14,2.48,0.573,262.0,0.467,0.0,0.529,50,1316.0,3515.2,1942.9,976.6,12308.6,32164.2,0.0,0,0.0,231.5,1,3790.2,8979.0
CHN_G2072,408250.0,1445250.0,80.153704,13.071989,18.15,1.57,0.443,329.0,0.601,0.0,0.392,50,816.2,3754.7,1511.0,1072.2,11872.0,32542.8,0.0,0,0.0,373.3,1,3908.9,8891.9
CHN_G2073,408750.0,1445250.0,80.158315,13.072004,13.72,1.48,0.706,32.0,0.47,0.0,0.524,50,316.4,3301.2,1136.1,1011.0,11440.7,32924.6,0.0,223,15686.2,851.5,1,3573.0,8437.4
CHN_G2074,409250.0,1445250.0,80.162927,13.072019,14.19,0.64,0.674,109.0,0.62,0.0,0.359,50,44.9,2863.3,887.6,832.5,11015.1,33309.5,6772.7,337,38046.0,1345.7,0,3194.9,7940.7
CHN_G2075,409750.0,1445250.0,80.167539,13.072034,13.37,4.09,0.706,166.0,0.618,0.0,0.326,50,42.3,2449.2,778.4,696.2,10596.1,33697.5,2993.4,127,37551.6,1336.7,0,2695.9,7444.4
CHN_G2076,410250.0,1445250.0,80.17215,13.072049,13.63,2.4,0.68,317.0,0.309,0.0,0.597,10,97.2,2072.9,671.2,381.4,10184.3,34088.4,1488.4,273,42515.4,896.0,1,2197.3,6948.7
CHN_G2077,410750.0,1445250.0,80.176762,13.072063,15.63,9.97,0.553,17.0,0.47,0.0,0.514,50,199.5,1758.1,301.4,93.9,9780.8,34482.1,2324.9,251,27843.3,461.0,3,1699.4,6453.6
CHN_G2078,411250.0,1445250.0,80.181374,13.072078,9.32,1.54,0.9,17.0,0.7,0.0,0.291,50,97.2,1542.0,42.0,47.4,9386.6,34878.5,8085.9,386,31756.4,349.4,3,1203.5,5959.3
CHN_G2079,411750.0,1445250.0,80.185985,13.072093,12.95,8.6,0.663,335.0,0.664,0.001,0.329,50,50.3,1273.3,406.4,49.8,9002.9,35277.6,12327.3,77,6856.3,729.2,1,713.1,5466.1
CHN_G2080,412250.0,1445250.0,80.190597,13.072107,10.94,2.39,0.761,335.0,0.528,0.009,0.423,50,129.1,1144.1,699.3,236.0,8631.2,35679.2,3223.7,88,25565.7,806.8,1,262.2,4974.2
CHN_G2081,412750.0,1445250.0,80.195209,13.072122,11.5,1.14,0.723,74.0,0.789,0.0,0.207,50,256.3,1127.0,753.0,581.7,8272.9,36083.2,652.4,211,55858.0,306.9,2,359.1,4484.2
CHN_G2082,413250.0,1445250.0,80.19982,13.072136,12.94,4.53,0.631,74.0,0.831,0.0,0.15,50,73.1,1121.7,1007.0,613.4,7930.0,36489.7,6706.1,436,80171.6,193.7,5,284.5,3996.5
CHN_G2083,413750.0,1445250.0,80.204432,13.07215,13.82,0.95,0.577,5.0,0.919,0.0,0.073,50,58.5,1134.4,1400.3,618.4,7604.5,36898.4,9607.3,555,83751.4,493.5,4,382.3,3512.4
CHN_G2084,414250.0,1445250.0,80.209044,13.072164,17.04,0.64,0.386,5.0,0.982,0.0,0.016,50,52.1,1034.9,1334.3,700.7,7191.6,37309.3,12563.0,453,77387.1,470.8,9,609.8,3033.5
CHN_G2085,414750.0,1445250.0,80.213655,13.072178,13.43,1.13,0.599,5.0,0.904,0.0,0.09,50,52.0,648.4,1036.1,482.3,6694.7,37722.5,5098.4,386,67785.7,177.4,14,1047.7,2562.5
CHN_G2086,415250.0,1445250.0,80.218267,13.072192,14.89,1.84,0.505,5.0,0.968,0.0,0.032,50,13.2,423.6,930.9,446.1,6198.3,38137.6,7959.5,317,54193.7,146.9,15,1402.0,2105.1
CHN_G2087,415750.0,1445250.0,80.222879,13.072206,7.66,0.21,0.927,5.0,0.843,0.002,0.152,50,47.5,398.2,757.5,1.7,5702.4,38554.8,7055.4,298,46070.2,132.4,19,1487.8,1672.1
CHN_G2088,416250.0,1445250.0,80.22749,13.07222,6.06,4.29,1.0,5.0,0.816,0.016,0.163,50,155.1,453.0,570.3,17.9,5207.4,38974.0,1299.6,383,61430.7,181.8,20,1595.1,1288.7
CHN_G2089,416750.0,1445250.0,80.232102,13.072234,9.6,1.71,0.789,5.0,0.544,0.0,0.455,50,19.0,591.2,759.5,281.4,4713.5,39395.0,4520.1,413,68960.7,90.0,28,1099.4,1012.7
CHN_G2090,417250.0,1445250.0,80.236714,13.072248,13.75,1.78,0.535,20.0,0.652,0.0,0.347,50,33.6,996.9,1152.6,561.3,4220.9,39816.9,6561.5,277,58077.6,215.3,29,610.8,943.5
CHN_G2091,417750.0,1445250.0,80.241326,13.072261,10.44,1.9,0.711,20.0,0.728,0.0,0.272,50,0.8,1373.5,1107.4,466.0,3730.3,40237.3,5552.0,62,30365.3,52.7,32,193.8,1120.3
CHN_G2092,418250.0,1445250.0,80.245937,13.072275,11.08,2.18,0.655,20.0,0.829,0.016,0.156,50,1.1,1451.5,979.7,243.0,3242.7,40659.5,7118.9,75,29665.8,302.7,33,449.5,1455.9
CHN_G2093,418750.0,1445250.0,80.250549,13.072288,13.24,5.44,0.489,20.0,0.538,0.04,0.42,50,49.1,1673.1,1021.2,163.8,2759.4,41083.5,7130.1,240,34488.0,217.3,35,166.9,1237.2
CHN_G2094,419250.0,1445250.0,80.255161,13.072301,10.97,1.3,0.581,20.0,0.786,0.0,0.214,50,12.2,1927.3,1034.7,436.7,2283.3,41509.2,7232.6,43,15382.3,233.3,28,336.3,782.6
CHN_G2095,419750.0,1445250.0,80.259772,13.072315,11.88,1.6,0.502,68.0,0.706,0.0,0.288,50,7.3,2228.4,1124.0,697.7,1820.2,41936.5,9514.3,388,84309.7,61.2,28,427.2,441.0
CHN_G2096,420250.0,1445250.0,80.264384,13.072328,5.66,2.92,0.829,68.0,0.846,0.04,0.103,50,15.2,2583.5,1398.7,256.6,1382.9,42365.4,8641.1,343,113491.9,221.3,25,479.6,525.7
CHN_G2097,420750.0,1445250.0,80.268996,13.072341,11.27,1.48,0.455,68.0,0.832,0.082,0.08,50,1.4,2970.7,1774.6,121.0,1005.9,42795.9,8435.1,210,59565.6,170.1,21,374.5,926.5
CHN_G2098,421250.0,1445250.0,80.273608,13.072354,10.47,1.81,0.459,68.0,0.659,0.1,0.208,50,29.1,3376.2,2200.4,148.9,781.8,43227.8,2944.5,123,37282.5,334.6,17,306.8,1392.9
CHN_G2099,421750.0,1445250.0,80.278219,13.072367,2.58,0.82,0.87,68.0,0.176,0.071,0.738,30,253.0,3715.4,2652.3,224.0,598.9,43660.4,787.8,277,70840.8,551.5,4,378.9,1777.3
CHN_G2100,422250.0,1445250.0,80.282831,13.07238,3.64,0.54,0.734,68.0,0.083,0.063,0.844,30,258.4,3847.6,3118.9,113.0,379.3,44093.9,1025.5,269,62489.4,998.2,1,678.6,1598.1
CHN_G2101,422750.0,1445250.0,80.287443,13.072392,5.87,1.17,0.509,68.0,0.742,0.0,0.254,50,176.9,4037.7,3594.5,381.1,655.1,44528.7,3549.1,227,36348.4,1444.7,0,1130.2,1565.0
CHN_G2102,423250.0,1445250.0,80.292055,13.072405,0.0,0.0,0.776,68.0,0.15,0.52,0.236,80,577.1,4278.2,3967.2,628.5,1102.0,44964.9,0.0,92,8550.5,1704.7,0,1610.6,1686.5
CHN_G2103,402250.0,1445750.0,80.098348,13.076323,21.3,0.56,0.635,310.0,0.039,0.0,0.961,10,5033.0,1249.1,7243.0,586.4,17509.9,27870.5,0.0,72,17276.7,2839.0,0,4865.4,11823.4
CHN_G2104,402750.0,1445750.0,80.10296,13.076339,20.51,0.11,0.656,335.0,0.012,0.0,0.984,10,4646.1,1277.0,6743.8,590.5,17046.6,28210.2,0.0,237,66656.9,2834.6,0,4710.0,11521.1
CHN_G2105,403250.0,1445750.0,80.107572,13.076355,20.12,0.58,0.647,142.0,0.128,0.0,0.867,10,4282.7,1204.0,6244.7,450.9,16585.3,28554.6,0.0,429,85430.6,2917.2,0,4604.0,11232.9
CHN_G2106,403750.0,1445750.0,80.112183,13.07637,18.03,1.92,0.735,142.0,0.514,0.0,0.483,50,3869.2,1294.8,5745.8,20.7,16126.4,28903.6,0.0,156,24048.6,2650.8,0,4477.7,10960.0
CHN_G2107,404250.0,1445750.0,80.116795,13.076386,21.61,0.97,0.497,11.0,0.905,0.0,0.077,50,3426.8,1276.4,5247.0,484.9,15669.6,29256.9,0.0,145,29948.6,2404.9,0,4247.5,10703.5
CHN_G2108,404750.0,1445750.0,80.121407,13.076402,21.17,1.25,0.476,254.0,0.939,0.0,0.059,50,3002.6,1344.6,4748.6,966.8,15214.5,29614.5,0.0,276,62647.3,2201.1,0,4066.1,10464.6
CHN_G2109,405250.0,1445750.0,80.126018,13.076418,23.27,0.55,0.302,254.0,0.686,0.0,0.308,50,2605.4,1577.0,4250.4,997.2,14762.2,29976.1,0.0,80,22030.5,1927.8,0,3940.1,10244.6
CHN_G2110,405750.0,1445750.0,80.13063,13.076433,22.1,6.18,0.332,316.0,0.116,0.0,0.88,10,2244.3,1914.6,3752.8,851.0,14313.2,30341.7,0.0,143,43856.1,1710.6,0,3875.0,10044.6
CHN_G2111,406250.0,1445750.0,80.135242,13.076449,14.0,0.0,0.774,64.0,0.036,0.0,0.58,90,1828.0,2311.8,3255.9,965.4,13867.7,30710.9,0.0,78,39135.2,1623.7,0,3873.9,9866.0
CHN_G2112,406750.0,1445750.0,80.139853,13.076464,15.75,0.35,0.637,325.0,0.176,0.0,0.824,10,1460.5,2742.9,2760.2,1280.6,13425.9,31083.1,0.0,186,27826.9,1339.8,0,3679.5,9709.9
CHN_G2113,407250.0,1445750.0,80.144465,13.076479,12.93,0.44,0.779,330.0,0.126,0.0,0.867,10,1183.9,3194.1,2266.3,1533.6,12988.5,31458.8,0.0,0,0.0,938.6,1,3521.3,9577.3
CHN_G2114,407750.0,1445750.0,80.149077,13.076495,15.86,1.24,0.59,346.0,0.662,0.0,0.248,50,904.1,3658.0,1775.6,1476.6,12555.6,31837.9,0.0,0,0.0,683.1,1,3429.4,9469.3
CHN_G2115,408250.0,1445750.0,80.153688,13.07651,15.9,2.09,0.583,329.0,0.717,0.0,0.272,50,706.8,3978.7,1291.0,1547.6,12128.0,32220.3,0.0,0,0.0,743.3,1,3409.1,9000.6
CHN_G2116,408750.0,1445750.0,80.1583,13.076525,15.12,1.29,0.63,114.0,0.615,0.0,0.381,50,330.2,3553.9,824.9,1467.3,11706.1,32605.9,0.0,0,0.0,1066.9,0,3437.6,8507.4
CHN_G2117,409250.0,1445750.0,80.162912,13.07654,12.52,1.94,0.779,109.0,0.795,0.0,0.192,50,124.0,3151.3,432.4,1294.3,11290.5,32994.5,8298.4,0,0.0,1070.0,0,2975.8,8015.0
CHN_G2118,409750.0,1445750.0,80.167524,13.076555,16.69,2.39,0.524,39.0,0.69,0.0,0.304,50,13.6,2780.0,296.8,1073.8,10882.1,33386.2,5922.5,0,0.0,844.1,1,2528.5,7523.7
CHN_G2119,410250.0,1445750.0,80.172135,13.07657,14.57,3.57,0.645,37.0,0.708,0.0,0.281,50,45.6,2454.1,228.0,741.4,10481.6,33780.7,6816.9,0,0.0,819.4,4,2105.1,7033.5
CHN_G2120,410750.0,1445750.0,80.176747,13.076584,13.47,0.97,0.704,17.0,0.868,0.0,0.119,50,87.9,2194.7,33.1,548.2,10090.0,34177.9,7971.3,0,0.0,557.6,7,1719.7,6544.9
CHN_G2121,411250.0,1445750.0,80.181359,13.076599,13.99,1.2,0.647,17.0,0.952,0.0,0.046,50,4.2,1948.3,363.2,517.8,9708.4,34577.8,10346.8,0,0.0,382.6,6,1231.8,6058.0
CHN_G2122,411750.0,1445750.0,80.18597,13.076614,15.47,3.9,0.537,335.0,0.94,0.0,0.057,50,30.9,1743.4,515.7,430.4,9337.9,34980.3,9135.3,0,0.0,694.1,5,760.0,5573.6
CHN_G2123,412250.0,1445750.0,80.190582,13.076628,18.11,1.5,0.361,335.0,0.686,0.0,0.303,50,108.2,1634.2,215.8,97.9,8980.0,35385.3,8318.9,0,0.0,895.9,3,371.3,5092.1
CHN_G2124,412750.0,1445750.0,80.195194,13.076642,10.94,3.51,0.779,74.0,0.632,0.0,0.32,50,183.4,1621.7,300.4,226.4,8626.8,35792.7,1854.6,0,0.0,460.2,3,445.0,4614.6
CHN_G2125,413250.0,1445750.0,80.199806,13.076657,9.34,3.1,0.867,74.0,0.696,0.0,0.294,50,92.0,1615.9,732.9,125.2,8131.7,36202.4,2098.6,0,0.0,347.8,7,779.2,4142.3
CHN_G2126,413750.0,1445750.0,80.204417,13.076671,13.15,4.69,0.632,5.0,0.668,0.022,0.222,50,99.8,1633.5,1218.3,119.9,7637.3,36614.3,1924.0,0,0.0,144.5,10,881.9,3677.4
CHN_G2127,414250.0,1445750.0,80.209029,13.076685,15.74,3.56,0.476,5.0,0.825,0.016,0.151,50,22.8,1353.1,1049.0,211.7,7143.7,37028.4,4393.2,0,0.0,197.5,11,1001.7,3223.1
CHN_G2128,414750.0,1445750.0,80.213641,13.076699,7.73,4.7,0.946,5.0,0.751,0.001,0.247,50,243.4,1068.4,627.3,0.9,6650.4,37444.6,343.0,0,0.0,235.6,20,1032.4,2784.4
CHN_G2129,415250.0,1445750.0,80.218253,13.076713,10.96,1.26,0.741,5.0,0.861,0.001,0.131,50,4.0,879.4,432.1,303.7,6156.4,37862.9,4979.3,85,7690.9,82.6,24,902.0,2370.2
CHN_G2130,415750.0,1445750.0,80.222865,13.076727,10.18,1.0,0.773,5.0,0.753,0.008,0.197,50,20.8,867.4,692.7,104.4,5656.9,38283.0,3826.6,287,37569.8,184.5,25,1030.3,1995.6
CHN_G2131,416250.0,1445750.0,80.227476,13.076741,12.61,2.79,0.619,5.0,0.946,0.0,0.051,50,21.1,946.4,1070.3,500.7,5157.5,38705.1,8181.6,112,8662.1,30.6,32,1345.2,1687.4
CHN_G2132,416750.0,1445750.0,80.232088,13.076755,9.56,0.57,0.778,5.0,0.661,0.0,0.338,50,172.0,1015.1,1182.0,586.9,4658.3,39125.6,3406.0,252,22672.4,199.9,30,1277.7,1487.3
CHN_G2133,417250.0,1445750.0,80.2367,13.076768,16.6,1.26,0.345,20.0,0.737,0.0,0.258,50,61.5,936.1,1465.9,946.7,4159.2,39547.0,4813.6,612,71505.8,81.0,41,892.8,1441.1
CHN_G2134,417750.0,1445750.0,80.241312,13.076782,9.14,2.51,0.768,20.0,0.686,0.066,0.23,50,241.7,873.6,1577.3,921.6,3660.4,39970.3,261.0,453,42140.5,102.1,43,679.3,1562.5
CHN_G2135,418250.0,1445750.0,80.245923,13.076796,13.44,2.87,0.501,20.0,0.81,0.005,0.172,50,90.1,987.7,1478.8,696.2,3161.9,40395.4,2078.0,424,38456.6,99.1,43,791.2,1818.3
CHN_G2136,418750.0,1445750.0,80.250535,13.076809,6.93,1.2,0.855,20.0,0.811,0.0,0.177,50,237.6,1234.4,1510.5,646.4,2664.0,40822.1,63.4,485,52750.2,291.3,41,501.1,1479.3
CHN_G2137,419250.0,1445750.0,80.255147,13.076822,7.78,5.17,0.763,20.0,0.839,0.0,0.16,50,12.3,1523.9,1534.2,832.4,2167.1,41250.5,7886.9,348,52578.6,231.8,37,280.0,1127.0
CHN_G2138,419750.0,1445750.0,80.259759,13.076836,7.94,2.87,0.725,72.0,0.676,0.009,0.312,50,55.6,1879.2,1595.8,645.8,1672.1,41680.4,4261.1,336,53693.5,273.4,40,355.8,923.1
CHN_G2139,420250.0,1445750.0,80.264371,13.076849,6.33,3.42,0.786,72.0,0.696,0.088,0.207,50,8.0,2269.6,1799.8,161.3,1181.2,42111.9,7818.4,439,74213.1,301.2,37,821.4,966.5
CHN_G2140,420750.0,1445750.0,80.268983,13.076862,8.86,1.44,0.603,72.0,0.934,0.027,0.034,50,22.7,2680.6,2105.3,318.0,703.3,42544.5,11064.1,424,80717.8,69.7,27,438.7,1231.3
CHN_G2141,421250.0,1445750.0,80.273594,13.076875,3.67,7.09,0.879,72.0,0.525,0.157,0.313,50,81.4,3107.0,2474.9,24.4,306.7,42977.6,5396.7,345,67275.9,347.9,19,247.5,1611.8
CHN_G2142,421750.0,1445750.0,80.278206,13.076888,8.65,1.06,0.541,72.0,0.516,0.0,0.474,50,175.1,3227.3,2681.3,279.4,439.8,43412.1,5364.6,417,84400.8,453.5,8,143.5,1360.4
CHN_G2143,422250.0,1445750.0,80.282818,13.076901,1.24,3.15,0.914,72.0,0.168,0.022,0.797,10,30.4,3378.6,2942.8,4.3,878.4,43848.0,2623.2,481,75612.3,741.3,3,580.9,1116.1
CHN_G2144,422750.0,1445750.0,80.28743,13.076913,6.98,2.5,0.492,72.0,0.587,0.0,0.406,50,0.8,3593.6,3260.5,472.0,1028.0,44285.2,4406.0,555,90376.9,1010.9,0,1074.4,1068.1
CHN_G2145,423250.0,1445750.0,80.292042,13.076926,6.73,4.15,0.428,72.0,0.562,0.11,0.136,50,406.8,3861.8,3619.6,953.2,1357.2,44723.8,0.0,293,99126.7,1336.0,0,1279.7,1239.4
CHN_G2146,423750.0,1445750.0,80.296654,13.076939,0.0,0.0,0.754,72.0,0.003,0.978,0.0,80,885.0,4172.9,4007.3,1297.8,1768.4,45163.7,0.0,91,64901.2,1745.7,0,1585.2,1559.2
CHN_G2147,402250.0,1446250.0,80.098332,13.080843,22.01,3.58,0.62,308.0,0.184,0.0,0.816,10,4951.4,1745.4,7232.3,992.6,17701.4,27503.4,0.0,145,51051.8,3337.0,0,5335.4,12220.4
CHN_G2148,402750.0,1446250.0,80.102944,13.080859,20.87,0.87,0.655,310.0,0.077,0.0,0.922,10,4492.2,1765.4,6732.4,663.0,17243.1,27847.6,0.0,151,62081.1,3333.3,0,5194.1,11928.1
CHN_G2149,403250.0,1446250.0,80.107555,13.080875,20.37,0.52,0.65,312.0,0.137,0.0,0.858,10,4042.7,1703.9,6232.4,366.8,16786.6,28196.5,0.0,29,18845.7,3338.4,0,5098.2,11650.0
CHN_G2150,403750.0,1446250.0,80.112167,13.080891,20.88,3.12,0.588,116.0,0.555,0.0,0.418,50,3606.1,1769.2,5732.5,110.6,16332.0,28549.8,0.0,46,20589.0,3092.4,0,4915.9,11387.1
CHN_G2151,404250.0,1446250.0,80.116779,13.080907,19.31,0.51,0.652,268.0,0.736,0.0,0.263,50,3187.4,1775.8,5232.5,592.1,15880.1,28907.5,0.0,225,51683.2,2850.3,0,4707.2,11140.5
CHN_G2152,404750.0,1446250.0,80.121391,13.080923,20.93,0.55,0.502,267.0,0.91,0.0,0.088,50,2751.2,1825.5,4732.6,1079.6,15431.2,29269.3,0.0,414,108562.6,2622.9,0,4465.0,10911.2
CHN_G2153,405250.0,1446250.0,80.126002,13.080938,21.41,5.01,0.42,302.0,0.471,0.0,0.528,50,2311.2,2002.8,4232.7,1450.6,14985.6,29635.2,0.0,150,69461.7,2364.2,0,4098.5,10700.3
CHN_G2154,405750.0,1446250.0,80.130614,13.080954,18.86,2.67,0.533,307.0,0.215,0.0,0.785,40,1901.1,2278.2,3732.8,1350.6,14543.4,30004.7,0.0,429,119019.7,2190.8,0,3762.8,10509.0
CHN_G2155,406250.0,1446250.0,80.135226,13.08097,16.85,0.93,0.618,310.0,0.045,0.0,0.922,10,1544.8,2620.8,3233.0,1425.5,14105.2,30377.3,0.0,407,140550.2,2030.4,0,3467.0,10338.4
CHN_G2156,406750.0,1446250.0,80.139838,13.080985,19.62,3.17,0.417,319.0,0.036,0.0,0.951,10,1131.8,3007.9,2733.2,1655.3,13671.1,30753.4,0.0,368,112390.0,1645.7,0,3222.0,10189.5
CHN_G2157,407250.0,1446250.0,80.144449,13.081,15.55,0.71,0.636,314.0,0.26,0.0,0.74,10,756.8,3424.4,2233.5,1986.9,13241.7,31133.1,0.0,226,57041.5,1339.4,0,3040.1,10063.3
CHN_G2158,407750.0,1446250.0,80.149061,13.081015,18.44,1.41,0.456,34.0,0.64,0.0,0.356,50,486.0,3860.7,1733.8,1976.6,12817.5,31516.1,0.0,99,30250.4,1174.6,0,2933.2,9583.0
CHN_G2159,408250.0,1446250.0,80.153673,13.081031,13.35,1.35,0.758,40.0,0.785,0.0,0.19,50,242.9,4250.0,1234.3,2033.4,12398.8,31902.4,321.6,44,10064.4,1210.6,0,2909.5,9093.8
CHN_G2160,408750.0,1446250.0,80.158285,13.081046,15.5,2.23,0.633,40.0,0.732,0.0,0.257,50,95.6,3855.2,735.2,1936.8,11986.5,32291.8,1301.6,283,65453.8,1226.0,0,2970.9,8606.0
CHN_G2161,409250.0,1446250.0,80.162897,13.081061,16.25,0.47,0.577,40.0,0.825,0.0,0.168,50,8.9,3487.1,237.6,1775.3,11581.0,32684.2,13206.2,130,34193.2,755.5,2,2807.2,8119.6
CHN_G2162,409750.0,1446250.0,80.167508,13.081076,19.02,1.07,0.41,39.0,0.899,0.0,0.096,50,47.0,3155.0,137.4,1433.4,11183.2,33079.5,10085.6,196,45866.3,372.0,3,2327.7,7634.9
CHN_G2163,410250.0,1446250.0,80.17212,13.08109,12.21,1.61,0.81,37.0,0.683,0.0,0.306,50,107.2,2872.0,169.5,1196.0,10793.9,33477.6,14797.3,326,66144.2,402.4,9,1859.1,7152.4
CHN_G2164,410750.0,1446250.0,80.176732,13.081105,15.84,2.62,0.586,17.0,0.912,0.0,0.085,50,37.7,2640.2,310.6,1044.7,10414.0,33878.4,5724.8,381,85412.0,323.0,9,1412.2,6672.5
CHN_G2165,411250.0,1446250.0,80.181344,13.08112,18.81,0.66,0.383,17.0,0.893,0.0,0.094,50,32.2,2390.4,685.7,1008.6,10044.7,34281.8,12864.3,261,57675.9,149.9,10,1016.1,6195.7
CHN_G2166,411750.0,1446250.0,80.185956,13.081134,16.55,2.68,0.496,17.0,0.89,0.0,0.101,50,11.3,2226.6,365.4,767.1,9570.3,34687.7,17116.7,201,43903.3,415.7,11,755.3,5722.9
CHN_G2167,412250.0,1446250.0,80.190567,13.081149,16.33,1.83,0.496,335.0,0.754,0.0,0.228,50,31.0,2098.3,115.7,396.7,9071.6,35096.1,2694.4,48,14737.7,483.5,8,780.0,5255.1
CHN_G2168,412750.0,1446250.0,80.195179,13.081163,7.39,6.83,1.0,74.0,0.729,0.0,0.258,50,281.0,1920.3,336.7,264.6,8573.1,35506.8,0.0,112,18305.4,390.6,10,875.9,4793.8
CHN_G2169,413250.0,1446250.0,80.199791,13.081178,18.08,1.2,0.366,74.0,0.778,0.0,0.214,50,38.1,1605.7,748.6,362.0,8074.7,35919.7,9378.2,0,0.0,106.2,14,1152.1,4341.1
CHN_G2170,413750.0,1446250.0,80.204403,13.081192,17.83,0.76,0.369,74.0,0.86,0.0,0.138,50,103.5,1400.5,1227.7,375.2,7576.6,36334.9,11689.9,0,0.0,288.5,14,1347.2,3900.0
CHN_G2171,414250.0,1446250.0,80.209015,13.081206,15.12,0.58,0.521,5.0,0.89,0.0,0.108,50,5.6,1279.5,953.9,287.9,7078.7,36752.1,14063.6,0,0.0,195.9,14,1079.8,3474.9
CHN_G2172,414750.0,1446250.0,80.213627,13.08122,15.5,2.33,0.489,5.0,0.906,0.0,0.094,50,51.5,1264.0,454.5,291.9,6581.1,37171.4,11266.7,0,0.0,361.1,20,643.2,3072.4
CHN_G2173,415250.0,1446250.0,80.218239,13.081234,15.35,7.39,0.477,49.0,0.718,0.006,0.256,50,33.9,1273.4,43.7,72.9,6084.0,37592.7,8873.3,0,0.0,349.6,24,402.0,2702.7
CHN_G2174,415750.0,1446250.0,80.22285,13.081248,13.06,1.03,0.596,49.0,0.723,0.0,0.266,50,82.9,946.7,541.6,390.3,5587.3,38014.2,10651.5,0,0.0,337.1,21,639.9,2381.0
CHN_G2175,416250.0,1446250.0,80.227462,13.081262,12.59,1.46,0.616,49.0,0.745,0.0,0.246,50,103.6,709.3,1040.0,794.8,5091.3,38434.9,10544.9,0,0.0,275.5,27,1075.8,2129.3
CHN_G2176,416750.0,1446250.0,80.232074,13.081276,11.83,1.51,0.638,49.0,0.878,0.0,0.119,50,11.1,520.4,1539.3,1047.5,4596.2,38857.4,18208.7,0,0.0,142.0,30,1550.9,1974.5
CHN_G2177,417250.0,1446250.0,80.236686,13.081289,15.17,4.46,0.416,49.0,0.8,0.0,0.2,50,142.0,452.4,1862.5,1284.3,4102.3,39281.7,3812.5,0,0.0,288.4,37,1207.4,1939.9
CHN_G2178,417750.0,1446250.0,80.241298,13.081303,13.61,2.34,0.485,49.0,0.758,0.0,0.242,50,34.3,373.8,1875.9,1359.1,3609.0,39707.9,6071.4,0,0.0,199.9,50,842.1,2031.8
CHN_G2179,418250.0,1446250.0,80.24591,13.081316,10.46,1.74,0.659,49.0,0.869,0.0,0.128,50,7.0,556.5,1758.0,1173.9,3115.7,40135.7,8954.5,0,0.0,118.2,41,678.6,2182.7
CHN_G2180,418750.0,1446250.0,80.250522,13.08133,11.65,1.83,0.559,49.0,0.958,0.0,0.041,50,1.7,822.2,1778.2,1141.7,2622.4,40565.1,8046.7,0,0.0,13.9,39,843.7,1829.2
CHN_G2181,419250.0,1446250.0,80.255134,13.081343,9.43,0.8,0.65,49.0,0.778,0.0,0.221,50,18.9,1176.9,1886.1,1262.6,2129.1,40996.2,10533.1,0,0.0,28.5,38,722.9,1558.2
CHN_G2182,419750.0,1446250.0,80.259745,13.081357,11.34,2.81,0.503,72.0,0.755,0.0,0.243,50,115.3,1573.9,2041.7,798.0,1635.8,41428.8,6689.6,0,0.0,94.8,32,755.4,1417.7
CHN_G2183,420250.0,1446250.0,80.264357,13.08137,9.43,5.87,0.592,72.0,0.536,0.0,0.464,50,32.8,1990.7,1907.7,377.7,1142.5,41861.4,6500.4,0,0.0,134.8,32,736.5,1446.3
CHN_G2184,420750.0,1446250.0,80.268969,13.081383,12.2,2.84,0.408,72.0,0.76,0.12,0.116,50,22.5,2424.6,1900.1,163.5,648.8,42295.6,8782.1,0,0.0,226.4,25,284.6,1635.2
CHN_G2185,421250.0,1446250.0,80.273581,13.081396,6.92,3.68,0.702,72.0,0.853,0.006,0.135,50,23.0,2650.0,2020.2,264.4,149.3,42731.2,2831.9,52,5062.7,224.8,17,186.7,1465.3
CHN_G2186,421750.0,1446250.0,80.278193,13.081409,11.45,2.83,0.411,72.0,0.772,0.049,0.165,50,58.6,2743.4,2247.7,219.5,350.1,43168.1,6881.8,408,48925.4,109.5,8,294.9,1021.0
CHN_G2187,422250.0,1446250.0,80.282805,13.081422,12.87,2.82,0.263,72.0,0.325,0.0,0.675,10,171.1,2919.9,2554.0,286.7,849.5,43606.5,1432.1,367,45307.6,371.4,4,623.9,661.5
CHN_G2188,422750.0,1446250.0,80.287417,13.081434,12.36,0.67,0.221,72.0,0.497,0.0,0.472,50,135.6,3166.2,2914.4,678.2,1349.0,44046.1,3727.5,416,41338.0,633.1,2,599.7,576.8
CHN_G2189,423250.0,1446250.0,80.292029,13.081447,6.43,1.36,0.498,72.0,0.678,0.0,0.102,50,323.4,3467.6,3304.8,1122.4,1723.3,44486.6,0.0,73,12373.3,1078.7,0,911.0,853.1
CHN_G2190,423750.0,1446250.0,80.296641,13.08146,0.0,0.0,0.796,72.0,0.277,0.554,0.08,80,804.0,3810.1,3712.8,1583.5,2062.8,44927.6,0.0,56,7449.9,1386.2,0,1151.1,1274.0
CHN_G2191,402250.0,1446750.0,80.098316,13.085364,21.3,0.19,0.697,283.0,0.142,0.0,0.844,40,4785.5,2243.3,7254.4,681.0,17903.8,27140.6,0.0,181,17545.4,3526.6,0,4940.9,12624.7
CHN_G2192,402750.0,1446750.0,80.102927,13.08538,22.07,1.53,0.615,299.0,0.206,0.0,0.782,10,4308.6,2259.0,6756.0,289.5,17449.7,27489.4,0.0,421,58757.9,3432.5,0,4864.5,12342.0
CHN_G2193,403250.0,1446750.0,80.107539,13.085396,22.66,6.33,0.535,300.0,0.258,0.001,0.706,10,3837.7,2203.9,6257.9,33.1,16998.1,27842.7,0.0,133,18561.1,3409.9,0,4838.7,12073.5
CHN_G2194,403750.0,1446750.0,80.112151,13.085412,23.16,1.96,0.471,255.0,0.213,0.0,0.746,10,3375.1,2254.8,5760.0,317.3,16549.3,28200.5,0.0,51,7408.0,3460.1,0,4864.5,11820.0
CHN_G2195,404250.0,1446750.0,80.116763,13.085428,20.9,0.94,0.569,281.0,0.285,0.0,0.64,40,2924.8,2275.5,5262.5,751.0,16103.5,28562.5,0.0,11,2373.7,3311.3,0,4573.6,11582.6
CHN_G2196,404750.0,1446750.0,80.121375,13.085444,16.1,1.28,0.803,303.0,0.21,0.0,0.784,10,2492.7,2314.5,4765.2,1210.7,15661.0,28928.7,0.0,151,49129.3,3041.8,0,4156.8,11362.2
CHN_G2197,405250.0,1446750.0,80.125987,13.085459,17.88,0.72,0.639,297.0,0.124,0.0,0.869,40,2090.2,2456.7,4268.3,1690.4,15222.0,29298.5,0.0,420,85431.5,2821.8,0,3760.3,11159.8
CHN_G2198,405750.0,1446750.0,80.130598,13.085475,17.29,0.49,0.637,305.0,0.137,0.0,0.859,40,1633.4,2686.0,3772.3,1850.4,14787.0,29671.5,0.0,344,77471.2,2678.2,0,3391.4,10976.6
CHN_G2199,406250.0,1446750.0,80.13521,13.08549,16.87,1.71,0.636,314.0,0.172,0.0,0.817,10,1200.1,2982.2,3277.5,1905.8,14356.1,30048.2,0.0,392,94820.2,2352.8,0,3059.8,10813.4
CHN_G2200,406750.0,1446750.0,80.139822,13.085506,17.43,1.16,0.569,315.0,0.515,0.0,0.464,50,844.2,3327.5,2784.6,2083.2,13929.9,30428.4,0.0,173,54116.9,2030.1,0,2779.2,10667.3
CHN_G2201,407250.0,1446750.0,80.144434,13.085521,19.46,0.7,0.43,274.0,0.552,0.0,0.43,50,441.5,3708.2,2294.7,2174.3,13508.8,30812.1,0.0,134,44646.3,1790.8,0,2566.1,10181.1
CHN_G2202,407750.0,1446750.0,80.149046,13.085536,13.53,0.75,0.774,295.0,0.195,0.0,0.792,10,88.2,4114.6,1810.4,2098.0,13093.2,31199.1,2485.2,238,81379.3,1671.2,0,2438.5,9696.4
CHN_G2203,408250.0,1446750.0,80.153658,13.085551,15.73,1.03,0.643,222.0,0.28,0.0,0.709,10,177.5,4539.7,1337.6,2139.1,12683.6,31589.2,3910.6,275,99475.8,1691.6,0,2409.9,9213.3
CHN_G2204,408750.0,1446750.0,80.158269,13.085567,18.44,1.83,0.48,40.0,0.914,0.0,0.085,50,57.2,4194.2,894.9,2291.2,12280.8,31982.4,4915.4,222,89966.9,1195.4,0,2483.7,8732.1
CHN_G2205,409250.0,1446750.0,80.162881,13.085582,13.93,4.77,0.738,40.0,0.656,0.0,0.332,50,27.5,3858.2,559.1,2135.4,11885.4,32378.6,6770.5,281,87990.9,704.7,2,2651.4,8253.1
CHN_G2206,409750.0,1446750.0,80.167493,13.085596,18.61,3.05,0.463,39.0,0.716,0.0,0.277,50,56.2,3560.8,416.6,1859.2,11456.9,32777.6,8104.9,72,14684.6,253.3,3,2223.4,7776.8
CHN_G2207,410250.0,1446750.0,80.172105,13.085611,17.11,1.5,0.548,37.0,0.868,0.0,0.121,50,76.4,3152.5,35.3,1649.6,10972.2,33179.3,4503.0,171,30199.4,291.4,8,1726.7,7303.7
CHN_G2208,410750.0,1446750.0,80.176717,13.085626,16.89,0.63,0.554,17.0,0.879,0.0,0.114,50,40.1,2717.1,456.5,1542.6,10489.0,33583.6,12358.6,322,79021.5,308.0,10,1232.7,6834.3
CHN_G2209,411250.0,1446750.0,80.181329,13.085641,17.53,4.8,0.492,17.0,0.842,0.0,0.151,50,8.1,2308.0,930.9,1467.0,10007.4,33990.5,13736.5,294,69767.7,168.9,12,746.7,6369.7
CHN_G2210,411750.0,1446750.0,80.185941,13.085655,14.66,1.54,0.644,17.0,0.924,0.0,0.076,50,49.7,1941.9,531.2,1101.5,9527.6,34399.9,15101.2,425,115118.3,126.9,12,309.1,5910.8
CHN_G2211,412250.0,1446750.0,80.190553,13.08567,16.2,1.96,0.538,335.0,0.911,0.0,0.087,50,104.2,1647.8,65.2,825.4,9046.1,34811.6,6812.8,394,123963.9,215.9,8,365.4,5459.2
CHN_G2212,412750.0,1446750.0,80.195165,13.085684,17.86,2.23,0.419,74.0,0.84,0.0,0.15,50,14.6,1468.9,384.9,756.5,8546.5,35225.6,13345.7,415,113441.2,285.6,13,819.5,5016.7
CHN_G2213,413250.0,1446750.0,80.199777,13.085699,14.45,3.32,0.605,74.0,0.934,0.0,0.065,50,69.8,1213.2,858.6,841.3,8046.9,35641.9,10919.1,371,95156.2,110.8,14,1307.5,4586.1
CHN_G2214,413750.0,1446750.0,80.204388,13.085713,15.01,3.05,0.551,74.0,0.742,0.0,0.255,50,8.0,928.2,1347.4,843.5,7547.4,36060.2,13454.8,278,64344.1,72.7,15,1505.3,4170.9
CHN_G2215,414250.0,1446750.0,80.209,13.085727,15.63,1.22,0.496,5.0,0.808,0.0,0.188,50,69.5,785.6,974.9,787.5,7047.8,36480.6,10414.8,79,20311.0,402.7,14,1006.9,3776.4
CHN_G2216,414750.0,1446750.0,80.213612,13.085741,17.82,1.16,0.353,49.0,0.704,0.0,0.293,50,75.7,765.8,475.6,680.1,6548.2,36903.0,9954.1,163,33382.2,149.9,17,511.6,3409.7
CHN_G2217,415250.0,1446750.0,80.218224,13.085755,10.4,2.39,0.772,49.0,0.894,0.0,0.096,50,7.7,888.4,24.4,567.5,6048.6,37323.1,14776.7,174,50457.8,150.4,20,98.0,3080.7
CHN_G2218,415750.0,1446750.0,80.222836,13.085769,17.15,2.55,0.356,49.0,0.884,0.0,0.116,50,14.4,566.4,523.8,756.7,5549.0,37744.8,20722.2,143,45690.5,147.6,17,507.4,2802.8
CHN_G2219,416250.0,1446750.0,80.227448,13.085783,9.2,1.91,0.818,49.0,0.608,0.0,0.392,50,9.3,277.3,1022.3,1095.6,5049.4,38168.4,4050.6,266,69442.9,316.4,16,1002.7,2592.4
CHN_G2220,416750.0,1446750.0,80.23206,13.085797,15.25,3.18,0.437,49.0,0.788,0.0,0.209,50,182.4,42.2,1521.5,1494.2,4549.8,38593.8,2936.0,314,84863.2,218.6,14,1309.6,2466.8
CHN_G2221,417250.0,1446750.0,80.236672,13.08581,14.02,1.91,0.483,49.0,0.574,0.0,0.425,50,49.2,10.7,1698.6,1703.8,4050.3,39021.0,4361.3,387,88765.8,231.2,22,998.4,2439.2
CHN_G2222,417750.0,1446750.0,80.241284,13.085824,7.75,1.32,0.828,49.0,0.639,0.0,0.36,50,74.9,121.2,1421.3,1811.2,3550.8,39450.0,4810.5,371,93716.9,243.3,38,529.7,2512.9
CHN_G2223,418250.0,1446750.0,80.245896,13.085837,12.68,2.61,0.511,49.0,0.731,0.0,0.267,50,10.6,125.7,1261.6,1662.5,3051.5,39880.5,7253.8,293,95336.2,129.4,35,178.6,2534.1
CHN_G2224,418750.0,1446750.0,80.250508,13.085851,10.45,0.24,0.609,49.0,0.917,0.0,0.078,50,6.0,476.4,1289.6,1638.0,2552.5,40312.7,8937.6,230,43680.1,148.2,35,532.2,2236.9
CHN_G2225,419250.0,1446750.0,80.25512,13.085864,13.07,3.85,0.412,49.0,0.95,0.0,0.047,50,5.6,877.9,1408.5,1474.5,2053.9,40745.3,6822.6,0,0.0,354.4,32,1017.2,2021.3
CHN_G2226,419750.0,1446750.0,80.259732,13.085877,8.79,4.5,0.627,72.0,0.742,0.0,0.256,50,116.2,1307.5,1591.0,1084.7,1556.3,41179.1,4022.2,0,0.0,148.5,25,1230.8,1915.1
CHN_G2227,420250.0,1446750.0,80.264344,13.085891,13.11,4.08,0.355,72.0,0.722,0.0,0.278,50,28.3,1756.4,1415.0,784.5,1060.9,41614.4,5030.7,0,0.0,140.9,20,775.7,1936.4
CHN_G2228,420750.0,1446750.0,80.268956,13.085904,16.47,5.07,0.161,72.0,0.847,0.0,0.141,50,105.6,2140.6,1404.7,663.4,567.6,42051.1,9896.6,0,0.0,149.7,12,374.7,1855.8
CHN_G2229,421250.0,1446750.0,80.273568,13.085917,7.02,5.0,0.722,72.0,0.694,0.0,0.302,50,75.6,2153.5,1563.3,745.1,74.3,42489.2,4002.8,0,0.0,399.6,13,317.1,1356.1
CHN_G2230,421750.0,1446750.0,80.27818,13.08593,15.2,7.12,0.236,72.0,0.966,0.0,0.029,50,134.5,2266.5,1847.9,718.2,419.0,42928.6,3895.0,0,0.0,485.5,10,470.1,856.8
CHN_G2231,422250.0,1446750.0,80.282792,13.085943,14.24,4.28,0.243,72.0,0.618,0.0,0.38,50,25.3,2477.2,2210.4,743.4,912.3,43369.1,6526.6,0,0.0,117.6,7,272.1,359.6
CHN_G2232,422750.0,1446750.0,80.287404,13.085955,12.77,7.06,0.263,72.0,0.726,0.0,0.27,50,173.3,2763.3,2604.9,989.4,1405.6,43809.9,2647.9,0,0.0,528.8,4,227.8,156.4
CHN_G2233,423250.0,1446750.0,80.292016,13.085968,4.91,3.95,0.654,72.0,0.758,0.043,0.108,50,256.8,3103.0,3024.6,1370.0,1898.9,44252.0,1128.4,0,0.0,693.1,2,468.7,647.8
CHN_G2234,423750.0,1446750.0,80.296628,13.085981,5.35,1.04,0.524,72.0,0.682,0.194,0.008,50,723.8,3478.6,3465.7,1796.1,2392.2,44695.3,0.0,0,0.0,1031.6,0,798.4,1146.6
CHN_G2235,424250.0,1446750.0,80.30124,13.085993,0.0,0.0,0.738,72.0,0.104,0.861,0.0,80,1192.2,3882.3,3921.0,2240.4,2769.1,45137.4,0.0,0,0.0,1440.9,0,1247.0,1646.2
CHN_G2236,402250.0,1447250.0,80.098299,13.089885,23.56,4.47,0.605,297.0,0.205,0.009,0.778,40,4667.4,2742.0,7307.8,471.6,18116.0,26782.3,0.0,0,0.0,3046.1,0,4452.4,13035.6
CHN_G2237,402750.0,1447250.0,80.102911,13.089901,18.31,1.74,0.878,290.0,0.359,0.0,0.641,10,4177.2,2753.9,6812.9,4.7,17667.3,27135.6,0.0,0,0.0,2936.6,0,4367.4,12762.1
CHN_G2238,403250.0,1447250.0,80.107523,13.089917,21.32,1.81,0.645,182.0,0.612,0.0,0.354,50,3689.5,2703.9,6318.8,411.8,17221.4,27493.5,0.0,0,0.0,2910.1,0,4338.7,12502.6
CHN_G2239,403750.0,1447250.0,80.112135,13.089933,27.29,6.14,0.253,288.0,0.501,0.0,0.455,50,3205.6,2745.5,5825.7,718.0,16778.6,27855.8,0.0,0,0.0,2968.8,0,4367.5,12258.0
CHN_G2240,404250.0,1447250.0,80.116747,13.089949,17.45,1.13,0.79,293.0,0.174,0.0,0.806,10,2727.5,2775.3,5334.0,1024.0,16339.1,28222.2,0.0,0,0.0,3107.9,0,4331.3,12029.2
CHN_G2241,404750.0,1447250.0,80.121359,13.089964,19.83,1.87,0.601,305.0,0.211,0.0,0.786,40,2258.9,2807.3,4843.8,1426.9,15903.1,28592.3,0.0,346,28540.3,3317.2,0,3888.6,11817.1
CHN_G2242,405250.0,1447250.0,80.125971,13.08998,18.77,1.84,0.609,310.0,0.409,0.0,0.581,50,1807.2,2925.7,4356.0,1807.3,15471.1,28965.8,0.0,316,34860.2,3291.8,0,3461.6,11622.7
CHN_G2243,405750.0,1447250.0,80.130582,13.089996,14.61,0.84,0.823,291.0,0.221,0.0,0.777,10,1386.7,3120.7,3871.2,1858.5,15043.2,29343.0,0.0,559,66061.4,3059.9,0,3056.8,11446.9
CHN_G2244,406250.0,1447250.0,80.135194,13.090011,15.43,1.22,0.749,317.0,0.414,0.0,0.581,50,997.1,3379.0,3390.9,1995.3,14619.9,29723.9,0.0,305,47563.3,2729.2,0,2684.3,11274.4
CHN_G2245,406750.0,1447250.0,80.139806,13.090027,20.51,1.65,0.413,302.0,0.268,0.0,0.731,10,516.3,3687.3,2917.1,1925.3,14201.6,30108.2,0.0,192,27208.5,2456.5,0,2359.3,10792.4
CHN_G2246,407250.0,1447250.0,80.144418,13.090042,18.06,2.5,0.542,339.0,0.703,0.0,0.29,50,187.9,4034.3,2453.9,1697.3,13788.8,30495.9,2720.1,83,15433.7,2262.8,0,2104.2,10312.2
CHN_G2247,407750.0,1447250.0,80.14903,13.090057,18.15,0.37,0.523,331.0,0.602,0.0,0.386,50,20.9,4410.7,2008.3,1598.4,13313.3,30886.9,9872.3,233,45421.2,2169.3,0,1946.5,9833.9
CHN_G2248,408250.0,1447250.0,80.153642,13.090072,15.07,0.32,0.696,323.0,0.218,0.0,0.777,10,131.4,4809.7,1595.3,1652.0,12820.7,31280.9,3715.9,238,33955.7,1781.4,0,1910.6,9357.9
CHN_G2249,408750.0,1447250.0,80.158254,13.090087,17.22,1.43,0.565,323.0,0.663,0.0,0.331,50,46.0,4406.6,1247.7,1844.7,12328.8,31677.9,10838.2,602,64638.6,1295.6,0,2002.9,8884.6
CHN_G2250,409250.0,1447250.0,80.162866,13.090102,17.28,2.14,0.559,323.0,0.503,0.0,0.489,50,100.2,3919.5,958.1,2027.5,11837.6,32077.8,7476.5,290,37405.8,827.0,2,2207.4,8414.3
CHN_G2251,409750.0,1447250.0,80.167478,13.090117,17.14,1.72,0.572,40.0,0.724,0.0,0.275,50,130.4,3436.1,477.8,2077.5,11347.2,32480.5,6703.3,90,11208.8,435.0,3,2229.0,7947.7
CHN_G2252,410250.0,1447250.0,80.17209,13.090132,15.46,0.86,0.671,37.0,0.799,0.0,0.191,50,3.6,2958.2,196.7,2124.2,10857.6,32885.9,15539.5,3,1869.0,348.6,5,1733.9,7485.3
CHN_G2253,410750.0,1447250.0,80.176702,13.090147,14.71,1.32,0.709,17.0,0.759,0.0,0.239,50,44.4,2489.0,585.6,2041.1,10369.0,33293.8,12958.4,268,70568.5,155.5,8,1242.8,7028.1
CHN_G2254,411250.0,1447250.0,80.181314,13.090162,16.19,1.1,0.602,17.0,0.94,0.0,0.056,50,15.7,2034.6,1070.1,1807.8,9881.5,33704.2,20524.0,394,104481.5,524.2,11,763.3,6577.2
CHN_G2255,411750.0,1447250.0,80.185926,13.090176,14.0,6.3,0.709,17.0,0.838,0.0,0.13,50,2.2,1607.4,649.6,1498.6,9395.4,34117.0,16229.3,287,93701.6,203.8,9,347.3,6133.9
CHN_G2256,412250.0,1447250.0,80.190538,13.090191,19.46,3.94,0.367,235.0,0.788,0.0,0.202,50,15.1,1236.1,175.9,1302.6,8910.8,34532.1,10210.5,75,52382.6,308.0,10,398.3,5699.9
CHN_G2257,412750.0,1447250.0,80.19515,13.090205,18.06,3.91,0.422,235.0,0.75,0.0,0.249,50,3.6,985.9,317.9,1254.6,8428.0,34949.4,16847.6,389,119789.4,493.4,11,834.6,5277.7
CHN_G2258,413250.0,1447250.0,80.199762,13.090219,16.16,1.87,0.512,235.0,0.86,0.0,0.136,50,49.3,875.1,816.3,1332.3,7947.3,35368.9,8218.1,347,106056.4,160.3,12,1317.1,4870.2
CHN_G2259,413750.0,1447250.0,80.204374,13.090234,16.5,1.93,0.461,235.0,0.488,0.0,0.494,10,127.9,506.1,915.8,1329.3,7469.1,35790.4,3289.0,278,100485.5,447.6,12,1496.0,4481.4
CHN_G2260,414250.0,1447250.0,80.208986,13.090248,11.72,5.49,0.721,330.0,0.688,0.0,0.312,50,158.8,300.3,997.4,1287.1,6994.1,36211.6,5299.2,358,115025.6,238.5,14,1006.6,4116.8
CHN_G2261,414750.0,1447250.0,80.213598,13.090262,15.88,2.44,0.46,330.0,0.869,0.0,0.127,50,17.1,273.3,497.9,1137.4,6522.7,36632.5,17283.2,312,109259.6,159.0,13,537.0,3783.2
CHN_G2262,415250.0,1447250.0,80.21821,13.090276,11.59,1.4,0.693,49.0,0.88,0.0,0.108,50,13.0,415.8,1.6,1067.1,6029.6,37055.3,18905.9,607,110783.1,123.3,18,252.3,3489.6
CHN_G2263,415750.0,1447250.0,80.222822,13.09029,16.29,1.65,0.4,49.0,0.736,0.0,0.264,50,0.6,250.1,501.1,1185.1,5529.7,37480.1,20038.4,604,120223.8,308.6,17,582.1,3246.9
CHN_G2264,416250.0,1447250.0,80.227434,13.090304,12.07,3.16,0.643,49.0,0.788,0.0,0.21,50,147.7,140.6,1000.2,1459.0,5029.8,37906.6,4980.2,419,96301.5,507.2,9,1055.5,3067.1
CHN_G2265,416750.0,1447250.0,80.232046,13.090318,12.62,1.62,0.592,49.0,0.529,0.0,0.458,50,40.0,394.4,1295.3,1802.0,4530.0,38335.0,3757.3,351,94468.0,482.7,13,1040.9,2961.7
CHN_G2266,417250.0,1447250.0,80.236658,13.090331,16.86,2.31,0.309,49.0,0.04,0.041,0.908,10,273.1,465.0,1210.7,2157.8,4030.1,38765.1,0.0,308,69802.0,503.2,18,604.2,2938.8
CHN_G2267,417750.0,1447250.0,80.24127,13.090345,11.42,1.08,0.602,49.0,0.582,0.0,0.418,50,27.1,559.8,1006.0,2276.1,3530.4,39196.8,8737.4,382,109075.0,127.9,19,383.0,3000.2
CHN_G2268,418250.0,1447250.0,80.245882,13.090358,11.17,2.13,0.581,49.0,0.65,0.0,0.349,50,142.1,227.2,769.9,2154.8,3030.7,39629.4,2964.6,467,121338.7,429.1,22,321.4,2929.1
CHN_G2269,418750.0,1447250.0,80.250494,13.090372,6.53,4.16,0.818,49.0,0.687,0.0,0.294,50,54.4,193.3,803.9,2135.9,2531.1,40062.7,3715.1,405,103890.4,191.1,24,595.5,2676.1
CHN_G2270,419250.0,1447250.0,80.255106,13.090385,11.95,0.99,0.453,49.0,0.916,0.0,0.082,50,4.0,642.3,949.0,1791.8,2031.5,40497.7,9218.4,393,101174.3,117.6,16,1051.7,2480.4
CHN_G2271,419750.0,1447250.0,80.259718,13.090398,7.47,2.11,0.675,149.0,0.931,0.0,0.065,50,2.7,1121.2,1180.8,1468.5,1532.0,40934.0,8790.3,279,70687.1,137.5,18,1066.2,2075.3
CHN_G2272,420250.0,1447250.0,80.264331,13.090412,12.59,2.02,0.367,72.0,0.902,0.0,0.096,50,27.4,1469.7,930.1,1242.2,1032.4,41371.9,5961.7,190,52805.4,387.3,16,1077.5,1720.9
CHN_G2273,420750.0,1447250.0,80.268943,13.090425,6.81,2.38,0.737,72.0,0.899,0.0,0.089,50,9.4,1642.7,914.3,1163.4,532.8,41811.1,9930.5,247,76962.2,115.4,8,701.8,1454.7
CHN_G2274,421250.0,1447250.0,80.273555,13.090438,4.32,2.37,0.906,72.0,0.56,0.0,0.401,50,193.9,1657.9,1143.1,1240.2,33.2,42251.5,2464.5,284,79812.9,613.7,14,289.5,1330.6
CHN_G2275,421750.0,1447250.0,80.278167,13.090451,18.1,2.69,0.105,72.0,0.997,0.0,0.003,50,100.8,1802.3,1509.2,1217.1,466.4,42692.3,2372.1,342,91076.3,228.7,14,418.4,962.2
CHN_G2276,422250.0,1447250.0,80.282779,13.090464,13.17,3.35,0.361,72.0,0.995,0.0,0.003,50,109.6,2061.0,1910.2,1233.0,966.0,43134.2,8228.5,399,98932.5,166.0,15,235.1,566.6
CHN_G2277,422750.0,1447250.0,80.287391,13.090476,14.24,4.59,0.236,72.0,0.94,0.0,0.055,50,193.9,2396.0,2347.7,1401.3,1465.5,43577.5,5690.1,254,70776.8,197.9,10,338.1,465.0
CHN_G2278,423250.0,1447250.0,80.292003,13.090489,5.66,0.86,0.664,72.0,0.86,0.097,0.03,50,85.9,2777.1,2806.2,1695.8,1965.1,44019.6,5003.4,273,117540.2,350.7,4,178.9,781.9
CHN_G2279,423750.0,1447250.0,80.296615,13.090502,7.58,3.44,0.43,72.0,0.317,0.509,0.006,80,555.4,3191.3,3276.8,2069.4,2464.7,44461.9,0.0,358,129442.6,734.9,3,670.6,1227.4
CHN_G2280,424250.0,1447250.0,80.301227,13.090514,6.07,2.14,0.405,72.0,0.635,0.276,0.0,50,1031.7,3627.1,3746.0,2478.5,2964.3,44905.4,0.0,168,50323.3,1161.0,0,1169.4,1703.4
CHN_G2281,402250.0,1447750.0,80.098283,13.094406,23.83,1.58,0.638,305.0,0.086,0.0,0.833,10,4601.0,3241.1,7393.2,151.8,18339.4,26428.5,0.0,0,0.0,2568.3,0,3966.8,13452.6
CHN_G2282,402750.0,1447750.0,80.102895,13.094422,21.82,0.86,0.717,311.0,0.376,0.0,0.622,10,4102.8,3246.2,6904.5,212.5,17896.3,26786.5,0.0,0,0.0,2442.4,0,3871.1,13187.7
CHN_G2283,403250.0,1447750.0,80.107507,13.094438,22.8,3.64,0.593,120.0,0.6,0.0,0.369,50,3605.1,3203.9,6417.4,643.1,17456.3,27149.0,0.0,0,0.0,2410.4,0,3838.7,12936.8
CHN_G2284,403750.0,1447750.0,80.112119,13.094454,20.35,1.83,0.695,229.0,0.422,0.0,0.572,50,3108.1,3239.1,5932.5,782.5,17019.6,27515.8,0.0,0,0.0,2481.0,0,3871.2,12700.5
CHN_G2285,404250.0,1447750.0,80.116731,13.094469,20.66,1.54,0.617,297.0,0.0,0.0,1.0,10,2612.2,3275.1,5450.4,817.5,16586.4,27886.2,0.0,0,0.0,2645.8,0,3966.9,12479.8
CHN_G2286,404750.0,1447750.0,80.121343,13.094485,19.22,0.62,0.659,308.0,0.008,0.0,0.985,10,2118.3,3302.3,4971.8,1100.3,16157.1,28260.2,0.0,0,0.0,2888.8,0,3669.3,12275.6
CHN_G2287,405250.0,1447750.0,80.125955,13.094501,21.35,2.2,0.48,309.0,0.475,0.0,0.522,50,1628.1,3403.6,4497.8,1356.2,15719.3,28638.0,0.0,0,0.0,3192.2,0,3213.3,12088.5
CHN_G2288,405750.0,1447750.0,80.130567,13.094516,17.2,2.39,0.692,319.0,0.172,0.0,0.828,10,1146.3,3572.6,4030.1,1366.2,15222.5,29019.5,0.0,0,0.0,2944.6,0,2772.5,11892.6
CHN_G2289,406250.0,1447750.0,80.135179,13.094532,21.98,1.3,0.384,309.0,0.719,0.0,0.281,50,690.6,3800.3,3571.2,1547.1,14725.9,29404.5,0.0,0,0.0,2690.3,0,2355.4,11414.8
CHN_G2290,406750.0,1447750.0,80.139791,13.094547,22.88,0.44,0.294,302.0,0.517,0.0,0.48,50,364.0,4076.9,3125.0,1536.3,14229.6,29793.0,0.0,0,0.0,2486.7,0,1977.2,10939.1
CHN_G2291,407250.0,1447750.0,80.144403,13.094563,20.41,0.64,0.422,339.0,0.817,0.0,0.174,50,35.4,4393.1,2697.6,1238.7,13733.6,30184.7,7631.5,0,0.0,2225.1,0,1664.5,10465.6
CHN_G2292,407750.0,1447750.0,80.149015,13.094578,15.63,1.59,0.691,320.0,0.677,0.0,0.274,50,25.6,4741.2,2299.8,1099.3,13237.8,30579.6,9714.8,0,0.0,2053.8,0,1460.0,9994.6
CHN_G2293,408250.0,1447750.0,80.153627,13.094593,16.33,3.26,0.635,259.0,0.559,0.0,0.393,50,68.1,4822.7,1949.5,1175.7,12742.4,30977.6,3353.7,0,0.0,1945.0,0,1411.7,9526.7
CHN_G2294,408750.0,1447750.0,80.158239,13.094608,19.5,2.82,0.445,259.0,0.71,0.0,0.286,50,38.9,4325.2,1595.2,1434.0,12247.3,31378.5,8631.9,0,0.0,1512.7,0,1534.3,9062.1
CHN_G2295,409250.0,1447750.0,80.162851,13.094623,16.31,1.98,0.63,227.0,0.662,0.0,0.318,50,53.1,3828.5,1164.1,1527.7,11752.7,31782.1,3866.3,0,0.0,1137.3,0,1793.2,8601.6
CHN_G2296,409750.0,1447750.0,80.167463,13.094638,17.79,1.95,0.543,102.0,0.667,0.0,0.313,50,23.0,3332.7,815.8,1593.3,11258.5,32188.5,2606.8,0,0.0,893.8,2,2139.3,8145.7
CHN_G2297,410250.0,1447750.0,80.172075,13.094653,13.56,0.54,0.795,102.0,0.645,0.0,0.342,50,9.5,2838.4,689.8,1801.0,10764.9,32597.5,13889.2,247,34354.8,584.7,2,1879.3,7695.2
CHN_G2298,410750.0,1447750.0,80.176687,13.094668,16.7,1.3,0.6,5.0,0.899,0.0,0.096,50,33.6,2346.6,886.7,1787.1,10271.9,33009.0,11991.4,328,32873.7,494.6,3,1438.6,7251.3
CHN_G2299,411250.0,1447750.0,80.181299,13.094682,17.82,3.18,0.523,235.0,0.947,0.0,0.047,50,5.4,1858.0,1073.1,1731.2,9779.6,33422.9,30553.1,580,66422.7,80.6,5,1052.5,6815.1
CHN_G2300,411750.0,1447750.0,80.185911,13.094697,16.62,2.0,0.571,235.0,0.953,0.0,0.032,50,24.6,1377.1,573.8,1645.5,9288.2,33839.1,24260.5,337,51627.1,40.9,6,803.5,6388.3
CHN_G2301,412250.0,1447750.0,80.190523,13.094712,15.0,1.9,0.656,235.0,0.827,0.0,0.142,50,6.5,916.8,75.8,1410.6,8797.7,34257.6,15338.7,307,49914.6,494.3,6,826.9,5972.9
CHN_G2302,412750.0,1447750.0,80.195135,13.094726,14.23,2.4,0.675,235.0,0.662,0.0,0.336,50,22.2,533.7,420.4,1331.2,8308.3,34678.2,10820.3,550,66008.0,304.5,6,1105.3,5571.4
CHN_G2303,413250.0,1447750.0,80.199747,13.09474,15.54,2.91,0.571,235.0,0.802,0.0,0.191,50,22.3,387.6,402.9,1433.2,7820.2,35100.6,14052.5,489,65123.6,149.2,6,1503.2,5187.0
CHN_G2304,413750.0,1447750.0,80.204359,13.094755,14.56,0.86,0.597,235.0,0.814,0.0,0.184,50,2.9,242.8,479.2,1684.1,7333.8,35520.6,20092.1,575,70944.6,390.6,5,1495.6,4823.9
CHN_G2305,414250.0,1447750.0,80.208972,13.094769,11.58,0.67,0.75,330.0,0.827,0.0,0.165,50,136.8,126.3,892.7,1786.8,6849.4,35942.6,6388.0,502,82049.6,261.6,6,1006.1,4487.1
CHN_G2306,414750.0,1447750.0,80.213584,13.094783,12.71,2.4,0.664,330.0,0.673,0.0,0.317,50,240.4,198.3,522.0,1616.6,6367.3,36366.6,917.8,252,44451.3,349.7,10,536.1,4183.2
CHN_G2307,415250.0,1447750.0,80.218196,13.094797,12.09,3.1,0.674,330.0,0.563,0.0,0.436,50,97.9,83.6,85.6,1567.0,5888.2,36792.4,3026.3,131,28398.6,179.6,8,250.3,3919.7
CHN_G2308,415750.0,1447750.0,80.222808,13.094811,15.47,2.23,0.455,49.0,0.669,0.0,0.327,50,120.6,135.3,492.1,1653.8,5413.0,37220.2,4021.7,106,23431.9,222.4,6,581.3,3705.2
CHN_G2309,416250.0,1447750.0,80.22742,13.094825,14.05,3.1,0.528,49.0,0.922,0.0,0.078,50,116.1,450.2,887.7,1863.3,4942.6,37649.7,2721.8,247,79904.3,459.8,4,1055.1,3548.7
CHN_G2310,416750.0,1447750.0,80.232032,13.094838,12.49,2.42,0.594,49.0,0.921,0.0,0.077,50,124.8,785.2,803.8,2162.7,4478.6,38080.9,4876.0,270,109808.0,458.7,7,975.6,3458.1
CHN_G2311,417250.0,1447750.0,80.236644,13.094852,12.97,0.89,0.524,49.0,0.964,0.0,0.034,50,20.4,948.3,721.0,2508.7,4023.2,38513.5,6996.6,349,117622.9,339.8,16,483.1,3438.4
CHN_G2312,417750.0,1447750.0,80.241256,13.094866,13.97,7.28,0.429,49.0,0.87,0.0,0.128,50,6.6,922.6,638.5,2752.1,3548.4,38946.5,8086.4,335,87420.7,162.4,15,122.5,3491.1
CHN_G2313,418250.0,1447750.0,80.245869,13.094879,9.84,0.95,0.631,49.0,0.88,0.0,0.118,50,89.0,441.4,305.5,2650.0,3050.3,39381.0,4714.9,347,96600.3,324.0,15,306.2,3204.1
CHN_G2314,418750.0,1447750.0,80.250481,13.094893,8.38,3.06,0.679,49.0,0.865,0.0,0.123,50,67.2,39.1,315.1,2498.8,2552.3,39817.1,6328.9,380,109928.3,331.5,7,613.0,2724.1
CHN_G2315,419250.0,1447750.0,80.255093,13.094906,9.33,2.03,0.581,149.0,0.969,0.0,0.028,50,115.5,456.5,553.1,2165.5,2054.2,40254.7,6213.1,323,96696.8,490.3,12,711.7,2252.9
CHN_G2316,419750.0,1447750.0,80.259705,13.094919,7.71,2.63,0.637,149.0,0.908,0.0,0.082,50,64.9,763.8,870.1,1901.7,1555.6,40693.7,10735.1,376,121782.8,184.5,13,567.3,1797.2
CHN_G2317,420250.0,1447750.0,80.264317,13.094933,8.58,0.7,0.587,149.0,0.941,0.0,0.05,50,24.4,1139.7,477.3,1723.5,1055.6,41133.9,7420.5,288,107264.3,531.6,12,722.8,1372.7
CHN_G2318,420750.0,1447750.0,80.268929,13.094946,9.25,5.19,0.583,131.0,0.599,0.0,0.388,50,34.7,1146.0,445.8,1663.4,555.6,41574.6,4577.5,261,71678.6,534.0,2,707.4,1019.2
CHN_G2319,421250.0,1447750.0,80.273541,13.094959,7.0,6.56,0.745,131.0,0.777,0.019,0.187,50,211.7,1166.0,806.1,1721.1,55.6,42016.4,1216.8,513,111528.7,319.7,12,302.8,832.7
CHN_G2320,421750.0,1447750.0,80.278154,13.094972,12.42,3.7,0.449,72.0,0.934,0.0,0.058,50,107.8,1363.5,1229.9,1716.6,444.4,42459.5,5196.3,206,60802.7,203.0,13,281.6,920.8
CHN_G2321,422250.0,1447750.0,80.282766,13.094985,14.75,1.05,0.282,72.0,0.998,0.0,0.001,50,34.9,1689.0,1695.7,1726.4,944.4,42901.9,6553.4,175,54934.5,237.4,19,224.9,1006.4
CHN_G2322,422750.0,1447750.0,80.287378,13.094997,14.22,2.38,0.261,72.0,0.982,0.0,0.013,50,20.3,2079.5,2168.4,1852.5,1444.4,43344.1,5524.4,316,70232.3,215.9,18,233.6,952.9
CHN_G2323,423250.0,1447750.0,80.29199,13.09501,13.98,7.88,0.192,72.0,0.965,0.0,0.034,50,29.3,2509.2,2634.4,2089.5,1944.4,43787.4,5725.2,445,99375.0,61.7,5,185.6,1141.6
CHN_G2324,423750.0,1447750.0,80.296602,13.095023,0.0,0.0,0.899,72.0,0.142,0.832,0.0,80,404.7,2953.7,3110.8,2402.6,2444.4,44232.0,0.0,403,112368.1,558.2,3,579.4,1482.7
CHN_G2325,424250.0,1447750.0,80.301215,13.095035,0.0,0.0,0.783,72.0,0.24,0.67,0.0,80,880.3,3409.7,3593.3,2771.1,2944.4,44677.7,0.0,305,94496.1,1058.0,0,1066.3,1895.6
CHN_G2326,424750.0,1447750.0,80.305827,13.095048,0.0,0.0,0.669,72.0,0.094,0.861,0.028,80,1353.7,3876.6,4080.0,3171.7,3444.4,45124.5,0.0,350,102222.1,1558.0,0,1561.5,2267.1
CHN_G2327,402250.0,1448250.0,80.098266,13.098926,23.55,2.5,0.706,322.0,0.106,0.0,0.879,10,4588.5,3740.4,7511.0,160.6,18573.5,26079.6,0.0,316,82122.2,2072.1,0,3485.2,13875.1
CHN_G2328,402750.0,1448250.0,80.102878,13.098942,21.96,0.27,0.762,321.0,0.257,0.0,0.742,40,4088.7,3740.5,7030.5,541.7,18136.2,26442.3,0.0,284,86414.0,1951.0,0,3375.9,13618.4
CHN_G2329,403250.0,1448250.0,80.10749,13.098958,24.05,1.78,0.563,92.0,0.825,0.0,0.17,50,3589.0,3703.9,6552.8,659.5,17665.7,26809.4,0.0,229,74284.8,1910.9,0,3338.7,13375.5
CHN_G2330,403750.0,1448250.0,80.112102,13.098974,23.53,1.7,0.544,323.0,0.697,0.0,0.303,50,3089.4,3734.3,6078.7,302.6,17167.0,27180.1,0.0,380,108298.7,1999.2,0,3376.0,13147.2
CHN_G2331,404250.0,1448250.0,80.116715,13.09899,18.76,0.17,0.757,325.0,0.025,0.0,0.975,10,2590.0,3775.0,5609.2,393.5,16668.4,27554.6,0.0,275,80844.2,2200.4,0,3485.3,12934.1
CHN_G2332,404750.0,1448250.0,80.121327,13.099006,19.28,1.07,0.679,326.0,0.083,0.0,0.917,10,2090.8,3798.7,5145.3,834.9,16169.8,27933.0,0.0,322,84019.3,2487.3,0,3508.1,12737.1
CHN_G2333,405250.0,1448250.0,80.125939,13.099022,17.02,1.27,0.753,305.0,0.038,0.0,0.944,10,1592.2,3887.0,4688.9,866.9,15671.4,28315.2,0.0,247,65410.7,2834.1,0,3027.9,12520.2
CHN_G2334,405750.0,1448250.0,80.130551,13.099037,17.75,3.12,0.67,33.0,0.298,0.0,0.578,50,1094.8,4035.8,4242.4,882.4,15173.1,28701.0,0.0,251,95455.2,2550.3,0,2555.2,12046.6
CHN_G2335,406250.0,1448250.0,80.135163,13.099053,21.07,1.29,0.45,33.0,0.689,0.0,0.31,50,601.7,4238.7,3809.1,1142.7,14674.8,29090.2,0.0,327,117862.8,2251.9,0,2095.4,11575.2
CHN_G2336,406750.0,1448250.0,80.139775,13.099068,20.41,0.85,0.455,295.0,0.774,0.0,0.218,50,159.9,4488.3,3394.3,1230.3,14176.7,29482.8,1288.4,237,62548.8,2034.3,0,1658.9,11106.3
CHN_G2337,407250.0,1448250.0,80.144387,13.099084,15.0,0.0,0.763,234.0,0.268,0.08,0.34,90,180.5,4777.5,3005.5,829.3,13678.7,29878.7,4509.7,0,0.0,1790.2,0,1270.1,10640.2
CHN_G2338,407750.0,1448250.0,80.148999,13.099099,16.74,1.91,0.646,252.0,0.496,0.006,0.448,50,58.6,5099.3,2654.2,601.4,13180.9,30277.6,5568.8,0,0.0,1572.2,0,987.1,10177.4
CHN_G2339,408250.0,1448250.0,80.153611,13.099114,14.97,0.66,0.736,340.0,0.468,0.0,0.478,50,234.0,4800.5,2274.1,731.9,12683.3,30679.4,1208.2,0,0.0,1496.4,0,914.1,9718.2
CHN_G2340,408750.0,1448250.0,80.158223,13.099129,17.61,3.41,0.578,227.0,0.774,0.001,0.188,50,93.5,4300.5,1866.0,1001.0,12185.8,31084.1,6499.4,0,0.0,1583.1,0,1094.0,9263.3
CHN_G2341,409250.0,1448250.0,80.162836,13.099144,17.92,4.73,0.549,102.0,0.706,0.0,0.286,50,79.4,3800.5,1514.0,1028.0,11688.6,31491.6,6903.4,0,0.0,1550.2,0,1434.6,8813.3
CHN_G2342,409750.0,1448250.0,80.167448,13.099159,18.86,8.95,0.479,102.0,0.633,0.0,0.348,50,84.2,3300.5,1266.0,1123.3,11191.6,31901.7,5789.2,0,0.0,1288.3,0,1849.2,8368.9
CHN_G2343,410250.0,1448250.0,80.17206,13.099174,17.34,1.04,0.565,5.0,0.843,0.0,0.147,50,1.9,2800.6,1188.7,1402.3,10694.9,32314.3,15150.1,0,0.0,1030.7,0,2134.6,7931.1
CHN_G2344,410750.0,1448250.0,80.176672,13.099189,18.31,3.68,0.494,5.0,0.934,0.0,0.057,50,27.4,2300.6,1312.8,1300.0,10198.5,32729.3,13116.8,0,0.0,664.0,2,1759.2,7501.2
CHN_G2345,411250.0,1448250.0,80.181284,13.099203,16.12,3.56,0.615,1.0,0.772,0.0,0.224,50,78.9,1800.7,1158.1,1232.9,9702.5,33146.7,11896.3,0,0.0,420.8,2,1460.4,7080.4
CHN_G2346,411750.0,1448250.0,80.185896,13.099218,17.21,1.5,0.526,235.0,0.858,0.0,0.138,50,25.7,1300.8,721.0,1184.8,9206.9,33566.4,12775.8,0,0.0,509.4,4,1292.6,6670.6
CHN_G2347,412250.0,1448250.0,80.190508,13.099232,17.62,2.21,0.49,235.0,0.899,0.0,0.091,50,37.0,801.1,445.3,953.5,8711.8,33988.2,12816.7,0,0.0,454.1,3,1307.2,6273.9
CHN_G2348,412750.0,1448250.0,80.195121,13.099247,12.62,1.72,0.76,235.0,0.698,0.0,0.299,50,50.4,302.5,114.9,831.4,8217.3,34409.0,11594.4,0,0.0,233.6,3,1498.9,5892.9
CHN_G2349,413250.0,1448250.0,80.199733,13.099261,14.83,1.99,0.599,235.0,0.855,0.0,0.143,50,53.0,83.3,15.9,986.6,7723.5,34830.2,7311.5,0,0.0,272.5,3,1812.4,5531.0
CHN_G2350,413750.0,1448250.0,80.204345,13.099275,14.95,3.58,0.561,1.0,0.783,0.0,0.21,50,65.9,216.0,316.7,1324.9,7230.6,35253.3,3486.8,0,0.0,623.7,7,1654.1,5191.9
CHN_G2351,414250.0,1448250.0,80.208957,13.09929,12.22,1.45,0.695,330.0,0.58,0.0,0.42,50,354.0,410.0,813.8,1741.2,6738.7,35678.5,0.0,0,0.0,358.9,6,1229.3,4880.7
CHN_G2352,414750.0,1448250.0,80.213569,13.099304,11.6,1.13,0.716,330.0,0.404,0.0,0.596,10,120.4,675.2,778.9,2105.4,6248.2,36105.6,4137.3,0,0.0,72.9,10,886.8,4602.8
CHN_G2353,415250.0,1448250.0,80.218181,13.099318,13.14,1.18,0.6,330.0,0.19,0.0,0.807,10,3.3,583.3,555.7,2066.9,5759.2,36534.5,7058.2,91,28430.6,459.5,7,749.4,4364.7
CHN_G2354,415750.0,1448250.0,80.222794,13.099332,12.28,1.99,0.634,28.0,0.329,0.0,0.671,10,49.8,619.2,461.5,2133.9,5272.3,36965.2,5590.7,298,57417.4,544.3,6,914.8,4173.1
CHN_G2355,416250.0,1448250.0,80.227406,13.099346,12.37,1.41,0.617,28.0,0.694,0.0,0.304,50,22.4,828.9,399.8,2302.7,4788.1,37397.7,10011.4,413,74604.6,303.4,5,1269.7,4034.8
CHN_G2356,416750.0,1448250.0,80.232018,13.099359,14.97,1.33,0.436,289.0,0.867,0.0,0.131,50,49.2,1157.2,314.5,2557.2,4307.5,37830.3,6522.5,576,90064.3,188.7,5,1149.0,3955.3
CHN_G2357,417250.0,1448250.0,80.23663,13.099373,11.83,0.2,0.581,289.0,0.898,0.0,0.102,50,13.6,1439.1,231.7,2867.9,3831.9,38264.5,5692.1,460,68214.4,144.0,9,775.7,3938.2
CHN_G2358,417750.0,1448250.0,80.241243,13.099387,9.73,3.83,0.667,289.0,0.717,0.0,0.281,50,145.3,1054.7,140.9,3215.7,3363.4,38700.2,5447.3,529,68612.0,155.7,8,619.1,3610.4
CHN_G2359,418250.0,1448250.0,80.245855,13.0994,5.94,3.09,0.841,289.0,0.376,0.0,0.618,10,165.1,574.6,4.2,3146.7,2905.3,39137.5,2489.3,488,74662.3,177.3,7,627.4,3112.8
CHN_G2360,418750.0,1448250.0,80.250467,13.099414,7.98,1.97,0.677,289.0,0.84,0.003,0.149,50,105.8,162.5,169.3,2867.5,2460.0,39576.2,5334.4,273,73631.3,546.5,6,156.4,2616.1
CHN_G2361,419250.0,1448250.0,80.255079,13.099427,8.29,5.44,0.611,149.0,0.838,0.0,0.106,50,21.9,58.3,459.7,2582.2,1999.6,40016.4,6748.6,251,57502.4,514.6,9,394.1,2120.9
CHN_G2362,419750.0,1448250.0,80.259691,13.09944,6.47,4.88,0.675,149.0,0.828,0.0,0.168,50,20.6,434.1,787.3,2354.6,1513.1,40457.0,7323.1,93,32158.9,92.3,7,81.7,1628.7
CHN_G2363,420250.0,1448250.0,80.264304,13.099454,7.67,2.04,0.604,149.0,0.981,0.0,0.015,50,13.6,697.2,301.1,2213.1,1025.7,40898.6,15000.9,69,43073.1,409.3,6,455.4,1143.3
CHN_G2364,420750.0,1448250.0,80.268916,13.099467,7.27,2.96,0.67,131.0,0.439,0.0,0.53,10,107.3,651.8,115.3,2163.4,537.4,41341.6,4312.7,159,70035.2,749.8,2,952.9,679.5
CHN_G2365,421250.0,1448250.0,80.273528,13.09948,3.73,1.23,0.921,131.0,0.806,0.036,0.155,50,77.8,686.0,608.3,2209.3,41.6,41784.1,4535.8,368,102181.9,327.2,10,774.4,340.8
CHN_G2366,421750.0,1448250.0,80.27814,13.099493,11.9,3.71,0.474,131.0,0.981,0.0,0.018,50,33.8,982.2,1053.6,2216.0,454.2,42226.3,5909.4,320,102261.4,192.5,17,391.0,520.2
CHN_G2367,422250.0,1448250.0,80.282753,13.099505,15.03,1.92,0.276,131.0,0.996,0.0,0.003,50,30.2,1391.6,1531.7,2222.6,950.2,42669.5,7568.2,223,74023.0,26.9,20,133.5,826.3
CHN_G2368,422750.0,1448250.0,80.287365,13.099518,12.5,6.34,0.387,131.0,0.969,0.0,0.02,50,56.8,1835.8,2020.2,2323.7,1448.2,43114.0,7636.8,302,97435.4,67.4,19,51.1,1192.8
CHN_G2369,423250.0,1448250.0,80.291977,13.099531,16.69,2.13,0.06,72.0,0.987,0.0,0.011,50,34.9,2296.0,2513.1,2518.5,1947.2,43559.6,4699.3,354,121099.2,354.7,8,325.7,1579.5
CHN_G2370,423750.0,1448250.0,80.29659,13.099544,6.25,1.55,0.556,72.0,0.538,0.375,0.014,50,254.2,2770.1,3008.4,2786.1,2446.6,44006.5,982.9,271,98321.6,659.8,2,638.2,1525.1
CHN_G2371,424250.0,1448250.0,80.301202,13.099556,0.0,0.2,0.807,72.0,0.04,0.948,0.0,80,743.2,3251.9,3505.1,3109.5,2946.3,44454.4,0.0,346,104624.5,1115.7,0,1099.4,1611.0
CHN_G2372,424750.0,1448250.0,80.305814,13.099569,1.89,0.92,0.572,72.0,0.084,0.613,0.161,80,1231.9,3738.6,4002.6,3475.1,3446.0,44903.5,0.0,405,110528.9,1598.2,0,1584.3,1834.3
CHN_G2373,402250.0,1448750.0,80.09825,13.103447,32.04,1.98,0.252,21.0,0.804,0.0,0.195,50,4630.2,4239.9,7659.7,511.4,18636.4,25735.6,0.0,397,125286.5,1578.3,0,3009.6,14302.6
CHN_G2374,402750.0,1448750.0,80.102862,13.103463,31.46,1.54,0.255,205.0,0.659,0.01,0.312,50,4135.5,4236.2,7189.1,598.0,18136.9,26103.1,0.0,455,97708.5,1465.6,0,2882.4,14053.7
CHN_G2375,403250.0,1448750.0,80.107474,13.103479,24.63,5.42,0.583,13.0,0.539,0.065,0.303,50,3642.2,4203.8,6722.7,174.5,17637.3,26474.1,0.0,399,89323.0,1411.8,0,2838.7,13818.5
CHN_G2376,403750.0,1448750.0,80.112086,13.103495,22.13,0.59,0.676,13.0,0.832,0.0,0.167,50,3151.0,4230.7,6261.5,65.6,17137.8,26849.1,0.0,264,64161.6,1529.1,0,2882.5,13597.6
CHN_G2377,404250.0,1448750.0,80.116698,13.103511,19.69,0.36,0.744,335.0,0.18,0.0,0.82,40,2663.2,4275.0,5806.8,375.5,16638.3,27228.2,0.0,341,81955.6,1784.1,0,3009.8,13391.7
CHN_G2378,404750.0,1448750.0,80.121311,13.103527,19.38,2.2,0.714,338.0,0.179,0.0,0.821,10,2180.8,4295.8,5360.1,797.8,16138.8,27611.0,0.0,351,82385.4,2128.0,0,3210.8,13155.9
CHN_G2379,405250.0,1448750.0,80.125923,13.103542,21.31,1.94,0.534,32.0,0.511,0.0,0.486,50,1708.7,4374.1,4923.6,404.6,15639.4,27997.6,0.0,460,98958.8,2524.5,0,2917.3,12686.3
CHN_G2380,405750.0,1448750.0,80.130535,13.103558,21.17,0.38,0.496,24.0,0.552,0.0,0.402,50,1258.2,4506.9,4500.4,436.9,15140.0,28387.7,0.0,447,103565.3,2199.5,0,2423.2,12219.1
CHN_G2381,406250.0,1448750.0,80.135147,13.103574,19.71,2.12,0.571,24.0,0.698,0.0,0.302,50,864.0,4689.4,4094.6,807.8,14640.6,28781.2,0.0,397,106748.9,1845.3,0,1932.2,11754.6
CHN_G2382,406750.0,1448750.0,80.139759,13.103589,15.77,3.75,0.781,295.0,0.59,0.104,0.116,50,640.3,4916.3,3711.8,968.3,14141.3,29178.0,0.0,248,75506.6,1572.3,0,1447.2,11293.2
CHN_G2383,407250.0,1448750.0,80.144371,13.103604,15.0,0.0,0.82,34.0,0.035,0.759,0.031,80,565.1,5181.5,3359.9,584.0,13642.0,29577.9,0.0,336,97070.8,1399.5,0,977.6,10835.2
CHN_G2384,407750.0,1448750.0,80.148984,13.10362,15.4,0.35,0.777,64.0,0.341,0.124,0.373,50,136.6,5327.4,2966.2,122.9,13142.8,29980.8,2331.9,282,84807.4,1107.1,0,563.1,10381.0
CHN_G2385,408250.0,1448750.0,80.153596,13.103635,22.45,2.04,0.335,4.0,0.567,0.0,0.417,50,99.8,4830.2,2570.7,431.7,12643.7,30386.6,7767.0,240,87740.9,996.4,1,422.2,9931.3
CHN_G2386,408750.0,1448750.0,80.158208,13.10365,17.47,4.1,0.624,4.0,0.657,0.0,0.339,50,83.3,4333.6,2217.9,511.2,12144.6,30795.1,4364.6,294,95689.8,1122.5,0,734.5,9486.6
CHN_G2387,409250.0,1448750.0,80.16282,13.103665,19.61,1.12,0.468,102.0,0.559,0.0,0.428,50,236.7,3838.0,1931.2,528.5,11645.6,31206.3,811.7,301,82956.5,1423.8,0,1183.6,9047.7
CHN_G2388,409750.0,1448750.0,80.167432,13.10368,17.84,0.45,0.533,5.0,0.456,0.0,0.538,50,25.3,3343.6,1743.5,696.2,11146.7,31620.1,7036.3,317,74107.5,1697.1,0,1662.0,8615.4
CHN_G2389,410250.0,1448750.0,80.172045,13.103695,16.63,1.25,0.585,5.0,0.887,0.0,0.098,50,101.6,2851.2,1688.3,1090.6,10647.9,32036.3,5813.1,303,94505.2,1369.4,0,2150.2,8190.8
CHN_G2390,410750.0,1448750.0,80.176657,13.103709,13.43,2.82,0.754,1.0,0.739,0.0,0.259,50,28.2,2362.0,1777.8,828.5,10149.2,32455.0,10573.6,300,99367.0,1054.3,0,2149.4,7775.2
CHN_G2391,411250.0,1448750.0,80.181269,13.103724,15.7,2.05,0.603,1.0,0.929,0.0,0.062,50,4.7,1878.5,1425.1,733.6,9650.6,32875.8,22139.9,330,108853.8,747.7,2,1912.5,7370.1
CHN_G2392,411750.0,1448750.0,80.185881,13.103739,17.92,2.75,0.446,235.0,0.676,0.0,0.32,50,27.5,1406.6,985.2,686.2,9152.3,33297.9,10460.0,89,27751.6,445.0,1,1787.7,6977.4
CHN_G2393,412250.0,1448750.0,80.190494,13.103753,16.39,2.18,0.526,235.0,0.767,0.0,0.233,50,276.0,963.4,485.9,573.0,8654.0,33718.1,295.9,0,0.0,580.5,2,1798.3,6599.1
CHN_G2394,412750.0,1448750.0,80.195106,13.103768,11.57,4.22,0.792,235.0,0.608,0.037,0.228,50,166.4,614.7,13.4,332.3,8156.1,34140.4,1461.1,0,0.0,718.6,3,1942.1,6238.1
CHN_G2395,413250.0,1448750.0,80.199718,13.103782,16.1,5.07,0.497,1.0,0.82,0.0,0.107,50,48.9,572.3,512.4,626.5,7658.3,34564.8,11723.8,0,0.0,737.1,3,2193.1,5897.3
CHN_G2396,413750.0,1448750.0,80.20433,13.103796,13.85,1.34,0.603,1.0,0.943,0.0,0.05,50,12.6,683.4,629.6,1055.7,7160.9,34991.2,7718.8,0,0.0,435.9,5,1932.6,5580.6
CHN_G2397,414250.0,1448750.0,80.208943,13.103811,13.85,1.15,0.583,330.0,0.938,0.013,0.039,50,56.3,870.8,982.0,1510.3,6663.9,35419.5,8901.6,0,0.0,141.6,5,1584.4,5292.2
CHN_G2398,414750.0,1448750.0,80.213555,13.103825,14.83,3.33,0.519,330.0,0.887,0.022,0.09,50,29.7,1093.4,658.1,1972.0,6167.4,35849.7,7366.4,0,0.0,276.8,5,1336.2,5037.1
CHN_G2399,415250.0,1448750.0,80.218167,13.103839,6.5,0.98,0.996,330.0,0.262,0.362,0.353,80,310.7,1083.1,160.7,2442.6,5671.4,36281.6,0.0,0,0.0,638.1,5,1221.2,4820.5
CHN_G2400,415750.0,1448750.0,80.22278,13.103853,15.33,3.95,0.458,28.0,0.31,0.0,0.689,10,482.5,1115.7,34.6,2621.1,5176.3,36714.3,0.0,0,0.0,719.4,3,921.2,4647.8
CHN_G2401,416250.0,1448750.0,80.227392,13.103867,13.75,4.77,0.539,28.0,0.054,0.0,0.946,10,411.0,1253.3,96.3,2762.8,4682.2,37148.0,0.0,0,0.0,601.6,5,840.2,4524.0
CHN_G2402,416750.0,1448750.0,80.232004,13.10388,8.86,1.41,0.805,289.0,0.416,0.0,0.584,10,198.0,1530.8,173.7,2978.2,4189.5,37583.4,324.7,0,0.0,556.0,9,1031.2,4453.2
CHN_G2403,417250.0,1448750.0,80.236616,13.103894,17.8,2.24,0.234,289.0,0.303,0.0,0.697,10,274.0,1690.4,256.5,3256.7,3698.7,38020.3,0.0,0,0.0,553.5,11,1212.5,4099.2
CHN_G2404,417750.0,1448750.0,80.241229,13.103908,10.76,2.96,0.608,289.0,0.384,0.0,0.616,10,204.9,1251.4,326.0,3573.9,3210.8,38458.8,574.5,0,0.0,426.1,12,1118.8,3599.7
CHN_G2405,418250.0,1448750.0,80.245841,13.103921,9.37,2.2,0.632,289.0,0.839,0.0,0.156,50,125.7,866.4,13.8,3571.5,2727.3,38898.8,3647.7,0,0.0,588.9,9,736.4,3100.3
CHN_G2406,418750.0,1448750.0,80.250453,13.103935,12.25,1.74,0.409,149.0,0.882,0.0,0.112,50,58.9,635.0,449.2,3271.2,2250.9,39339.4,7041.1,0,0.0,264.3,5,416.1,2601.3
CHN_G2407,419250.0,1448750.0,80.255066,13.103948,4.15,2.49,0.838,149.0,0.68,0.0,0.259,50,145.2,249.2,785.2,3019.5,1787.6,39780.9,3370.1,0,0.0,541.2,6,551.4,2102.6
CHN_G2408,419750.0,1448750.0,80.259678,13.103961,2.9,0.32,0.86,149.0,0.54,0.002,0.43,50,197.2,189.2,948.1,2823.4,1342.1,40223.8,677.3,0,0.0,492.7,4,437.7,1604.9
CHN_G2409,420250.0,1448750.0,80.26429,13.103974,8.3,1.02,0.53,149.0,0.936,0.002,0.044,50,2.6,203.2,467.7,2706.5,898.3,40666.4,7675.8,161,53097.7,633.8,4,626.3,1109.1
CHN_G2410,420750.0,1448750.0,80.268903,13.103988,7.79,0.35,0.597,131.0,0.288,0.0,0.712,10,247.5,167.5,23.1,2663.4,423.2,41108.5,1305.9,211,58960.3,1029.9,0,1045.4,620.1
CHN_G2411,421250.0,1448750.0,80.273515,13.104001,6.32,2.7,0.73,131.0,0.562,0.03,0.4,50,30.1,277.1,472.3,2701.8,61.9,41551.6,4770.0,241,53229.3,737.3,5,954.0,197.5
CHN_G2412,421750.0,1448750.0,80.278127,13.104014,10.71,3.85,0.518,131.0,0.86,0.0,0.133,50,6.9,717.9,968.4,2714.8,548.0,41996.0,7835.3,251,58391.8,362.9,18,596.5,165.5
CHN_G2413,422250.0,1448750.0,80.28274,13.104026,13.87,7.42,0.337,131.0,0.731,0.0,0.269,50,72.8,1190.4,1466.1,2720.2,1035.4,42441.6,4881.0,310,59484.5,53.7,23,549.3,517.2
CHN_G2414,422750.0,1448750.0,80.287352,13.104039,9.3,3.24,0.582,131.0,0.782,0.0,0.218,50,13.7,1678.9,1963.9,2804.9,1522.8,42888.4,7257.3,274,66125.4,244.1,18,466.0,1003.8
CHN_G2415,423250.0,1448750.0,80.291964,13.104052,5.06,0.36,0.762,131.0,0.813,0.0,0.186,50,171.0,2172.7,2462.6,2968.3,2011.0,43336.4,2820.4,383,62822.4,606.9,15,709.9,1132.1
CHN_G2416,423750.0,1448750.0,80.296577,13.104065,6.15,0.69,0.581,131.0,0.84,0.089,0.034,50,284.8,2668.8,2961.7,3202.0,2503.1,43785.5,450.1,233,55219.7,841.4,7,989.4,1025.2
CHN_G2417,424250.0,1448750.0,80.301189,13.104077,0.0,0.0,0.826,72.0,0.006,0.992,0.0,80,716.4,3166.1,3461.0,3487.0,2997.9,44235.7,0.0,335,73758.5,1074.1,0,1334.3,1149.1
CHN_G2418,424750.0,1448750.0,80.305801,13.10409,0.0,0.0,0.701,72.0,0.006,0.986,0.0,80,1155.3,3664.1,3960.5,3816.6,3493.6,44686.9,0.0,281,64162.0,1413.1,0,1755.4,1445.6
CHN_G2419,402250.0,1449250.0,80.098233,13.107968,34.8,0.86,0.145,28.0,0.949,0.0,0.051,50,4724.7,4739.5,7837.6,345.1,18622.9,25396.8,0.0,124,41336.7,1090.1,0,2543.4,14734.6
CHN_G2420,402750.0,1449250.0,80.102846,13.107984,21.5,0.49,0.918,28.0,0.503,0.126,0.208,50,4241.0,4732.8,7378.3,134.0,18123.0,25768.2,0.0,179,59792.3,994.7,1,2391.5,14493.2
CHN_G2421,403250.0,1449250.0,80.107458,13.108,21.5,2.01,0.844,13.0,0.342,0.163,0.298,50,3761.6,4703.8,6924.6,307.3,17623.0,26143.7,0.0,163,45165.1,913.5,1,2338.7,14265.2
CHN_G2422,403750.0,1449250.0,80.11207,13.108016,22.18,1.58,0.731,13.0,0.734,0.0,0.266,50,3288.4,4727.9,6477.8,316.0,17123.1,26523.4,0.0,283,97630.6,1086.1,0,2391.6,14051.3
CHN_G2423,404250.0,1449250.0,80.116682,13.108032,20.31,0.47,0.762,329.0,0.412,0.0,0.584,50,2824.3,4774.9,6039.4,584.1,16623.1,26907.0,0.0,410,111525.3,1422.9,0,2543.6,13798.5
CHN_G2424,404750.0,1449250.0,80.121295,13.108048,20.87,1.59,0.683,325.0,0.483,0.0,0.513,50,2375.0,4793.6,5611.2,740.8,16123.2,27294.4,0.0,353,107560.2,1835.7,0,2778.5,13332.8
CHN_G2425,405250.0,1449250.0,80.125907,13.108063,23.31,4.28,0.472,29.0,0.594,0.0,0.403,50,1950.4,4863.9,5195.9,275.2,15623.3,27685.4,0.0,327,98306.6,2283.6,0,2890.2,12869.7
CHN_G2426,405750.0,1449250.0,80.130519,13.108079,20.43,2.13,0.587,24.0,0.69,0.0,0.31,50,1537.1,4983.6,4796.8,123.9,15123.3,28079.8,0.0,204,60941.9,1916.1,0,2390.5,12409.4
CHN_G2427,406250.0,1449250.0,80.135131,13.108094,16.04,2.06,0.84,24.0,0.579,0.142,0.154,50,1144.2,5149.3,4418.3,309.1,14623.4,28477.6,0.0,287,95487.0,1496.2,0,1891.0,11952.3
CHN_G2428,406750.0,1449250.0,80.139744,13.10811,15.0,0.0,0.895,15.0,0.023,0.578,0.026,80,860.2,5356.7,4066.1,616.8,14123.5,28878.5,0.0,266,83307.0,1142.7,0,1391.8,11498.8
CHN_G2429,407250.0,1449250.0,80.144356,13.108125,15.64,0.61,0.859,34.0,0.0,0.426,0.366,80,464.2,5601.1,3664.0,367.5,13623.6,29282.5,0.0,301,111243.8,934.3,1,893.6,11049.3
CHN_G2430,407750.0,1449250.0,80.148968,13.10814,20.11,1.65,0.565,34.0,0.583,0.0,0.386,50,6.1,5400.7,3276.5,62.6,13123.7,29689.4,14319.1,245,88396.8,692.4,2,399.6,10604.4
CHN_G2431,408250.0,1449250.0,80.15358,13.108156,18.59,0.52,0.62,4.0,0.774,0.0,0.19,50,58.6,4910.9,2923.3,20.4,12623.8,30099.1,15673.0,348,97468.2,496.6,1,144.8,10164.5
CHN_G2432,408750.0,1449250.0,80.158193,13.108171,15.97,1.16,0.762,10.0,0.828,0.0,0.161,50,234.3,4423.4,2618.5,43.2,12123.9,30511.5,3577.1,227,103042.4,716.8,1,618.2,9730.5
CHN_G2433,409250.0,1449250.0,80.162805,13.108186,14.56,0.56,0.796,10.0,0.874,0.0,0.117,50,265.1,3939.1,2380.5,30.9,11624.0,30926.5,0.0,353,90416.7,1131.8,0,1115.1,9303.0
CHN_G2434,409750.0,1449250.0,80.167417,13.108201,16.8,0.99,0.592,5.0,0.89,0.002,0.074,50,268.8,3459.2,2230.9,455.6,11124.1,31344.0,0.0,458,98096.9,1596.3,0,1613.9,8883.2
CHN_G2435,410250.0,1449250.0,80.17203,13.108216,14.69,1.69,0.675,5.0,0.838,0.0,0.153,50,237.8,2985.9,2188.0,671.8,10624.2,31763.9,1283.3,448,103992.0,1612.5,0,2113.3,8472.1
CHN_G2436,410750.0,1449250.0,80.176642,13.10823,17.01,3.47,0.507,1.0,0.462,0.0,0.536,50,259.7,2523.0,1972.6,427.5,10124.4,32186.0,0.0,503,106048.5,1113.2,0,2577.8,8071.0
CHN_G2437,411250.0,1449250.0,80.181254,13.108245,19.64,1.95,0.327,1.0,0.724,0.0,0.264,50,0.7,2077.3,1475.4,235.8,9624.6,32606.5,15222.6,464,95998.8,614.9,1,2383.9,7681.5
CHN_G2438,411750.0,1449250.0,80.185867,13.10826,18.71,0.64,0.355,201.0,0.7,0.0,0.294,50,43.1,1662.8,981.0,187.4,9124.7,33027.9,14571.0,328,77636.7,130.8,1,2284.9,7305.5
CHN_G2439,412250.0,1449250.0,80.190479,13.108274,15.0,3.26,0.568,201.0,0.564,0.01,0.421,50,345.9,1309.4,497.9,372.0,8624.9,33451.4,0.0,288,76032.9,395.0,1,2293.2,6945.1
CHN_G2440,412750.0,1449250.0,80.195091,13.108289,16.12,3.08,0.491,1.0,0.425,0.0,0.574,10,412.9,1079.0,56.5,59.6,8125.2,33877.1,0.0,259,79877.0,891.6,1,2407.7,6603.0
CHN_G2441,413250.0,1449250.0,80.199704,13.108303,16.07,1.64,0.478,1.0,0.802,0.0,0.193,50,41.5,1055.4,388.8,395.0,7625.4,34304.7,8555.2,231,74222.9,918.8,1,2614.4,6282.1
CHN_G2442,413750.0,1449250.0,80.204316,13.108317,15.4,0.09,0.493,1.0,0.923,0.0,0.069,50,32.3,1164.3,865.7,861.8,7125.7,34734.3,10598.5,197,63248.7,467.6,4,2287.8,5985.8
CHN_G2443,414250.0,1449250.0,80.208928,13.108331,16.85,2.66,0.392,1.0,0.926,0.001,0.066,50,29.7,1331.4,1247.9,1349.0,6626.1,35165.7,7139.1,216,74373.2,305.2,4,1921.8,5717.9
CHN_G2444,414750.0,1449250.0,80.213541,13.108346,11.64,2.59,0.702,330.0,0.891,0.006,0.093,50,90.5,1527.4,806.3,1843.1,6126.5,35598.3,2322.4,276,83919.2,503.1,5,1432.0,5482.6
CHN_G2445,415250.0,1449250.0,80.218153,13.10836,16.52,2.74,0.395,330.0,0.945,0.0,0.054,50,131.4,1582.8,484.1,2339.7,5626.9,36031.6,5635.2,301,85511.7,710.9,4,952.9,5284.3
CHN_G2446,415750.0,1449250.0,80.222765,13.108374,12.1,3.5,0.644,28.0,0.698,0.0,0.301,50,63.9,1613.5,531.7,2837.4,5127.5,36466.6,5491.0,310,93171.1,268.2,11,515.1,5127.2
CHN_G2447,416250.0,1449250.0,80.227378,13.108387,8.33,2.74,0.847,28.0,0.594,0.0,0.404,50,80.6,1715.2,591.6,3234.7,4628.1,36903.3,5499.5,295,91307.9,372.2,13,350.2,5015.3
CHN_G2448,416750.0,1449250.0,80.23199,13.108401,13.14,3.59,0.537,289.0,0.926,0.0,0.073,50,202.3,1937.1,666.6,3420.6,4129.0,37341.5,1515.8,132,40809.4,128.7,10,692.8,4644.5
CHN_G2449,417250.0,1449250.0,80.236602,13.108415,11.74,1.61,0.583,289.0,0.677,0.0,0.32,50,25.5,1946.8,748.6,3665.7,3630.1,37781.3,4051.5,0,0.0,235.2,13,1156.4,4150.4
CHN_G2450,417750.0,1449250.0,80.241215,13.108429,12.28,1.56,0.507,289.0,0.654,0.0,0.344,50,6.6,1572.7,325.0,3957.7,3131.5,38221.8,2186.6,0,0.0,214.4,14,1435.3,3657.9
CHN_G2451,418250.0,1449250.0,80.245827,13.108442,12.08,3.76,0.461,289.0,0.874,0.0,0.124,50,7.0,1279.7,258.6,3966.6,2633.4,38663.1,7271.7,0,0.0,200.3,15,1091.3,3167.8
CHN_G2452,418750.0,1449250.0,80.25044,13.108456,6.99,3.04,0.711,149.0,0.856,0.0,0.134,50,3.8,927.6,690.7,3698.5,2136.3,39105.9,8431.1,0,0.0,238.6,10,906.6,2681.3
CHN_G2453,419250.0,1449250.0,80.255052,13.108469,4.38,1.47,0.814,149.0,0.689,0.0,0.307,50,58.7,512.3,1113.7,3470.6,1640.9,39548.6,3270.3,0,0.0,529.2,4,976.1,2200.9
CHN_G2454,419750.0,1449250.0,80.259664,13.108482,4.69,1.11,0.741,149.0,0.763,0.0,0.166,50,140.0,245.3,1041.4,3301.3,1149.4,39990.7,3393.5,0,0.0,988.4,1,936.2,1731.6
CHN_G2455,420250.0,1449250.0,80.264277,13.108495,7.07,0.23,0.583,149.0,0.894,0.002,0.098,50,203.3,269.4,639.5,3201.5,670.8,40433.7,2307.1,0,0.0,1065.8,0,1037.9,1285.6
CHN_G2456,420750.0,1449250.0,80.268889,13.108509,4.27,1.69,0.775,131.0,0.412,0.044,0.536,10,55.2,329.1,340.8,3163.4,224.2,40878.0,6072.0,0,0.0,1175.1,0,1304.3,898.5
CHN_G2457,421250.0,1449250.0,80.273502,13.108522,5.15,1.59,0.767,131.0,0.557,0.022,0.396,50,50.2,250.1,568.7,3196.6,219.6,41323.6,5361.6,0,0.0,684.7,3,804.3,610.0
CHN_G2458,421750.0,1449250.0,80.278114,13.108535,14.35,1.48,0.268,131.0,0.673,0.0,0.323,50,126.2,681.4,1015.2,3213.9,670.7,41770.4,4497.8,0,0.0,238.6,12,304.5,334.9
CHN_G2459,422250.0,1449250.0,80.282727,13.108547,10.19,5.15,0.537,131.0,0.778,0.0,0.211,50,169.8,1168.7,1495.9,3218.5,1153.3,42218.4,2885.8,0,0.0,191.9,17,196.3,593.5
CHN_G2460,422750.0,1449250.0,80.287339,13.10856,6.99,2.41,0.715,131.0,0.726,0.0,0.254,50,30.2,1663.6,1986.2,3291.7,1638.4,42667.5,6938.8,0,0.0,159.8,23,695.9,1045.2
CHN_G2461,423250.0,1449250.0,80.291951,13.108573,11.38,3.37,0.383,131.0,0.957,0.0,0.039,50,37.6,2160.9,2480.4,3432.0,2123.5,43117.8,6614.4,0,0.0,176.8,14,1103.9,711.8
CHN_G2462,423750.0,1449250.0,80.296564,13.108586,10.67,4.36,0.322,131.0,0.939,0.0,0.041,50,67.5,2659.2,2976.5,3636.2,2609.1,43569.2,4831.8,0,0.0,399.7,10,1136.4,525.4
CHN_G2463,424250.0,1449250.0,80.301176,13.108598,0.0,0.0,0.839,131.0,0.114,0.771,0.052,80,468.6,3158.0,3473.7,3892.2,3096.5,44021.6,0.0,0,0.0,713.0,4,1200.4,738.5
CHN_G2464,424750.0,1449250.0,80.305789,13.108611,0.0,0.0,0.716,15.0,0.031,0.925,0.0,80,949.0,3657.1,3935.8,4190.0,3584.0,44475.0,0.0,0,0.0,1162.6,0,1445.8,1146.6
CHN_G2465,402250.0,1449750.0,80.098217,13.112489,28.71,1.18,0.604,28.0,0.954,0.0,0.041,50,4813.7,5239.2,8042.6,84.5,18622.9,25062.3,0.0,345,112522.8,621.0,2,2092.9,15170.8
CHN_G2466,402750.0,1449750.0,80.102829,13.112505,25.44,2.03,0.796,28.0,0.968,0.0,0.026,50,4314.9,5230.0,7595.7,268.8,18122.9,25438.5,0.0,328,68986.7,575.2,2,1905.4,14936.5
CHN_G2467,403250.0,1449750.0,80.107442,13.112521,27.31,0.96,0.614,13.0,0.894,0.0,0.096,50,3816.4,5203.8,7155.9,619.4,17623.0,25818.8,0.0,170,42199.9,419.5,2,1838.7,14715.3
CHN_G2468,403750.0,1449750.0,80.112054,13.112537,30.58,1.32,0.333,24.0,0.889,0.0,0.111,50,3318.4,5225.6,6724.5,810.4,17123.0,26203.2,0.0,400,98173.5,721.8,1,1905.5,14447.2
CHN_G2469,404250.0,1449750.0,80.116666,13.112553,22.94,1.38,0.697,24.0,0.667,0.0,0.332,50,2821.1,5274.9,6303.2,735.3,16623.1,26591.4,0.0,249,64392.3,1168.8,0,2093.2,13985.2
CHN_G2470,404750.0,1449750.0,80.121278,13.112568,22.6,3.51,0.658,253.0,0.158,0.002,0.832,10,2324.8,5291.8,5894.2,336.6,16123.1,26983.3,0.0,109,49274.4,1646.6,0,2373.1,13525.9
CHN_G2471,405250.0,1449750.0,80.125891,13.112584,21.12,1.76,0.666,33.0,0.497,0.0,0.492,50,1830.7,5355.5,5500.3,269.2,15623.2,27378.8,0.0,184,63551.5,1972.6,0,2716.9,13069.6
CHN_G2472,405750.0,1449750.0,80.130503,13.1126,18.02,1.43,0.784,20.0,0.737,0.0,0.255,50,1340.9,5464.5,5125.0,86.9,15123.2,27777.6,0.0,208,62722.3,1733.6,0,2461.2,12616.7
CHN_G2473,406250.0,1449750.0,80.135116,13.112615,17.5,0.85,0.81,20.0,0.812,0.0,0.18,50,862.9,5616.0,4768.8,191.2,14623.3,28179.6,0.0,198,60356.0,1254.0,0,1979.5,12167.4
CHN_G2474,406750.0,1449750.0,80.139728,13.112631,15.29,0.77,0.946,15.0,0.245,0.17,0.328,90,437.2,5806.7,4364.9,249.2,14123.4,28584.7,0.0,376,72993.7,799.7,1,1509.9,11722.2
CHN_G2475,407250.0,1449750.0,80.14434,13.112646,16.67,1.43,0.871,1.0,0.369,0.035,0.463,50,254.3,6000.3,3982.8,205.8,13623.5,28992.8,77.2,217,40629.1,454.7,5,1068.2,11281.6
CHN_G2476,407750.0,1449750.0,80.148953,13.112661,26.71,2.29,0.241,1.0,0.742,0.0,0.25,50,123.4,5518.5,3629.4,190.9,13123.5,29403.7,5718.7,121,24184.7,482.8,9,708.8,10846.2
CHN_G2477,408250.0,1449750.0,80.153565,13.112676,21.7,1.04,0.498,284.0,0.893,0.0,0.101,50,1.9,5040.2,3314.1,218.4,12623.6,29817.3,21682.3,230,71777.3,17.6,8,603.0,10416.5
CHN_G2478,408750.0,1449750.0,80.158177,13.112692,20.34,2.0,0.555,10.0,0.717,0.0,0.27,50,176.8,4566.5,3048.5,160.2,12123.7,30233.6,5241.3,268,72293.3,517.2,4,851.4,9993.4
CHN_G2479,409250.0,1449750.0,80.16279,13.112707,16.13,1.28,0.731,10.0,0.772,0.0,0.211,50,186.7,4099.1,2846.7,91.4,11623.8,30652.4,1579.9,455,94769.9,895.7,1,1259.4,9577.7
CHN_G2480,409750.0,1449750.0,80.167402,13.112722,16.8,1.98,0.59,5.0,0.871,0.001,0.109,50,377.7,3640.4,2722.9,186.7,11124.0,31073.5,0.0,323,104732.3,1285.1,0,1716.8,9170.5
CHN_G2481,410250.0,1449750.0,80.172014,13.112736,17.8,0.38,0.463,137.0,0.646,0.0,0.34,50,496.0,3194.1,2556.4,173.3,10624.1,31495.3,0.0,249,67048.0,1708.6,0,2192.9,8772.8
CHN_G2482,410750.0,1449750.0,80.176627,13.112751,17.04,1.36,0.464,1.0,0.548,0.008,0.442,50,360.3,2766.2,2078.7,139.3,10124.2,31915.7,0.0,314,108159.6,1248.3,0,2677.7,8386.1
CHN_G2483,411250.0,1449750.0,80.181239,13.112766,16.87,1.59,0.441,1.0,0.787,0.0,0.209,50,31.4,2366.8,1613.1,194.6,9624.4,32338.3,7562.0,402,109785.3,835.0,1,2865.0,8012.0
CHN_G2484,411750.0,1449750.0,80.185852,13.11278,14.64,4.3,0.543,6.0,0.864,0.0,0.132,50,56.3,2012.8,1172.1,163.6,9124.6,32763.2,4911.9,414,125675.0,579.8,1,2783.2,7652.2
CHN_G2485,412250.0,1449750.0,80.190464,13.112795,13.35,1.62,0.618,201.0,0.682,0.0,0.316,50,385.3,1732.3,677.9,40.6,8624.8,33190.1,0.0,468,118328.3,689.3,1,2790.0,7309.0
CHN_G2486,412750.0,1449750.0,80.195076,13.112809,10.49,0.21,0.787,314.0,0.17,0.0,0.777,10,450.3,1565.4,207.6,113.9,8125.0,33619.1,0.0,398,102931.8,1055.5,0,2884.8,6984.7
CHN_G2487,413250.0,1449750.0,80.199689,13.112824,15.34,1.13,0.491,314.0,0.675,0.0,0.313,50,17.9,1549.3,355.9,359.9,7625.2,34050.0,6149.1,281,97783.2,798.7,2,2897.5,6682.1
CHN_G2488,413750.0,1449750.0,80.204301,13.112838,15.68,2.05,0.451,1.0,0.837,0.0,0.156,50,85.3,1644.3,842.1,835.6,7125.5,34482.5,5889.8,284,100383.2,617.4,2,2398.5,6404.4
CHN_G2489,414250.0,1449750.0,80.208914,13.112852,15.56,1.47,0.452,1.0,0.942,0.0,0.054,50,181.6,1792.2,1337.6,1329.2,6625.8,34915.4,4376.4,192,101504.9,698.3,4,1900.0,6154.7
CHN_G2490,414750.0,1449750.0,80.213526,13.112866,13.47,0.69,0.58,330.0,0.962,0.0,0.032,50,12.4,1985.1,1164.6,1826.3,6126.2,35349.9,4054.0,350,120876.5,579.5,4,1402.6,5936.8
CHN_G2491,415250.0,1449750.0,80.218139,13.112881,13.94,0.92,0.535,330.0,0.91,0.0,0.084,50,82.1,2082.3,968.3,2324.7,5626.6,35786.2,7630.2,379,110060.5,628.8,10,908.1,5754.1
CHN_G2492,415750.0,1449750.0,80.222751,13.112894,16.4,2.56,0.375,28.0,0.863,0.0,0.136,50,27.8,2112.3,1003.5,2823.6,5127.2,36224.2,9937.3,444,98025.3,275.3,21,426.6,5610.2
CHN_G2493,416250.0,1449750.0,80.227364,13.112908,14.55,2.56,0.465,28.0,0.845,0.0,0.152,50,20.0,2193.9,1087.4,3322.8,4627.8,36663.7,11116.9,422,100789.0,81.6,23,198.2,5228.8
CHN_G2494,416750.0,1449750.0,80.231976,13.112922,14.14,4.58,0.465,289.0,0.922,0.0,0.077,50,22.6,2371.4,1162.5,3822.3,4128.6,37104.2,7177.7,336,83215.5,133.8,24,629.8,4742.8
CHN_G2495,417250.0,1449750.0,80.236589,13.112936,11.66,0.46,0.574,289.0,0.963,0.0,0.034,50,2.5,2279.5,1021.5,4094.8,3629.6,37545.4,3570.6,403,95067.7,272.2,15,1119.8,4260.1
CHN_G2496,417750.0,1449750.0,80.241201,13.112949,12.04,1.5,0.509,23.0,0.972,0.0,0.026,50,41.9,1965.2,710.5,4359.4,3131.0,37988.0,5203.6,276,74654.0,88.3,16,1615.9,3782.0
CHN_G2497,418250.0,1449750.0,80.245813,13.112963,10.25,0.4,0.558,23.0,0.943,0.0,0.054,50,2.3,1610.2,682.7,4383.2,2632.8,38430.9,8465.4,230,64874.9,275.0,16,1529.6,3310.3
CHN_G2498,418750.0,1449750.0,80.250426,13.112976,9.31,0.8,0.564,23.0,0.938,0.0,0.059,50,21.6,1219.3,853.1,4137.4,2135.6,38873.0,7765.1,218,66224.9,119.6,11,1403.8,2848.2
CHN_G2499,419250.0,1449750.0,80.255038,13.11299,9.51,1.48,0.499,149.0,0.82,0.0,0.174,50,97.9,914.2,637.5,3933.5,1639.9,39315.8,11343.7,241,68095.9,590.4,6,1449.6,2401.4
CHN_G2500,419750.0,1449750.0,80.259651,13.113003,5.65,0.8,0.672,149.0,0.893,0.0,0.098,50,6.7,729.0,547.2,3785.0,1148.1,39760.0,7811.0,369,114332.2,604.7,2,1435.7,1980.2
CHN_G2501,420250.0,1449750.0,80.264263,13.113016,7.27,1.31,0.557,149.0,0.928,0.0,0.049,50,6.4,753.5,622.0,3696.6,660.8,40205.6,10682.5,321,106247.6,693.6,2,1504.0,1604.9
CHN_G2502,420750.0,1449750.0,80.268876,13.113029,3.13,1.72,0.815,131.0,0.235,0.002,0.741,10,192.8,780.8,839.2,3663.4,173.6,40652.4,1714.4,313,118213.7,1039.8,0,1392.1,1310.2
CHN_G2503,421250.0,1449750.0,80.273488,13.113043,8.46,1.45,0.538,131.0,0.805,0.0,0.189,50,134.8,715.1,954.7,3692.8,313.5,41100.4,3055.6,296,116462.2,843.3,5,940.1,978.2
CHN_G2504,421750.0,1449750.0,80.278101,13.113055,9.11,0.95,0.542,131.0,0.956,0.0,0.044,50,6.8,955.6,1272.3,3713.3,800.7,41549.6,12015.1,256,63618.4,413.6,9,574.1,834.8
CHN_G2505,422250.0,1449750.0,80.282713,13.113068,11.8,2.75,0.413,131.0,0.905,0.0,0.095,50,61.6,1347.2,1634.0,3717.3,1287.9,41999.9,7504.2,5,1980.3,51.1,21,524.7,968.0
CHN_G2506,422750.0,1449750.0,80.287326,13.113081,15.11,1.24,0.211,131.0,0.992,0.0,0.007,50,4.2,1793.5,1981.6,3781.9,1775.1,42451.4,9930.2,0,0.0,321.1,28,849.2,981.0
CHN_G2507,423250.0,1449750.0,80.291939,13.113094,14.35,4.54,0.186,131.0,0.992,0.0,0.005,50,20.2,2262.4,2384.0,3904.6,2251.8,42903.9,8195.9,0,0.0,155.0,21,871.7,481.3
CHN_G2508,423750.0,1449750.0,80.296551,13.113107,8.72,1.43,0.431,131.0,0.903,0.0,0.091,50,13.0,2742.3,2817.8,4085.3,2730.4,43357.5,8544.6,0,0.0,84.7,13,639.9,31.6
CHN_G2509,424250.0,1449750.0,80.301164,13.113119,0.0,0.94,0.839,15.0,0.151,0.461,0.114,80,452.7,3228.3,3270.6,4316.6,3214.9,43812.1,0.0,0,0.0,582.1,6,747.6,519.9
CHN_G2510,424750.0,1449750.0,80.305776,13.113132,0.0,0.0,0.721,15.0,0.002,0.978,0.0,80,949.1,3718.0,3735.5,4587.6,3700.0,44267.7,0.0,0,0.0,1081.9,0,1099.3,1019.6
CHN_G2511,402250.0,1450250.0,80.0982,13.117009,31.22,2.14,0.588,314.0,0.74,0.0,0.249,50,4807.0,5738.9,8272.8,305.5,18636.2,24733.3,0.0,0,0.0,288.3,2,1670.8,15610.9
CHN_G2512,402750.0,1450250.0,80.102813,13.117026,27.58,1.71,0.808,28.0,0.794,0.0,0.198,50,4307.4,5727.7,7839.0,116.3,18136.6,25114.4,0.0,0,0.0,222.9,2,1429.0,15383.2
CHN_G2513,403250.0,1450250.0,80.107425,13.117042,29.4,1.09,0.625,87.0,0.659,0.0,0.328,50,3808.0,5703.8,7413.7,612.0,17637.0,25499.6,0.0,0,0.0,131.9,2,1338.7,15101.1
CHN_G2514,403750.0,1450250.0,80.112038,13.117058,28.26,1.5,0.584,87.0,0.559,0.0,0.431,50,3308.6,5723.7,6998.1,927.9,17137.5,25888.7,0.0,0,0.0,602.0,1,1429.1,14642.7
CHN_G2515,404250.0,1450250.0,80.11665,13.117073,23.52,1.28,0.775,257.0,0.439,0.0,0.559,10,2809.6,5774.8,6594.4,551.4,16638.0,26281.5,0.0,0,0.0,1098.9,0,1671.1,14187.0
CHN_G2516,404750.0,1450250.0,80.121262,13.117089,24.39,5.96,0.655,76.0,0.451,0.0,0.542,10,2310.9,5790.3,6204.6,277.9,16138.5,26678.0,0.0,0,0.0,1597.7,0,2010.7,13734.5
CHN_G2517,405250.0,1450250.0,80.125875,13.117105,19.7,1.55,0.84,290.0,0.35,0.0,0.648,10,1812.5,5848.6,5831.7,135.4,15639.1,27077.9,0.0,0,0.0,1499.8,0,2406.9,13285.4
CHN_G2518,405750.0,1450250.0,80.130487,13.11712,18.6,1.3,0.823,321.0,0.66,0.0,0.322,50,1314.0,5948.5,5465.2,143.7,15139.7,27481.1,0.0,0,0.0,1393.1,0,2626.8,12840.0
CHN_G2519,406250.0,1450250.0,80.1351,13.117136,26.61,2.05,0.334,4.0,0.818,0.0,0.179,50,815.8,6088.0,5067.4,192.9,14640.3,27887.4,0.0,0,0.0,1161.4,0,2182.0,12398.8
CHN_G2520,406750.0,1450250.0,80.139712,13.117151,18.69,4.52,0.815,310.0,0.723,0.0,0.274,50,318.7,6264.4,4689.3,252.0,14141.0,28296.7,0.0,0,0.0,688.0,6,1767.1,11962.3
CHN_G2521,407250.0,1450250.0,80.144325,13.117167,24.44,6.24,0.478,32.0,0.848,0.0,0.144,50,9.5,6147.4,4335.8,291.8,13641.7,28708.8,16518.9,242,86008.8,201.1,16,1408.5,11530.9
CHN_G2522,407750.0,1450250.0,80.148937,13.117182,30.39,4.06,0.083,284.0,0.646,0.0,0.353,50,55.6,5678.0,4013.7,147.3,13142.5,29123.8,4883.3,327,93658.9,149.6,16,1159.8,11105.2
CHN_G2523,408250.0,1450250.0,80.153549,13.117197,26.69,3.15,0.263,284.0,0.858,0.0,0.134,50,74.1,5214.4,3731.0,235.2,12643.3,29541.3,8013.8,263,59422.2,128.3,15,1098.3,10686.0
CHN_G2524,408750.0,1450250.0,80.158162,13.117212,22.98,2.77,0.457,284.0,0.926,0.0,0.071,50,31.5,4758.1,3497.2,304.5,12144.2,29961.4,16227.2,319,71658.8,193.2,9,1252.0,10274.0
CHN_G2525,409250.0,1450250.0,80.162774,13.117227,17.41,1.71,0.696,111.0,0.927,0.0,0.068,50,64.2,4311.5,3322.8,276.2,11645.2,30383.9,9861.5,305,64849.4,621.7,2,1550.1,9870.1
CHN_G2526,409750.0,1450250.0,80.167387,13.117242,17.18,1.73,0.585,111.0,0.815,0.0,0.182,50,137.4,3878.0,3190.2,266.4,11146.3,30803.9,2068.0,101,44543.7,1111.6,0,1757.6,9475.5
CHN_G2527,410250.0,1450250.0,80.171999,13.117257,14.23,4.48,0.673,137.0,0.594,0.001,0.376,50,557.8,3462.5,2730.6,286.0,10647.5,31225.6,0.0,91,46253.3,1607.7,0,2067.7,9091.2
CHN_G2528,410750.0,1450250.0,80.176612,13.117272,11.68,1.21,0.764,318.0,0.035,0.0,0.936,40,552.0,3072.2,2254.5,333.8,10148.7,31649.6,0.0,131,60254.0,1541.9,0,2441.7,8718.6
CHN_G2529,411250.0,1450250.0,80.181224,13.117287,10.5,0.0,0.789,152.0,0.148,0.0,0.764,40,436.7,2718.1,1779.4,409.3,9650.2,32075.8,0.0,91,36689.2,1231.4,0,2854.5,8359.3
CHN_G2530,411750.0,1450250.0,80.185837,13.117301,14.98,1.65,0.486,6.0,0.614,0.009,0.333,50,277.9,2416.1,1322.9,528.7,9151.8,32504.0,0.0,136,78411.2,1074.8,0,3281.9,8015.2
CHN_G2531,412250.0,1450250.0,80.190449,13.117316,11.36,0.59,0.701,4.0,0.751,0.0,0.233,50,3.5,2188.0,913.0,536.8,8653.5,32934.3,4255.3,81,32696.4,1111.9,0,3287.7,7688.2
CHN_G2532,412750.0,1450250.0,80.195062,13.11733,11.41,1.01,0.705,207.0,0.746,0.0,0.224,50,3.3,2058.4,645.9,606.7,8155.5,33366.6,3115.1,160,40103.8,699.3,1,3368.5,7380.6
CHN_G2533,413250.0,1450250.0,80.199674,13.117345,12.69,3.7,0.619,298.0,0.73,0.0,0.241,50,48.0,2046.1,707.6,731.9,7657.7,33799.2,3261.6,143,37402.7,491.5,3,2968.5,7094.9
CHN_G2534,413750.0,1450250.0,80.204287,13.117359,15.0,2.76,0.469,298.0,0.899,0.0,0.099,50,28.2,2133.1,1041.3,1056.2,7160.3,34233.4,5453.6,208,54242.3,117.6,5,2483.8,6833.9
CHN_G2535,414250.0,1450250.0,80.208899,13.117373,14.27,0.94,0.511,298.0,0.934,0.0,0.063,50,20.2,2263.7,1472.4,1477.9,6663.2,34669.3,8394.2,481,82058.6,408.0,5,2006.7,6600.5
CHN_G2536,414750.0,1450250.0,80.213512,13.117387,13.12,0.67,0.586,330.0,0.975,0.0,0.02,50,41.0,2448.4,1437.7,1937.2,6166.6,35106.9,10018.7,224,71825.7,121.3,6,1544.0,6397.8
CHN_G2537,415250.0,1450250.0,80.218124,13.117401,13.85,0.59,0.524,330.0,0.94,0.0,0.058,50,1.0,2581.9,1434.2,2412.8,5670.6,35546.2,7206.2,274,90431.7,260.9,25,1114.2,6228.7
CHN_G2538,415750.0,1450250.0,80.222737,13.117415,13.15,0.93,0.546,28.0,0.894,0.0,0.106,50,53.0,2611.5,1239.1,2896.6,5175.4,35986.7,10337.7,326,97663.0,152.4,29,773.7,5840.2
CHN_G2539,416250.0,1450250.0,80.227349,13.117429,12.39,0.65,0.569,28.0,0.956,0.0,0.041,50,64.4,2678.8,1129.8,3385.1,4681.2,36427.7,10248.0,429,126890.5,52.3,31,675.2,5363.1
CHN_G2540,416750.0,1450250.0,80.231962,13.117443,11.61,1.73,0.592,23.0,0.945,0.0,0.052,50,17.9,2827.4,766.5,3876.5,4188.4,36870.1,5527.7,387,127473.1,40.4,24,901.8,4890.5
CHN_G2541,417250.0,1450250.0,80.236575,13.117457,11.42,0.37,0.569,23.0,0.963,0.0,0.027,50,37.3,2662.0,630.9,4369.9,3697.5,37313.1,6199.9,437,118106.3,434.6,19,1292.5,4424.0
CHN_G2542,417750.0,1450250.0,80.241187,13.11747,11.7,1.4,0.513,23.0,0.875,0.0,0.121,50,26.7,2306.9,650.0,4778.6,3209.3,37755.2,6341.0,450,100079.2,433.3,13,1740.1,3965.6
CHN_G2543,418250.0,1450250.0,80.2458,13.117484,10.05,2.07,0.565,23.0,0.979,0.0,0.02,50,46.7,1926.4,555.6,4815.4,2722.1,38197.9,9400.2,458,113009.3,164.3,13,1997.1,3518.6
CHN_G2544,418750.0,1450250.0,80.250412,13.117497,9.15,1.73,0.572,23.0,0.97,0.0,0.024,50,5.8,1605.7,457.9,4587.6,2234.9,38642.1,11192.8,362,104313.3,545.3,9,1902.5,3087.9
CHN_G2545,419250.0,1450250.0,80.255025,13.117511,9.42,2.84,0.505,149.0,0.949,0.0,0.044,50,74.8,1361.8,186.7,4404.5,1747.7,39087.5,5761.1,428,111153.1,615.1,3,1936.5,2681.3
CHN_G2546,419750.0,1450250.0,80.259637,13.117524,5.66,2.73,0.672,149.0,0.841,0.0,0.145,50,12.8,1224.3,47.2,4272.4,1260.5,39534.3,4685.0,380,110269.4,143.6,3,1935.5,2311.7
CHN_G2547,420250.0,1450250.0,80.26425,13.117537,8.4,1.27,0.484,149.0,0.951,0.0,0.042,50,21.2,1243.2,330.9,4192.6,773.3,39982.4,8140.4,466,123934.7,363.7,3,1597.8,1999.6
CHN_G2548,420750.0,1450250.0,80.268863,13.11755,5.38,1.04,0.662,131.0,0.52,0.0,0.444,50,113.5,1248.4,830.2,4163.4,286.1,40431.6,4276.3,354,84252.0,723.8,3,1183.3,1673.8
CHN_G2549,421250.0,1450250.0,80.273475,13.117563,10.29,2.06,0.397,131.0,0.849,0.015,0.112,50,52.7,1208.4,787.1,4189.9,201.1,40882.0,3392.0,274,81521.5,749.6,1,864.7,1428.8
CHN_G2550,421750.0,1450250.0,80.278088,13.117576,6.47,3.46,0.664,131.0,0.888,0.0,0.111,50,44.2,1364.5,936.1,4212.8,688.3,41333.6,9102.4,398,94769.5,262.9,10,771.4,1334.8
CHN_G2551,422250.0,1450250.0,80.2827,13.117589,11.14,1.84,0.421,131.0,0.995,0.0,0.001,50,31.8,1662.4,1277.9,4216.3,1175.5,41786.3,7610.7,402,97838.7,276.2,21,796.9,1421.9
CHN_G2552,422750.0,1450250.0,80.287313,13.117602,12.52,2.66,0.333,131.0,0.97,0.0,0.028,50,154.1,2040.9,1699.9,4274.3,1657.7,42240.0,5479.6,267,65091.1,95.3,28,618.5,1089.7
CHN_G2553,423250.0,1450250.0,80.291926,13.117615,10.91,3.23,0.363,20.0,0.945,0.0,0.051,50,108.8,2463.1,2155.6,4383.4,2138.9,42694.8,7823.0,353,86511.5,105.0,26,614.8,675.8
CHN_G2554,423750.0,1450250.0,80.296538,13.117627,8.01,1.02,0.457,15.0,0.91,0.0,0.09,50,98.4,2910.1,2627.4,4545.0,2620.1,43150.6,4192.8,142,72471.1,521.4,17,165.8,475.4
CHN_G2555,424250.0,1450250.0,80.301151,13.11764,6.3,2.38,0.459,15.0,0.403,0.43,0.15,80,420.2,3372.0,3108.0,4754.0,3101.3,43607.4,0.0,189,77782.2,781.9,5,420.7,703.8
CHN_G2556,402250.0,1450750.0,80.098184,13.12153,31.4,1.03,0.668,314.0,0.63,0.0,0.367,50,4846.2,6238.7,8526.1,318.9,18662.9,24410.0,0.0,249,87188.2,529.6,1,1305.0,16054.4
CHN_G2557,402750.0,1450750.0,80.102796,13.121546,30.8,2.19,0.692,299.0,0.473,0.0,0.499,50,4349.4,6225.8,8105.9,173.5,18164.1,24796.1,0.0,187,84902.7,497.1,2,976.3,15759.6
CHN_G2558,403250.0,1450750.0,80.107409,13.121562,37.07,6.0,0.23,328.0,0.138,0.0,0.862,10,3852.6,6203.8,7695.3,669.3,17665.3,25186.2,0.0,222,126162.3,599.0,2,838.7,15304.6
CHN_G2559,403750.0,1450750.0,80.112021,13.121578,34.44,2.61,0.277,87.0,0.568,0.0,0.395,50,3356.1,6222.1,7295.9,808.0,17166.6,25580.1,0.0,237,138682.4,839.0,1,976.6,14852.4
CHN_G2560,404250.0,1450750.0,80.116634,13.121594,29.91,6.6,0.477,22.0,0.512,0.0,0.479,50,2860.6,6274.8,6909.5,309.8,16667.9,25977.6,0.0,362,127610.3,1244.6,0,1305.3,14403.4
CHN_G2561,404750.0,1450750.0,80.121246,13.12161,22.86,1.16,0.825,14.0,0.635,0.0,0.363,50,2367.0,6289.0,6538.6,75.8,16169.4,26378.6,0.0,23,7297.4,1384.3,0,1718.8,13957.9
CHN_G2562,405250.0,1450750.0,80.125859,13.121626,21.17,1.6,0.822,14.0,0.887,0.0,0.111,50,1876.6,6342.8,6164.0,257.4,15670.9,26783.0,0.0,0,0.0,1052.4,0,2169.0,13516.2
CHN_G2563,405750.0,1450750.0,80.130471,13.121641,25.4,0.37,0.485,1.0,0.869,0.0,0.124,50,1391.4,6435.0,5771.1,639.6,15172.6,27190.5,0.0,0,0.0,893.8,1,2637.2,13078.7
CHN_G2564,406250.0,1450750.0,80.135084,13.121657,25.54,0.15,0.46,4.0,0.778,0.0,0.214,50,907.5,6564.2,5395.9,687.2,14674.3,27601.1,0.0,0,0.0,837.5,3,2470.6,12645.9
CHN_G2565,406750.0,1450750.0,80.139696,13.121672,20.28,0.84,0.782,310.0,0.875,0.0,0.112,50,419.0,6728.1,5042.5,749.4,14176.2,28014.6,0.0,0,0.0,462.9,8,2113.1,12218.1
CHN_G2566,407250.0,1450750.0,80.144309,13.121688,24.36,1.03,0.536,32.0,0.914,0.0,0.084,50,113.2,6330.6,4715.6,790.8,13678.2,28430.9,5962.4,0,0.0,255.3,16,1823.9,11796.1
CHN_G2567,407750.0,1450750.0,80.148921,13.121703,27.67,4.32,0.293,284.0,0.924,0.0,0.073,50,11.6,5875.9,4421.2,642.6,13180.3,28849.8,9391.9,0,0.0,74.0,18,1451.2,11380.3
CHN_G2568,408250.0,1450750.0,80.153534,13.121718,27.52,2.67,0.256,284.0,0.935,0.0,0.064,50,10.8,5429.2,4166.2,709.1,12682.7,29271.2,17974.3,0,0.0,243.7,14,1136.9,10971.6
CHN_G2569,408750.0,1450750.0,80.158147,13.121733,24.99,0.86,0.38,111.0,0.919,0.0,0.076,50,15.8,4992.6,3958.3,803.9,12185.2,29692.6,14733.4,0,0.0,348.6,10,989.4,10570.8
CHN_G2570,409250.0,1450750.0,80.162759,13.121748,20.07,0.5,0.582,111.0,0.913,0.0,0.087,50,4.0,4569.0,3805.0,770.7,11687.9,30113.3,10422.7,0,0.0,686.1,2,1079.5,10178.7
CHN_G2571,409750.0,1450750.0,80.167372,13.121763,15.31,0.28,0.735,111.0,0.834,0.009,0.116,50,10.4,4162.4,3360.0,766.4,11190.9,30536.3,6277.8,0,0.0,1148.8,0,1360.8,9796.5
CHN_G2572,410250.0,1450750.0,80.171984,13.121778,11.62,0.41,0.856,303.0,0.106,0.0,0.894,40,408.3,3778.2,2893.7,752.7,10694.2,30961.7,0.0,0,0.0,1633.7,0,1743.0,9425.3
CHN_G2573,410750.0,1450750.0,80.176597,13.121793,11.74,0.32,0.779,313.0,0.044,0.0,0.956,40,786.1,3424.1,2440.7,757.6,10197.7,31389.2,0.0,0,0.0,1922.6,0,2173.6,9066.4
CHN_G2574,411250.0,1450750.0,80.181209,13.121808,11.47,0.3,0.738,317.0,0.0,0.0,0.952,40,908.8,3110.4,2010.1,871.2,9701.7,31818.9,0.0,0,0.0,1683.9,0,2628.9,8721.5
CHN_G2575,411750.0,1450750.0,80.185822,13.121822,10.5,0.59,0.746,315.0,0.184,0.078,0.482,40,547.2,2850.3,1619.9,1014.8,9206.1,32250.6,0.0,0,0.0,1497.4,0,3098.0,8392.3
CHN_G2576,412250.0,1450750.0,80.190434,13.121837,11.6,1.94,0.668,4.0,0.66,0.006,0.314,50,418.2,2659.6,1306.8,1033.6,8710.9,32683.2,0.0,0,0.0,997.5,1,3575.5,8080.5
CHN_G2577,412750.0,1450750.0,80.195047,13.121851,11.65,1.09,0.676,319.0,0.632,0.0,0.354,50,314.8,2554.1,1136.3,1099.6,8216.4,33116.9,0.0,81,33224.6,497.5,3,3587.7,7788.4
CHN_G2578,413250.0,1450750.0,80.19966,13.121866,11.62,3.78,0.663,298.0,0.683,0.0,0.293,50,230.4,2544.2,1172.5,1194.2,7722.6,33552.4,1686.0,100,35941.6,8.9,4,3119.1,7518.3
CHN_G2579,413750.0,1450750.0,80.204272,13.12188,14.18,1.04,0.492,298.0,0.95,0.0,0.042,50,43.3,2626.0,1398.1,1424.9,7229.6,33989.7,9592.8,146,63675.4,382.7,7,2662.0,7272.5
CHN_G2580,414250.0,1450750.0,80.208885,13.121894,15.34,0.61,0.421,298.0,0.938,0.0,0.058,50,166.8,2744.8,1094.0,1761.2,6737.6,34428.7,4937.9,160,60696.6,82.7,7,2223.4,7053.6
CHN_G2581,414750.0,1450750.0,80.213497,13.121908,13.51,1.1,0.532,298.0,0.876,0.0,0.109,50,66.6,2907.8,938.9,2161.1,6246.9,34869.1,7662.5,278,44368.6,131.6,21,1816.8,6864.3
CHN_G2582,415250.0,1450750.0,80.21811,13.121922,12.27,0.81,0.591,2.0,0.952,0.0,0.047,50,24.9,3081.7,934.5,2596.0,5757.9,35310.0,10470.8,131,40645.5,222.1,33,1469.0,6471.2
CHN_G2583,415750.0,1450750.0,80.222723,13.121936,12.01,0.74,0.575,3.0,0.989,0.0,0.011,50,47.9,3111.0,801.6,3050.8,5270.5,35752.3,10929.2,132,42701.0,86.8,30,1231.0,6002.6
CHN_G2584,416250.0,1450750.0,80.227335,13.12195,11.02,1.29,0.614,3.0,0.98,0.0,0.017,50,0.6,3168.2,641.7,3379.9,4783.3,36195.4,10847.7,54,35002.1,278.1,31,1171.6,5539.5
CHN_G2585,416750.0,1450750.0,80.231948,13.121964,10.64,1.22,0.618,23.0,0.931,0.0,0.056,50,80.2,3296.3,457.2,3710.4,4296.1,36637.5,14682.3,89,56928.4,404.2,20,1315.3,5083.3
CHN_G2586,417250.0,1450750.0,80.236561,13.121978,11.11,0.69,0.565,23.0,0.859,0.0,0.14,50,6.0,3008.4,134.3,4075.6,3808.9,37080.1,10259.7,97,34782.8,655.8,8,1608.5,4636.2
CHN_G2587,417750.0,1450750.0,80.241173,13.121991,14.58,6.2,0.327,23.0,0.516,0.0,0.48,50,28.3,2633.5,190.0,4467.0,3321.7,37524.1,6627.6,137,59414.9,266.3,11,1986.1,4201.1
CHN_G2588,418250.0,1450750.0,80.245786,13.122005,8.64,1.11,0.643,23.0,0.889,0.0,0.11,50,180.0,2304.9,55.8,4878.2,2834.5,37969.5,1282.3,100,38416.6,239.9,8,2408.7,3782.0
CHN_G2589,418750.0,1450750.0,80.250399,13.122018,9.17,1.39,0.575,23.0,0.885,0.0,0.114,50,105.0,2031.2,8.1,4896.1,2347.3,38416.3,3988.9,216,57033.9,481.0,8,2401.7,3385.0
CHN_G2590,419250.0,1450750.0,80.255011,13.122032,9.2,1.3,0.528,149.0,0.913,0.0,0.084,50,26.4,1826.0,194.2,4881.3,1860.1,38864.3,5499.6,165,53613.2,730.3,5,2417.2,3018.7
CHN_G2591,419750.0,1450750.0,80.259624,13.122045,9.98,3.64,0.429,174.0,0.874,0.0,0.119,50,21.4,1721.5,452.8,4762.5,1372.9,39313.7,10374.9,447,102583.7,419.1,3,1921.0,2695.7
CHN_G2592,420250.0,1450750.0,80.264237,13.122058,7.97,2.44,0.52,174.0,0.808,0.0,0.189,50,81.9,1736.6,573.2,4689.5,885.7,39764.2,15566.7,256,87205.9,271.4,3,1427.4,2376.2
CHN_G2593,420750.0,1450750.0,80.268849,13.122071,4.83,2.21,0.699,174.0,0.522,0.004,0.433,50,97.8,1734.2,499.6,4663.4,402.9,40215.9,3280.9,273,82244.0,329.3,3,940.7,2094.3
CHN_G2594,421250.0,1450750.0,80.273462,13.122084,5.96,3.29,0.645,174.0,0.609,0.036,0.262,50,176.9,1705.6,287.1,4687.6,78.3,40668.7,2009.6,385,126661.0,802.0,2,482.1,1904.3
CHN_G2595,421750.0,1450750.0,80.278075,13.122097,7.68,4.81,0.581,174.0,0.88,0.005,0.112,50,98.6,1819.6,582.4,4712.5,559.5,41122.6,4262.9,364,114212.1,648.0,4,282.6,1834.8
CHN_G2596,422250.0,1450750.0,80.282687,13.12211,10.28,0.9,0.463,174.0,0.908,0.0,0.091,50,119.3,2052.4,1046.9,4715.6,1040.7,41577.6,1485.6,274,92049.1,339.9,16,516.3,1772.9
CHN_G2597,422750.0,1450750.0,80.2873,13.122123,11.26,3.63,0.394,20.0,0.982,0.0,0.015,50,49.5,2369.4,1533.8,4767.5,1521.9,42033.6,8661.3,375,92502.7,93.1,23,118.5,1382.9
CHN_G2598,423250.0,1450750.0,80.291913,13.122136,12.0,2.93,0.287,15.0,0.967,0.0,0.028,50,50.9,2741.5,2027.2,4866.4,2003.1,42490.6,9025.4,476,97221.0,190.9,23,511.3,1087.0
CHN_G2599,423750.0,1450750.0,80.296525,13.122148,7.47,2.73,0.482,15.0,0.858,0.064,0.035,50,175.8,3149.2,2523.1,5012.5,2484.3,42948.5,2163.9,544,111651.7,85.8,13,381.5,975.2
CHN_G2600,424250.0,1450750.0,80.301138,13.122161,0.0,0.0,0.834,15.0,0.134,0.761,0.06,80,363.6,3580.4,2999.6,5202.7,2965.6,43407.4,0.0,394,97426.1,554.8,2,543.2,1104.7
CHN_G2601,402250.0,1451250.0,80.098167,13.126051,43.43,3.86,0.016,314.0,0.2,0.0,0.798,10,4916.3,6738.5,8800.6,587.7,18703.0,24092.9,0.0,437,111575.5,982.3,2,1055.6,16422.1
CHN_G2602,402750.0,1451250.0,80.10278,13.126067,41.06,2.54,0.134,299.0,0.231,0.0,0.767,10,4426.0,6724.2,8394.2,525.9,18205.2,24483.9,0.0,380,122940.6,805.2,2,603.7,15970.3
CHN_G2603,403250.0,1451250.0,80.107393,13.126083,40.14,3.11,0.083,328.0,0.065,0.0,0.935,10,3937.5,6703.8,7998.4,841.3,17707.6,24878.9,0.0,431,121409.4,912.1,1,338.7,15521.5
CHN_G2604,403750.0,1451250.0,80.112005,13.126099,35.38,0.95,0.259,307.0,0.047,0.0,0.953,10,3452.3,6720.7,7614.8,972.0,17210.1,25277.6,0.0,452,116648.1,1231.1,0,604.1,15075.8
CHN_G2605,404250.0,1451250.0,80.116618,13.126115,30.88,6.2,0.475,73.0,0.433,0.0,0.567,50,2965.9,6774.6,7245.5,622.8,16712.8,25679.8,0.0,496,115104.3,1546.1,0,1056.0,14633.7
CHN_G2606,404750.0,1451250.0,80.12123,13.126131,24.49,1.02,0.791,73.0,0.564,0.0,0.381,50,2479.6,6787.9,6864.6,569.1,16215.6,26085.4,0.0,338,79522.3,1128.9,0,1538.0,14195.4
CHN_G2607,405250.0,1451250.0,80.125843,13.126146,25.56,0.57,0.626,14.0,0.943,0.0,0.057,50,2000.2,6837.8,6475.5,679.6,15718.6,26494.2,0.0,228,57568.7,682.4,1,2028.7,13761.4
CHN_G2608,405750.0,1451250.0,80.130455,13.126162,26.29,3.48,0.494,1.0,0.903,0.0,0.096,50,1533.9,6923.4,6102.7,961.6,15221.8,26906.1,0.0,326,86025.5,396.2,1,2523.1,13331.9
CHN_G2609,406250.0,1451250.0,80.135068,13.126178,25.3,0.73,0.525,1.0,0.752,0.0,0.207,50,1097.6,7043.6,5749.2,1182.2,14725.2,27321.0,0.0,298,89958.6,590.2,4,2609.5,12907.5
CHN_G2610,406750.0,1451250.0,80.139681,13.126193,22.15,0.29,0.713,310.0,0.637,0.007,0.293,50,746.2,6993.8,5418.8,1246.9,14228.9,27738.7,0.0,242,88182.3,258.4,6,2120.3,12488.8
CHN_G2611,407250.0,1451250.0,80.144293,13.126208,24.81,3.44,0.537,32.0,0.61,0.0,0.388,50,401.7,6547.0,5116.0,1257.5,13732.8,28159.0,0.0,201,93454.1,101.3,11,1637.8,12076.2
CHN_G2612,407750.0,1451250.0,80.148906,13.126224,25.89,1.18,0.413,9.0,0.909,0.0,0.086,50,229.4,6108.4,4846.1,1140.0,13237.0,28581.9,511.2,180,80754.9,277.9,15,1169.9,11670.4
CHN_G2613,408250.0,1451250.0,80.153519,13.126239,30.37,2.98,0.084,9.0,0.95,0.0,0.043,50,61.8,5680.0,4614.6,1195.4,12741.6,29001.4,5697.3,153,81330.8,488.5,14,745.1,11272.2
CHN_G2614,408750.0,1451250.0,80.158131,13.126254,23.39,0.77,0.475,88.0,0.894,0.0,0.105,50,15.7,5264.2,4427.7,1303.0,12246.5,29423.4,15039.0,222,130165.2,840.1,3,491.5,10882.5
CHN_G2615,409250.0,1451250.0,80.162744,13.126269,18.09,1.05,0.711,107.0,0.817,0.0,0.18,50,19.2,4864.4,4010.0,1267.5,11751.8,29847.9,3539.3,237,145395.5,1027.1,0,654.2,10502.0
CHN_G2616,409750.0,1451250.0,80.167356,13.126284,19.28,0.73,0.517,107.0,0.574,0.0,0.418,50,76.5,4484.6,3558.6,1266.4,11257.6,30274.7,6177.1,238,105125.8,1379.9,0,1055.7,10132.0
CHN_G2617,410250.0,1451250.0,80.171969,13.126299,15.85,0.5,0.616,299.0,0.588,0.0,0.411,50,333.0,4130.5,3122.1,1236.6,10763.9,30703.6,10.2,24,14941.6,1803.7,0,1516.8,9773.5
CHN_G2618,410750.0,1451250.0,80.176582,13.126314,11.39,0.36,0.808,136.0,0.001,0.0,0.648,40,301.8,3809.3,2707.6,1239.5,10270.9,31134.7,0.0,0,0.0,2258.8,0,1996.8,9428.0
CHN_G2619,411250.0,1451250.0,80.181194,13.126328,10.5,1.05,0.798,303.0,0.131,0.0,0.494,90,679.0,3530.0,2326.9,1153.5,9778.5,31567.3,0.0,0,0.0,2061.1,0,2484.7,9096.8
CHN_G2620,411750.0,1451250.0,80.185807,13.126343,10.76,0.99,0.718,314.0,0.027,0.219,0.495,40,1010.7,3303.1,1999.5,808.5,9287.0,32000.5,0.0,0,0.0,1581.4,0,2976.6,8781.6
CHN_G2621,412250.0,1451250.0,80.19042,13.126358,10.5,0.0,0.709,132.0,0.136,0.257,0.229,90,593.5,3140.1,1755.5,690.6,8796.4,32435.6,0.0,0,0.0,1119.6,0,3470.8,8484.2
CHN_G2622,412750.0,1451250.0,80.195032,13.126372,10.04,0.82,0.746,212.0,0.684,0.0,0.302,50,337.6,3051.2,1632.6,854.1,8307.0,32872.5,0.0,0,0.0,695.3,3,3780.0,8206.5
CHN_G2623,413250.0,1451250.0,80.199645,13.126386,11.79,1.14,0.624,212.0,0.915,0.0,0.071,50,202.6,3042.9,1579.1,1081.6,7818.9,33311.3,2079.5,0,0.0,197.0,3,3338.5,7950.5
CHN_G2624,413750.0,1451250.0,80.204258,13.126401,10.67,0.94,0.663,298.0,0.888,0.0,0.084,50,36.7,3115.9,1111.6,1451.2,7331.7,33751.5,9953.3,0,0.0,307.0,8,2915.9,7718.5
CHN_G2625,414250.0,1451250.0,80.20887,13.126415,11.6,0.99,0.606,298.0,0.953,0.0,0.038,50,54.5,3222.6,691.2,1874.3,6844.5,34192.3,6737.1,0,0.0,433.0,18,2521.9,7512.7
CHN_G2626,414750.0,1451250.0,80.213483,13.126429,10.3,1.34,0.684,2.0,0.839,0.0,0.146,50,136.8,3372.0,442.7,2233.9,6357.3,34634.4,1441.2,0,0.0,365.6,22,2171.9,7116.5
CHN_G2627,415250.0,1451250.0,80.218096,13.126443,11.0,6.31,0.629,2.0,0.905,0.0,0.09,50,129.7,3563.3,435.3,2415.3,5870.1,35077.6,4833.1,0,0.0,107.9,27,1890.7,6655.8
CHN_G2628,415750.0,1451250.0,80.222709,13.126457,13.16,0.96,0.463,34.0,0.944,0.0,0.054,50,16.3,3610.6,371.0,2679.0,5382.9,35519.7,13327.5,0,0.0,271.5,25,1712.3,6201.1
CHN_G2629,416250.0,1451250.0,80.227321,13.126471,10.35,1.5,0.612,3.0,0.929,0.0,0.067,50,34.6,3660.5,142.0,3003.4,4895.7,35962.2,11206.2,0,0.0,165.8,18,1670.1,5754.0
CHN_G2630,416750.0,1451250.0,80.231934,13.126485,10.56,0.72,0.587,3.0,0.862,0.0,0.138,50,48.7,3712.1,224.1,3371.0,4408.5,36406.1,4342.8,0,0.0,641.0,5,1773.9,5316.3
CHN_G2631,417250.0,1451250.0,80.236547,13.126499,13.9,0.83,0.37,23.0,0.414,0.002,0.584,10,283.4,3340.6,152.5,3769.2,3921.3,36851.5,406.6,0,0.0,637.5,2,2001.0,4890.5
CHN_G2632,417750.0,1451250.0,80.241159,13.126512,14.85,4.78,0.29,23.0,0.627,0.0,0.368,50,25.3,3006.5,147.0,4189.3,3434.1,37298.3,3451.7,0,0.0,218.6,6,2315.4,4480.2
CHN_G2633,418250.0,1451250.0,80.245772,13.126526,7.87,1.21,0.672,23.0,0.803,0.0,0.196,50,142.7,2715.5,320.1,4435.1,2947.0,37746.3,1191.2,48,9640.3,91.8,8,2686.7,4089.8
CHN_G2634,418750.0,1451250.0,80.250385,13.126539,7.04,1.64,0.686,23.0,0.964,0.001,0.035,50,63.4,2478.9,155.7,4396.2,2463.5,38195.7,8486.6,193,22177.2,154.1,7,2901.2,3725.7
CHN_G2635,419250.0,1451250.0,80.254998,13.126553,8.88,0.76,0.534,23.0,0.933,0.004,0.063,50,56.2,2304.6,61.2,4414.0,1982.3,38646.3,8964.5,453,58344.9,589.8,5,2414.0,3396.4
CHN_G2636,419750.0,1451250.0,80.25961,13.126566,2.69,1.18,0.849,174.0,0.877,0.066,0.037,50,46.6,2219.9,5.2,4487.7,1501.1,39098.2,9566.6,264,69384.6,789.6,4,1917.0,3080.7
CHN_G2637,420250.0,1451250.0,80.264223,13.126579,5.34,1.41,0.659,174.0,0.851,0.068,0.075,50,13.2,2232.9,79.6,4614.8,1019.9,39551.1,11513.1,80,17955.2,397.8,3,1422.1,2780.4
CHN_G2638,420750.0,1451250.0,80.268836,13.126592,2.51,0.75,0.814,174.0,0.514,0.052,0.423,50,88.8,2226.3,25.8,4790.9,538.7,40005.2,5672.9,115,19624.6,439.4,1,932.6,2543.8
CHN_G2639,421250.0,1451250.0,80.273449,13.126605,5.99,1.87,0.609,174.0,0.774,0.002,0.167,50,125.7,2204.1,197.6,5010.9,57.5,40460.4,2533.6,134,36874.4,853.1,1,466.0,2389.8
CHN_G2640,421750.0,1451250.0,80.278061,13.126618,8.51,1.83,0.495,20.0,0.737,0.0,0.26,50,14.6,2293.4,549.7,5212.2,423.7,40916.6,6035.8,226,55862.6,937.8,2,254.2,2334.8
CHN_G2641,422250.0,1451250.0,80.282674,13.126631,6.32,1.87,0.665,20.0,0.85,0.0,0.146,50,94.8,2482.2,958.1,5215.0,904.9,41373.9,3904.8,157,43906.4,440.7,11,631.0,2090.0
CHN_G2642,422750.0,1451250.0,80.287287,13.126644,9.38,1.61,0.473,20.0,0.916,0.0,0.074,50,25.3,2750.1,1418.4,5262.0,1386.1,41832.1,3863.4,122,29290.8,93.8,15,381.5,1771.3
CHN_G2643,423250.0,1451250.0,80.2919,13.126657,11.97,3.0,0.261,15.0,0.952,0.0,0.044,50,62.4,3076.5,1898.9,5352.5,1867.4,42291.3,4109.8,146,26958.0,80.8,17,626.9,1551.3
CHN_G2644,423750.0,1451250.0,80.296512,13.126669,4.8,1.25,0.618,15.0,0.653,0.181,0.129,50,156.6,3444.8,2387.5,5485.7,2348.6,42751.3,2478.3,75,43171.8,433.5,8,873.9,1475.1
CHN_G2645,424250.0,1451250.0,80.301125,13.126682,0.0,0.0,0.824,15.0,0.008,0.961,0.017,80,637.4,3842.9,2880.0,5660.1,2829.8,43212.3,0.0,102,22870.3,698.8,3,955.6,1563.7
CHN_G2646,424750.0,1451250.0,80.305738,13.126694,0.0,0.0,0.718,15.0,0.001,0.998,0.0,80,1042.9,4262.6,3374.6,5871.9,3311.0,43674.1,0.0,114,28178.0,1135.2,0,1248.3,1792.9
CHN_G2647,402250.0,1451750.0,80.098151,13.130572,41.86,5.18,0.11,324.0,0.236,0.0,0.763,10,5026.9,7238.4,9094.3,1043.6,18756.3,23782.0,0.0,214,44973.1,642.2,1,1012.7,16639.5
CHN_G2648,402750.0,1451750.0,80.102764,13.130588,32.52,0.56,0.631,319.0,0.118,0.0,0.882,10,4541.1,7222.8,8701.6,1010.1,18260.0,24178.1,0.0,299,82599.7,309.7,1,525.1,16193.8
CHN_G2649,403250.0,1451750.0,80.107376,13.130604,34.6,4.81,0.401,317.0,0.068,0.0,0.932,10,4058.8,7203.8,8320.4,1204.8,17763.9,24577.9,0.0,310,87694.1,528.6,1,161.3,15751.3
CHN_G2650,403750.0,1451750.0,80.111989,13.13062,36.84,5.92,0.169,321.0,0.052,0.0,0.948,10,3581.3,7219.5,7952.5,1317.9,17268.0,24981.4,0.0,275,108109.0,981.3,1,525.6,15312.3
CHN_G2651,404250.0,1451750.0,80.116602,13.130636,28.29,4.45,0.641,3.0,0.454,0.0,0.522,10,3110.9,7269.7,7566.3,1086.2,16772.4,25388.3,0.0,370,128365.2,1465.1,0,1013.2,14877.2
CHN_G2652,404750.0,1451750.0,80.121214,13.130651,27.34,0.53,0.638,59.0,0.391,0.0,0.568,50,2651.4,7287.0,7180.5,1059.6,16277.1,25798.5,0.0,299,93428.2,1064.2,0,1508.9,14446.3
CHN_G2653,405250.0,1451750.0,80.125827,13.130667,30.65,2.2,0.348,59.0,0.309,0.0,0.687,10,2209.5,7333.4,6809.5,1164.7,15782.0,26211.8,0.0,307,81956.0,569.1,1,2006.7,14020.0
CHN_G2654,405750.0,1451750.0,80.13044,13.130683,30.43,0.91,0.272,318.0,0.788,0.0,0.212,50,1751.6,7413.4,6456.0,1349.7,15287.3,26628.1,0.0,458,86744.6,123.1,1,2505.4,13598.8
CHN_G2655,406250.0,1451750.0,80.135052,13.130698,27.58,1.22,0.393,1.0,0.908,0.0,0.082,50,1251.7,7525.8,6122.9,1668.3,14792.9,27047.2,0.0,247,68320.7,454.4,2,2563.6,13183.0
CHN_G2656,406750.0,1451750.0,80.139665,13.130714,22.21,1.99,0.692,318.0,0.831,0.0,0.163,50,752.1,7225.0,5813.8,1745.4,14298.9,27469.1,0.0,150,47331.2,647.5,4,2063.6,12773.2
CHN_G2657,407250.0,1451750.0,80.144278,13.130729,19.98,2.01,0.785,318.0,0.785,0.0,0.214,50,253.9,6793.4,5532.7,1725.6,13805.3,27890.0,18.3,273,80715.6,593.3,6,1563.6,12370.1
CHN_G2658,407750.0,1451750.0,80.14889,13.130745,21.29,0.35,0.63,9.0,0.914,0.0,0.083,50,124.6,6371.8,5284.1,1639.0,13312.2,28311.0,2251.9,346,114895.7,768.5,8,1063.7,11974.4
CHN_G2659,408250.0,1451750.0,80.153503,13.13076,28.56,3.03,0.126,9.0,0.947,0.0,0.045,50,296.3,5962.3,5072.6,1687.7,12819.7,28734.4,71.7,453,119596.8,867.2,1,563.7,11586.6
CHN_G2660,408750.0,1451750.0,80.158116,13.130775,27.11,2.27,0.189,88.0,0.876,0.0,0.089,50,72.1,5567.6,4676.6,1801.7,12327.7,29160.4,4754.4,455,114998.5,1188.8,0,64.8,11207.8
CHN_G2661,409250.0,1451750.0,80.162728,13.13079,20.29,1.88,0.534,88.0,0.898,0.0,0.09,50,9.4,5191.2,4237.3,1765.2,11836.5,29588.6,7547.9,519,121602.8,1462.6,0,436.6,10838.8
CHN_G2662,409750.0,1451750.0,80.167341,13.130805,22.36,1.73,0.316,302.0,0.642,0.0,0.34,50,294.4,4837.2,3812.9,1766.3,11345.9,30019.0,404.3,286,84941.4,1728.7,0,936.5,10480.6
CHN_G2663,410250.0,1451750.0,80.171954,13.13082,18.15,0.76,0.478,7.0,0.862,0.0,0.133,50,46.8,4510.8,3409.0,1729.6,10856.3,30451.6,5846.3,177,52320.9,2082.6,0,1436.5,10134.5
CHN_G2664,410750.0,1451750.0,80.176567,13.130835,16.73,1.98,0.495,295.0,0.698,0.0,0.293,50,253.3,4218.7,3034.0,1439.0,10367.6,30884.2,604.0,304,74846.0,2487.3,0,1936.5,9801.7
CHN_G2665,411250.0,1451750.0,80.181179,13.130849,14.18,0.05,0.59,296.0,0.459,0.0,0.491,50,658.9,3968.3,2699.7,945.5,9880.1,31318.9,0.0,163,59725.5,2237.6,0,2436.5,9483.6
CHN_G2666,411750.0,1451750.0,80.185792,13.130864,20.36,3.43,0.155,300.0,0.359,0.0,0.64,50,732.8,3767.9,2423.3,465.9,9392.9,31755.4,0.0,219,77523.1,1758.3,0,2936.4,9181.7
CHN_G2667,412250.0,1451750.0,80.190405,13.130878,11.7,0.21,0.639,311.0,0.091,0.001,0.766,10,493.0,3625.8,2226.1,200.5,8905.7,32193.9,0.0,157,51203.8,1283.4,0,3436.4,8897.6
CHN_G2668,412750.0,1451750.0,80.195018,13.130893,10.1,1.17,0.728,288.0,0.77,0.0,0.221,50,98.4,3549.1,2008.1,383.3,8418.5,32634.0,2086.2,73,45318.2,838.2,2,3936.4,8633.2
CHN_G2669,413250.0,1451750.0,80.19963,13.130907,10.85,1.36,0.648,288.0,0.925,0.0,0.069,50,41.2,3542.0,1508.2,757.0,7931.3,33074.6,3510.1,140,74923.0,508.0,4,3614.1,8390.3
CHN_G2670,413750.0,1451750.0,80.204243,13.130922,14.28,1.15,0.408,7.0,0.96,0.0,0.036,50,153.8,3604.9,1008.3,1216.7,7444.1,33516.6,2728.9,238,133722.1,391.9,7,3227.9,8170.8
CHN_G2671,414250.0,1451750.0,80.208856,13.130936,17.63,3.12,0.199,217.0,0.962,0.0,0.036,50,6.3,3705.9,508.8,1656.3,6956.9,33959.9,19974.7,231,147210.2,260.9,17,2876.9,7772.6
CHN_G2672,414750.0,1451750.0,80.213469,13.13095,8.56,3.64,0.732,2.0,0.738,0.011,0.196,50,57.8,3844.7,32.1,1756.9,6469.7,34402.0,8881.6,186,88970.6,45.0,20,2575.7,7319.0
CHN_G2673,415250.0,1451750.0,80.218082,13.130964,10.65,1.05,0.596,2.0,0.984,0.0,0.016,50,10.9,4023.4,62.2,1982.4,5982.5,34844.3,9236.5,83,36358.7,157.8,17,2343.4,6871.8
CHN_G2674,415750.0,1451750.0,80.222694,13.130978,10.4,1.68,0.576,34.0,0.969,0.0,0.029,50,24.3,4109.5,107.9,2296.4,5495.3,35288.2,6958.8,23,4735.9,602.8,21,2202.0,6432.5
CHN_G2675,416250.0,1451750.0,80.227307,13.130992,9.35,2.25,0.63,3.0,0.974,0.0,0.026,50,5.7,4154.7,189.3,2667.7,5008.5,35733.5,7583.0,0,0.0,613.1,4,2169.3,6002.6
CHN_G2676,416750.0,1451750.0,80.23192,13.131006,11.3,2.89,0.509,3.0,0.74,0.0,0.258,50,253.6,4047.7,203.9,3075.7,4524.4,36180.2,253.0,0,0.0,871.4,1,2250.2,5584.4
CHN_G2677,417250.0,1451750.0,80.236533,13.131019,8.12,0.44,0.688,3.0,0.638,0.0,0.356,50,298.9,3709.9,16.5,3507.6,4043.0,36628.3,0.0,0,0.0,683.1,3,2433.2,5180.7
CHN_G2678,417750.0,1451750.0,80.241146,13.131033,8.9,1.81,0.626,23.0,0.746,0.0,0.246,50,57.3,3408.3,37.8,3844.5,3561.7,37077.8,2540.1,0,0.0,328.8,5,2697.7,4795.3
CHN_G2679,418250.0,1451750.0,80.245758,13.131047,10.17,1.44,0.518,23.0,0.978,0.0,0.02,50,74.6,3148.4,174.6,3940.2,3080.5,37528.5,3038.6,0,0.0,417.0,7,3022.4,4432.7
CHN_G2680,418750.0,1451750.0,80.250371,13.13106,8.32,2.03,0.592,23.0,0.967,0.0,0.022,50,26.2,2937.9,15.3,3896.4,2599.3,37980.4,8183.9,0,0.0,151.1,7,2994.1,4099.2
CHN_G2681,419250.0,1451750.0,80.254984,13.131074,8.79,1.35,0.519,34.0,0.902,0.0,0.092,50,55.4,2789.2,255.8,3916.4,2118.1,38433.6,10760.2,0,0.0,348.4,4,2512.4,3786.2
CHN_G2682,419750.0,1451750.0,80.259597,13.131087,8.59,1.26,0.479,174.0,0.955,0.0,0.042,50,7.0,2718.9,431.0,3999.3,1636.9,38887.9,10301.1,0,0.0,847.9,2,2039.5,3475.0
CHN_G2683,420250.0,1451750.0,80.26421,13.1311,4.12,1.98,0.709,174.0,0.708,0.002,0.256,50,10.3,2730.6,126.3,4141.4,1155.7,39343.3,5145.2,0,0.0,861.9,1,1583.4,3211.8
CHN_G2684,420750.0,1451750.0,80.268822,13.131113,12.57,2.72,0.187,174.0,0.118,0.0,0.862,10,232.9,2721.2,46.8,4336.7,674.5,39799.8,1655.5,0,0.0,881.8,1,1163.8,3009.3
CHN_G2685,421250.0,1451750.0,80.273435,13.131126,2.07,1.77,0.806,20.0,0.416,0.09,0.421,50,211.3,2703.1,21.2,4578.6,193.3,40257.3,1327.0,0,0.0,1145.6,0,837.8,2880.3
CHN_G2686,421750.0,1451750.0,80.278048,13.131139,9.68,2.09,0.386,20.0,0.919,0.0,0.074,50,8.3,2776.4,347.2,4860.1,287.9,40715.8,13157.7,0,0.0,1094.3,0,741.2,2797.1
CHN_G2687,422250.0,1451750.0,80.282661,13.131152,3.74,0.66,0.781,20.0,0.728,0.002,0.247,50,101.9,2934.3,845.3,5032.1,769.2,41175.2,3908.5,0,0.0,715.7,4,947.0,2468.4
CHN_G2688,422750.0,1451750.0,80.287274,13.131165,8.8,0.68,0.472,15.0,0.91,0.009,0.076,50,36.4,3164.2,1344.9,5011.0,1250.4,41635.6,3993.7,0,0.0,433.3,10,881.5,2205.1
CHN_G2689,423250.0,1451750.0,80.291887,13.131178,7.01,0.56,0.522,15.0,0.946,0.0,0.046,50,23.7,3451.6,1844.6,5039.7,1731.6,42096.9,4200.6,56,5535.1,107.5,10,709.4,2032.6
CHN_G2690,423750.0,1451750.0,80.2965,13.13119,5.81,5.52,0.533,15.0,0.71,0.174,0.076,50,19.9,3783.6,2344.5,5117.3,2212.8,42559.1,1170.5,32,3522.0,510.8,7,384.9,1975.1
CHN_G2691,424250.0,1451750.0,80.301112,13.131203,0.0,0.0,0.811,15.0,0.021,0.871,0.013,80,512.6,4149.3,2844.4,5241.7,2694.0,43022.2,0.0,4,229.3,951.4,2,541.3,2042.1
CHN_G2692,402250.0,1452250.0,80.098134,13.135092,31.27,1.81,0.684,322.0,0.264,0.0,0.736,40,5162.4,7738.2,9405.4,1527.4,18822.7,23477.6,0.0,107,19241.9,599.9,1,1198.7,16868.9
CHN_G2693,402750.0,1452250.0,80.102747,13.135109,27.92,2.53,0.838,316.0,0.148,0.001,0.851,10,4690.7,7721.5,9026.3,1504.7,18328.2,23878.7,0.0,197,28921.3,208.4,1,828.9,16429.4
CHN_G2694,403250.0,1452250.0,80.10736,13.135125,36.67,3.49,0.211,325.0,0.078,0.001,0.921,10,4225.5,7703.8,8659.4,1641.7,17834.0,24283.5,0.0,299,45724.3,476.4,1,661.3,15993.4
CHN_G2695,403750.0,1452250.0,80.111973,13.135141,26.9,0.52,0.708,315.0,0.033,0.0,0.967,10,3769.2,7718.5,8269.0,1740.3,17340.2,24691.8,0.0,214,41271.5,954.2,1,829.2,15561.3
CHN_G2696,404250.0,1452250.0,80.116585,13.135156,26.99,3.28,0.681,322.0,0.271,0.0,0.728,10,3295.2,7765.5,7885.8,1572.2,16846.7,25103.4,0.0,201,35628.1,1447.1,0,1199.1,15133.4
CHN_G2697,404750.0,1452250.0,80.121198,13.135172,27.15,4.1,0.611,327.0,0.118,0.024,0.823,10,2803.1,7786.2,7516.4,1553.9,16353.6,25518.2,0.0,108,22832.1,1220.9,0,1639.5,14710.0
CHN_G2698,405250.0,1452250.0,80.125811,13.135188,29.58,0.79,0.371,318.0,0.046,0.0,0.954,10,2314.3,7829.7,7162.9,1648.9,15860.9,25936.0,0.0,114,35165.7,825.8,1,2106.7,14291.5
CHN_G2699,405750.0,1452250.0,80.130424,13.135204,35.73,2.33,0.0,34.0,0.864,0.0,0.136,50,1829.9,7904.6,6827.7,1793.4,15368.7,26356.6,0.0,98,33382.0,611.0,1,2586.2,13878.5
CHN_G2700,406250.0,1452250.0,80.135036,13.135219,27.36,1.97,0.347,34.0,0.752,0.006,0.239,50,1335.2,7908.0,6513.6,1911.0,14877.0,26779.2,0.0,122,36750.2,751.4,1,2614.3,13471.4
CHN_G2701,406750.0,1452250.0,80.139649,13.135235,22.72,0.68,0.58,318.0,0.941,0.0,0.059,50,846.7,7482.4,6224.0,1760.6,14385.9,27198.9,0.0,46,44642.7,1120.7,0,2126.3,13070.7
CHN_G2702,407250.0,1452250.0,80.144262,13.13525,16.98,0.5,0.858,318.0,0.775,0.0,0.225,50,388.7,7066.5,5962.2,1610.2,13895.4,27621.4,0.0,97,33169.5,1092.6,0,1645.5,12677.0
CHN_G2703,407750.0,1452250.0,80.148875,13.135265,18.68,1.72,0.675,9.0,0.851,0.0,0.148,50,229.0,6662.3,5732.2,1472.4,13405.7,28046.3,1737.0,130,47902.3,1219.3,0,1180.7,12291.1
CHN_G2704,408250.0,1452250.0,80.153488,13.135281,24.07,1.04,0.29,314.0,0.798,0.0,0.179,50,292.1,6271.8,5353.6,1470.6,12916.7,28473.8,362.1,194,49900.7,1328.7,0,761.9,11913.7
CHN_G2705,408750.0,1452250.0,80.1581,13.135296,23.79,1.41,0.292,242.0,0.893,0.0,0.105,50,123.1,5897.9,4923.9,1630.0,12428.6,28903.5,2552.1,132,51844.4,1557.8,0,516.6,11545.6
CHN_G2706,409250.0,1452250.0,80.162713,13.135311,19.3,1.3,0.523,88.0,0.717,0.068,0.12,50,77.6,5543.9,4508.7,1910.9,11941.3,29335.5,3895.8,174,64536.9,1894.2,0,673.2,11187.8
CHN_G2707,409750.0,1452250.0,80.167326,13.135326,20.97,1.63,0.364,7.0,0.761,0.07,0.13,50,359.1,5213.9,4112.4,2266.3,11454.1,29768.1,0.0,293,84693.7,2138.3,0,1067.6,10841.1
CHN_G2708,410250.0,1452250.0,80.171939,13.135341,22.92,1.02,0.188,7.0,0.891,0.0,0.106,50,346.3,4912.6,3741.1,1952.2,10966.9,30202.3,0.0,324,85179.3,2433.4,0,1525.2,10506.9
CHN_G2709,410750.0,1452250.0,80.176552,13.135355,17.21,3.28,0.478,19.0,0.764,0.0,0.202,50,445.7,4645.8,3402.8,1460.9,10479.7,30638.4,0.0,101,81242.6,2787.6,0,2003.1,10186.3
CHN_G2710,411250.0,1452250.0,80.181164,13.13537,14.13,0.44,0.609,308.0,0.355,0.002,0.525,50,457.9,4419.7,3108.5,978.4,9992.5,31076.5,0.0,175,81845.4,2399.1,0,2489.8,9880.5
CHN_G2711,411750.0,1452250.0,80.185777,13.135385,19.25,3.27,0.235,312.0,0.565,0.0,0.403,50,245.4,4240.7,2871.6,529.5,9505.3,31516.4,204.8,50,22029.2,1952.2,0,2980.8,9591.1
CHN_G2712,412250.0,1452250.0,80.19039,13.135399,13.78,1.27,0.523,290.0,0.54,0.0,0.446,50,468.8,4114.9,2563.5,213.8,9018.1,31957.0,0.0,45,40326.5,1538.3,0,3474.4,9319.6
CHN_G2713,412750.0,1452250.0,80.195003,13.135414,10.36,1.25,0.705,113.0,0.654,0.0,0.34,50,564.3,4047.5,2076.9,120.9,8530.9,32398.8,0.0,256,66108.9,1183.8,0,3969.7,9067.5
CHN_G2714,413250.0,1452250.0,80.199616,13.135428,9.84,0.51,0.683,7.0,0.866,0.0,0.129,50,81.0,4041.3,1598.7,557.2,8043.7,32842.1,2180.1,412,117557.2,686.9,3,3934.3,8836.5
CHN_G2715,413750.0,1452250.0,80.204229,13.135443,14.13,1.64,0.381,7.0,0.977,0.0,0.02,50,232.3,4096.6,1139.2,987.7,7556.5,33284.2,915.2,482,119811.7,205.7,5,3582.7,8436.9
CHN_G2716,414250.0,1452250.0,80.208841,13.135457,13.91,0.79,0.378,217.0,0.948,0.0,0.047,50,20.8,4192.8,734.8,1157.4,7070.1,33726.5,16638.5,388,100367.6,59.3,10,3270.1,7989.7
CHN_G2717,414750.0,1452250.0,80.213454,13.135471,6.0,0.0,0.842,34.0,0.416,0.38,0.179,50,257.3,4323.4,521.7,1297.3,6585.6,34170.2,1008.2,380,95400.5,268.0,16,3008.4,7549.2
CHN_G2718,415250.0,1452250.0,80.218067,13.135485,8.77,2.23,0.669,2.0,0.929,0.0,0.059,50,5.5,4484.8,537.2,1589.4,6103.6,34615.5,4693.6,265,70165.8,265.9,14,2812.1,7116.5
CHN_G2719,415750.0,1452250.0,80.22268,13.135499,7.43,2.57,0.72,34.0,0.938,0.0,0.054,50,23.8,4608.3,595.9,1967.1,5622.4,35062.2,7219.7,231,62136.3,738.9,5,2695.4,6693.2
CHN_G2720,416250.0,1452250.0,80.227293,13.135513,8.16,3.44,0.682,34.0,0.785,0.0,0.214,50,14.1,4650.1,688.2,2390.2,5141.2,35510.3,3207.6,173,58972.4,1106.5,0,2668.8,6281.2
CHN_G2721,416750.0,1452250.0,80.231906,13.135527,8.73,3.02,0.649,301.0,0.813,0.0,0.18,50,97.3,4414.4,645.9,2811.1,4659.9,35959.8,1724.8,131,47320.9,776.4,1,2734.9,5882.9
CHN_G2722,417250.0,1452250.0,80.236519,13.13554,7.26,3.44,0.732,301.0,0.557,0.0,0.442,50,32.0,4105.0,479.3,3137.5,4178.7,36410.7,2226.1,117,50699.7,468.2,2,2887.4,5501.2
CHN_G2723,417750.0,1452250.0,80.241132,13.135554,8.27,2.16,0.661,301.0,0.758,0.0,0.241,50,262.3,3829.5,426.7,3505.1,3697.5,36862.8,711.8,124,49514.8,243.7,3,3113.6,5139.8
CHN_G2724,418250.0,1452250.0,80.245745,13.135568,9.6,0.37,0.551,15.0,0.932,0.0,0.068,50,107.1,3596.1,253.4,3446.7,3216.3,37316.1,3281.4,138,60618.0,293.2,7,3398.8,4803.3
CHN_G2725,418750.0,1452250.0,80.250357,13.135581,9.91,2.91,0.492,15.0,0.877,0.0,0.114,50,32.3,3407.2,110.0,3396.5,2735.1,37770.6,4230.0,197,75293.7,545.3,5,3154.3,4492.2
CHN_G2726,419250.0,1452250.0,80.25497,13.135594,7.55,0.49,0.583,34.0,0.823,0.0,0.153,50,31.8,3278.4,51.8,3419.5,2253.9,38226.2,7349.5,168,82985.2,628.5,3,2701.3,4173.8
CHN_G2727,419750.0,1452250.0,80.259583,13.135608,5.83,3.24,0.634,22.0,0.637,0.002,0.326,50,91.1,3218.2,26.6,3514.2,1772.7,38682.9,3586.2,139,86200.1,996.3,1,2268.1,3893.6
CHN_G2728,420250.0,1452250.0,80.264196,13.135621,5.82,0.92,0.595,30.0,0.066,0.0,0.721,10,293.7,3229.0,270.1,3675.0,1291.5,39140.7,336.2,71,26166.6,1351.8,0,1868.6,3660.7
CHN_G2729,420750.0,1452250.0,80.268809,13.135634,6.7,0.81,0.518,20.0,0.0,0.0,0.63,60,639.6,3217.8,546.4,3893.9,810.3,39599.5,0.0,54,22365.8,1364.6,0,1529.5,3484.3
CHN_G2730,421250.0,1452250.0,80.273422,13.135647,3.72,1.51,0.681,20.0,0.0,0.002,0.52,60,409.2,3202.4,521.0,4161.6,329.0,40059.3,0.0,44,8677.0,1548.2,0,1298.7,3373.5
CHN_G2731,421750.0,1452250.0,80.278035,13.13566,7.51,1.36,0.483,20.0,0.749,0.035,0.199,50,24.0,3264.6,646.0,4469.3,152.2,40520.1,8613.5,0,0.0,1419.7,0,1238.6,3170.0
CHN_G2732,422250.0,1452250.0,80.282648,13.135673,2.82,1.04,0.803,20.0,0.271,0.0,0.68,10,230.7,3399.9,1005.7,4534.5,633.4,40981.7,611.9,0,0.0,1136.2,0,1371.7,2884.1
CHN_G2733,422750.0,1452250.0,80.287261,13.135686,7.6,2.37,0.517,15.0,0.889,0.0,0.109,50,74.9,3600.1,1451.0,4511.1,1114.6,41444.3,5396.1,0,0.0,674.6,4,1112.7,2662.2
CHN_G2734,423250.0,1452250.0,80.291874,13.135699,9.8,3.22,0.336,15.0,0.922,0.0,0.071,50,70.5,3855.2,1923.4,4542.9,1592.3,41907.7,6432.3,0,0.0,176.2,5,618.8,2521.2
CHN_G2735,423750.0,1452250.0,80.296487,13.135711,9.67,1.84,0.288,15.0,0.868,0.049,0.008,50,8.6,4155.0,2407.0,4628.9,2044.5,42371.9,6484.3,0,0.0,327.2,4,167.0,2475.1
CHN_G2736,424250.0,1452250.0,80.3011,13.135724,0.0,0.0,0.805,15.0,0.005,0.972,0.0,80,379.1,4490.6,2896.1,4766.0,2482.4,42837.0,0.0,0,0.0,826.5,1,415.7,2528.9
CHN_G2737,402250.0,1452750.0,80.098118,13.139613,30.92,0.42,0.609,302.0,0.41,0.0,0.59,10,5341.5,8238.1,9732.3,1475.7,18902.2,23180.0,0.0,0,0.0,898.6,1,1532.4,17109.8
CHN_G2738,402750.0,1452750.0,80.102731,13.139629,29.95,1.23,0.602,136.0,0.79,0.0,0.208,50,4863.0,8220.4,9364.4,1547.8,18409.8,23586.2,0.0,0,0.0,700.7,1,1264.3,16676.7
CHN_G2739,403250.0,1452750.0,80.107344,13.139645,34.15,1.16,0.241,200.0,0.693,0.0,0.307,50,4375.8,8203.8,8972.3,1612.3,17917.9,23996.0,0.0,0,0.0,821.3,1,1161.3,16247.3
CHN_G2740,403750.0,1452750.0,80.111956,13.139661,33.46,1.42,0.205,319.0,0.541,0.0,0.459,50,3884.4,8217.6,8591.4,1464.3,17426.4,24409.1,0.0,0,0.0,1165.3,0,1264.4,15822.1
CHN_G2741,404250.0,1452750.0,80.116569,13.139677,25.25,6.28,0.676,5.0,0.376,0.005,0.492,50,3394.5,8261.7,8223.3,1306.3,16935.4,24825.4,0.0,0,0.0,1594.2,0,1532.7,15401.5
CHN_G2742,404750.0,1452750.0,80.121182,13.139693,21.5,0.0,0.848,254.0,0.014,0.27,0.574,80,2908.1,8285.5,7869.8,1309.5,16445.0,25244.7,0.0,0,0.0,1532.6,0,1897.2,14985.6
CHN_G2743,405250.0,1452750.0,80.125795,13.139709,26.57,0.94,0.465,305.0,0.019,0.0,0.981,20,2427.1,8326.3,7532.9,1405.9,15955.1,25666.9,0.0,0,0.0,1241.0,0,2312.9,14575.1
CHN_G2744,405750.0,1452750.0,80.130408,13.139724,28.07,1.23,0.287,34.0,0.67,0.0,0.328,50,1955.8,8396.8,7214.9,1587.6,15465.9,26087.4,0.0,0,0.0,1109.7,0,2756.8,14170.4
CHN_G2745,406250.0,1452750.0,80.135021,13.13974,27.18,0.86,0.266,34.0,0.803,0.0,0.188,50,1503.1,8174.5,6918.4,1434.4,14977.4,26508.7,0.0,9,842.4,1192.8,0,2756.3,13771.9
CHN_G2746,406750.0,1452750.0,80.139633,13.139755,22.39,3.9,0.493,14.0,0.91,0.0,0.09,50,1092.5,7763.5,6646.4,1283.7,14489.7,26932.7,0.0,0,0.0,1454.0,0,2298.7,13380.2
CHN_G2747,407250.0,1452750.0,80.144246,13.139771,15.83,1.55,0.81,325.0,0.429,0.166,0.37,50,792.3,7363.6,6402.0,1133.3,14002.5,27359.2,0.0,11,934.3,1592.3,0,1862.9,12995.9
CHN_G2748,407750.0,1452750.0,80.148859,13.139786,13.0,0.0,0.899,299.0,0.104,0.31,0.485,80,728.8,6976.5,6037.5,983.9,13515.3,27788.2,0.0,107,20627.1,1681.8,0,1468.6,12619.8
CHN_G2749,408250.0,1452750.0,80.153472,13.139801,20.17,0.48,0.413,314.0,0.546,0.041,0.331,50,256.5,6604.7,5615.6,981.0,13028.1,28219.5,0.0,370,74369.1,1810.7,0,1158.9,12252.5
CHN_G2750,408750.0,1452750.0,80.158085,13.139817,16.97,1.87,0.6,242.0,0.487,0.157,0.301,50,184.7,6250.7,5207.6,1207.0,12540.9,28652.1,988.7,347,68421.4,1985.0,0,1014.6,11894.9
CHN_G2751,409250.0,1452750.0,80.162698,13.139832,13.0,0.0,0.827,200.0,0.178,0.637,0.072,80,560.6,5917.9,4816.9,1565.7,12053.7,29085.7,0.0,400,83389.4,2258.6,0,1102.7,11547.8
CHN_G2752,409750.0,1452750.0,80.167311,13.139847,16.55,3.85,0.586,200.0,0.382,0.369,0.103,50,676.9,5609.9,4448.1,1986.4,11566.5,29521.5,0.0,168,30950.3,2580.1,0,1379.2,11212.4
CHN_G2753,410250.0,1452750.0,80.171924,13.139861,19.9,1.1,0.351,121.0,0.654,0.096,0.138,50,819.1,5331.1,4107.3,2091.5,11079.3,29959.2,0.0,35,2115.2,2829.5,0,1757.5,10889.5
CHN_G2754,410750.0,1452750.0,80.176537,13.139876,13.69,1.01,0.688,306.0,0.174,0.088,0.386,90,865.8,5086.3,3801.7,1642.4,10592.1,30398.8,0.0,57,5028.3,3069.1,0,2185.2,10580.5
CHN_G2755,411250.0,1452750.0,80.181149,13.139891,17.76,1.95,0.408,145.0,0.611,0.0,0.356,50,448.5,4880.6,3540.7,1228.2,10104.9,30839.4,0.0,18,2074.8,2641.0,0,2638.5,10286.5
CHN_G2756,411750.0,1452750.0,80.185762,13.139906,13.89,1.56,0.573,159.0,0.744,0.0,0.244,50,161.1,4719.1,3179.7,887.3,9617.8,31281.0,2998.1,97,46416.2,2242.8,0,3106.1,10008.8
CHN_G2757,412250.0,1452750.0,80.190375,13.13992,11.45,3.69,0.683,299.0,0.364,0.0,0.595,50,10.4,4606.4,2711.6,538.0,9131.6,31724.3,4275.6,214,46415.2,1783.6,0,3582.5,9748.9
CHN_G2758,412750.0,1452750.0,80.194988,13.139935,8.89,0.34,0.814,302.0,0.432,0.0,0.554,50,163.7,4546.3,2257.1,129.7,8647.0,32166.4,3595.5,95,46557.9,1323.6,0,4064.6,9508.2
CHN_G2759,413250.0,1452750.0,80.199601,13.139949,10.47,2.62,0.658,302.0,0.868,0.0,0.128,50,147.5,4540.8,1826.7,347.4,8164.3,32608.7,755.5,73,32246.4,906.8,1,4289.0,9107.7
CHN_G2760,413750.0,1452750.0,80.204214,13.139963,13.09,0.21,0.443,217.0,0.894,0.0,0.103,50,123.6,4590.0,1441.9,740.0,7683.0,33052.3,7003.0,148,71764.1,602.2,4,3969.0,8666.3
CHN_G2761,414250.0,1452750.0,80.208827,13.139978,8.71,1.56,0.676,217.0,0.661,0.131,0.144,50,265.4,4682.5,1149.4,660.3,7201.8,33497.4,1205.8,54,13924.8,349.2,7,3689.2,8231.6
CHN_G2762,414750.0,1452750.0,80.21344,13.139992,6.0,0.0,0.825,34.0,0.109,0.707,0.174,80,452.0,4802.8,1014.6,882.8,6720.6,33944.2,0.0,98,47233.1,460.4,5,3459.4,7804.7
CHN_G2763,415250.0,1452750.0,80.218053,13.140006,8.84,1.96,0.644,309.0,0.58,0.0,0.414,50,8.3,4952.6,1026.2,1273.8,6239.4,34392.3,2171.1,184,65240.8,39.9,2,3290.1,7387.0
CHN_G2764,415750.0,1452750.0,80.222666,13.14002,6.8,0.27,0.729,6.0,0.568,0.0,0.421,50,231.3,5106.3,1082.2,1722.2,5758.1,34841.9,460.7,174,57532.1,539.6,2,3190.9,6980.1
CHN_G2765,416250.0,1452750.0,80.227279,13.140034,11.61,1.07,0.452,9.0,0.592,0.0,0.398,50,105.4,5119.7,1187.2,2113.2,5276.9,35292.8,588.9,54,23571.0,1039.6,0,3168.5,6586.1
CHN_G2766,416750.0,1452750.0,80.231892,13.140048,8.38,2.18,0.653,301.0,0.492,0.0,0.506,50,87.6,4804.8,1077.2,2430.4,4795.7,35745.1,4680.2,239,50385.7,635.7,1,3224.4,6207.4
CHN_G2767,417250.0,1452750.0,80.236505,13.140061,12.49,2.54,0.418,301.0,0.73,0.0,0.252,50,93.1,4518.0,836.3,2801.5,4314.5,36198.6,6579.7,323,59448.3,143.1,3,3354.7,5846.9
CHN_G2768,417750.0,1452750.0,80.241118,13.140075,9.09,2.36,0.618,41.0,0.814,0.0,0.184,50,100.7,4266.0,373.0,3094.9,3833.3,36653.3,4817.9,348,84225.3,369.9,4,3551.2,5508.2
CHN_G2769,418250.0,1452750.0,80.245731,13.140089,12.2,0.93,0.401,15.0,0.918,0.0,0.077,50,107.3,4053.2,221.8,2955.5,3352.1,37109.2,3536.8,515,109852.5,357.9,4,3803.7,5195.6
CHN_G2770,418750.0,1452750.0,80.250344,13.140102,10.4,2.24,0.465,15.0,0.849,0.0,0.141,50,27.1,3884.1,383.3,2896.8,2870.9,37566.2,2384.5,398,91485.9,277.2,2,3381.5,4874.9
CHN_G2771,419250.0,1452750.0,80.254957,13.140115,6.19,0.5,0.664,34.0,0.899,0.0,0.086,50,167.6,3770.4,382.8,2923.6,2389.7,38024.3,5006.7,466,111445.9,725.0,1,2963.4,4583.1
CHN_G2772,419750.0,1452750.0,80.25957,13.140129,3.58,0.21,0.772,22.0,0.316,0.004,0.528,10,202.3,3717.7,438.4,3033.8,1908.5,38483.4,1119.5,219,84259.5,1214.2,0,2574.7,4329.6
CHN_G2773,420250.0,1452750.0,80.264183,13.140142,3.03,0.47,0.759,30.0,0.038,0.146,0.678,10,659.7,3727.8,664.7,3218.8,1427.2,38943.5,0.0,360,92398.3,1692.3,0,2230.8,4121.3
CHN_G2774,420750.0,1452750.0,80.268796,13.140155,1.98,0.27,0.79,30.0,0.0,0.059,0.498,60,967.7,3715.2,965.0,3466.5,946.0,39404.6,0.0,224,65805.0,1856.6,0,1955.5,3965.5
CHN_G2775,421250.0,1452750.0,80.273409,13.140168,2.53,1.31,0.735,20.0,0.001,0.03,0.616,40,531.5,3702.0,1020.8,3764.7,464.8,39866.7,0.0,200,66158.3,1995.4,0,1780.9,3868.5
CHN_G2776,421750.0,1452750.0,80.278022,13.140181,2.35,5.52,0.766,20.0,0.483,0.045,0.451,50,34.5,3755.8,1098.0,4100.9,14.9,40329.6,3195.7,271,70841.4,1704.9,0,1737.5,3574.0
CHN_G2777,422250.0,1452750.0,80.282635,13.140194,7.18,0.47,0.521,203.0,0.535,0.0,0.461,50,148.7,3874.0,1344.6,4037.4,474.7,40793.4,1010.7,354,84185.2,1250.0,0,1724.2,3323.1
CHN_G2778,422750.0,1452750.0,80.287248,13.140207,3.85,0.35,0.728,15.0,0.507,0.0,0.492,50,61.2,4050.9,1703.6,4011.1,926.7,41258.1,1628.8,161,48757.2,847.5,2,1271.9,3132.5
CHN_G2779,423250.0,1452750.0,80.291861,13.14022,6.38,1.21,0.537,15.0,0.526,0.0,0.45,50,236.5,4279.2,2120.4,4046.9,1369.4,41723.6,765.2,293,80290.4,555.8,3,873.3,3013.6
CHN_G2780,423750.0,1452750.0,80.296474,13.140232,10.4,3.21,0.243,15.0,0.93,0.0,0.054,50,9.5,4551.2,2567.1,4143.1,1806.1,42189.8,7886.8,171,61446.9,620.4,5,638.5,2975.0
CHN_G2781,424250.0,1452750.0,80.301087,13.140245,0.0,0.0,0.813,15.0,0.061,0.864,0.034,80,248.8,4859.5,3030.6,4295.8,2264.2,42656.9,917.5,256,87950.1,761.7,4,743.3,3020.0
CHN_G2782,402250.0,1453250.0,80.098101,13.144134,23.52,1.52,0.938,164.0,0.006,0.154,0.462,90,5455.5,8738.0,10065.7,975.8,18994.5,22889.5,0.0,250,112967.0,1324.7,0,1938.9,17361.8
CHN_G2783,402750.0,1453250.0,80.102714,13.14415,27.19,1.11,0.632,133.0,0.485,0.025,0.414,50,4969.6,8719.5,9676.2,1081.8,18504.6,23300.8,0.0,110,53195.7,1199.4,0,1734.8,16935.1
CHN_G2784,403250.0,1453250.0,80.107327,13.144166,25.86,1.95,0.59,4.0,0.682,0.0,0.318,50,4486.7,8703.8,9297.3,1141.1,18015.2,23715.4,0.0,28,6413.4,1273.6,0,1661.3,16512.5
CHN_G2785,403750.0,1453250.0,80.11194,13.144182,27.15,1.27,0.44,321.0,0.702,0.0,0.295,50,4008.1,8716.8,8930.3,994.9,17526.4,24133.3,0.0,52,12203.6,1518.4,0,1735.0,16094.3
CHN_G2786,404250.0,1453250.0,80.116553,13.144198,22.69,1.41,0.688,313.0,0.593,0.0,0.407,50,3535.4,8758.4,8576.7,818.7,17038.3,24554.3,0.0,153,38162.8,1867.9,0,1939.2,15680.9
CHN_G2787,404750.0,1453250.0,80.121166,13.144214,19.88,0.93,0.81,305.0,0.19,0.0,0.81,40,3071.4,8784.8,8238.4,813.2,16550.9,24976.5,0.0,14,2313.8,1925.4,0,2238.4,15272.7
CHN_G2788,405250.0,1453250.0,80.125779,13.14423,23.7,0.95,0.521,309.0,0.014,0.0,0.986,20,2620.6,8823.4,7917.1,939.8,16063.7,25396.5,0.0,0,0.0,1702.5,0,2600.2,14870.1
CHN_G2789,405750.0,1453250.0,80.130392,13.144245,23.36,3.92,0.475,298.0,0.54,0.0,0.46,50,2191.3,8869.0,7615.2,1121.9,15576.5,25819.4,0.0,0,0.0,1609.2,0,3001.8,14473.6
CHN_G2790,406250.0,1453250.0,80.135005,13.144261,21.6,3.48,0.521,11.0,0.814,0.0,0.185,50,1798.9,8462.2,7335.0,970.9,15089.3,26244.9,0.0,0,0.0,1667.6,0,2976.6,14083.7
CHN_G2791,406750.0,1453250.0,80.139618,13.144276,16.74,1.47,0.748,14.0,0.445,0.047,0.439,50,1473.2,8065.9,7079.0,806.9,14602.1,26673.1,0.0,0,0.0,1863.4,0,2558.6,13700.9
CHN_G2792,407250.0,1453250.0,80.144231,13.144292,13.0,0.0,0.901,309.0,0.082,0.788,0.054,80,1266.6,7681.7,6726.2,656.5,14114.9,27103.7,0.0,0,0.0,2092.2,0,2175.5,13325.9
CHN_G2793,407750.0,1453250.0,80.148844,13.144307,13.0,0.0,0.828,309.0,0.0,0.991,0.0,80,873.7,7311.5,6310.8,506.1,13627.7,27536.3,0.0,0,0.0,2161.1,0,1849.1,12959.3
CHN_G2794,408250.0,1453250.0,80.153457,13.144322,13.0,0.0,0.764,314.0,0.0,0.982,0.0,80,485.2,6957.6,5908.4,512.2,13140.5,27969.4,0.0,0,0.0,2300.4,0,1614.2,12602.0
CHN_G2795,408750.0,1453250.0,80.15807,13.144337,13.0,0.0,0.755,242.0,0.0,0.992,0.0,80,455.5,6622.5,5522.0,870.0,12653.4,28404.6,0.0,0,0.0,2440.0,0,1514.0,12254.6
CHN_G2796,409250.0,1453250.0,80.162683,13.144352,13.0,0.0,0.75,200.0,0.0,0.971,0.0,80,824.4,6309.3,5155.2,1323.4,12166.2,28841.9,0.0,0,0.0,2667.4,0,1574.3,11918.0
CHN_G2797,409750.0,1453250.0,80.167295,13.144367,13.0,0.0,0.742,200.0,0.001,0.87,0.004,80,1124.6,6021.4,4812.5,1801.6,11679.1,29281.3,0.0,0,0.0,2962.5,0,1779.0,11593.3
CHN_G2798,410250.0,1453250.0,80.171908,13.144382,13.0,0.0,0.723,121.0,0.001,0.726,0.014,80,1312.2,5762.5,4499.3,2289.2,11193.2,29721.8,0.0,0,0.0,3254.2,0,2086.0,11281.3
CHN_G2799,410750.0,1453250.0,80.176521,13.144397,14.51,1.06,0.618,173.0,0.133,0.322,0.397,80,1149.1,5536.8,4222.2,1931.7,10708.5,30163.2,0.0,0,0.0,3337.5,0,2457.2,10983.3
CHN_G2800,411250.0,1453250.0,80.181134,13.144412,19.42,1.25,0.309,29.0,0.628,0.0,0.368,50,832.2,5348.5,3827.4,1584.4,10225.2,30606.4,0.0,0,0.0,2896.7,0,2867.8,10700.4
CHN_G2801,411750.0,1453250.0,80.185747,13.144426,15.86,0.57,0.482,159.0,0.732,0.051,0.197,50,608.3,5201.5,3375.1,1204.2,9743.6,31048.7,0.0,28,4379.9,2441.6,0,3303.1,10433.7
CHN_G2802,412250.0,1453250.0,80.19036,13.144441,11.9,1.94,0.697,171.0,0.543,0.0,0.445,50,426.0,5099.6,2938.3,706.9,9262.4,31490.9,0.0,3,540.1,2007.9,0,3754.6,10184.7
CHN_G2803,412750.0,1453250.0,80.194973,13.144456,9.55,0.52,0.816,298.0,0.625,0.0,0.37,50,221.9,5045.3,2525.0,222.1,8781.2,31934.3,3030.2,124,11199.7,1613.1,0,4217.0,9783.6
CHN_G2804,413250.0,1453250.0,80.199586,13.14447,7.93,1.25,0.851,115.0,0.743,0.0,0.24,50,75.3,5040.3,2148.9,204.6,8300.0,32379.4,8088.6,198,34662.5,1293.3,0,4670.3,9347.3
CHN_G2805,413750.0,1453250.0,80.204199,13.144484,8.76,0.41,0.733,36.0,0.644,0.0,0.334,50,40.4,5084.7,1833.0,250.7,7818.8,32826.1,5243.3,449,84032.9,980.7,1,4378.3,8917.8
CHN_G2806,414250.0,1453250.0,80.208813,13.144499,6.96,1.45,0.796,7.0,0.197,0.475,0.253,80,427.9,5174.1,1613.1,179.8,7337.6,33274.3,0.0,365,80460.0,849.1,2,4126.3,8496.0
CHN_G2807,414750.0,1453250.0,80.213426,13.144513,6.0,0.0,0.821,7.0,0.054,0.804,0.131,80,645.1,5283.5,1511.8,612.9,6856.3,33724.0,0.0,337,58046.2,676.2,3,3922.2,8083.1
CHN_G2808,415250.0,1453250.0,80.218039,13.144527,9.52,1.92,0.587,25.0,0.746,0.0,0.249,50,150.2,5425.8,1522.1,1104.1,6375.1,34175.0,1484.5,69,10279.1,496.8,2,3773.8,7680.5
CHN_G2809,415750.0,1453250.0,80.222652,13.144541,10.82,1.36,0.47,25.0,0.809,0.0,0.174,50,7.4,5599.7,1576.4,1424.3,5893.9,34627.4,7596.3,25,1581.6,732.4,1,3687.6,7290.1
CHN_G2810,416250.0,1453250.0,80.227265,13.144555,9.63,1.1,0.549,9.0,0.724,0.0,0.266,50,250.5,5505.9,1681.3,1723.5,5412.7,35081.1,3.2,110,15384.6,1151.6,0,3668.2,6913.7
CHN_G2811,416750.0,1453250.0,80.231878,13.144568,10.38,2.88,0.519,301.0,0.857,0.0,0.134,50,8.5,5211.0,1488.8,2100.5,4931.5,35536.1,5377.9,43,10913.7,839.8,2,3716.6,6553.9
CHN_G2812,417250.0,1453250.0,80.236491,13.144582,9.62,1.19,0.58,41.0,0.554,0.0,0.44,50,65.9,4945.3,1075.3,2520.6,4450.3,35992.2,5366.3,187,62860.1,364.4,2,3830.2,6213.6
CHN_G2813,417750.0,1453250.0,80.241104,13.144596,8.65,2.43,0.644,41.0,0.654,0.0,0.344,50,110.4,4713.7,772.1,2633.1,3969.1,36449.5,6726.2,257,68262.5,145.9,3,4003.5,5896.0
CHN_G2814,418250.0,1453250.0,80.245717,13.144609,10.91,0.66,0.477,15.0,0.92,0.0,0.079,50,255.9,4517.3,719.6,2467.7,3487.9,36907.9,548.2,169,57614.5,429.9,2,4070.8,5577.6
CHN_G2815,418750.0,1453250.0,80.25033,13.144623,11.4,1.72,0.407,15.0,0.806,0.0,0.194,50,180.2,4365.7,861.6,2397.1,3006.7,37367.4,755.9,131,76162.7,365.5,1,3663.2,5277.3
CHN_G2816,419250.0,1453250.0,80.254943,13.144636,6.32,0.24,0.66,34.0,0.797,0.0,0.19,50,87.8,4264.3,879.3,2429.5,2525.4,37827.8,2431.7,256,74946.1,763.1,2,3281.2,5009.0
CHN_G2817,419750.0,1453250.0,80.259556,13.14465,5.36,2.04,0.669,22.0,0.391,0.047,0.334,50,207.0,4217.4,923.9,2561.0,2044.2,38289.3,781.4,145,56942.6,1180.8,0,2935.0,4778.1
CHN_G2818,420250.0,1453250.0,80.264169,13.144663,3.0,0.09,0.763,30.0,0.12,0.372,0.332,80,652.5,4226.7,1089.9,2777.6,1565.4,38751.8,0.0,231,107601.9,1519.6,0,2638.4,4590.2
CHN_G2819,420750.0,1453250.0,80.268782,13.144676,2.64,1.62,0.747,30.0,0.009,0.116,0.646,10,1138.7,4213.3,1366.1,3061.3,1100.2,39215.1,0.0,247,111386.8,1929.9,0,2410.1,4450.9
CHN_G2820,421250.0,1453250.0,80.273395,13.144689,4.06,1.35,0.634,32.0,0.071,0.026,0.748,10,719.7,4201.6,1520.7,3393.9,643.1,39679.4,0.0,286,114838.7,2096.8,0,2270.7,4269.6
CHN_G2821,421750.0,1453250.0,80.278009,13.144702,4.29,1.68,0.628,60.0,0.511,0.019,0.458,50,486.5,4249.1,1575.4,3608.7,191.0,40144.5,0.0,189,74931.3,1597.6,0,2236.9,3999.8
CHN_G2822,422250.0,1453250.0,80.282622,13.144715,2.42,0.66,0.778,60.0,0.516,0.002,0.438,50,610.0,4353.9,1762.0,3541.0,261.0,40610.4,0.0,162,26178.9,1099.1,0,1962.8,3777.3
CHN_G2823,422750.0,1453250.0,80.287235,13.144728,3.67,0.77,0.732,60.0,0.81,0.0,0.181,50,396.9,4512.0,2049.1,3511.1,689.0,41077.1,0.0,273,41276.3,603.3,1,1580.4,3610.7
CHN_G2824,423250.0,1453250.0,80.291848,13.144741,9.48,0.6,0.363,15.0,0.722,0.0,0.277,50,454.1,4718.1,2406.8,3551.9,1147.9,41544.7,0.0,341,63053.8,140.5,5,1281.6,3508.1
CHN_G2825,423750.0,1453250.0,80.296461,13.144753,6.91,2.32,0.462,13.0,0.942,0.0,0.055,50,39.0,4966.1,2808.4,3661.2,1606.8,42012.9,4784.9,368,92266.3,229.1,12,1134.6,3475.0
CHN_G2826,424250.0,1453250.0,80.301074,13.144766,2.95,3.35,0.654,13.0,0.404,0.492,0.05,80,191.9,5250.1,3237.4,3833.1,2059.4,42481.9,1416.5,277,64966.4,393.6,13,1196.8,3513.6
CHN_G2827,402250.0,1453750.0,80.098085,13.148655,22.5,0.0,0.924,164.0,0.0,0.161,0.14,90,5589.2,9237.9,10380.6,476.4,19099.4,22606.3,0.0,315,81815.9,1789.5,0,2381.3,17624.4
CHN_G2828,402750.0,1453750.0,80.102698,13.148671,22.07,0.06,0.864,333.0,0.183,0.001,0.727,10,5116.0,9218.6,10003.3,667.0,18612.1,23022.6,0.0,329,73168.4,1698.8,0,2218.3,17204.2
CHN_G2829,403250.0,1453750.0,80.107311,13.148687,21.31,0.21,0.792,323.0,0.207,0.0,0.791,40,4648.4,9203.8,9637.3,689.5,18124.9,23442.2,0.0,403,102237.9,1752.0,0,2161.3,16788.3
CHN_G2830,403750.0,1453750.0,80.111924,13.148703,20.37,1.66,0.767,325.0,0.422,0.0,0.573,50,4188.3,9216.1,9283.7,513.8,17637.7,23864.9,0.0,188,53777.8,1937.3,0,2218.4,16377.2
CHN_G2831,404250.0,1453750.0,80.116537,13.148719,19.38,0.87,0.79,317.0,0.211,0.0,0.788,40,3738.4,9255.5,8944.1,350.4,17150.5,24284.8,0.0,236,74873.5,2221.8,0,2381.5,15971.2
CHN_G2832,404750.0,1453750.0,80.12115,13.148735,19.13,0.49,0.762,300.0,0.007,0.0,0.993,40,3303.0,9284.3,8620.2,316.9,16663.3,24706.5,0.0,166,60446.4,2359.1,0,2630.9,15570.6
CHN_G2833,405250.0,1453750.0,80.125763,13.14875,18.91,0.53,0.73,299.0,0.009,0.0,0.987,40,2888.6,9320.8,8313.7,474.1,16176.2,25131.0,0.0,190,60383.0,2180.9,0,2944.8,15175.9
CHN_G2834,405750.0,1453750.0,80.130376,13.148766,20.04,0.72,0.61,311.0,0.048,0.0,0.95,40,2505.7,9162.2,8026.7,664.6,15689.0,25558.3,0.0,165,46594.4,2109.0,0,3304.9,14787.6
CHN_G2835,406250.0,1453750.0,80.134989,13.148782,16.25,1.05,0.788,318.0,0.154,0.0,0.843,40,2170.9,8769.0,7761.4,513.7,15201.8,25988.1,0.0,281,81554.0,2153.9,0,3259.2,14406.1
CHN_G2836,406750.0,1453750.0,80.139602,13.148797,14.06,0.22,0.862,298.0,0.014,0.263,0.491,80,1909.7,8387.2,7418.4,330.1,14714.6,26420.5,0.0,115,45521.3,2308.8,0,2882.5,14032.2
CHN_G2837,407250.0,1453750.0,80.144215,13.148812,13.0,0.0,0.866,19.0,0.0,0.956,0.015,80,1561.7,8018.4,7008.3,179.7,14227.4,26853.1,0.0,146,54483.3,2553.8,0,2548.6,13666.3
CHN_G2838,407750.0,1453750.0,80.148828,13.148828,13.0,0.0,0.798,27.0,0.0,0.989,0.0,80,1187.9,7664.5,6610.6,29.3,13740.5,27287.8,0.0,283,141440.7,2648.0,0,2276.4,13309.1
CHN_G2839,408250.0,1453750.0,80.153441,13.148843,13.0,0.0,0.731,28.0,0.0,0.986,0.0,80,939.8,7327.7,6227.6,249.5,13254.7,27724.8,0.0,118,37894.0,2793.7,0,2090.1,12961.3
CHN_G2840,408750.0,1453750.0,80.158054,13.148858,13.0,0.0,0.703,24.0,0.0,0.978,0.0,80,924.8,7010.3,5862.3,746.2,12769.9,28163.8,0.0,157,29781.9,2909.8,0,2013.6,12623.8
CHN_G2841,409250.0,1453750.0,80.162667,13.148873,13.0,0.0,0.683,24.0,0.0,0.985,0.0,80,1152.1,6715.2,5518.2,1245.5,12286.4,28604.2,0.0,57,13030.8,3102.9,0,2059.4,12297.4
CHN_G2842,409750.0,1453750.0,80.16728,13.148888,13.0,0.0,0.681,200.0,0.0,0.94,0.0,80,1516.4,6445.4,5199.4,1745.2,11804.3,29045.4,0.0,73,20336.1,3360.0,0,2219.8,11982.9
CHN_G2843,410250.0,1453750.0,80.171893,13.148903,13.0,0.0,0.666,173.0,0.0,0.928,0.0,80,1790.7,6204.3,4911.0,2245.0,11323.0,29488.5,0.0,13,1957.8,3332.6,0,2472.7,11681.4
CHN_G2844,410750.0,1453750.0,80.176506,13.148918,13.0,0.09,0.658,276.0,0.0,0.746,0.175,80,1520.5,5995.2,4493.1,2279.6,10841.8,29930.9,0.0,0,0.0,3000.0,0,2792.9,11393.8
CHN_G2845,411250.0,1453750.0,80.181119,13.148933,13.0,0.0,0.663,276.0,0.0,0.665,0.304,80,1279.2,5821.7,4053.4,1801.7,10360.6,30373.1,0.0,0,0.0,2719.0,0,3160.2,11121.3
CHN_G2846,411750.0,1453750.0,80.185733,13.148947,13.56,3.64,0.622,165.0,0.191,0.487,0.304,80,1061.9,5687.0,3629.4,1324.2,9879.4,30816.4,0.0,0,0.0,2479.3,0,3560.0,10865.0
CHN_G2847,412250.0,1453750.0,80.190346,13.148962,12.35,0.99,0.694,312.0,0.39,0.023,0.551,50,907.1,5593.9,3227.2,827.5,9398.2,31261.4,0.0,0,0.0,2089.5,0,3982.4,10463.6
CHN_G2848,412750.0,1453750.0,80.194959,13.148976,9.44,0.63,0.848,299.0,0.335,0.0,0.629,50,515.5,5544.5,2856.0,339.2,8917.0,31708.1,0.0,0,0.0,1756.3,0,4421.1,10032.0
CHN_G2849,413250.0,1453750.0,80.199572,13.148991,8.57,1.04,0.841,272.0,0.298,0.0,0.697,40,38.5,5540.0,2529.6,138.9,8435.8,32156.3,3340.8,0,0.0,1517.7,0,4871.6,9607.1
CHN_G2850,413750.0,1453750.0,80.204185,13.149005,11.72,2.96,0.588,66.0,0.78,0.0,0.183,50,65.2,5580.4,2267.4,238.6,7954.5,32606.1,4996.0,0,0.0,1422.1,0,4804.8,9189.7
CHN_G2851,414250.0,1453750.0,80.208798,13.149019,11.3,2.32,0.554,214.0,0.569,0.164,0.219,50,4.4,5664.9,2093.6,357.4,7473.3,33057.3,5250.9,0,0.0,1349.1,0,4576.4,8780.9
CHN_G2852,414750.0,1453750.0,80.213411,13.149034,7.8,1.65,0.71,214.0,0.116,0.571,0.224,80,397.8,5767.5,2010.5,687.0,6992.1,33509.8,0.0,0,0.0,1096.6,0,4393.2,8382.1
CHN_G2853,415250.0,1453750.0,80.218024,13.149048,6.65,0.66,0.74,287.0,0.305,0.0,0.684,10,378.9,5903.3,2018.5,769.4,6510.9,33963.7,0.0,0,0.0,996.0,1,4261.2,7994.6
CHN_G2854,415750.0,1453750.0,80.222637,13.149062,7.28,1.61,0.675,2.0,0.694,0.0,0.266,50,84.1,6064.0,2073.4,1016.6,6029.7,34418.9,2964.7,0,0.0,1132.1,0,4185.1,7620.2
CHN_G2855,416250.0,1453750.0,80.227251,13.149076,11.19,0.95,0.454,2.0,0.722,0.0,0.275,50,165.6,5906.7,2165.0,1405.4,5548.5,34875.3,2095.3,0,0.0,1435.2,0,4168.0,7261.0
CHN_G2856,416750.0,1453750.0,80.231864,13.149089,11.67,1.61,0.441,41.0,0.872,0.0,0.123,50,64.8,5630.6,1781.4,1848.5,5067.3,35332.9,9307.1,0,0.0,973.9,1,4210.7,6919.3
CHN_G2857,417250.0,1453750.0,80.236477,13.149103,10.07,3.43,0.553,204.0,0.715,0.0,0.284,50,32.3,5383.8,1453.7,2314.8,4586.1,35791.6,4042.0,101,13711.7,580.4,1,4311.3,6597.8
CHN_G2858,417750.0,1453750.0,80.24109,13.149117,8.41,2.69,0.661,204.0,0.245,0.0,0.702,10,34.2,5169.6,1246.2,2188.1,4104.9,36251.5,5092.6,29,3856.6,474.7,1,4465.9,6281.3
CHN_G2859,418250.0,1453750.0,80.245703,13.14913,10.98,2.41,0.476,204.0,0.709,0.0,0.29,50,248.1,4988.3,1219.2,1986.0,3623.7,36712.3,951.6,42,9341.4,783.5,3,4365.4,5974.5
CHN_G2860,418750.0,1453750.0,80.250316,13.149144,10.23,7.97,0.473,76.0,0.455,0.0,0.54,10,613.5,4850.5,1325.0,1897.5,3146.5,37174.2,0.0,176,41775.2,581.7,2,3988.0,5695.1
CHN_G2861,419250.0,1453750.0,80.254929,13.149157,3.44,4.07,0.823,294.0,0.098,0.0,0.863,10,585.9,4759.4,1378.1,1938.3,2677.6,37637.0,0.0,418,48937.4,503.4,1,3640.2,5447.4
CHN_G2862,419750.0,1453750.0,80.259543,13.149171,6.14,2.78,0.614,161.0,0.183,0.0,0.772,10,666.1,4717.1,1412.7,2100.8,2215.3,38100.8,0.0,581,60391.1,817.7,1,3331.5,5235.9
CHN_G2863,420250.0,1453750.0,80.264156,13.149184,6.63,3.4,0.545,208.0,0.112,0.0,0.856,10,872.8,4725.6,1546.1,2360.1,1760.9,38565.5,0.0,412,33516.8,1258.5,0,3073.5,5065.1
CHN_G2864,420750.0,1453750.0,80.268769,13.149197,4.42,4.17,0.639,32.0,0.418,0.034,0.545,10,1186.4,4711.7,1772.6,2686.9,1308.8,39031.1,0.0,153,16116.4,1660.1,0,2879.8,4939.1
CHN_G2865,421250.0,1453750.0,80.273382,13.14921,4.03,1.96,0.631,32.0,0.332,0.02,0.618,10,1119.6,4701.3,2020.7,3053.5,856.7,39497.5,0.0,25,4215.1,2030.2,0,2764.2,4685.5
CHN_G2866,421750.0,1453750.0,80.277995,13.149223,11.02,5.18,0.212,60.0,0.614,0.0,0.369,50,986.0,4743.8,2062.6,3118.7,408.0,39964.7,0.0,8,1677.7,1642.6,0,2662.2,4441.1
CHN_G2867,422250.0,1453750.0,80.282608,13.149236,2.39,1.41,0.763,60.0,0.194,0.056,0.644,10,1075.3,4837.9,2212.9,3044.6,31.6,40432.7,0.0,100,23827.5,1163.5,0,2287.4,4241.8
CHN_G2868,422750.0,1453750.0,80.287222,13.149249,5.75,2.79,0.607,60.0,0.338,0.042,0.602,10,886.4,4980.7,2448.6,3011.1,490.4,40901.5,0.0,271,53313.4,713.9,1,1969.1,4094.2
CHN_G2869,423250.0,1453750.0,80.291835,13.149262,3.68,1.56,0.72,57.0,0.914,0.0,0.086,50,692.8,5168.1,2754.9,3058.6,941.4,41371.0,0.0,278,71288.0,406.7,8,1738.5,4003.9
CHN_G2870,423750.0,1453750.0,80.296448,13.149274,9.7,0.08,0.314,13.0,0.999,0.0,0.001,50,229.3,5395.4,3111.9,3184.9,1391.0,41841.2,2169.9,142,66584.2,211.2,15,1633.1,3975.0
CHN_G2871,424250.0,1453750.0,80.301061,13.149287,8.81,2.01,0.325,13.0,0.884,0.076,0.014,50,213.3,5658.0,3504.0,3376.9,1846.8,42312.1,2890.3,187,70280.1,190.4,17,1676.9,4008.8
CHN_G2872,424750.0,1453750.0,80.305675,13.149299,0.0,0.45,0.799,13.0,0.014,0.946,0.012,80,352.1,5951.0,3920.7,3578.6,2302.6,42783.6,0.0,169,119648.2,547.3,14,1859.3,4103.6
CHN_G2873,402250.0,1454250.0,80.098068,13.153175,28.83,2.63,0.496,288.0,0.207,0.001,0.759,10,5763.3,9737.8,10709.5,37.9,19211.8,22330.7,0.0,119,70158.6,2269.3,0,2842.9,17897.1
CHN_G2874,402750.0,1454250.0,80.102681,13.153192,26.21,2.73,0.57,318.0,0.486,0.0,0.51,50,5305.7,9717.9,10344.3,265.3,18724.6,22752.1,0.0,263,112501.5,2198.5,0,2707.8,17483.4
CHN_G2875,403250.0,1454250.0,80.107295,13.153208,20.22,0.29,0.818,326.0,0.095,0.0,0.891,40,4856.4,9703.8,9990.7,211.4,18237.4,23173.8,0.0,222,118708.3,2239.9,0,2661.3,17074.4
CHN_G2876,403750.0,1454250.0,80.111908,13.153224,19.86,0.36,0.747,328.0,0.116,0.0,0.882,40,4418.0,9715.5,9650.1,32.7,17750.2,23594.1,0.0,250,137513.0,2387.6,0,2707.9,16670.3
CHN_G2877,404250.0,1454250.0,80.116521,13.15324,18.43,0.45,0.786,302.0,0.006,0.0,0.994,40,3994.1,9752.8,9323.9,114.3,17263.0,24017.5,0.0,206,88558.3,2623.8,0,2843.0,16271.6
CHN_G2878,404750.0,1454250.0,80.121134,13.153255,17.05,0.11,0.828,305.0,0.0,0.0,1.0,40,3589.8,9783.8,9013.6,173.6,16775.8,24443.7,0.0,110,74171.3,2814.8,0,3055.0,15878.6
CHN_G2879,405250.0,1454250.0,80.125747,13.153271,17.35,0.3,0.781,306.0,0.003,0.0,0.994,40,3212.6,9818.4,8721.0,8.5,16288.6,24872.8,0.0,308,64701.0,2667.3,0,3329.2,15491.7
CHN_G2880,405750.0,1454250.0,80.13036,13.153287,16.15,0.14,0.809,305.0,0.08,0.0,0.909,40,2873.2,9472.7,8447.8,169.5,15802.0,25304.4,0.0,386,82856.6,2608.8,0,3651.5,15111.5
CHN_G2881,406250.0,1454250.0,80.134973,13.153302,15.97,0.36,0.782,300.0,0.12,0.0,0.874,40,2586.4,9093.0,8113.1,54.4,15316.2,25737.0,0.0,345,86747.3,2645.2,0,3589.6,14738.5
CHN_G2882,406750.0,1454250.0,80.139586,13.153318,15.24,0.67,0.784,302.0,0.029,0.002,0.893,40,2261.6,8725.4,7707.6,145.9,14831.4,26171.2,0.0,408,86759.1,2772.8,0,3251.4,14373.2
CHN_G2883,407250.0,1454250.0,80.144199,13.153333,16.43,2.0,0.678,300.0,0.047,0.157,0.763,40,1893.9,8371.5,7313.7,297.2,14347.7,26607.6,0.0,316,73014.4,2979.9,0,2959.4,14016.2
CHN_G2884,407750.0,1454250.0,80.148812,13.153349,13.61,1.14,0.792,27.0,0.0,0.522,0.379,80,1599.6,8033.1,6933.5,447.6,13865.1,27046.3,0.0,372,73894.5,3139.0,0,2728.5,13668.1
CHN_G2885,408250.0,1454250.0,80.153426,13.153364,13.0,0.0,0.764,28.0,0.0,0.949,0.029,80,1425.1,7712.4,6569.4,601.8,13383.6,27486.7,0.0,289,65300.8,3262.9,0,2575.1,13329.8
CHN_G2886,408750.0,1454250.0,80.158039,13.153379,13.0,0.0,0.718,24.0,0.009,0.889,0.095,80,1415.3,7411.5,6224.2,925.6,12902.4,27927.7,0.0,436,95657.0,3388.2,0,2513.4,13001.8
CHN_G2887,409250.0,1454250.0,80.162652,13.153394,13.0,0.0,0.679,24.0,0.0,0.99,0.0,80,1573.2,7133.0,5901.2,1360.6,12421.2,28370.5,0.0,326,80412.3,3555.5,0,2550.3,12685.1
CHN_G2888,409750.0,1454250.0,80.167265,13.153409,13.0,0.0,0.67,37.0,0.0,1.0,0.0,80,1856.6,6879.7,5604.3,1829.1,11940.0,28813.2,0.0,293,74664.3,3406.9,0,2681.5,12380.5
CHN_G2889,410250.0,1454250.0,80.171878,13.153424,13.0,0.0,0.643,276.0,0.0,1.0,0.0,80,2217.9,6654.3,5169.8,2310.9,11458.8,29255.3,0.0,283,79221.4,3000.0,0,2894.2,12088.9
CHN_G2890,410750.0,1454250.0,80.176491,13.153439,13.0,0.0,0.627,276.0,0.0,0.97,0.0,80,1950.2,6459.8,4740.2,2400.1,10977.6,29698.5,0.0,322,111019.4,2625.5,0,3172.2,11811.3
CHN_G2891,411250.0,1454250.0,80.181104,13.153454,13.0,0.0,0.639,276.0,0.0,0.994,0.0,80,1726.3,6299.1,4325.7,1920.3,10496.4,30143.4,0.0,247,80613.2,2299.3,0,3499.9,11548.6
CHN_G2892,411750.0,1454250.0,80.185718,13.153468,13.0,0.0,0.656,138.0,0.0,0.999,0.0,80,1529.3,6174.8,3931.1,1454.3,10015.2,30590.1,0.0,218,77204.5,2044.5,0,3864.7,11147.0
CHN_G2893,412250.0,1454250.0,80.190331,13.153483,13.04,0.39,0.672,290.0,0.116,0.562,0.226,80,1134.7,6089.2,3563.1,1020.9,9534.0,31038.3,0.0,148,51859.4,1787.2,0,4257.0,10719.6
CHN_G2894,412750.0,1454250.0,80.194944,13.153497,16.3,2.06,0.46,171.0,0.572,0.0,0.366,50,689.3,6043.8,3230.8,685.1,9052.7,31488.2,0.0,172,94863.3,1383.1,0,4670.0,10298.7
CHN_G2895,413250.0,1454250.0,80.199557,13.153512,18.14,1.52,0.294,86.0,0.692,0.0,0.3,50,403.5,6039.7,2946.2,618.7,8571.5,31939.5,0.0,69,65156.3,1063.8,0,5098.5,9885.3
CHN_G2896,413750.0,1454250.0,80.20417,13.153526,16.71,0.44,0.315,66.0,0.729,0.0,0.236,50,473.3,6076.8,2724.4,737.2,8090.3,32392.2,0.0,124,65172.2,922.3,2,5244.3,9480.1
CHN_G2897,414250.0,1454250.0,80.208784,13.15354,13.44,0.45,0.437,214.0,0.903,0.0,0.091,50,123.1,6154.4,2581.5,821.8,7609.1,32846.4,555.7,81,22392.3,1020.0,0,5035.9,9084.5
CHN_G2898,414750.0,1454250.0,80.213397,13.153554,6.57,0.63,0.778,41.0,0.156,0.518,0.152,80,410.6,6253.8,2509.6,393.9,7127.9,33301.8,0.0,70,34005.6,1287.4,0,4870.0,8699.5
CHN_G2899,415250.0,1454250.0,80.21801,13.153568,6.68,0.42,0.722,289.0,0.006,0.069,0.858,40,564.1,6383.4,2515.9,311.1,6646.7,33758.5,0.0,43,12981.9,1495.8,0,4751.3,8326.8
CHN_G2900,415750.0,1454250.0,80.222623,13.153582,7.47,3.93,0.656,10.0,0.473,0.0,0.438,50,100.1,6533.5,2571.5,733.8,6165.5,34216.4,2154.6,12,12821.4,1589.6,0,4683.1,7968.1
CHN_G2901,416250.0,1454250.0,80.227236,13.153596,12.24,2.21,0.386,10.0,0.686,0.012,0.266,50,39.2,6320.7,2488.1,1216.6,5684.3,34675.5,2131.1,0,0.0,1662.5,0,4667.9,7625.3
CHN_G2902,416750.0,1454250.0,80.23185,13.15361,11.6,2.0,0.443,18.0,0.744,0.0,0.245,50,34.0,6062.0,2151.9,1709.3,5204.0,35135.7,7296.2,0,0.0,1285.5,0,4706.0,7300.7
CHN_G2903,417250.0,1454250.0,80.236463,13.153624,5.99,2.61,0.788,9.0,0.696,0.0,0.283,50,186.5,5831.4,1889.5,2118.1,4727.6,35597.0,1658.4,0,0.0,1020.3,0,4796.2,6985.6
CHN_G2904,417750.0,1454250.0,80.241076,13.153638,10.04,0.94,0.557,9.0,0.335,0.0,0.61,10,9.4,5630.5,1734.9,1772.7,4256.7,36059.3,3668.1,0,0.0,964.1,1,4935.7,6673.8
CHN_G2905,418250.0,1454250.0,80.245689,13.153651,7.59,0.57,0.677,42.0,0.239,0.0,0.752,10,216.7,5464.5,1717.5,1516.3,3792.6,36522.5,2108.3,0,0.0,835.2,1,4694.8,6385.8
CHN_G2906,418750.0,1454250.0,80.250303,13.153665,12.21,4.08,0.353,58.0,0.477,0.0,0.521,10,507.7,5338.1,1798.7,1398.4,3331.6,36986.8,0.0,0,0.0,335.8,1,4346.1,6125.3
CHN_G2907,419250.0,1454250.0,80.254916,13.153678,10.43,4.0,0.406,215.0,0.373,0.0,0.626,10,490.7,5255.4,1877.6,1453.2,2878.6,37452.0,0.0,0,0.0,166.9,2,4029.4,5895.7
CHN_G2908,419750.0,1454250.0,80.259529,13.153692,5.8,2.72,0.634,108.0,0.458,0.0,0.541,50,293.6,5216.8,1905.1,1663.8,2426.6,37918.0,0.0,0,0.0,665.6,3,3752.8,5700.8
CHN_G2909,420250.0,1454250.0,80.264142,13.153705,4.68,2.24,0.673,340.0,0.018,0.002,0.929,40,483.6,5224.8,2019.3,1980.1,1974.5,38384.9,0.0,0,0.0,954.5,1,3525.7,5544.3
CHN_G2910,420750.0,1454250.0,80.268756,13.153718,2.62,0.87,0.762,340.0,0.326,0.056,0.43,50,937.9,5210.5,2207.5,2350.6,1524.4,38852.7,0.0,0,0.0,1332.9,0,3358.3,5376.8
CHN_G2911,421250.0,1454250.0,80.273369,13.153731,6.74,3.13,0.482,340.0,0.831,0.0,0.16,50,1416.4,5201.1,2466.0,2761.7,1084.8,39321.2,0.0,0,0.0,1772.7,0,3259.7,5116.6
CHN_G2912,421750.0,1454250.0,80.277982,13.153744,5.88,2.19,0.518,340.0,0.678,0.0,0.311,50,1485.8,5239.5,2554.6,2632.3,625.9,39790.5,0.0,0,0.0,1828.6,0,2994.5,4893.7
CHN_G2913,422250.0,1454250.0,80.282595,13.153757,3.74,3.51,0.676,60.0,0.483,0.025,0.438,50,1511.5,5324.9,2678.6,2548.2,176.6,40260.5,0.0,40,5179.0,1414.0,0,2666.9,4713.6
CHN_G2914,422750.0,1454250.0,80.287209,13.15377,2.51,0.69,0.796,57.0,0.24,0.066,0.61,10,1175.5,5454.9,2879.6,2511.2,273.9,40731.3,0.0,97,18270.9,1074.8,0,2399.4,4581.2
CHN_G2915,423250.0,1454250.0,80.291822,13.153783,2.96,0.28,0.772,57.0,0.374,0.0,0.539,50,677.9,5626.5,3144.3,2568.0,729.7,41202.7,0.0,146,16553.8,810.7,8,2214.0,4500.7
CHN_G2916,423750.0,1454250.0,80.296435,13.153795,6.74,0.78,0.508,13.0,0.985,0.0,0.012,50,193.6,5836.1,3461.3,2717.1,1185.5,41674.8,319.4,76,16435.5,406.9,18,2132.3,4475.0
CHN_G2917,424250.0,1454250.0,80.301049,13.153808,11.92,0.41,0.157,13.0,0.979,0.0,0.021,50,52.2,6079.6,3817.7,2911.9,1643.0,42147.5,6153.6,97,13464.2,43.7,17,2166.1,4505.0
CHN_G2918,424750.0,1454250.0,80.305662,13.15382,0.0,0.71,0.822,13.0,0.325,0.595,0.021,80,361.7,6353.2,4203.4,3143.6,2102.2,42620.9,0.0,94,11791.4,512.8,16,2310.1,4589.6
CHN_G2919,402250.0,1454750.0,80.098052,13.157696,28.6,0.35,0.508,298.0,0.185,0.0,0.805,40,5974.3,10237.7,11051.3,340.9,19324.2,22063.0,0.0,49,6468.7,2756.3,0,3315.6,18179.4
CHN_G2920,402750.0,1454750.0,80.102665,13.157712,28.0,3.5,0.454,303.0,0.458,0.0,0.53,50,5534.1,10217.2,10697.7,37.2,18837.0,22482.3,0.0,86,7949.9,2698.3,0,3200.5,17772.4
CHN_G2921,403250.0,1454750.0,80.107278,13.157728,21.52,1.11,0.728,308.0,0.196,0.0,0.784,40,5105.0,10203.8,10356.2,275.7,18349.9,22904.4,0.0,54,8558.6,2732.1,0,3161.3,17370.1
CHN_G2922,403750.0,1454750.0,80.111891,13.157744,19.97,0.22,0.72,311.0,0.027,0.0,0.971,40,4689.9,10214.9,10028.0,425.6,17863.5,23329.5,0.0,155,31106.9,2854.5,0,3200.6,16973.1
CHN_G2923,404250.0,1454750.0,80.116505,13.15776,19.61,0.57,0.692,298.0,0.129,0.0,0.871,40,4292.9,10250.4,9714.5,584.6,17377.8,23757.6,0.0,249,44761.7,3054.8,0,3315.7,16581.6
CHN_G2924,404750.0,1454750.0,80.121118,13.157776,17.71,0.49,0.777,298.0,0.08,0.0,0.919,40,3919.6,10283.3,9417.1,639.3,16893.0,24188.5,0.0,92,14209.4,3283.5,0,3499.2,16196.2
CHN_G2925,405250.0,1454750.0,80.125731,13.157792,16.75,0.21,0.817,305.0,0.052,0.0,0.946,40,3577.4,10176.9,9137.4,444.6,16409.0,24621.1,0.0,98,39389.2,3158.0,0,3740.9,15817.1
CHN_G2926,405750.0,1454750.0,80.130344,13.157808,18.31,2.11,0.694,302.0,0.166,0.0,0.831,40,3275.9,9798.9,8809.9,330.1,15926.1,25054.6,0.0,257,106252.7,3108.7,0,4030.5,15444.9
CHN_G2927,406250.0,1454750.0,80.134957,13.157823,20.22,1.05,0.556,299.0,0.197,0.0,0.786,40,2964.9,9432.3,8408.2,407.7,15444.3,25490.6,0.0,137,61449.5,3139.3,0,3955.7,15080.1
CHN_G2928,406750.0,1454750.0,80.13957,13.157839,20.18,2.79,0.54,293.0,0.202,0.0,0.792,30,2600.5,9078.4,8017.5,603.1,14963.1,25928.9,0.0,202,85226.4,3247.6,0,3651.6,14723.3
CHN_G2929,407250.0,1454750.0,80.144184,13.157854,23.69,1.27,0.32,297.0,0.254,0.0,0.745,40,2287.9,8738.9,7639.7,774.0,14481.9,26369.1,0.0,234,119877.6,3426.1,0,3394.2,14375.0
CHN_G2930,407750.0,1454750.0,80.148797,13.157869,19.1,0.64,0.552,305.0,0.004,0.0,0.978,40,2051.0,8415.3,7276.5,924.4,14000.6,26810.0,0.0,299,112423.0,3632.5,0,3194.9,14035.8
CHN_G2931,408250.0,1454750.0,80.15341,13.157885,15.03,1.17,0.735,323.0,0.026,0.059,0.818,40,1918.0,8109.7,6930.5,1074.8,13519.4,27252.6,0.0,260,121319.4,3740.1,0,3064.9,13706.5
CHN_G2932,408750.0,1454750.0,80.158023,13.1579,16.77,0.34,0.579,274.0,0.086,0.298,0.614,40,1910.7,7824.1,6604.2,1287.1,13038.2,27695.4,0.0,275,123074.6,3872.1,0,3013.3,13387.8
CHN_G2933,409250.0,1454750.0,80.162636,13.157915,13.0,0.0,0.748,37.0,0.0,1.0,0.0,80,2030.5,7560.9,6286.8,1628.2,12557.0,28137.5,0.0,263,124943.4,3620.4,0,3044.1,13080.5
CHN_G2934,409750.0,1454750.0,80.16725,13.15793,13.0,0.0,0.712,37.0,0.0,1.0,0.0,80,2257.2,7322.3,5853.7,2036.1,12075.8,28580.5,0.0,242,102874.0,3162.3,0,3154.8,12785.3
CHN_G2935,410250.0,1454750.0,80.171863,13.157945,13.0,0.0,0.659,37.0,0.0,0.996,0.0,80,2562.6,7111.0,5432.2,2477.9,11594.6,29025.4,0.0,325,98793.0,2719.1,0,3337.6,12503.1
CHN_G2936,410750.0,1454750.0,80.176476,13.15796,13.0,0.0,0.628,276.0,0.0,0.997,0.0,80,2152.7,6929.3,5025.0,2571.9,11113.4,29472.0,0.0,356,78761.8,2299.4,0,3581.3,12234.9
CHN_G2937,411250.0,1454750.0,80.181089,13.157974,13.0,0.0,0.631,138.0,0.0,0.986,0.0,80,1754.7,6779.8,4636.0,2131.2,10632.2,29920.3,0.0,312,80411.6,1918.4,0,3874.6,11833.1
CHN_G2938,411750.0,1454750.0,80.185703,13.157989,13.0,0.0,0.652,138.0,0.0,1.0,0.0,80,1422.7,6664.5,4270.2,1723.2,10150.9,30370.3,0.0,257,68188.7,1604.2,0,4207.0,11409.6
CHN_G2939,412250.0,1454750.0,80.190316,13.158004,13.0,0.02,0.674,146.0,0.012,0.684,0.176,80,1212.0,6585.2,3934.1,1377.2,9669.7,30821.7,0.0,283,81689.7,1402.5,0,4570.0,10992.4
CHN_G2940,412750.0,1454750.0,80.194929,13.158018,22.08,1.55,0.121,126.0,0.304,0.022,0.542,10,997.7,6543.3,3635.8,1150.6,9188.5,31274.7,0.0,370,85814.5,1114.1,0,4957.0,10582.4
CHN_G2941,413250.0,1454750.0,80.199542,13.158033,25.77,2.98,0.0,230.0,0.463,0.0,0.51,50,569.2,6539.4,3385.4,1110.0,8707.3,31729.0,0.0,296,69878.0,678.2,2,5362.6,10180.4
CHN_G2942,413750.0,1454750.0,80.204156,13.158047,18.8,2.19,0.201,82.0,0.648,0.0,0.333,50,186.2,6573.7,3194.3,1236.9,8226.1,32184.8,310.6,343,77395.6,422.9,2,5693.8,9787.5
CHN_G2943,414250.0,1454750.0,80.208769,13.158061,13.52,0.64,0.433,82.0,0.85,0.0,0.131,50,423.9,6645.6,3071.0,758.6,7744.9,32641.8,0.0,272,57865.8,582.0,3,5502.4,9404.8
CHN_G2944,414750.0,1454750.0,80.213382,13.158075,8.18,1.19,0.669,318.0,0.25,0.0,0.747,40,780.0,6742.1,3009.1,262.3,7263.8,33100.0,0.0,289,60564.9,874.4,2,5351.1,9033.5
CHN_G2945,415250.0,1454750.0,80.217996,13.158089,6.35,0.57,0.721,322.0,0.008,0.0,0.992,40,750.6,6862.7,3014.1,220.1,6784.6,33559.5,0.0,233,79420.0,1182.0,0,5243.2,8675.2
CHN_G2946,415750.0,1454750.0,80.222609,13.158103,7.01,0.86,0.661,319.0,0.261,0.0,0.692,10,287.9,7006.9,3070.3,714.7,6308.8,34020.1,445.3,250,108548.8,1590.5,0,5181.6,8331.5
CHN_G2947,416250.0,1454750.0,80.227222,13.158117,9.07,1.67,0.546,56.0,0.761,0.0,0.228,50,117.3,6745.0,2854.4,1209.0,5836.9,34481.8,585.8,269,130059.3,1898.8,0,5167.8,8004.3
CHN_G2948,416750.0,1454750.0,80.231836,13.158131,12.41,1.0,0.366,18.0,0.401,0.0,0.588,50,183.9,6501.7,2566.6,1619.2,5370.2,34944.5,296.3,205,76212.4,1432.7,0,5202.2,7690.5
CHN_G2949,417250.0,1454750.0,80.236449,13.158145,12.46,3.76,0.379,58.0,0.183,0.0,0.814,10,526.2,6286.2,2351.0,1827.8,4907.7,35408.3,0.0,210,83541.4,1000.1,0,5284.0,7374.5
CHN_G2950,417750.0,1454750.0,80.241062,13.158159,7.95,4.18,0.658,58.0,0.008,0.0,0.979,10,407.0,6097.5,2228.7,1413.3,4448.7,35873.0,0.0,204,93808.0,669.0,1,5401.7,7079.8
CHN_G2951,418250.0,1454750.0,80.245675,13.158172,5.92,2.78,0.763,115.0,0.06,0.0,0.94,10,258.6,5944.5,2215.1,1074.1,3996.4,36338.7,0.0,50,51059.9,628.4,2,5052.3,6809.1
CHN_G2952,418750.0,1454750.0,80.250289,13.158186,6.27,1.36,0.703,219.0,0.416,0.0,0.573,50,512.9,5827.9,2281.8,900.1,3544.3,36805.2,0.0,269,139652.4,622.2,3,4730.0,6565.4
CHN_G2953,419250.0,1454750.0,80.254902,13.158199,9.29,4.62,0.481,219.0,0.583,0.0,0.408,50,356.5,5751.9,2377.3,983.2,3092.3,37272.7,0.0,105,45768.0,447.6,5,4440.8,6351.7
CHN_G2954,419750.0,1454750.0,80.259515,13.158212,7.93,2.17,0.521,108.0,0.74,0.0,0.253,50,0.3,5716.6,2400.6,1273.5,2642.1,37740.9,13325.5,108,52915.8,256.9,5,4191.4,6171.2
CHN_G2955,420250.0,1454750.0,80.264129,13.158226,5.64,1.43,0.633,148.0,0.143,0.0,0.817,40,329.0,5724.1,2499.4,1651.1,2201.1,38210.0,0.0,34,13207.6,657.0,4,3989.4,6027.0
CHN_G2956,420750.0,1454750.0,80.268742,13.158239,4.0,0.09,0.704,134.0,0.065,0.198,0.631,40,779.5,5709.5,2660.5,2079.7,1742.5,38679.8,0.0,25,30829.3,1117.3,0,3842.3,5799.6
CHN_G2957,421250.0,1454750.0,80.273355,13.158252,5.99,0.61,0.547,134.0,0.923,0.0,0.067,50,1189.7,5700.9,2887.3,2355.3,1294.7,39150.4,0.0,8,1640.3,1582.7,0,3701.6,5559.2
CHN_G2958,421750.0,1454750.0,80.277969,13.158265,4.1,1.06,0.636,134.0,0.993,0.0,0.003,50,1625.8,5736.0,3049.3,2152.3,843.3,39621.8,0.0,0,0.0,2064.4,0,3368.5,5354.8
CHN_G2959,422250.0,1454750.0,80.282582,13.158278,10.67,7.67,0.264,18.0,0.815,0.012,0.152,50,1553.3,5814.1,3154.5,2051.9,387.4,40093.8,0.0,0,0.0,1773.5,0,3080.9,5190.7
CHN_G2960,422750.0,1454750.0,80.287196,13.158291,3.34,0.12,0.741,18.0,0.47,0.035,0.414,50,1180.9,5933.4,3329.6,2011.3,68.4,40566.4,0.0,0,0.0,1501.7,0,2852.5,5070.7
CHN_G2961,423250.0,1454750.0,80.291809,13.158304,1.5,1.36,0.867,18.0,0.25,0.001,0.606,10,893.4,6091.5,3561.3,2081.7,526.8,41039.8,0.0,0,0.0,1022.0,0,2698.5,4998.2
CHN_G2962,423750.0,1454750.0,80.296422,13.158316,8.27,2.95,0.435,18.0,0.824,0.0,0.172,50,482.0,6285.6,3844.1,2263.1,985.9,41513.7,0.0,0,0.0,529.7,14,2631.9,4975.0
CHN_G2963,424250.0,1454750.0,80.301036,13.158329,12.05,1.48,0.167,13.0,0.962,0.0,0.032,50,81.0,6512.3,4167.9,2460.7,1431.4,41988.3,7309.5,0,0.0,33.5,16,2659.2,5002.0
CHN_G2964,424750.0,1454750.0,80.305649,13.158341,6.41,1.43,0.464,13.0,0.714,0.21,0.026,50,151.8,6768.4,4523.9,2731.0,1901.2,42463.4,1878.3,0,0.0,411.9,14,2777.9,5078.3
CHN_G2965,402250.0,1455250.0,80.098035,13.162217,28.68,1.32,0.536,291.0,0.169,0.0,0.796,40,6218.4,10737.6,11404.7,316.9,19439.3,21791.8,0.0,0,0.0,3247.3,0,3795.3,18471.0
CHN_G2966,402750.0,1455250.0,80.102649,13.162233,23.97,0.28,0.733,278.0,0.074,0.011,0.876,40,5796.8,10716.6,11062.5,132.3,18954.5,22215.7,0.0,0,0.0,3198.2,0,3695.2,18070.5
CHN_G2967,403250.0,1455250.0,80.107262,13.162249,21.05,1.0,0.802,304.0,0.008,0.21,0.355,90,5388.6,10703.8,10732.6,585.2,18470.4,22642.8,0.0,0,0.0,3226.8,0,3661.3,17675.1
CHN_G2968,403750.0,1455250.0,80.111875,13.162265,24.27,2.61,0.513,207.0,0.325,0.006,0.661,50,4997.2,10714.4,10416.3,891.2,17987.3,23072.8,0.0,0,0.0,3331.0,0,3695.3,17285.0
CHN_G2969,404250.0,1455250.0,80.116488,13.162281,26.04,1.2,0.355,310.0,0.602,0.0,0.394,50,4626.6,10748.3,10114.8,1065.7,17505.0,23505.4,0.0,110,10665.3,3504.2,0,3795.5,16900.8
CHN_G2970,404750.0,1455250.0,80.121102,13.162297,19.65,0.58,0.721,294.0,0.07,0.0,0.929,40,4282.5,10782.9,9829.5,1104.9,17023.7,23938.2,0.0,186,21917.5,3736.7,0,3956.7,16522.8
CHN_G2971,405250.0,1455250.0,80.125715,13.162313,18.51,1.67,0.794,306.0,0.078,0.0,0.922,40,3971.7,10505.0,9508.1,888.0,16542.5,24373.7,0.0,190,61851.2,3651.2,0,4172.0,16151.4
CHN_G2972,405750.0,1455250.0,80.130328,13.162328,26.77,2.23,0.285,308.0,0.27,0.0,0.717,40,3669.6,10139.3,9109.8,829.8,16061.3,24811.5,0.0,84,46905.2,3608.6,0,4433.5,15787.1
CHN_G2973,406250.0,1455250.0,80.134941,13.162344,20.33,2.12,0.651,298.0,0.007,0.0,0.872,40,3307.3,9785.4,8721.9,871.1,15580.1,25251.6,0.0,48,9489.9,3635.0,0,4348.6,15430.4
CHN_G2974,406750.0,1455250.0,80.139555,13.162359,22.72,0.6,0.5,301.0,0.047,0.008,0.915,40,2985.0,9444.8,8345.9,1060.7,15098.8,25692.3,0.0,78,11401.9,3728.9,0,4073.9,15081.8
CHN_G2975,407250.0,1455250.0,80.144168,13.162375,25.19,0.94,0.356,299.0,0.124,0.0,0.791,40,2717.0,9118.9,7983.6,1250.9,14617.6,26134.8,0.0,187,23881.6,3885.4,0,3844.9,14742.0
CHN_G2976,407750.0,1455250.0,80.148781,13.16239,20.12,0.82,0.61,318.0,0.004,0.397,0.573,80,2520.8,8809.3,7636.9,1401.3,14136.4,26577.7,0.0,31,5431.7,4097.3,0,3670.1,14411.5
CHN_G2977,408250.0,1455250.0,80.153395,13.162405,19.36,0.51,0.572,308.0,0.066,0.033,0.898,40,2413.8,8517.8,7307.9,1551.7,13655.2,27019.8,0.0,122,25380.9,4222.6,0,3557.6,14091.0
CHN_G2978,408750.0,1455250.0,80.158008,13.162421,19.93,1.01,0.465,314.0,0.106,0.002,0.89,40,2408.0,8246.4,6968.7,1719.4,13174.0,27462.6,0.0,116,20876.6,3950.6,0,3513.2,13781.2
CHN_G2979,409250.0,1455250.0,80.162621,13.162436,13.82,1.32,0.752,309.0,0.0,0.513,0.45,80,2504.1,7997.1,6542.6,1987.7,12692.8,27907.4,0.0,267,51988.6,3464.2,0,3539.6,13482.8
CHN_G2980,409750.0,1455250.0,80.167234,13.162451,13.0,0.0,0.742,309.0,0.0,0.784,0.165,80,2691.2,7771.9,6127.6,2333.5,12211.6,28354.0,0.0,242,54291.5,2982.3,0,3635.3,13196.6
CHN_G2981,410250.0,1455250.0,80.171848,13.162466,13.0,0.0,0.666,213.0,0.0,0.992,0.0,80,2401.3,7573.1,5726.2,2610.0,11730.4,28802.3,0.0,93,22613.1,2507.5,0,3795.0,12923.4
CHN_G2982,410750.0,1455250.0,80.176461,13.16248,13.0,0.0,0.621,213.0,0.0,0.986,0.0,80,1926.4,7402.8,5341.5,2650.6,11249.1,29252.4,0.0,327,66588.0,2044.7,0,4011.0,12521.7
CHN_G2983,411250.0,1455250.0,80.181074,13.162495,13.0,0.0,0.618,138.0,0.0,0.997,0.0,80,1468.3,7263.0,4977.3,2428.3,10767.9,29704.0,0.0,113,44071.8,1604.4,0,4274.9,12101.5
CHN_G2984,411750.0,1455250.0,80.185688,13.16251,13.0,0.0,0.639,146.0,0.0,1.0,0.0,80,1049.3,7155.5,4638.5,2079.3,10286.7,30157.2,0.0,127,78905.3,1211.3,0,4578.3,11687.6
CHN_G2985,412250.0,1455250.0,80.190301,13.162524,13.0,0.0,0.66,146.0,0.029,0.798,0.168,80,738.9,7081.7,4331.0,1803.0,9805.5,30611.8,0.0,239,97847.0,927.7,1,4914.0,11280.7
CHN_G2986,412750.0,1455250.0,80.194914,13.162539,20.26,4.03,0.216,299.0,0.207,0.045,0.728,10,700.7,7042.8,4062.0,1636.5,9324.3,31067.8,0.0,256,88860.5,868.2,1,5275.8,10881.6
CHN_G2987,413250.0,1455250.0,80.199528,13.162553,18.73,0.46,0.262,230.0,0.688,0.0,0.311,50,393.7,7039.2,3839.6,1469.4,8843.8,31525.1,0.0,290,117427.9,536.9,4,5658.7,10491.1
CHN_G2988,413750.0,1455250.0,80.204141,13.162568,13.53,0.21,0.507,82.0,0.796,0.0,0.193,50,8.8,7071.1,3672.1,1269.4,8365.5,31983.8,1744.6,296,100825.0,84.2,3,6058.6,10110.3
CHN_G2989,414250.0,1455250.0,80.208755,13.162582,10.57,1.96,0.597,301.0,0.615,0.0,0.374,50,137.5,7137.9,3562.3,782.0,7889.9,32443.6,1117.8,212,111571.5,309.5,3,5974.4,9740.3
CHN_G2990,414750.0,1455250.0,80.213368,13.162596,6.19,0.06,0.769,301.0,0.039,0.0,0.958,40,625.5,7232.0,3508.7,304.5,7417.5,32904.6,0.0,289,101712.4,477.8,3,5835.3,9382.3
CHN_G2991,415250.0,1455250.0,80.217981,13.16261,5.79,0.4,0.728,320.0,0.007,0.0,0.991,40,985.0,7344.7,3512.8,161.7,6949.0,33366.8,0.0,324,106803.5,927.8,1,5736.5,9037.8
CHN_G2992,415750.0,1455250.0,80.222595,13.162624,7.96,2.84,0.573,322.0,0.187,0.0,0.805,40,599.2,7432.5,3558.8,661.5,6485.1,33830.0,0.0,240,55198.2,1411.8,0,5680.2,8708.4
CHN_G2993,416250.0,1455250.0,80.227208,13.162638,7.13,0.92,0.62,322.0,0.799,0.0,0.194,50,477.8,7179.0,3256.5,993.2,6023.1,34294.2,0.0,326,75000.5,1805.2,0,5667.7,8395.7
CHN_G2994,416750.0,1455250.0,80.231821,13.162652,10.84,1.15,0.412,3.0,0.449,0.0,0.531,10,678.1,6949.2,3007.4,1165.0,5566.3,34759.5,0.0,413,87038.3,1306.2,0,5699.1,8076.4
CHN_G2995,417250.0,1455250.0,80.236435,13.162666,13.65,1.15,0.259,299.0,0.002,0.0,0.998,10,865.4,6745.3,2825.6,1459.8,5114.1,35225.6,0.0,392,84680.9,808.4,1,5773.8,7776.1
CHN_G2996,417750.0,1455250.0,80.241048,13.162679,9.82,2.06,0.5,247.0,0.196,0.0,0.804,10,391.4,6569.4,2724.7,1162.8,4662.1,35692.8,0.0,328,74723.4,317.6,3,5758.8,7497.2
CHN_G2997,418250.0,1455250.0,80.245662,13.162693,14.09,5.85,0.241,305.0,0.077,0.0,0.923,10,240.0,6427.1,2713.6,713.1,4210.0,36160.7,265.1,402,81522.3,219.8,3,5432.4,7242.1
CHN_G2998,418750.0,1455250.0,80.250275,13.162707,5.87,3.8,0.699,249.0,0.257,0.001,0.718,10,210.1,6319.2,2770.7,406.2,3760.1,36629.6,547.9,234,53410.8,600.9,7,5134.0,7013.5
CHN_G2999,419250.0,1455250.0,80.254888,13.16272,10.11,2.65,0.418,249.0,0.771,0.0,0.224,50,189.0,6248.9,2877.1,566.9,3317.4,37099.2,2420.0,38,9212.0,376.0,5,4868.8,6813.9
CHN_G3000,419750.0,1455250.0,80.259502,13.162733,7.45,1.23,0.546,144.0,0.934,0.0,0.066,50,4.3,6216.5,2897.0,961.8,2860.0,37569.7,13961.8,310,62153.8,16.7,4,4642.5,6646.0
CHN_G3001,420250.0,1455250.0,80.264115,13.162747,5.57,2.88,0.64,144.0,0.48,0.0,0.488,50,102.2,6223.5,2984.6,1422.3,2412.7,38040.8,5320.4,203,67550.6,506.9,4,4461.0,6487.7
CHN_G3002,420750.0,1455250.0,80.268729,13.16276,2.64,1.24,0.794,207.0,0.38,0.015,0.578,50,509.8,6208.6,3126.2,1902.8,1960.4,38512.8,0.0,232,76331.6,1006.8,0,4329.9,6233.8
CHN_G3003,421250.0,1455250.0,80.273342,13.162773,6.84,1.49,0.508,207.0,0.928,0.012,0.031,50,993.9,6200.7,3325.4,1936.6,1504.6,38985.4,0.0,244,126118.7,1506.8,0,4072.1,6010.8
CHN_G3004,421750.0,1455250.0,80.277956,13.162786,6.22,2.5,0.514,155.0,0.954,0.0,0.043,50,1488.5,6233.0,3545.4,1683.8,1048.6,39458.6,0.0,275,134151.6,2006.8,0,3771.8,5822.3
CHN_G3005,422250.0,1455250.0,80.282569,13.162799,5.42,0.28,0.57,155.0,0.678,0.004,0.276,50,1328.7,6304.9,3636.9,1555.5,589.5,39932.6,0.0,237,117372.2,1743.6,0,3517.3,5671.7
CHN_G3006,422750.0,1455250.0,80.287183,13.162812,5.94,2.11,0.572,18.0,0.195,0.011,0.753,10,864.6,6415.1,3790.5,1511.4,130.3,40407.2,0.0,236,106021.1,1427.9,0,3319.1,5562.1
CHN_G3007,423250.0,1455250.0,80.291796,13.162824,0.8,1.03,0.903,18.0,0.582,0.012,0.376,50,479.1,6561.7,3997.5,1603.9,322.0,40882.3,0.0,96,26984.7,1143.8,0,3121.6,5496.0
CHN_G3008,423750.0,1455250.0,80.296409,13.162837,7.95,2.08,0.46,18.0,0.754,0.0,0.214,50,365.4,6742.2,4251.3,1796.8,817.4,41358.1,0.0,250,165727.6,725.1,7,2876.4,5475.0
CHN_G3009,424250.0,1455250.0,80.301023,13.16285,11.3,2.33,0.222,18.0,0.971,0.0,0.026,50,105.7,6954.1,4546.2,2032.6,1313.9,41834.4,7895.6,161,150611.4,359.6,9,2702.4,5499.6
CHN_G3010,424750.0,1455250.0,80.305636,13.162862,9.57,3.32,0.29,13.0,0.952,0.0,0.036,50,13.1,7194.5,4874.6,2352.5,1810.4,42311.3,3671.3,155,119888.3,363.5,9,2613.9,5569.1
CHN_G3011,425250.0,1455250.0,80.31025,13.162875,0.0,0.0,0.802,13.0,0.148,0.726,0.011,80,432.3,7460.7,5230.3,2709.3,2306.9,42788.7,0.0,64,50900.0,761.9,4,2619.5,5681.9
CHN_G3012,402250.0,1455750.0,80.098019,13.166738,31.6,2.0,0.426,288.0,0.525,0.0,0.473,50,6492.0,11237.6,11768.8,128.9,19566.0,21528.3,0.0,21,10982.0,3740.7,0,4279.7,18771.4
CHN_G3013,402750.0,1455750.0,80.102632,13.166754,23.19,0.66,0.866,288.0,0.024,0.0,0.976,40,6089.3,11216.0,11437.4,348.0,19084.3,21957.4,0.0,56,11551.2,3698.1,0,4191.2,18377.4
CHN_G3014,403250.0,1455750.0,80.107245,13.16677,23.76,0.66,0.747,304.0,0.02,0.0,0.978,40,5702.1,11203.8,11118.7,798.7,18603.1,22389.4,0.0,0,0.0,3722.8,0,4161.3,17988.7
CHN_G3015,403750.0,1455750.0,80.111859,13.166786,23.79,0.17,0.659,311.0,0.13,0.0,0.864,40,5333.7,11213.9,10813.7,1249.9,18121.9,22822.0,0.0,0,0.0,3813.5,0,4191.2,17605.7
CHN_G3016,404250.0,1455750.0,80.116472,13.166802,31.04,2.89,0.184,307.0,0.218,0.0,0.767,40,4988.2,11246.3,10523.6,1543.7,17640.7,23256.8,0.0,0,0.0,3965.7,0,4279.8,17228.6
CHN_G3017,404750.0,1455750.0,80.121085,13.166818,20.61,0.54,0.808,293.0,0.0,0.0,1.0,40,4670.8,11211.3,10207.6,1555.6,17159.5,23694.2,0.0,0,0.0,4172.6,0,4423.5,16857.9
CHN_G3018,405250.0,1455750.0,80.125699,13.166833,20.41,0.25,0.844,301.0,0.01,0.0,0.99,40,4375.1,10846.3,9812.1,1370.0,16678.3,24134.0,0.0,0,0.0,4146.0,0,4617.1,16494.0
CHN_G3019,405750.0,1455750.0,80.130312,13.166849,28.07,1.85,0.378,298.0,0.234,0.0,0.766,40,4014.2,10492.5,9426.6,1329.4,16197.0,24574.6,0.0,0,0.0,4108.6,0,4854.6,16137.5
CHN_G3020,406250.0,1455750.0,80.134926,13.166865,25.27,1.15,0.522,300.0,0.239,0.0,0.758,40,3685.9,10150.9,9052.4,1353.2,15715.8,25016.9,0.0,0,0.0,4131.8,0,4761.6,15788.7
CHN_G3021,406750.0,1455750.0,80.139539,13.16688,26.58,0.73,0.433,305.0,0.021,0.002,0.677,30,3399.7,9823.0,8690.7,1522.8,15234.6,25459.9,0.0,0,0.0,4214.6,0,4512.2,15448.2
CHN_G3022,407250.0,1455750.0,80.144152,13.166896,20.21,1.17,0.806,291.0,0.001,0.076,0.644,40,3167.0,9510.0,8343.4,1719.9,14753.4,25902.0,0.0,0,0.0,4353.7,0,4306.5,15116.6
CHN_G3023,407750.0,1455750.0,80.148766,13.166911,19.16,0.08,0.791,59.0,0.035,0.417,0.446,80,3000.3,9213.6,8012.2,1878.1,14272.2,26344.7,0.0,0,0.0,4543.7,0,4151.2,14794.5
CHN_G3024,408250.0,1455750.0,80.153379,13.166926,25.36,3.46,0.299,310.0,0.273,0.022,0.696,40,2911.0,8935.3,7655.2,1944.2,13791.0,26789.4,0.0,0,0.0,4317.5,0,4052.0,14482.5
CHN_G3025,408750.0,1455750.0,80.157992,13.166941,33.3,0.86,0.0,312.0,0.181,0.0,0.77,10,2906.2,8677.0,7234.9,1838.9,13309.8,27236.0,0.0,78,5916.2,3873.1,0,4013.1,14181.2
CHN_G3026,409250.0,1455750.0,80.162606,13.166956,19.02,1.66,0.481,303.0,0.162,0.0,0.837,10,2986.3,8440.3,6825.4,1826.7,12828.6,27684.4,0.0,140,36430.4,3375.6,0,4036.3,13891.4
CHN_G3027,409750.0,1455750.0,80.167219,13.166971,20.74,1.52,0.304,311.0,0.042,0.0,0.958,40,2810.4,8227.3,6428.7,1947.3,12347.3,28134.5,0.0,226,52617.0,2878.8,0,4120.5,13613.8
CHN_G3028,410250.0,1455750.0,80.171833,13.166986,14.49,2.75,0.587,213.0,0.028,0.56,0.401,80,2311.5,8039.8,6047.4,2178.8,11866.1,28586.3,0.0,240,30969.4,2383.5,0,4262.0,13212.1
CHN_G3029,410750.0,1455750.0,80.176446,13.167001,13.0,0.0,0.621,213.0,0.0,0.994,0.0,80,1813.3,7879.6,5684.4,2184.5,11384.9,29039.7,0.0,0,0.0,1890.6,0,4455.4,12795.1
CHN_G3030,411250.0,1455750.0,80.181059,13.167016,13.0,0.0,0.611,213.0,0.0,0.989,0.0,80,1316.4,7748.4,5343.7,2037.6,10903.8,29494.6,0.0,6,508.4,1402.7,0,4694.4,12384.2
CHN_G3031,411750.0,1455750.0,80.185673,13.167031,13.0,0.04,0.627,31.0,0.0,1.0,0.0,80,823.4,7647.7,5029.6,2000.6,10424.1,29950.9,0.0,167,44624.7,927.9,1,4972.3,11980.1
CHN_G3032,412250.0,1455750.0,80.190286,13.167045,11.33,2.49,0.734,31.0,0.118,0.49,0.391,80,350.7,7578.7,4747.5,1613.3,9946.4,30408.6,0.0,128,15034.4,504.2,1,5283.0,11583.5
CHN_G3033,412750.0,1455750.0,80.1949,13.16706,19.42,2.53,0.23,297.0,0.472,0.012,0.504,50,228.0,7542.4,4503.5,1265.6,9471.0,30867.6,564.0,397,50738.1,384.1,4,5621.1,11195.2
CHN_G3034,413250.0,1455750.0,80.199513,13.167074,16.59,1.32,0.351,90.0,0.497,0.0,0.495,50,294.2,7539.0,4303.9,1004.8,8998.3,31327.9,139.0,240,36611.8,401.7,6,5981.9,10816.0
CHN_G3035,413750.0,1455750.0,80.204127,13.167089,12.49,2.24,0.532,90.0,0.794,0.0,0.2,50,140.6,7568.8,4155.2,819.9,8528.7,31789.3,4774.8,357,81742.1,564.3,6,6361.6,10447.1
CHN_G3036,414250.0,1455750.0,80.20874,13.167103,6.61,0.74,0.797,302.0,0.582,0.0,0.414,50,313.2,7631.3,4055.5,782.3,8062.7,32252.0,0.0,260,59845.5,243.8,3,6450.6,10089.4
CHN_G3037,414750.0,1455750.0,80.213353,13.167117,6.73,0.46,0.699,330.0,0.188,0.0,0.79,10,700.8,7723.2,4008.4,348.8,7600.1,32715.7,0.0,240,51369.6,438.1,1,6322.0,9744.2
CHN_G3038,415250.0,1455750.0,80.217967,13.167131,6.2,1.08,0.666,330.0,0.102,0.0,0.887,10,1165.2,7829.0,4011.9,112.3,7139.3,33180.4,0.0,278,74597.6,908.0,1,6230.9,9413.0
CHN_G3039,415750.0,1455750.0,80.22258,13.167145,6.24,1.55,0.641,255.0,0.46,0.0,0.528,50,1035.3,7860.4,3952.5,328.1,6684.0,33646.2,0.0,117,53318.9,1398.9,0,6179.1,9097.2
CHN_G3040,416250.0,1455750.0,80.227194,13.167159,3.35,3.45,0.803,65.0,0.436,0.0,0.542,50,970.1,7619.6,3682.6,519.8,6231.9,34113.0,0.0,88,83032.1,1847.2,0,6167.6,8779.1
CHN_G3041,416750.0,1455750.0,80.231807,13.167173,11.25,3.09,0.336,232.0,0.641,0.0,0.341,50,1144.7,7403.3,3464.3,757.9,5779.8,34580.7,0.0,174,81252.0,1363.6,0,6196.5,8474.3
CHN_G3042,417250.0,1455750.0,80.236421,13.167187,8.86,2.25,0.485,232.0,0.553,0.0,0.444,50,850.8,7209.5,3307.8,1092.3,5327.8,35049.2,0.0,261,109389.0,898.3,1,6265.3,8188.6
CHN_G3043,417750.0,1455750.0,80.241034,13.1672,9.35,1.04,0.463,232.0,0.644,0.0,0.355,50,353.5,7045.2,3222.0,1098.6,4878.0,35518.7,0.0,300,142303.8,504.3,3,6135.8,7924.2
CHN_G3044,418250.0,1455750.0,80.245648,13.167214,10.25,0.67,0.41,305.0,0.641,0.0,0.348,50,47.0,6912.0,3212.6,602.7,4433.8,35988.9,4740.5,348,134658.4,99.5,3,5830.6,7683.3
CHN_G3045,418750.0,1455750.0,80.250261,13.167227,5.36,4.06,0.678,243.0,0.395,0.0,0.57,50,18.3,6811.8,3263.0,136.2,3977.9,36459.9,3099.9,348,111763.4,279.8,5,5553.6,7468.2
CHN_G3046,419250.0,1455750.0,80.254875,13.167241,9.16,2.36,0.43,243.0,0.79,0.0,0.193,50,34.9,6746.3,3376.9,350.7,3530.7,36931.7,21007.7,374,98627.0,469.9,6,5309.5,7281.0
CHN_G3047,419750.0,1455750.0,80.259488,13.167254,8.68,0.9,0.438,81.0,0.864,0.0,0.129,50,15.7,6716.3,3394.3,848.9,3077.5,37404.3,20574.3,285,88469.1,236.2,4,5102.7,7124.2
CHN_G3048,420250.0,1455750.0,80.264102,13.167268,5.76,1.4,0.601,244.0,0.504,0.0,0.416,50,11.4,6723.0,3473.0,1315.7,2621.7,37877.5,13270.3,361,88245.4,625.1,4,4938.1,6914.9
CHN_G3049,420750.0,1455750.0,80.268715,13.167281,2.5,0.0,0.785,329.0,0.013,0.012,0.634,10,491.5,6707.9,3600.3,1504.6,2164.8,38351.4,0.0,155,136021.9,1107.2,0,4716.2,6677.2
CHN_G3050,421250.0,1455750.0,80.273329,13.167294,4.61,1.69,0.628,155.0,0.364,0.0,0.576,10,991.4,6700.6,3776.7,1467.0,1705.7,38826.0,0.0,186,39992.8,1592.4,0,4274.6,6469.5
CHN_G3051,421750.0,1455750.0,80.277942,13.167307,10.47,1.81,0.245,155.0,0.902,0.018,0.055,50,1489.9,6730.5,4003.7,1240.3,1227.7,39301.2,0.0,236,47406.8,1891.3,0,3847.3,6294.7
CHN_G3052,422250.0,1455750.0,80.282556,13.16732,8.83,5.83,0.347,155.0,0.822,0.0,0.111,50,1138.6,6797.1,4123.0,1059.9,731.2,39777.0,0.0,295,74848.2,1440.8,0,3439.6,6155.7
CHN_G3053,422750.0,1455750.0,80.287169,13.167333,6.68,2.53,0.501,95.0,0.371,0.006,0.606,10,703.9,6899.5,4259.6,1011.6,234.7,40253.4,0.0,506,117229.9,1036.6,0,3059.4,6054.9
CHN_G3054,423250.0,1455750.0,80.291783,13.167345,3.15,1.23,0.745,25.0,0.952,0.0,0.038,50,272.1,7035.9,4447.0,1145.3,261.8,40730.4,0.0,457,125808.6,757.3,1,2718.4,5994.3
CHN_G3055,423750.0,1455750.0,80.296397,13.167358,7.71,2.23,0.47,25.0,0.909,0.0,0.09,50,6.9,7204.6,4676.6,1343.3,758.2,41207.9,14100.9,460,110526.0,756.5,5,2432.9,5975.0
CHN_G3056,424250.0,1455750.0,80.30101,13.167371,9.11,0.44,0.359,25.0,0.897,0.0,0.096,50,175.7,7403.2,4946.2,1645.4,1254.7,41686.0,3638.2,370,92601.1,343.7,5,2224.5,5997.5
CHN_G3057,424750.0,1455750.0,80.305624,13.167383,10.86,1.37,0.225,25.0,0.878,0.0,0.072,50,150.7,7629.5,5249.6,2002.9,1751.2,42164.5,3244.1,350,111951.6,169.9,4,2116.1,6061.3
CHN_G3058,425250.0,1455750.0,80.310237,13.167396,5.22,2.11,0.51,13.0,0.341,0.361,0.205,80,91.8,7881.1,5581.5,2362.0,2240.9,42643.5,1004.2,377,113218.4,649.6,4,2123.0,6165.1
CHN_G3059,402250.0,1456250.0,80.098002,13.171258,25.02,0.86,0.903,308.0,0.24,0.0,0.76,40,6791.3,11737.5,12142.6,123.9,19701.3,21273.3,0.0,291,149236.7,4235.6,0,4767.3,19080.1
CHN_G3060,402750.0,1456250.0,80.102616,13.171275,26.31,0.17,0.8,307.0,0.127,0.0,0.87,40,6407.5,11715.5,11821.7,509.9,19220.1,21705.9,0.0,257,113239.6,4198.0,0,4688.0,18692.7
CHN_G3061,403250.0,1456250.0,80.107229,13.171291,27.39,0.7,0.679,311.0,0.016,0.0,0.984,40,6040.8,11703.8,11513.6,983.3,18738.9,22140.1,0.0,284,118792.4,4219.8,0,4661.3,18310.7
CHN_G3062,403750.0,1456250.0,80.111842,13.171307,26.09,0.7,0.692,307.0,0.001,0.0,0.998,40,5694.3,11713.5,11219.3,1451.2,18257.7,22577.0,0.0,130,54719.0,4253.9,0,4688.0,17934.5
CHN_G3063,404250.0,1456250.0,80.116456,13.171323,24.83,1.02,0.741,308.0,0.0,0.0,0.97,40,5372.1,11744.5,10908.0,1916.4,17776.5,23016.4,0.0,119,31665.0,4277.9,0,4767.4,17564.5
CHN_G3064,404750.0,1456250.0,80.121069,13.171338,23.4,1.1,0.843,297.0,0.0,0.0,1.0,40,5078.7,11553.3,10515.2,2002.0,17295.2,23457.0,0.0,197,140007.1,4359.5,0,4896.8,17201.0
CHN_G3065,405250.0,1456250.0,80.125683,13.171354,22.45,0.74,0.923,294.0,0.0,0.0,0.996,40,4721.2,11199.5,10131.7,1861.4,16814.0,23899.0,0.0,168,173897.5,4495.6,0,5072.3,16844.6
CHN_G3066,405750.0,1456250.0,80.130296,13.17137,24.9,0.96,0.759,293.0,0.003,0.0,0.997,40,4388.8,10857.2,9758.9,1829.1,16332.8,24342.2,0.0,154,143796.1,4608.5,0,5289.5,16495.6
CHN_G3067,406250.0,1456250.0,80.13491,13.171385,31.08,1.51,0.345,310.0,0.156,0.0,0.815,40,4090.7,10527.5,9397.8,1844.9,15851.6,24784.3,0.0,113,96570.2,4629.2,0,5190.0,16154.6
CHN_G3068,406750.0,1456250.0,80.139523,13.171401,25.78,1.13,0.623,323.0,0.027,0.0,0.565,60,3834.8,10211.6,9050.0,1984.9,15370.4,25226.8,0.0,6,10671.3,4703.3,0,4962.1,15822.0
CHN_G3069,407250.0,1456250.0,80.144137,13.171416,23.73,0.73,0.708,311.0,0.041,0.0,0.32,60,3630.1,9911.0,8717.0,1972.1,14889.2,25671.4,0.0,1,590.8,4613.1,0,4775.8,15498.4
CHN_G3070,407750.0,1456250.0,80.14875,13.171432,25.48,1.41,0.489,310.0,0.057,0.005,0.492,60,3485.7,9626.9,8345.1,1677.5,14408.0,26117.9,0.0,0,0.0,4250.2,0,4636.3,15184.3
CHN_G3071,408250.0,1456250.0,80.153363,13.171447,27.73,0.8,0.199,309.0,0.235,0.007,0.7,40,3409.1,9360.9,7929.9,1464.5,13926.8,26566.4,0.0,0,0.0,3917.6,0,4547.7,14880.5
CHN_G3072,408750.0,1456250.0,80.157977,13.171462,22.98,1.43,0.357,306.0,0.001,0.0,0.974,40,3405.0,9114.6,7525.0,1347.7,13445.5,27016.6,0.0,0,0.0,3623.6,0,4513.1,14587.4
CHN_G3073,409250.0,1456250.0,80.16259,13.171477,19.05,1.75,0.488,302.0,0.06,0.0,0.938,40,3321.2,8889.6,7132.1,1331.0,12964.3,27468.6,0.0,0,0.0,3359.8,0,4533.7,14305.9
CHN_G3074,409750.0,1456250.0,80.167204,13.171492,14.82,0.57,0.659,311.0,0.08,0.132,0.712,10,2824.0,8687.7,6753.5,1492.3,12483.7,27922.2,0.0,0,0.0,2860.3,0,4608.8,13904.3
CHN_G3075,410250.0,1456250.0,80.171817,13.171507,13.0,0.0,0.677,177.0,0.002,0.809,0.154,80,2328.1,8510.3,6391.5,1783.8,12004.7,28377.4,0.0,0,0.0,2361.1,0,4735.7,13490.1
CHN_G3076,410750.0,1456250.0,80.176431,13.171522,13.0,0.0,0.621,177.0,0.0,0.996,0.0,80,1834.4,8359.1,6049.3,1737.4,11527.4,28834.1,0.0,0,0.0,1862.3,0,4910.6,13081.9
CHN_G3077,411250.0,1456250.0,80.181044,13.171537,13.0,0.0,0.602,177.0,0.0,0.999,0.0,80,1345.4,8235.6,5730.3,1548.6,11052.2,29292.2,0.0,0,0.0,1364.3,0,5034.9,12680.4
CHN_G3078,411750.0,1456250.0,80.185658,13.171552,13.0,0.0,0.599,31.0,0.0,1.0,0.0,80,868.7,8140.9,5438.6,1509.2,10579.2,29751.6,0.0,0,0.0,868.7,1,5180.9,12286.0
CHN_G3079,412250.0,1456250.0,80.190271,13.171566,13.0,0.0,0.589,31.0,0.185,0.556,0.258,80,398.4,8076.1,5178.8,1330.2,10108.9,30212.3,0.0,0,0.0,384.5,1,5369.6,11899.6
CHN_G3080,412750.0,1456250.0,80.194885,13.171581,12.92,1.31,0.56,58.0,0.656,0.0,0.339,50,67.8,8042.0,4956.0,909.8,9641.5,30674.3,3727.5,0,0.0,202.9,4,5596.8,11521.9
CHN_G3081,413250.0,1456250.0,80.199498,13.171595,9.62,3.12,0.704,20.0,0.824,0.0,0.168,50,40.1,8038.9,4775.4,561.2,9177.5,31137.4,9239.4,90,5090.2,77.9,4,5858.0,11153.9
CHN_G3082,413750.0,1456250.0,80.204112,13.171609,9.85,0.7,0.627,61.0,0.831,0.0,0.166,50,124.5,8066.8,4641.8,355.3,8715.3,31601.6,11909.5,117,19839.7,430.6,4,6148.8,10796.5
CHN_G3083,414250.0,1456250.0,80.208725,13.171624,6.87,0.58,0.726,256.0,0.786,0.0,0.212,50,119.1,8125.4,4550.1,291.4,8256.0,32067.0,2668.2,371,70522.3,723.3,4,6465.3,10450.8
CHN_G3084,414750.0,1456250.0,80.213339,13.171638,6.02,0.35,0.699,326.0,0.175,0.0,0.822,40,524.7,8214.1,4508.1,159.1,7801.7,32533.3,0.0,394,47617.2,809.7,1,6803.8,10118.0
CHN_G3085,415250.0,1456250.0,80.217953,13.171652,5.4,0.44,0.68,254.0,0.338,0.0,0.655,10,1017.5,8315.0,4511.2,37.3,7349.7,33000.7,0.0,10,1242.9,1134.9,0,6726.2,9799.4
CHN_G3086,415750.0,1456250.0,80.222566,13.171666,5.04,0.37,0.685,316.0,0.619,0.0,0.362,50,1490.4,8296.1,4367.9,121.2,6897.6,33468.9,0.0,74,7474.1,1555.8,0,6678.2,9482.5
CHN_G3087,416250.0,1456250.0,80.22718,13.17168,3.72,0.61,0.757,320.0,0.148,0.0,0.838,40,1364.4,8067.1,4125.4,56.1,6445.5,33938.1,0.0,34,3053.2,2013.2,0,6667.5,9173.7
CHN_G3088,416750.0,1456250.0,80.231793,13.171694,5.08,0.74,0.679,305.0,0.197,0.0,0.748,10,1318.1,7861.1,3931.7,394.8,5996.0,34408.2,0.0,110,16198.3,1585.2,0,6694.3,8882.4
CHN_G3089,417250.0,1456250.0,80.236407,13.171708,4.46,1.32,0.717,299.0,0.213,0.0,0.77,10,819.0,7678.2,3794.5,649.6,5550.1,34879.1,0.0,254,67038.9,1184.3,0,6758.0,8610.3
CHN_G3090,417750.0,1456250.0,80.24102,13.171721,3.6,0.38,0.767,272.0,0.543,0.0,0.452,50,320.0,7524.1,3719.9,772.1,5095.8,35350.8,0.0,191,73804.2,749.2,3,6529.4,8359.3
CHN_G3091,418250.0,1456250.0,80.245634,13.171735,7.79,1.78,0.521,272.0,0.82,0.0,0.156,50,16.4,7398.9,3711.8,775.3,4648.7,35823.2,12507.8,80,23012.5,469.2,3,6243.4,8131.3
CHN_G3092,418750.0,1456250.0,80.250248,13.171748,7.01,2.22,0.546,243.0,0.739,0.0,0.211,50,84.5,7305.4,3757.3,291.9,4194.7,36296.4,7184.3,136,29392.0,543.7,2,5985.6,7928.3
CHN_G3093,419250.0,1456250.0,80.254861,13.171762,5.53,3.31,0.613,81.0,0.66,0.001,0.308,50,2.6,7244.1,3859.2,263.2,3738.9,36770.3,20535.1,63,27883.3,831.4,3,5759.8,7752.3
CHN_G3094,419750.0,1456250.0,80.259475,13.171775,5.17,4.1,0.612,81.0,0.544,0.0,0.45,50,47.8,7216.2,3892.3,701.1,3272.8,37244.9,14353.9,257,62995.9,725.4,2,5461.6,7600.7
CHN_G3095,420250.0,1456250.0,80.264088,13.171788,3.39,1.44,0.711,244.0,0.695,0.0,0.285,50,125.8,7222.5,3962.2,883.8,2776.3,37720.1,3650.4,201,71795.4,928.0,1,4985.9,7351.2
CHN_G3096,420750.0,1456250.0,80.268702,13.171802,6.6,0.47,0.517,329.0,0.366,0.042,0.544,10,504.2,7207.3,4078.3,1006.3,2279.8,38196.0,0.0,111,69557.2,1302.4,0,4515.3,7128.1
CHN_G3097,421250.0,1456250.0,80.273316,13.171815,6.01,1.75,0.527,155.0,0.394,0.0,0.539,50,996.1,7200.4,4238.6,967.3,1783.4,38672.5,0.0,238,106735.4,1741.0,0,4051.9,6933.9
CHN_G3098,421750.0,1456250.0,80.277929,13.171828,5.32,1.74,0.539,155.0,0.768,0.031,0.092,50,1493.4,7228.3,4443.3,856.8,1286.9,39149.6,0.0,366,106866.8,1764.2,0,3598.2,6771.2
CHN_G3099,422250.0,1456250.0,80.282543,13.171841,4.85,2.56,0.566,95.0,0.78,0.02,0.18,50,1052.7,7290.4,4612.1,571.3,790.4,39627.2,0.0,191,70272.0,1269.4,0,3158.5,6642.1
CHN_G3100,422750.0,1456250.0,80.287156,13.171854,4.94,0.96,0.575,95.0,0.471,0.0,0.436,50,554.3,7385.9,4735.0,512.3,293.2,40105.4,0.0,279,114933.6,781.2,1,2739.6,6548.8
CHN_G3101,423250.0,1456250.0,80.29177,13.171866,3.2,0.42,0.714,25.0,0.781,0.026,0.151,50,57.0,7513.5,4905.1,691.1,204.5,40584.1,1352.1,289,110527.5,330.2,1,2352.7,6492.8
CHN_G3102,423750.0,1456250.0,80.296384,13.171879,4.57,0.87,0.647,25.0,0.995,0.0,0.003,50,68.4,7671.7,5115.4,938.3,700.8,41063.3,13577.6,179,58798.2,328.4,3,2016.0,6475.0
CHN_G3103,424250.0,1456250.0,80.300997,13.171892,6.47,0.56,0.524,25.0,0.804,0.002,0.185,50,117.1,7858.5,5363.0,1297.1,1127.1,41543.0,4317.7,333,89776.9,448.3,6,1758.9,6495.8
CHN_G3104,424750.0,1456250.0,80.305611,13.171904,8.68,1.69,0.365,25.0,0.761,0.0,0.234,50,24.4,8072.1,5644.1,1655.8,1553.3,42023.2,2070.8,234,78045.0,302.0,5,1619.6,6554.7
CHN_G3105,425250.0,1456250.0,80.310225,13.171917,5.0,3.65,0.541,93.0,0.522,0.084,0.327,50,471.5,8310.2,5953.9,2012.2,1947.2,42503.8,0.0,125,47907.3,693.8,3,1628.7,6650.8
CHN_G3106,425750.0,1456250.0,80.314838,13.171929,0.0,0.0,0.777,93.0,0.004,0.978,0.008,80,580.8,8571.0,5911.2,2331.6,2300.0,42984.9,0.0,108,25649.0,1171.2,0,1783.8,6782.6
CHN_G3107,402250.0,1456750.0,80.097986,13.175779,28.93,3.4,0.731,314.0,0.326,0.0,0.671,40,7113.3,12237.4,12525.1,509.6,19837.1,21023.5,0.0,90,20874.3,4059.3,0,5257.2,19396.9
CHN_G3108,402750.0,1456750.0,80.102599,13.175795,31.6,2.49,0.589,307.0,0.174,0.0,0.826,40,6747.8,12215.0,12214.3,828.1,19355.9,21459.8,0.0,178,38651.4,3896.5,0,5185.4,19015.9
CHN_G3109,403250.0,1456750.0,80.107213,13.175811,30.02,0.92,0.672,306.0,0.002,0.0,0.996,40,6400.6,12203.8,11916.4,1192.3,18874.7,21898.9,0.0,351,88481.6,3793.1,0,5161.3,18640.5
CHN_G3110,403750.0,1456750.0,80.111826,13.175827,29.75,1.1,0.655,297.0,0.0,0.0,1.0,40,6074.7,12213.1,11609.3,1627.2,18393.4,22339.4,0.0,411,105390.2,3754.0,0,5185.5,18271.1
CHN_G3111,404250.0,1456750.0,80.11644,13.175843,31.91,1.22,0.52,295.0,0.008,0.0,0.982,40,5773.7,12242.8,11218.7,2090.0,17912.2,22781.2,0.0,464,103344.4,3781.1,0,5257.3,17908.0
CHN_G3112,404750.0,1456750.0,80.121053,13.175859,27.73,1.67,0.787,296.0,0.026,0.0,0.97,40,5428.2,11906.5,10837.1,2469.1,17431.0,23224.4,0.0,318,74131.6,3873.2,0,5374.9,17551.7
CHN_G3113,405250.0,1456750.0,80.125667,13.175875,26.48,0.7,0.87,298.0,0.002,0.0,0.998,40,5092.9,11563.5,10465.5,2356.5,16949.8,23666.5,0.0,169,41174.8,4025.7,0,5535.3,17202.5
CHN_G3114,405750.0,1456750.0,80.13028,13.175891,30.06,3.09,0.611,304.0,0.154,0.0,0.838,40,4786.4,11232.3,10104.9,2328.7,16468.6,24108.9,0.0,269,83303.9,4232.2,0,5735.0,16860.9
CHN_G3115,406250.0,1456750.0,80.134894,13.175906,39.28,1.51,0.0,316.0,0.335,0.0,0.629,40,4514.6,10913.9,9756.7,2340.0,15987.4,24553.4,0.0,250,88853.2,4485.1,0,5630.1,16527.4
CHN_G3116,406750.0,1456750.0,80.139507,13.175922,33.51,1.89,0.257,314.0,0.321,0.0,0.609,50,4284.1,10609.6,9422.2,2025.2,15506.2,24999.9,0.0,238,99950.6,4712.1,0,5420.8,16202.5
CHN_G3117,407250.0,1456750.0,80.144121,13.175937,27.27,1.34,0.564,305.0,0.01,0.001,0.486,60,4101.9,10320.5,9037.7,1625.5,15025.0,25448.4,0.0,355,142950.1,4299.7,0,5175.6,15886.6
CHN_G3118,407750.0,1456750.0,80.148734,13.175953,24.37,0.88,0.598,306.0,0.075,0.024,0.666,30,3974.6,10048.0,8626.8,1266.3,14543.9,25898.8,0.0,131,23998.1,3907.8,0,4927.4,15580.4
CHN_G3119,408250.0,1456750.0,80.153348,13.175968,22.78,1.56,0.518,312.0,0.275,0.0,0.725,40,3907.6,9793.5,8225.8,1003.1,14063.9,26351.0,0.0,124,41119.7,3543.2,0,4719.2,15284.5
CHN_G3120,408750.0,1456750.0,80.157961,13.175983,20.18,0.82,0.543,308.0,0.276,0.0,0.724,10,3893.9,9558.4,7836.2,866.8,13585.4,26804.9,0.0,230,147826.2,3215.2,0,4556.6,14999.3
CHN_G3121,409250.0,1456750.0,80.162575,13.175998,16.98,1.75,0.631,297.0,0.038,0.0,0.932,10,3406.9,9344.1,7459.8,840.5,13108.5,27260.4,0.0,214,164589.9,2936.1,0,4444.5,14597.8
CHN_G3122,409750.0,1456750.0,80.167189,13.176013,14.54,0.37,0.688,223.0,0.002,0.22,0.612,10,2924.4,9152.1,7098.6,1077.8,12633.3,27717.4,0.0,203,135839.8,2721.0,0,4387.0,14186.3
CHN_G3123,410250.0,1456750.0,80.171802,13.176028,13.0,0.0,0.689,223.0,0.0,0.959,0.024,80,2448.9,8984.0,6755.2,1455.0,12160.2,28175.9,0.0,252,124197.2,2443.0,0,4386.0,13780.6
CHN_G3124,410750.0,1456750.0,80.176416,13.176043,13.0,0.0,0.631,177.0,0.0,0.964,0.028,80,1975.9,8840.9,6432.3,1328.4,11689.3,28635.8,0.0,32,9795.6,1965.1,0,4441.7,13381.3
CHN_G3125,411250.0,1456750.0,80.181029,13.176058,13.0,0.0,0.599,139.0,0.0,1.0,0.0,80,1492.2,8724.1,6133.3,1069.8,11220.9,29097.0,0.0,0,0.0,1501.6,0,4552.0,12989.0
CHN_G3126,411750.0,1456750.0,80.185643,13.176072,13.0,0.0,0.578,139.0,0.0,1.0,0.0,80,1024.3,8634.8,5861.7,1012.0,10755.3,29559.4,0.0,0,0.0,1071.6,0,4713.0,12604.3
CHN_G3127,412250.0,1456750.0,80.190257,13.176087,13.0,0.0,0.554,139.0,0.0,0.737,0.26,80,609.6,8573.8,5621.5,887.0,10292.6,30023.1,0.0,0,0.0,735.9,1,4919.7,12228.0
CHN_G3128,412750.0,1456750.0,80.19487,13.176102,13.66,2.91,0.471,278.0,0.437,0.0,0.532,50,440.7,8541.7,5416.9,652.3,9831.0,30487.9,0.0,0,0.0,659.4,4,5166.8,11860.8
CHN_G3129,413250.0,1456750.0,80.199484,13.176116,6.72,0.57,0.822,84.0,0.8,0.0,0.2,50,239.7,8538.7,5252.2,229.3,9373.0,30953.8,2108.1,0,0.0,416.3,4,5448.6,11503.6
CHN_G3130,413750.0,1456750.0,80.204097,13.17613,7.32,2.05,0.718,318.0,0.545,0.0,0.454,50,247.3,8565.0,5131.0,109.2,8919.5,31420.8,909.4,0,0.0,586.7,3,5760.1,11157.4
CHN_G3131,414250.0,1456750.0,80.208711,13.176145,5.97,0.22,0.731,317.0,0.2,0.0,0.795,40,369.1,8620.3,5045.7,204.0,8467.4,31888.7,0.0,0,0.0,1007.5,0,6096.7,10823.2
CHN_G3132,414750.0,1456750.0,80.213325,13.176159,5.79,1.79,0.679,313.0,0.329,0.0,0.666,10,633.7,8633.7,5007.9,322.5,8015.4,32357.7,0.0,0,0.0,1272.5,0,6454.6,10502.2
CHN_G3133,415250.0,1456750.0,80.217938,13.176173,8.79,2.64,0.453,101.0,0.414,0.0,0.576,50,1077.7,8395.0,5010.6,421.4,7563.3,32827.5,0.0,0,0.0,1500.6,0,6830.3,10186.4
CHN_G3134,415750.0,1456750.0,80.222552,13.176187,5.86,0.88,0.607,318.0,0.429,0.0,0.562,50,1034.5,8180.0,4799.6,539.2,7114.1,33298.2,0.0,0,0.0,1839.6,0,7177.4,9874.3
CHN_G3135,416250.0,1456750.0,80.227165,13.176201,4.91,0.33,0.657,322.0,0.404,0.0,0.592,50,873.2,7990.5,4579.9,265.7,6666.9,33769.8,0.0,0,0.0,2239.8,0,7167.5,9578.2
CHN_G3136,416750.0,1456750.0,80.231779,13.176215,4.34,1.66,0.695,302.0,0.075,0.0,0.914,10,865.9,7827.8,4406.3,106.2,6213.7,34242.1,0.0,0,0.0,1858.5,0,7192.3,9299.6
CHN_G3137,417250.0,1456750.0,80.236393,13.176228,4.35,0.2,0.693,303.0,0.049,0.0,0.947,10,828.6,7680.3,4284.3,149.6,5766.8,34715.3,0.0,487,52090.4,1453.5,0,7229.8,9040.1
CHN_G3138,417750.0,1456750.0,80.241006,13.176242,4.09,0.48,0.704,303.0,0.11,0.081,0.809,10,384.3,7563.1,4218.4,318.2,5311.8,35189.2,0.0,359,41923.0,1127.6,0,6936.7,8801.3
CHN_G3139,418250.0,1456750.0,80.24562,13.176256,3.6,0.1,0.736,62.0,0.361,0.0,0.622,50,216.8,7477.6,4211.3,456.7,4820.4,35663.8,2274.0,248,42528.4,964.6,2,6668.2,8585.0
CHN_G3140,418750.0,1456750.0,80.250234,13.176269,6.38,1.64,0.556,81.0,0.856,0.0,0.139,50,37.7,7424.8,4252.9,295.1,4322.6,36139.0,9284.8,375,55109.0,1006.4,0,6317.9,8393.0
CHN_G3141,419250.0,1456750.0,80.254847,13.176283,3.91,0.63,0.684,81.0,0.352,0.0,0.647,10,143.0,7405.4,4343.2,203.5,3824.8,36615.0,8526.4,72,14485.1,1241.3,0,5826.3,8227.0
CHN_G3142,419750.0,1456750.0,80.259461,13.176296,8.49,1.64,0.389,149.0,0.147,0.0,0.848,10,306.7,7419.8,4390.8,203.9,3327.1,37091.6,23.8,98,13624.4,1223.4,0,5336.2,8031.0
CHN_G3143,420250.0,1456750.0,80.264075,13.176309,3.24,0.62,0.69,149.0,0.298,0.01,0.614,10,451.3,7467.7,4453.4,467.3,2829.3,37568.7,0.0,170,26805.7,1353.4,0,4848.1,7795.2
CHN_G3144,420750.0,1456750.0,80.268688,13.176323,4.43,2.45,0.617,85.0,0.268,0.0,0.722,10,794.1,7548.5,4560.9,507.9,2332.2,38046.5,0.0,178,48871.6,1633.0,0,4362.7,7585.2
CHN_G3145,421250.0,1456750.0,80.273302,13.176336,1.53,0.36,0.769,85.0,0.354,0.091,0.459,10,1169.9,7661.1,4707.0,468.4,1836.7,38524.8,0.0,230,66976.6,2000.4,0,3881.1,7403.0
CHN_G3146,421750.0,1456750.0,80.277916,13.176349,5.79,2.75,0.493,192.0,0.744,0.004,0.231,50,1614.5,7726.4,4893.7,406.2,1344.6,39003.7,0.0,242,68026.5,1774.3,0,3404.8,7250.8
CHN_G3147,422250.0,1456750.0,80.28253,13.176362,3.71,2.14,0.61,95.0,0.617,0.014,0.338,50,1147.4,7784.5,5103.2,149.7,861.5,39483.1,0.0,15,3492.1,1283.4,0,2936.3,7130.4
CHN_G3148,422750.0,1456750.0,80.287143,13.176375,0.93,0.7,0.78,95.0,0.205,0.021,0.66,40,708.6,7874.0,5215.0,34.3,413.5,39963.0,0.0,168,35085.5,803.6,1,2480.1,7043.6
CHN_G3149,423250.0,1456750.0,80.291757,13.176387,2.63,3.35,0.708,25.0,0.38,0.064,0.499,50,296.1,7993.9,5370.0,231.6,13.2,40443.4,0.0,140,63216.6,380.3,1,2044.6,6991.5
CHN_G3150,423750.0,1456750.0,80.296371,13.1764,2.51,0.4,0.742,25.0,0.969,0.0,0.018,50,45.8,8142.7,5564.5,591.7,439.5,40924.3,16799.2,177,72511.2,378.8,2,1646.2,6975.0
CHN_G3151,424250.0,1456750.0,80.300984,13.176413,8.05,2.61,0.419,25.0,0.876,0.0,0.124,50,11.9,8319.0,5792.9,950.9,865.7,41405.6,20067.4,151,66953.2,433.3,4,1318.8,6994.3
CHN_G3152,424750.0,1456750.0,80.305598,13.176425,6.78,5.88,0.472,93.0,0.58,0.0,0.397,50,107.2,8521.0,5682.5,1323.5,1244.4,41887.3,2865.7,278,56229.6,547.6,3,1126.4,7049.1
CHN_G3153,425250.0,1456750.0,80.310212,13.176438,10.56,1.61,0.214,93.0,0.784,0.0,0.211,50,146.1,8746.9,5529.5,1624.5,1594.1,42369.5,2081.9,267,106030.2,955.0,2,1139.3,7138.5
CHN_G3154,425750.0,1456750.0,80.314826,13.17645,0.0,0.0,0.79,93.0,0.184,0.746,0.045,80,168.1,8995.0,5418.5,2006.7,1986.0,42852.1,387.2,289,89823.9,1255.4,0,1351.8,7261.4
CHN_G3155,402250.0,1457250.0,80.097969,13.1803,36.44,4.07,0.329,315.0,0.262,0.0,0.731,10,7454.9,12737.4,12915.7,937.4,19972.9,20781.4,0.0,353,113594.6,3602.0,0,5748.9,19721.2
CHN_G3156,402750.0,1457250.0,80.102583,13.180316,32.86,0.22,0.597,314.0,0.214,0.0,0.786,40,7107.0,12714.5,12614.5,1208.2,19491.6,21221.8,0.0,234,71685.9,3417.4,0,5683.3,19346.6
CHN_G3157,403250.0,1457250.0,80.107196,13.180332,36.19,0.15,0.435,314.0,0.177,0.0,0.823,40,6778.2,12703.8,12311.2,1532.3,19010.4,21663.3,0.0,230,102958.0,3299.1,0,5661.3,18977.7
CHN_G3158,403750.0,1457250.0,80.11181,13.180348,34.93,0.81,0.508,307.0,0.155,0.0,0.819,40,6471.3,12712.7,11922.7,1892.0,18529.2,22106.7,0.0,175,46847.8,3254.0,0,5683.3,18615.0
CHN_G3159,404250.0,1457250.0,80.116423,13.180364,36.01,0.56,0.447,308.0,0.267,0.0,0.682,30,6135.2,12613.5,11542.7,2304.7,18048.0,22548.8,0.0,339,77841.9,3285.3,0,5749.0,18258.8
CHN_G3160,404750.0,1457250.0,80.121037,13.18038,30.99,1.0,0.769,300.0,0.35,0.0,0.648,40,5797.7,12269.9,11172.1,2745.0,17566.8,22991.1,0.0,529,97713.2,3390.9,0,5856.7,17909.4
CHN_G3161,405250.0,1457250.0,80.125651,13.180396,32.81,1.21,0.654,299.0,0.291,0.0,0.707,40,5485.0,11937.4,10812.0,2853.3,17085.6,23435.4,0.0,489,102905.8,3564.1,0,6004.3,17567.4
CHN_G3162,405750.0,1457250.0,80.130264,13.180411,37.3,2.47,0.325,303.0,0.6,0.0,0.377,50,5201.6,11616.8,10463.5,2772.0,16604.4,23881.9,0.0,568,84668.9,3795.8,0,5760.5,17233.0
CHN_G3163,406250.0,1457250.0,80.134878,13.180427,41.9,0.75,0.0,311.0,0.5,0.0,0.477,50,4952.7,11309.3,10127.6,2285.7,16123.7,24330.4,0.0,73,23512.9,4075.8,0,5401.4,16906.9
CHN_G3164,406750.0,1457250.0,80.139492,13.180443,37.82,1.81,0.102,304.0,0.331,0.0,0.641,50,4743.5,11015.9,9732.4,1807.0,15644.3,24781.0,0.0,80,45660.4,4395.1,0,5066.2,16589.4
CHN_G3165,407250.0,1457250.0,80.144105,13.180458,29.82,1.05,0.484,303.0,0.451,0.0,0.522,50,4579.7,10737.8,9325.3,1343.9,15166.2,25233.4,0.0,14,3391.5,4024.2,0,4760.0,16281.0
CHN_G3166,407750.0,1457250.0,80.148719,13.180473,22.88,1.13,0.735,300.0,0.211,0.0,0.758,30,4466.0,10476.1,8927.7,920.2,14689.5,25687.5,0.0,100,56517.9,3602.4,0,4488.8,15982.4
CHN_G3167,408250.0,1457250.0,80.153332,13.180489,18.09,0.4,0.837,300.0,0.06,0.187,0.741,40,4406.5,10232.3,8540.8,563.7,14214.5,26143.4,0.0,80,35940.8,3203.2,0,4259.2,15694.0
CHN_G3168,408750.0,1457250.0,80.157946,13.180504,15.55,0.39,0.854,314.0,0.026,0.0,0.944,10,4029.8,10007.4,8166.2,386.0,13741.2,26600.8,0.0,238,32302.6,2836.2,0,4078.3,15292.6
CHN_G3169,409250.0,1457250.0,80.16256,13.180519,13.0,0.04,0.897,199.0,0.0,0.367,0.433,80,3552.6,9803.0,7805.7,376.0,13269.8,27059.7,0.0,484,90691.9,2515.4,0,3952.8,14883.5
CHN_G3170,409750.0,1457250.0,80.167173,13.180534,13.0,0.0,0.801,199.0,0.0,0.948,0.002,80,3073.0,9620.2,7461.3,772.4,12800.7,27520.1,0.0,332,97330.6,2260.6,0,3887.9,14480.1
CHN_G3171,410250.0,1457250.0,80.171787,13.180549,13.0,0.47,0.72,223.0,0.0,0.85,0.116,80,2601.2,9460.3,7135.4,1209.0,12334.0,27981.8,0.0,49,20979.2,2096.1,0,3886.9,14082.9
CHN_G3172,410750.0,1457250.0,80.176401,13.180564,13.0,0.0,0.661,223.0,0.0,0.994,0.003,80,2142.1,9324.6,6830.5,1005.5,11870.0,28444.8,0.0,133,31997.5,2043.8,0,3949.6,13692.4
CHN_G3173,411250.0,1457250.0,80.181014,13.180579,13.0,0.0,0.61,139.0,0.0,0.999,0.0,80,1706.2,9214.0,6549.7,625.1,11407.6,28909.1,0.0,587,103628.5,1774.4,0,4073.2,13309.3
CHN_G3174,411750.0,1457250.0,80.185628,13.180593,13.0,0.0,0.571,139.0,0.0,0.999,0.0,80,1316.7,9129.4,6296.0,520.1,10947.1,29374.5,0.0,121,19369.0,1429.0,0,4252.4,12934.1
CHN_G3175,412250.0,1457250.0,80.190242,13.180608,13.0,0.0,0.535,187.0,0.005,0.819,0.174,80,1027.8,9071.7,6073.1,551.5,10490.3,29841.0,0.0,167,31455.9,1198.0,0,4480.4,12567.7
CHN_G3176,412750.0,1457250.0,80.194855,13.180622,10.15,2.35,0.649,187.0,0.409,0.0,0.587,10,872.3,8908.9,5884.3,225.2,10037.2,30308.6,0.0,236,100239.8,1077.6,0,4750.4,12210.7
CHN_G3177,413250.0,1457250.0,80.199469,13.180637,7.74,0.69,0.722,305.0,0.388,0.0,0.61,10,563.4,8716.9,5732.9,16.9,9585.2,30777.3,0.0,208,101890.3,912.2,1,5055.5,11864.0
CHN_G3178,413750.0,1457250.0,80.204083,13.180651,7.46,0.27,0.671,317.0,0.571,0.0,0.419,50,561.0,8544.0,5620.5,390.6,9133.1,31246.9,0.0,254,83022.0,1001.5,0,5389.7,11528.7
CHN_G3179,414250.0,1457250.0,80.208696,13.180665,11.32,0.7,0.384,314.0,0.348,0.0,0.628,10,856.4,8397.2,5542.2,700.3,8681.1,31717.4,0.0,106,37360.9,1293.8,0,5748.1,11205.6
CHN_G3180,414750.0,1457250.0,80.21331,13.18068,8.98,3.06,0.473,312.0,0.139,0.0,0.855,10,1013.8,8204.4,5507.8,798.8,8232.1,32188.8,0.0,62,19642.3,1686.6,0,6126.4,10890.7
CHN_G3181,415250.0,1457250.0,80.217924,13.180694,5.52,0.53,0.635,315.0,0.252,0.0,0.738,40,885.5,7952.9,5482.1,905.0,7784.0,32661.1,0.0,2,610.9,1927.5,0,6521.1,10575.8
CHN_G3182,415750.0,1457250.0,80.222538,13.180708,5.16,0.12,0.635,318.0,0.234,0.0,0.764,40,567.7,7725.5,5243.4,956.0,7331.7,33134.2,0.0,0,0.0,2201.8,0,6929.3,10275.6
CHN_G3183,416250.0,1457250.0,80.227151,13.180722,4.95,0.07,0.637,319.0,0.045,0.0,0.954,40,388.5,7524.6,5043.1,600.9,6859.9,33608.0,0.0,0,0.0,2545.6,0,7349.0,9991.4
CHN_G3184,416750.0,1457250.0,80.231765,13.180736,5.7,1.73,0.586,310.0,0.067,0.015,0.91,10,424.2,7352.2,4885.9,301.0,6363.3,34082.6,0.0,0,0.0,2159.7,0,7690.7,9724.6
CHN_G3185,417250.0,1457250.0,80.236379,13.180749,8.41,2.65,0.422,319.0,0.326,0.0,0.636,10,337.0,7199.5,4776.2,345.4,5867.4,34558.0,0.0,0,0.0,1822.9,0,7632.5,9476.7
CHN_G3186,417750.0,1457250.0,80.240993,13.180763,3.45,0.27,0.71,309.0,0.0,0.039,0.961,10,533.3,7074.3,4717.2,135.6,5372.2,35034.0,0.0,0,0.0,1575.4,0,7245.9,9249.2
CHN_G3187,418250.0,1457250.0,80.245606,13.180777,1.68,1.27,0.815,318.0,0.022,0.074,0.887,10,646.6,6982.7,4710.8,34.9,4878.0,35510.6,0.0,0,0.0,1463.1,0,6747.7,9043.7
CHN_G3188,418750.0,1457250.0,80.25022,13.18079,1.48,0.62,0.819,323.0,0.191,0.0,0.804,10,261.7,6926.2,4749.4,94.7,4385.1,35987.9,102.9,0,0.0,1493.4,0,6249.9,8861.6
CHN_G3189,419250.0,1457250.0,80.254834,13.180804,1.86,0.22,0.783,318.0,0.128,0.0,0.864,10,283.2,6905.4,4830.5,3.8,3894.0,36465.9,316.2,0,0.0,1660.7,0,5752.5,8704.5
CHN_G3190,419750.0,1457250.0,80.259448,13.180817,3.63,0.54,0.663,320.0,0.237,0.0,0.755,10,705.8,6920.8,4889.5,215.1,3405.5,36944.4,0.0,0,0.0,1722.5,0,5255.5,8468.8
CHN_G3191,420250.0,1457250.0,80.264061,13.18083,0.0,0.69,0.883,90.0,0.085,0.084,0.734,10,898.4,6972.2,4946.3,31.0,2920.9,37423.4,0.0,0,0.0,1817.2,0,4759.2,8245.6
CHN_G3192,420750.0,1457250.0,80.268675,13.180844,1.39,0.65,0.776,281.0,0.122,0.011,0.831,10,1155.5,7058.6,5046.0,9.6,2442.6,37903.0,0.0,0,0.0,2034.0,0,4263.7,8047.4
CHN_G3193,421250.0,1457250.0,80.273289,13.180857,2.28,0.56,0.706,273.0,0.292,0.0,0.669,10,1261.0,7179.0,5181.2,17.0,1975.0,38383.1,0.0,544,74720.4,2339.2,0,3769.4,7875.9
CHN_G3194,421750.0,1457250.0,80.277903,13.18087,1.34,0.79,0.741,192.0,0.297,0.0,0.658,10,1302.5,7331.5,5352.9,22.6,1528.0,38863.8,0.0,203,32943.0,1919.3,0,3276.9,7733.0
CHN_G3195,422250.0,1457250.0,80.282516,13.180883,2.25,0.23,0.675,238.0,0.212,0.003,0.759,40,1253.7,7514.2,5561.3,190.3,1100.7,39344.9,0.0,111,26803.0,1477.4,0,2787.0,7620.2
CHN_G3196,422750.0,1457250.0,80.28713,13.180895,1.78,0.18,0.699,333.0,0.167,0.0,0.664,30,757.6,7725.1,5698.4,380.5,674.4,39826.4,0.0,321,54296.6,1086.9,0,2301.4,7539.0
CHN_G3197,423250.0,1457250.0,80.291744,13.180908,1.46,0.22,0.738,61.0,0.083,0.163,0.605,40,276.1,7961.8,5840.6,113.6,248.1,40308.5,9.9,172,33080.0,824.8,1,1823.7,7490.4
CHN_G3198,423750.0,1457250.0,80.296358,13.180921,5.57,2.22,0.53,61.0,0.692,0.043,0.224,50,165.2,8222.1,5669.3,251.6,176.4,40790.9,4154.1,222,35591.6,644.1,2,1362.1,7475.0
CHN_G3199,424250.0,1457250.0,80.300972,13.180934,7.54,1.43,0.434,93.0,0.895,0.0,0.102,50,32.0,8503.9,5424.5,646.4,550.3,41273.8,13217.6,290,39669.8,164.2,1,940.6,7493.0
CHN_G3200,424750.0,1457250.0,80.305585,13.180946,12.0,2.17,0.157,93.0,0.786,0.0,0.207,50,244.1,8805.1,5216.3,917.5,888.2,41757.0,984.6,299,63145.3,373.0,1,643.5,7544.2
CHN_G3201,425250.0,1457250.0,80.310199,13.180959,8.04,3.76,0.362,93.0,0.848,0.0,0.136,50,237.0,9123.8,5049.2,1315.1,1291.8,42240.7,1103.0,202,54052.2,866.7,3,666.0,7627.8
CHN_G3202,425750.0,1457250.0,80.314813,13.180971,5.72,3.24,0.457,93.0,0.365,0.341,0.259,50,468.1,9377.5,4927.3,1750.3,1705.9,42724.7,0.0,5,1359.0,755.7,3,986.4,7742.9
CHN_G3203,402250.0,1457750.0,80.097953,13.184821,37.86,3.7,0.273,322.0,0.019,0.0,0.971,40,7813.6,13237.3,13313.7,1380.3,20108.6,20545.5,0.0,1,191.1,3157.6,0,6241.9,20052.7
CHN_G3204,402750.0,1457750.0,80.102566,13.184837,41.16,0.64,0.17,317.0,0.079,0.0,0.921,40,7482.4,13214.1,13013.7,1617.0,19627.4,20988.9,0.0,358,54123.3,2945.4,0,6181.5,19684.4
CHN_G3205,403250.0,1457750.0,80.10718,13.184853,40.08,2.46,0.294,307.0,0.056,0.0,0.932,10,7170.8,13203.8,12627.0,1909.0,19146.2,21431.0,0.0,336,76359.0,2807.1,0,6161.3,19322.0
CHN_G3206,403750.0,1457750.0,80.111794,13.184869,43.02,5.18,0.126,310.0,0.02,0.0,0.944,40,6842.3,13212.4,12248.4,2237.5,18665.0,21873.2,0.0,277,109072.4,2754.1,0,6181.6,18965.9
CHN_G3207,404250.0,1457750.0,80.116407,13.184885,41.65,0.58,0.21,316.0,0.478,0.0,0.522,50,6503.0,12976.4,11878.9,2595.8,18183.9,22317.4,0.0,198,111034.3,2791.0,0,6241.9,18616.4
CHN_G3208,404750.0,1457750.0,80.121021,13.184901,40.13,0.97,0.321,39.0,0.773,0.0,0.227,50,6185.5,12642.7,11519.1,2994.9,17703.8,22763.8,0.0,287,115196.1,2914.5,0,6250.6,18273.9
CHN_G3209,405250.0,1457750.0,80.125635,13.184916,37.94,2.13,0.434,309.0,0.419,0.0,0.58,10,5893.4,12320.2,11170.2,3210.4,17224.8,23212.5,0.0,208,94106.4,3114.4,0,5836.3,17938.8
CHN_G3210,405750.0,1457750.0,80.130248,13.184932,40.27,0.42,0.228,304.0,0.097,0.0,0.902,40,5630.7,12009.9,10833.2,2710.6,16747.0,23663.1,0.0,97,51722.4,3377.0,0,5436.3,17611.5
CHN_G3211,406250.0,1457750.0,80.134862,13.184948,38.37,0.8,0.231,311.0,0.0,0.0,1.0,40,5401.6,11712.7,10428.7,2210.9,16270.6,24115.8,0.0,240,88358.2,3689.0,0,5054.2,17292.5
CHN_G3212,406750.0,1457750.0,80.139476,13.184963,37.18,3.37,0.204,313.0,0.002,0.0,0.998,30,5210.5,11429.6,10025.0,1711.4,15795.6,24570.3,0.0,240,74348.1,4039.0,0,4694.3,16982.2
CHN_G3213,407250.0,1457750.0,80.144089,13.184979,30.33,3.34,0.508,311.0,0.291,0.0,0.682,40,5061.7,11161.8,9630.3,1212.3,15322.2,25026.5,0.0,162,62498.5,3794.8,0,4362.2,16681.1
CHN_G3214,407750.0,1457750.0,80.148703,13.184994,19.17,0.34,1.0,304.0,0.181,0.001,0.815,40,4959.1,10910.4,9245.8,714.5,14850.6,25484.3,0.0,98,29797.7,3344.2,0,4064.5,16389.7
CHN_G3215,408250.0,1457750.0,80.153317,13.185009,17.89,0.65,0.914,303.0,0.066,0.28,0.646,40,4654.1,10676.4,8872.8,226.3,14380.8,25943.7,0.0,309,110173.9,2909.8,0,3809.4,15988.5
CHN_G3216,408750.0,1457750.0,80.157931,13.185025,16.38,1.07,0.863,322.0,0.056,0.0,0.916,40,4181.3,10461.1,8512.8,93.7,13913.2,26404.6,0.0,514,106414.2,2500.1,0,3606.0,15581.7
CHN_G3217,409250.0,1457750.0,80.162544,13.18504,14.5,1.08,0.868,270.0,0.0,0.436,0.456,80,3715.6,10265.7,8167.7,276.2,13447.9,26866.9,0.0,425,91861.4,2129.2,0,3463.4,15180.3
CHN_G3218,409750.0,1457750.0,80.167158,13.185055,13.0,0.0,0.862,64.0,0.0,0.997,0.0,80,3260.1,10053.3,7839.2,729.1,12985.0,27330.5,0.0,417,61286.6,1821.2,0,3389.2,14785.0
CHN_G3219,410250.0,1457750.0,80.171772,13.18507,13.0,0.0,0.782,64.0,0.0,0.998,0.0,80,2819.7,9741.7,7529.6,756.4,12523.0,27795.4,0.0,213,110681.7,1612.5,0,3388.0,14396.2
CHN_G3220,410750.0,1457750.0,80.176386,13.185085,13.0,0.0,0.716,227.0,0.0,1.0,0.0,80,2402.8,9446.2,7241.3,646.7,12063.7,28261.5,0.0,205,61134.3,1543.9,0,3459.8,14014.5
CHN_G3221,411250.0,1457750.0,80.180999,13.185099,13.0,0.0,0.648,227.0,0.0,0.994,0.005,80,2023.8,9168.4,6977.0,370.3,11607.7,28728.7,0.0,229,43185.6,1583.8,0,3600.2,13640.4
CHN_G3222,411750.0,1457750.0,80.185613,13.185114,13.0,0.0,0.594,142.0,0.082,0.798,0.102,80,1708.4,8910.1,6739.5,54.3,11155.0,29197.0,0.0,358,91860.3,1735.4,0,3801.8,13274.6
CHN_G3223,412250.0,1457750.0,80.190227,13.185129,13.0,1.22,0.541,142.0,0.238,0.441,0.271,80,1497.0,8670.9,6531.7,163.2,10702.9,29666.3,0.0,348,62103.8,1681.9,0,4055.2,12917.8
CHN_G3224,412750.0,1457750.0,80.194841,13.185143,7.82,0.36,0.783,142.0,0.492,0.0,0.5,50,1254.5,8451.6,6356.5,5.4,10250.9,30136.6,0.0,178,42219.2,1523.2,0,4351.6,12570.8
CHN_G3225,413250.0,1457750.0,80.199454,13.185158,11.59,1.01,0.483,305.0,0.623,0.0,0.354,50,1034.9,8254.6,6216.7,419.0,9798.9,30607.9,0.0,372,89908.8,1411.0,0,4682.8,12234.3
CHN_G3226,413750.0,1457750.0,80.204068,13.185172,11.24,0.5,0.434,52.0,0.565,0.0,0.424,50,1033.6,8071.9,6111.4,708.6,9350.1,31080.0,0.0,359,86576.3,1470.3,0,5041.8,11909.4
CHN_G3227,414250.0,1457750.0,80.208682,13.185186,7.37,0.02,0.615,316.0,0.338,0.0,0.658,40,1251.3,7916.4,6039.2,1097.7,8901.4,31553.1,0.0,228,59216.4,1683.0,0,5423.2,11595.3
CHN_G3228,414750.0,1457750.0,80.213296,13.185201,6.39,0.54,0.632,311.0,0.042,0.0,0.958,40,1212.0,7760.2,6007.7,1275.0,8413.2,32026.9,0.0,212,51937.0,2000.9,0,5822.6,11277.9
CHN_G3229,415250.0,1457750.0,80.217909,13.185215,5.93,0.81,0.618,311.0,0.224,0.0,0.77,40,712.2,7517.9,5916.9,1400.2,7919.3,32501.5,0.0,499,80204.0,2382.1,0,6236.6,10974.1
CHN_G3230,415750.0,1457750.0,80.222523,13.185229,5.08,0.61,0.645,312.0,0.283,0.0,0.684,40,213.4,7277.0,5696.5,1307.9,7426.3,32976.9,157.5,87,9016.0,2609.9,0,6662.3,10685.1
CHN_G3231,416250.0,1457750.0,80.227137,13.185243,4.77,1.53,0.648,319.0,0.193,0.0,0.798,40,83.5,7063.3,5512.7,967.9,6934.3,33453.0,1945.6,326,40008.9,2866.3,0,7097.8,10412.1
CHN_G3232,416750.0,1457750.0,80.231751,13.185256,4.93,0.25,0.622,317.0,0.226,0.0,0.768,40,255.9,6879.4,5369.3,798.4,6443.5,33929.8,631.6,193,51125.8,2524.8,0,7541.2,10156.4
CHN_G3233,417250.0,1457750.0,80.236365,13.18527,4.69,0.74,0.623,322.0,0.284,0.0,0.681,40,121.5,6721.4,5269.6,799.3,5954.3,34407.2,3045.1,194,66711.4,2243.5,0,7721.3,9919.3
CHN_G3234,417750.0,1457750.0,80.240979,13.185284,14.95,3.99,0.005,323.0,0.067,0.0,0.931,10,194.3,6587.1,5216.2,617.8,5466.9,34885.3,2499.1,192,71174.7,2047.4,0,7221.4,9702.2
CHN_G3235,418250.0,1457750.0,80.245592,13.185298,5.69,0.4,0.55,324.0,0.0,0.0,0.998,10,675.4,6488.7,5210.4,507.2,4982.1,35363.9,0.0,310,120917.0,1962.4,0,6721.4,9506.4
CHN_G3236,418750.0,1457750.0,80.250206,13.185311,3.7,2.9,0.656,328.0,0.002,0.0,0.998,10,730.1,6427.8,5246.4,377.7,4500.7,35843.2,0.0,174,65660.6,1986.8,0,6221.5,9333.4
CHN_G3237,419250.0,1457750.0,80.25482,13.185325,4.18,1.1,0.613,322.0,0.0,0.0,1.0,10,711.8,6405.4,5320.2,491.4,4023.7,36323.0,0.0,23,7542.5,2115.5,0,5721.6,9147.5
CHN_G3238,419750.0,1457750.0,80.259434,13.185338,3.86,0.49,0.622,289.0,0.011,0.0,0.989,40,712.4,6422.1,5388.5,621.3,3553.1,36803.4,0.0,3,348.7,2137.5,0,5221.7,8913.3
CHN_G3239,420250.0,1457750.0,80.264048,13.185351,4.26,1.52,0.588,136.0,0.228,0.0,0.755,10,801.3,6477.3,5440.5,529.4,3091.7,37284.2,0.0,0,0.0,2021.4,0,4721.8,8701.5
CHN_G3240,420750.0,1457750.0,80.268662,13.185364,4.19,1.13,0.582,136.0,0.542,0.0,0.429,50,757.1,6570.3,5533.4,468.5,2644.5,37765.6,0.0,0,0.0,2025.6,0,4221.9,8513.8
CHN_G3241,421250.0,1457750.0,80.273275,13.185378,5.08,2.03,0.512,315.0,0.737,0.0,0.185,50,761.0,6699.4,5658.5,478.2,2214.6,38247.4,0.0,0,0.0,2149.4,0,3722.1,8351.9
CHN_G3242,421750.0,1457750.0,80.277889,13.185391,3.68,1.2,0.577,315.0,0.15,0.0,0.694,40,827.7,6862.6,5818.0,517.6,1788.3,38729.7,0.0,0,0.0,2172.4,0,3222.3,8217.3
CHN_G3243,422250.0,1457750.0,80.282503,13.185404,2.35,0.46,0.645,326.0,0.159,0.0,0.8,40,1077.8,7057.5,6011.1,497.6,1362.0,39212.5,0.0,0,0.0,1793.9,0,2722.6,8111.3
CHN_G3244,422750.0,1457750.0,80.287117,13.185416,3.88,0.35,0.548,102.0,0.294,0.0,0.676,40,972.5,7281.6,5872.8,517.0,935.7,39695.7,0.0,0,0.0,1489.0,0,2223.1,8035.1
CHN_G3245,423250.0,1457750.0,80.291731,13.185429,6.3,1.23,0.414,165.0,0.257,0.011,0.591,50,669.4,7532.3,5547.5,101.2,515.2,40179.3,0.0,0,0.0,1281.4,0,1723.8,7989.5
CHN_G3246,423750.0,1457750.0,80.296345,13.185442,2.33,1.17,0.687,23.0,0.05,0.209,0.684,10,500.0,7806.9,5249.7,4.4,139.4,40663.2,0.0,0,0.0,868.4,1,1225.1,7975.0
CHN_G3247,424250.0,1457750.0,80.300959,13.185455,2.79,0.4,0.696,93.0,0.654,0.028,0.236,50,143.0,8103.2,4984.3,210.8,183.4,41147.6,3578.3,0,0.0,605.2,1,728.2,7991.9
CHN_G3248,424750.0,1457750.0,80.305573,13.185467,7.84,1.82,0.399,93.0,0.887,0.0,0.109,50,126.1,8418.7,4756.9,633.7,597.5,41632.3,5427.5,0,0.0,691.6,1,244.1,8039.9
CHN_G3249,425250.0,1457750.0,80.310187,13.18548,8.33,2.52,0.344,93.0,0.692,0.0,0.293,50,22.6,8700.8,4573.0,1069.0,1018.3,42117.4,1231.6,499,87590.3,589.9,3,298.3,8118.4
CHN_G3250,425750.0,1457750.0,80.3148,13.185492,10.91,1.11,0.152,220.0,0.871,0.024,0.075,50,394.2,8942.5,4438.1,1507.0,1453.1,42602.9,0.0,377,114367.3,257.0,3,786.4,8226.7
CHN_G3251,426250.0,1457750.0,80.319414,13.185504,0.0,0.0,0.753,220.0,0.003,0.996,0.0,80,892.8,9205.1,4356.7,1968.4,1907.8,43088.7,0.0,388,82567.7,527.8,3,1283.7,8363.5
CHN_G3252,402250.0,1458250.0,80.097936,13.189341,35.83,1.54,0.399,319.0,0.155,0.0,0.845,40,8187.1,13737.3,13716.7,1825.9,20244.4,20313.2,0.0,458,65279.5,2732.5,0,6735.9,20391.1
CHN_G3253,402750.0,1458250.0,80.10255,13.189357,36.67,1.19,0.456,315.0,0.088,0.0,0.911,40,7871.7,13713.8,13331.6,2055.4,19763.7,20755.4,0.0,321,49329.2,2484.3,0,6680.0,20029.0
CHN_G3254,403250.0,1458250.0,80.107164,13.189374,41.67,0.5,0.22,306.0,0.158,0.0,0.841,10,7549.3,13703.8,12954.3,2311.9,19284.0,21199.4,0.0,148,15168.4,2318.7,0,6661.3,19673.0
CHN_G3255,403750.0,1458250.0,80.111777,13.18939,46.21,2.62,0.0,307.0,0.002,0.0,0.998,10,7208.6,13683.0,12585.6,2611.9,18805.4,21645.8,0.0,237,35970.1,2254.1,0,6680.0,19323.4
CHN_G3256,404250.0,1458250.0,80.116391,13.189406,46.9,1.63,0.0,307.0,0.027,0.0,0.972,10,6887.4,13348.2,12226.3,2943.6,18327.9,22094.5,0.0,309,53203.3,2299.1,0,6438.1,18980.4
CHN_G3257,404750.0,1458250.0,80.121005,13.189421,44.12,0.73,0.086,308.0,0.0,0.0,1.0,10,6588.5,13024.0,11877.1,3235.1,17851.7,22545.4,0.0,467,56738.2,2447.6,0,5995.1,18644.6
CHN_G3258,405250.0,1458250.0,80.125619,13.189437,44.61,2.03,0.028,300.0,0.0,0.0,1.0,10,6315.1,12711.2,11534.9,3235.8,17376.7,22998.3,0.0,131,17013.0,2682.5,0,5561.7,18316.3
CHN_G3259,405750.0,1458250.0,80.130232,13.189453,41.01,1.31,0.178,303.0,0.009,0.0,0.988,40,6070.6,12410.6,11126.4,2740.7,16903.3,23453.1,0.0,85,29782.7,2983.3,0,5140.5,17995.9
CHN_G3260,406250.0,1458250.0,80.134846,13.189469,34.88,1.33,0.435,310.0,0.015,0.0,0.961,10,5858.7,12123.2,10725.6,2247.7,16431.3,23909.7,0.0,219,65051.1,3332.4,0,4734.5,17683.8
CHN_G3261,406750.0,1458250.0,80.13946,13.189484,27.16,0.77,0.797,308.0,0.076,0.0,0.916,40,5683.0,11850.0,10333.5,1758.6,15961.1,24368.0,0.0,292,88827.6,3716.2,0,4348.3,17380.5
CHN_G3262,407250.0,1458250.0,80.144074,13.1895,23.19,2.04,0.929,311.0,0.012,0.055,0.891,40,5547.0,11486.2,9951.0,1278.1,15492.8,24827.9,0.0,255,92437.4,3503.6,0,3987.4,17086.4
CHN_G3263,407750.0,1458250.0,80.148687,13.189515,23.48,0.72,0.763,307.0,0.143,0.0,0.856,40,5293.7,11102.4,9579.4,821.1,15026.5,25289.4,0.0,125,64056.9,3118.6,0,3659.4,16685.4
CHN_G3264,408250.0,1458250.0,80.153301,13.18953,24.76,2.6,0.537,328.0,0.318,0.0,0.675,40,4831.7,10728.2,9219.9,463.7,14562.5,25752.3,0.0,272,103570.9,2678.3,0,3373.8,16280.5
CHN_G3265,408750.0,1458250.0,80.157915,13.189545,24.12,3.57,0.441,323.0,0.343,0.0,0.655,50,4378.1,10364.5,8874.1,485.3,14100.1,26216.5,0.0,171,80377.0,2226.4,0,3142.3,15881.1
CHN_G3266,409250.0,1458250.0,80.162529,13.189561,17.4,1.19,0.741,310.0,0.048,0.03,0.893,40,3935.8,10012.7,8543.5,696.8,13638.8,26682.1,0.0,98,49793.4,1800.0,0,2977.5,15487.6
CHN_G3267,409750.0,1458250.0,80.167143,13.189576,13.0,0.23,0.91,64.0,0.0,0.571,0.31,80,3509.0,9673.8,8230.1,904.1,13180.4,27148.8,0.0,373,88604.0,1422.5,0,2890.9,15100.3
CHN_G3268,410250.0,1458250.0,80.171757,13.189591,13.0,0.0,0.837,64.0,0.0,0.99,0.001,80,3104.1,9349.5,7935.7,427.3,12725.2,27616.8,0.0,388,91091.7,1143.1,0,2889.5,14719.9
CHN_G3269,410750.0,1458250.0,80.17637,13.189605,13.0,0.0,0.767,227.0,0.0,0.988,0.012,80,2731.0,9041.2,7662.8,169.4,12272.8,28085.8,0.0,226,53959.9,1044.0,0,2973.3,14346.7
CHN_G3270,411250.0,1458250.0,80.180984,13.18962,13.37,1.96,0.668,227.0,0.396,0.392,0.145,50,2404.3,8750.6,7413.5,612.2,11820.7,28555.9,0.0,12,3892.4,1093.2,0,3135.7,13981.5
CHN_G3271,411750.0,1458250.0,80.185598,13.189635,21.09,3.35,0.145,164.0,0.925,0.0,0.055,50,2145.5,8479.6,7190.4,405.5,11368.6,29027.0,0.0,281,57925.1,1303.2,0,3365.1,13624.9
CHN_G3272,412250.0,1458250.0,80.190212,13.18965,11.35,0.43,0.657,43.0,0.736,0.0,0.23,50,1957.0,8230.0,6996.0,292.0,10916.7,29499.0,0.0,359,77736.1,1643.6,0,3649.1,13277.5
CHN_G3273,412750.0,1458250.0,80.194826,13.189664,9.43,0.41,0.698,43.0,0.416,0.0,0.53,50,1681.5,7999.3,6832.8,410.2,10467.6,29971.9,0.0,534,97330.5,1994.7,0,3975.8,12940.1
CHN_G3274,413250.0,1458250.0,80.19944,13.189679,10.98,1.14,0.527,43.0,0.445,0.0,0.55,10,1524.7,7793.1,6702.9,640.5,9975.3,30445.8,0.0,544,107733.6,1910.4,0,4335.8,12613.5
CHN_G3275,413750.0,1458250.0,80.204053,13.189693,7.14,0.22,0.686,214.0,0.207,0.0,0.776,10,1523.8,7603.3,6603.6,1063.2,9483.7,30920.4,0.0,493,93231.2,1954.6,0,4721.3,12298.6
CHN_G3276,414250.0,1458250.0,80.208667,13.189707,7.02,0.47,0.648,319.0,0.202,0.0,0.796,40,1679.1,7438.1,6536.7,1414.7,8993.0,31395.8,0.0,482,88558.0,2119.3,0,5126.6,11980.7
CHN_G3277,414750.0,1458250.0,80.213281,13.189721,6.7,0.23,0.629,312.0,0.156,0.008,0.817,40,1300.8,7300.7,6507.5,1753.9,8503.5,31872.0,0.0,428,74263.6,2379.5,0,5547.4,11673.7
CHN_G3278,415250.0,1458250.0,80.217895,13.189735,6.8,0.6,0.586,306.0,0.133,0.0,0.854,40,854.7,7091.6,6361.4,1897.9,8015.2,32348.9,0.0,523,97121.9,2708.0,0,5980.4,11380.5
CHN_G3279,415750.0,1458250.0,80.222509,13.18975,6.36,1.01,0.588,309.0,0.071,0.0,0.927,40,518.4,6835.7,6156.9,1668.3,7528.4,32826.5,0.0,510,115221.9,3045.5,0,6423.2,11102.1
CHN_G3280,416250.0,1458250.0,80.227123,13.189763,5.88,0.23,0.6,315.0,0.025,0.0,0.975,40,386.9,6607.7,5987.2,1408.5,7043.5,33304.7,0.0,480,122439.5,3228.9,0,6873.8,10839.6
CHN_G3281,416750.0,1458250.0,80.231737,13.189777,5.44,0.91,0.608,320.0,0.15,0.0,0.837,40,14.5,6410.8,5855.5,1297.8,6560.9,33783.6,2597.4,486,117470.7,2930.0,0,7330.8,10594.2
CHN_G3282,417250.0,1458250.0,80.236351,13.189791,4.77,0.1,0.627,312.0,0.133,0.0,0.857,40,237.4,6246.7,5764.2,1250.5,6081.1,34263.0,1665.4,462,113351.5,2691.4,0,7730.7,10367.1
CHN_G3283,417750.0,1458250.0,80.240965,13.189805,6.75,1.97,0.492,328.0,0.032,0.088,0.878,10,112.3,6102.0,5715.4,1026.2,5604.9,34743.1,2447.3,527,88212.1,2530.3,0,7231.4,10159.6
CHN_G3284,418250.0,1458250.0,80.245579,13.189818,6.02,0.79,0.523,328.0,0.084,0.036,0.877,10,518.4,5995.7,5710.1,848.1,5133.1,35223.7,0.0,450,79845.8,2461.9,0,6732.2,9972.8
CHN_G3285,418750.0,1458250.0,80.250192,13.189832,4.92,0.26,0.57,322.0,0.08,0.0,0.914,10,547.5,5929.7,5744.0,784.1,4667.2,35704.8,0.0,523,90109.0,2297.2,0,6233.2,9808.0
CHN_G3286,419250.0,1458250.0,80.254806,13.189845,4.2,0.22,0.595,326.0,0.038,0.0,0.962,40,214.5,5905.4,5811.6,986.5,4209.2,36186.5,1132.8,104,15142.4,1947.8,0,5734.3,9586.6
CHN_G3287,419750.0,1458250.0,80.25942,13.189859,3.35,0.32,0.631,212.0,0.186,0.0,0.811,40,217.6,5923.5,5887.7,1088.1,3761.9,36668.6,2401.2,348,71675.9,1676.6,0,5235.6,9363.3
CHN_G3288,420250.0,1458250.0,80.264034,13.189872,0.0,14.24,1.0,136.0,0.614,0.025,0.356,50,301.6,5983.4,5935.7,1027.7,3329.0,37151.3,0.0,286,114764.2,1525.8,0,4737.1,9161.9
CHN_G3289,420750.0,1458250.0,80.268648,13.189885,4.95,0.33,0.519,316.0,0.586,0.0,0.193,50,261.1,6083.9,6022.3,945.2,2902.2,37634.3,0.0,262,124745.1,1531.3,0,4239.1,8983.9
CHN_G3290,421250.0,1458250.0,80.273262,13.189898,4.68,1.0,0.516,312.0,0.676,0.0,0.283,50,261.0,6223.1,6139.0,943.9,2475.9,38117.8,0.0,273,155329.3,1691.7,0,3741.6,8830.6
CHN_G3291,421750.0,1458250.0,80.277876,13.189912,2.75,0.31,0.614,312.0,0.066,0.0,0.837,40,416.7,6398.4,6272.1,996.7,2049.6,38601.7,0.0,324,139384.3,1969.5,0,3244.8,8703.4
CHN_G3292,422250.0,1458250.0,80.28249,13.189925,2.61,0.15,0.612,320.0,0.0,0.0,0.999,40,579.0,6607.1,5884.2,792.7,1626.3,39086.1,0.0,200,88307.3,2180.3,0,2749.2,8603.4
CHN_G3293,422750.0,1458250.0,80.287104,13.189937,2.35,1.72,0.619,328.0,0.0,0.0,0.9,40,723.3,6845.9,5514.4,535.4,1206.7,39570.8,0.0,3,719.1,1937.2,0,2255.5,8531.5
CHN_G3294,423250.0,1458250.0,80.291718,13.18995,2.74,1.05,0.599,320.0,0.096,0.018,0.775,10,1099.4,7111.9,5166.5,145.9,833.2,40055.9,0.0,0,0.0,1575.2,0,1765.5,8488.6
CHN_G3295,423750.0,1458250.0,80.296332,13.189963,2.8,0.17,0.628,325.0,0.0,0.0,0.999,10,764.0,7402.2,4845.3,334.7,511.0,40541.4,0.0,0,0.0,1262.3,0,1283.1,8475.0
CHN_G3296,424250.0,1458250.0,80.300946,13.189976,1.85,0.26,0.735,300.0,0.036,0.108,0.816,10,281.9,7714.0,4556.5,47.6,96.8,41027.2,0.0,0,0.0,1097.9,0,822.0,8490.9
CHN_G3297,424750.0,1458250.0,80.30556,13.189988,8.87,1.57,0.337,300.0,0.852,0.0,0.12,50,16.6,8029.3,4306.5,389.1,335.3,41513.3,12940.7,0,0.0,1004.5,0,452.8,8536.1
CHN_G3298,425250.0,1458250.0,80.310174,13.190001,7.82,3.61,0.38,220.0,0.794,0.0,0.206,50,77.0,8260.4,4102.5,866.7,790.6,41999.8,3397.9,0,0.0,511.8,3,484.2,8610.1
CHN_G3299,425750.0,1458250.0,80.314788,13.190013,8.06,0.56,0.331,220.0,0.889,0.0,0.091,50,488.0,8514.7,3951.6,1350.0,1245.8,42486.6,0.0,0,0.0,122.2,3,874.0,8712.2
CHN_G3300,426250.0,1458250.0,80.319402,13.190025,0.0,0.0,0.772,220.0,0.106,0.841,0.051,80,974.6,8790.0,3859.9,1819.4,1704.7,42973.6,0.0,0,0.0,488.8,3,1339.1,8841.5
CHN_G3301,402250.0,1458750.0,80.097919,13.193862,37.11,1.63,0.276,313.0,0.551,0.0,0.434,50,8573.5,14237.3,14036.4,2272.2,20386.1,20081.4,0.0,0,0.0,2337.3,0,7230.7,20736.1
CHN_G3302,402750.0,1458750.0,80.102533,13.193878,32.78,0.27,0.636,314.0,0.344,0.0,0.656,40,8256.4,14213.4,13660.3,2497.8,19908.9,20527.8,0.0,0,0.0,2041.5,0,7178.7,20380.1
CHN_G3303,403250.0,1458750.0,80.107147,13.193894,37.2,1.74,0.428,313.0,0.006,0.0,0.994,10,7914.5,14203.8,13292.4,2731.5,19432.7,20976.5,0.0,0,0.0,1836.5,0,7161.3,20030.3
CHN_G3304,403750.0,1458750.0,80.111761,13.19391,38.41,1.95,0.354,308.0,0.096,0.0,0.904,10,7590.3,14053.9,12933.4,2786.6,18957.9,21427.6,0.0,0,0.0,1754.3,0,6695.4,19687.0
CHN_G3305,404250.0,1458750.0,80.116375,13.193926,39.06,1.32,0.3,308.0,0.0,0.0,1.0,10,7285.9,13691.8,12583.9,2717.3,18484.3,21880.8,0.0,289,69199.0,1811.7,0,6230.6,19350.5
CHN_G3306,404750.0,1458750.0,80.120989,13.193942,37.37,3.15,0.393,305.0,0.0,0.0,1.0,40,7004.0,13258.8,12230.8,2739.0,18012.2,22336.0,0.0,296,74461.0,1996.8,0,5771.6,19021.3
CHN_G3307,405250.0,1458750.0,80.125602,13.193958,34.22,0.72,0.539,299.0,0.0,0.0,1.0,40,6747.5,12830.7,11825.2,2760.9,17541.6,22793.0,0.0,319,53404.2,2278.6,0,5320.1,18699.5
CHN_G3308,405750.0,1458750.0,80.130216,13.193974,35.35,1.69,0.408,298.0,0.081,0.0,0.905,40,6519.2,12407.9,11427.1,2599.1,17072.7,23251.8,0.0,212,31272.8,2626.1,0,4878.0,18385.8
CHN_G3309,406250.0,1458750.0,80.13483,13.193989,33.12,0.81,0.448,309.0,0.174,0.0,0.814,40,6322.4,11991.1,11037.2,2390.8,16605.6,23712.3,0.0,109,22147.7,3016.9,0,4448.2,18080.4
CHN_G3310,406750.0,1458750.0,80.139444,13.194005,34.15,1.39,0.305,311.0,0.19,0.0,0.802,40,6159.9,11580.9,10656.6,1938.2,16140.5,24174.4,0.0,113,28839.8,3436.0,0,4034.6,17783.9
CHN_G3311,407250.0,1458750.0,80.144058,13.19402,28.16,0.81,0.571,315.0,0.004,0.0,0.996,40,5948.5,11178.0,10286.1,1515.7,15677.5,24637.9,0.0,107,30088.1,3227.9,0,3642.8,17383.0
CHN_G3312,407750.0,1458750.0,80.148672,13.194036,27.9,0.2,0.472,310.0,0.222,0.0,0.756,10,5496.1,10783.2,9927.1,1156.7,15215.3,25102.9,0.0,267,45906.9,2805.2,0,3280.5,16980.1
CHN_G3313,408250.0,1458750.0,80.153286,13.194051,30.03,3.49,0.23,21.0,0.604,0.0,0.359,50,5052.7,10397.4,9580.6,937.4,14755.0,25569.1,0.0,392,65901.5,2412.3,0,2958.6,16582.5
CHN_G3314,408750.0,1458750.0,80.1579,13.194066,30.06,2.7,0.113,248.0,0.671,0.0,0.316,50,4620.9,10021.8,9248.3,958.4,14297.4,26036.6,0.0,417,54848.1,2040.4,0,2691.6,16190.5
CHN_G3315,409250.0,1458750.0,80.162514,13.194081,28.31,2.23,0.123,248.0,0.62,0.0,0.357,50,4204.2,9657.5,8931.6,1084.0,13842.7,26505.3,0.0,388,81839.7,1564.1,0,2497.3,15804.7
CHN_G3316,409750.0,1458750.0,80.167127,13.194096,23.81,5.36,0.294,251.0,0.445,0.0,0.504,50,3807.6,9305.7,8632.2,654.2,13390.5,26975.2,0.0,190,56409.1,1109.0,0,2393.3,15425.4
CHN_G3317,410250.0,1458750.0,80.171741,13.194111,20.05,3.1,0.442,72.0,0.611,0.107,0.255,50,3438.1,8968.1,8352.1,232.5,12938.5,27446.1,0.0,318,89639.0,716.4,2,2391.6,15053.1
CHN_G3318,410750.0,1458750.0,80.176355,13.194126,14.54,2.47,0.69,227.0,0.338,0.372,0.228,80,3105.3,8646.2,8093.2,199.9,12486.4,27918.0,0.0,392,99004.0,544.5,2,2492.3,14688.5
CHN_G3319,411250.0,1458750.0,80.180969,13.194141,19.49,1.11,0.31,124.0,0.748,0.0,0.222,50,2822.3,8341.9,7857.6,676.8,12033.1,28390.8,0.0,362,90277.0,617.8,2,2683.8,14332.0
CHN_G3320,411750.0,1458750.0,80.185583,13.194156,17.95,2.44,0.332,164.0,0.918,0.0,0.043,50,2605.4,8057.1,7647.4,866.1,11542.5,28864.6,0.0,321,89725.9,940.7,1,2948.7,13984.3
CHN_G3321,412250.0,1458750.0,80.190197,13.19417,11.41,4.07,0.651,311.0,0.592,0.0,0.386,50,2363.0,7794.0,7465.0,791.9,11052.8,29339.3,0.0,246,63674.0,1374.1,0,3269.0,13646.1
CHN_G3322,412750.0,1458750.0,80.194811,13.194185,9.18,0.95,0.709,311.0,0.14,0.0,0.857,10,2140.3,7553.1,7312.2,898.6,10564.0,29814.7,0.0,13,2320.4,1841.5,0,3630.1,13318.0
CHN_G3323,413250.0,1458750.0,80.199425,13.194199,11.21,0.85,0.515,302.0,0.372,0.0,0.615,50,2019.5,7334.4,7191.0,1046.4,10076.4,30291.0,0.0,72,14194.5,2322.6,0,4021.1,13000.9
CHN_G3324,413750.0,1458750.0,80.204039,13.194214,8.08,0.66,0.641,302.0,0.283,0.0,0.716,40,2018.8,7139.1,7096.8,1347.3,9589.9,30768.0,0.0,338,60636.9,2445.2,0,4434.1,12683.9
CHN_G3325,414250.0,1458750.0,80.208653,13.194228,7.02,0.48,0.664,313.0,0.083,0.0,0.91,40,1969.0,6962.8,7034.5,1742.3,9105.0,31245.8,0.0,292,61268.8,2578.8,0,4863.4,12374.2
CHN_G3326,414750.0,1458750.0,80.213267,13.194242,9.03,2.09,0.509,308.0,0.178,0.0,0.814,10,1554.2,6818.8,7007.4,2121.5,8621.8,31724.2,0.0,233,60919.8,2796.6,0,5305.1,12077.3
CHN_G3327,415250.0,1458750.0,80.217881,13.194256,7.1,1.13,0.588,310.0,0.143,0.0,0.854,40,1183.2,6645.5,6813.5,2372.7,8140.6,32203.3,0.0,239,61279.0,3080.9,0,5756.4,11794.1
CHN_G3328,415750.0,1458750.0,80.222495,13.19427,5.96,0.2,0.634,308.0,0.092,0.0,0.902,40,700.3,6403.0,6623.0,2080.9,7661.9,32683.0,0.0,374,103749.3,3415.1,0,6215.1,11525.7
CHN_G3329,416250.0,1458750.0,80.227109,13.194284,5.82,0.04,0.623,310.0,0.061,0.0,0.938,40,279.4,6159.0,6465.6,1827.9,7186.0,33163.3,559.9,513,96556.1,3624.4,0,6679.8,11273.0
CHN_G3330,416750.0,1458750.0,80.231723,13.194298,6.05,0.21,0.59,324.0,0.089,0.0,0.894,40,171.0,5947.2,6343.8,1353.2,6713.6,33644.2,1687.8,558,103136.9,3360.8,0,7149.2,11037.3
CHN_G3331,417250.0,1458750.0,80.236337,13.194312,5.25,0.22,0.615,321.0,0.147,0.0,0.852,40,424.0,5771.1,6259.6,906.0,6245.6,34125.6,0.0,538,100758.6,3154.9,0,7622.5,10819.5
CHN_G3332,417750.0,1458750.0,80.240951,13.194326,5.05,0.44,0.607,99.0,0.051,0.114,0.814,40,383.5,5619.6,6214.7,557.4,5782.8,34607.6,0.0,488,84986.1,2912.9,0,7275.9,10620.8
CHN_G3333,418250.0,1458750.0,80.245565,13.194339,3.0,1.35,0.712,100.0,0.048,0.324,0.596,80,637.7,5503.9,6209.9,378.9,5326.9,35090.0,0.0,497,91560.6,2449.9,0,6780.0,10442.3
CHN_G3334,418750.0,1458750.0,80.250179,13.194353,3.85,0.4,0.64,319.0,0.049,0.0,0.951,40,398.1,5431.9,6241.9,301.7,4879.5,35573.0,0.0,547,105363.5,2004.8,0,6284.7,10264.4
CHN_G3335,419250.0,1458750.0,80.254793,13.194366,8.65,1.39,0.337,327.0,0.452,0.0,0.532,50,30.1,5405.5,6304.3,673.0,4443.4,36056.4,3249.8,506,113431.5,1592.5,0,5790.3,10031.3
CHN_G3336,419750.0,1458750.0,80.259407,13.19438,3.41,0.15,0.631,246.0,0.144,0.002,0.838,40,186.8,5425.1,6387.0,1145.8,4016.0,36540.3,4513.2,503,95391.0,1246.2,0,5296.8,9818.2
CHN_G3337,420250.0,1458750.0,80.264021,13.194393,3.32,1.28,0.629,102.0,0.29,0.0,0.644,40,198.1,5490.5,6431.7,1526.1,3589.7,37024.5,2004.4,491,111436.7,1034.5,0,4804.8,9626.3
CHN_G3338,420750.0,1458750.0,80.268635,13.194406,3.16,0.25,0.628,316.0,0.205,0.0,0.722,40,234.8,5599.9,6511.7,1433.2,3163.5,37509.2,1820.1,534,113991.2,1042.6,0,4314.6,9457.0
CHN_G3339,421250.0,1458750.0,80.273249,13.194419,3.45,1.01,0.593,318.0,0.445,0.0,0.532,50,185.6,5750.8,6401.1,1050.3,2737.5,37994.3,3667.5,551,103408.0,1266.5,0,3826.8,9311.5
CHN_G3340,421750.0,1458750.0,80.277863,13.194432,3.16,0.65,0.596,319.0,0.11,0.0,0.846,40,208.4,5940.1,5979.8,618.5,2317.8,38479.8,1046.5,355,71704.9,1619.0,0,3342.8,9190.9
CHN_G3341,422250.0,1458750.0,80.282477,13.194445,2.97,1.57,0.592,322.0,0.006,0.015,0.955,40,85.9,6164.2,5571.6,354.2,1904.1,38965.7,1289.2,507,103621.2,2034.2,0,2864.2,9096.3
CHN_G3342,422750.0,1458750.0,80.287091,13.194458,2.28,1.17,0.62,332.0,0.04,0.182,0.722,40,442.4,6419.6,5179.5,107.2,1537.3,39451.9,0.0,187,24826.3,2282.2,0,2394.4,9028.4
CHN_G3343,423250.0,1458750.0,80.291705,13.194471,3.03,0.82,0.571,326.0,0.007,0.056,0.903,30,938.7,6702.6,4807.4,147.9,1205.3,39938.4,0.0,569,91595.8,1954.6,0,1939.7,8987.9
CHN_G3344,423750.0,1458750.0,80.296319,13.194484,3.8,1.45,0.549,315.0,0.0,0.0,1.0,30,843.7,7009.8,4460.4,464.2,781.9,40425.3,0.0,257,87493.5,1712.5,0,1513.8,8975.0
CHN_G3345,424250.0,1458750.0,80.300933,13.194496,2.84,0.66,0.654,223.0,0.0,0.159,0.802,10,455.7,7338.3,4144.9,228.0,326.7,40912.5,0.0,275,143014.3,1595.2,0,1149.4,8990.0
CHN_G3346,424750.0,1458750.0,80.305547,13.194509,2.32,0.4,0.715,220.0,0.487,0.042,0.461,50,306.6,7582.9,3868.4,255.2,128.6,41399.9,90.9,285,137145.1,1175.2,0,922.2,9032.7
CHN_G3347,425250.0,1458750.0,80.310161,13.194521,2.68,2.58,0.683,220.0,0.599,0.005,0.387,50,231.8,7827.2,3639.9,706.0,589.4,41887.7,597.9,254,115447.9,796.3,3,938.0,9102.7
CHN_G3348,425750.0,1458750.0,80.314775,13.194534,4.99,1.31,0.517,220.0,0.285,0.0,0.69,10,570.6,8095.1,3468.9,1130.9,1051.1,42375.8,0.0,242,76812.9,622.1,3,1187.1,9199.3
CHN_G3349,426250.0,1458750.0,80.319389,13.194546,0.0,1.12,0.78,220.0,0.243,0.54,0.185,80,1018.0,8384.3,3364.1,1558.2,1471.7,42864.1,0.0,18,5008.8,800.0,3,1561.6,9321.9
CHN_G3350,402250.0,1459250.0,80.097903,13.198383,37.01,0.35,0.189,307.0,0.032,0.0,0.962,40,8963.5,14737.2,14366.5,2269.4,20539.0,19858.6,0.0,0,0.0,1989.8,0,7726.2,21087.2
CHN_G3351,402750.0,1459250.0,80.102517,13.198399,31.63,1.69,0.611,308.0,0.134,0.0,0.864,40,8620.7,14713.1,13999.2,2406.5,20065.4,20309.9,0.0,0,0.0,1632.2,0,7497.7,20737.3
CHN_G3352,403250.0,1459250.0,80.107131,13.198415,29.71,0.29,0.776,295.0,0.051,0.0,0.946,40,8293.8,14346.4,13640.5,2382.5,19593.1,20763.4,0.0,0,0.0,1367.1,0,7014.8,20393.6
CHN_G3353,403750.0,1459250.0,80.111745,13.198431,31.71,0.89,0.647,296.0,0.01,0.0,0.988,40,7985.0,13897.8,13290.8,2302.2,19122.2,21218.9,0.0,0,0.0,1254.5,0,6534.4,20056.5
CHN_G3354,404250.0,1459250.0,80.116359,13.198447,33.09,1.09,0.529,302.0,0.105,0.0,0.893,40,7696.2,13452.9,12928.0,2218.0,18652.8,21676.5,0.0,0,0.0,1333.6,0,6057.3,19726.4
CHN_G3355,404750.0,1459250.0,80.120972,13.198463,30.25,0.29,0.657,302.0,0.176,0.0,0.774,40,7429.9,13011.9,12525.0,2244.2,18185.1,22135.9,0.0,0,0.0,1575.9,0,5584.1,19403.5
CHN_G3356,405250.0,1459250.0,80.125586,13.198479,28.93,1.44,0.676,296.0,0.032,0.0,0.95,40,7188.6,12575.4,12129.2,2287.1,17719.1,22597.0,0.0,0,0.0,1920.5,0,5116.0,19088.2
CHN_G3357,405750.0,1459250.0,80.1302,13.198494,30.95,1.04,0.481,302.0,0.06,0.0,0.94,10,6974.8,12143.7,11741.3,2125.9,17255.0,23059.7,0.0,0,0.0,2322.3,0,4654.6,18780.9
CHN_G3358,406250.0,1459250.0,80.134814,13.19851,26.32,1.26,0.69,306.0,0.205,0.0,0.795,40,6791.2,11717.5,11362.3,2002.4,16792.5,23523.9,0.0,0,0.0,2756.4,0,4202.0,18482.1
CHN_G3359,406750.0,1459250.0,80.139428,13.198526,28.48,0.62,0.521,310.0,0.489,0.0,0.483,50,6614.2,11297.4,10992.9,1998.3,16330.8,23989.6,0.0,0,0.0,3209.8,0,3761.5,18081.4
CHN_G3360,407250.0,1459250.0,80.144042,13.198541,33.28,2.44,0.188,7.0,0.524,0.0,0.475,50,6170.1,10883.9,10634.2,1860.4,15871.4,24456.7,0.0,0,0.0,3010.5,0,3337.7,17680.3
CHN_G3361,407750.0,1459250.0,80.148656,13.198556,31.2,0.48,0.247,310.0,0.314,0.0,0.656,50,5735.2,10478.1,10287.2,1581.7,15414.5,24925.0,0.0,236,52006.9,2552.1,0,2938.1,17284.3
CHN_G3362,408250.0,1459250.0,80.15327,13.198572,28.43,0.87,0.335,310.0,0.56,0.0,0.42,50,5311.8,10080.7,9953.4,1429.2,14960.4,25394.5,0.0,132,28631.6,2112.6,0,2573.7,16893.8
CHN_G3363,408750.0,1459250.0,80.157884,13.198587,28.45,1.65,0.247,248.0,0.71,0.0,0.27,50,4902.8,9692.8,9633.9,1362.2,14508.3,25865.2,0.0,79,14693.4,1706.8,0,2261.7,16509.3
CHN_G3364,409250.0,1459250.0,80.162498,13.198602,27.04,1.58,0.234,248.0,0.94,0.0,0.057,50,4512.2,9315.6,9330.3,880.2,14056.2,26337.0,0.0,95,60534.9,1365.1,0,2026.6,16131.1
CHN_G3365,409750.0,1459250.0,80.167112,13.198617,21.81,0.53,0.43,251.0,0.94,0.0,0.06,50,4145.2,8950.4,9044.1,402.0,13602.2,26809.7,0.0,252,41889.1,967.7,1,1897.0,15759.6
CHN_G3366,410250.0,1459250.0,80.171726,13.198632,21.82,3.47,0.34,72.0,0.802,0.0,0.198,50,3808.5,8598.9,8777.1,31.1,13113.1,27283.5,0.0,324,52401.1,468.7,2,1894.8,15395.4
CHN_G3367,410750.0,1459250.0,80.17634,13.198647,23.02,1.03,0.177,124.0,0.974,0.0,0.026,50,3511.0,8262.6,8531.1,459.6,12624.9,27758.1,0.0,428,82660.2,54.8,2,2020.4,15039.1
CHN_G3368,411250.0,1459250.0,80.180954,13.198662,18.4,0.44,0.36,124.0,0.333,0.0,0.659,50,3263.4,7943.6,8308.0,645.8,12137.7,28233.7,0.0,435,73482.3,261.1,2,2252.5,14691.1
CHN_G3369,411750.0,1459250.0,80.185568,13.198677,18.77,2.91,0.267,164.0,0.642,0.0,0.338,50,3056.1,7644.0,8109.5,966.5,11651.5,28710.1,0.0,342,63883.9,755.9,1,2562.3,14352.1
CHN_G3370,412250.0,1459250.0,80.190182,13.198691,13.34,3.15,0.522,164.0,0.78,0.0,0.206,50,2799.5,7366.2,7937.7,1291.9,11166.5,29187.2,0.0,341,87485.3,1254.8,0,2925.2,14022.8
CHN_G3371,412750.0,1459250.0,80.194796,13.198706,10.81,0.84,0.602,311.0,0.591,0.0,0.386,50,2614.3,7112.7,7794.1,1381.2,10683.0,29665.1,0.0,397,87438.3,1754.4,0,3323.9,13703.7
CHN_G3372,413250.0,1459250.0,80.19941,13.19872,10.4,0.43,0.559,301.0,0.38,0.0,0.608,50,2516.3,6881.3,7680.6,1509.9,10201.0,30143.8,0.0,302,94272.8,2254.1,0,3747.0,13387.5
CHN_G3373,413750.0,1459250.0,80.204024,13.198735,8.44,0.21,0.623,301.0,0.124,0.0,0.875,40,2515.8,6677.9,7590.8,1732.1,9720.8,30623.1,0.0,429,117267.0,2753.9,0,4187.1,13075.4
CHN_G3374,414250.0,1459250.0,80.208638,13.198749,8.15,2.1,0.607,307.0,0.21,0.0,0.788,40,2170.5,6491.3,7532.6,2054.3,9242.7,31103.1,0.0,386,100843.6,3051.0,0,4639.3,12775.2
CHN_G3375,414750.0,1459250.0,80.213252,13.198763,7.58,0.41,0.607,307.0,0.244,0.0,0.755,40,1674.2,6336.5,7479.4,2437.3,8767.1,31583.7,0.0,427,84908.0,3237.2,0,5100.5,12487.8
CHN_G3376,415250.0,1459250.0,80.217866,13.198777,8.38,1.26,0.527,313.0,0.152,0.0,0.846,40,1178.2,6184.0,7271.9,2760.2,8294.4,32064.8,0.0,300,67173.6,3485.8,0,5568.4,12214.2
CHN_G3377,415750.0,1459250.0,80.22248,13.198791,6.66,0.1,0.605,308.0,0.194,0.0,0.786,40,683.9,5980.8,7093.7,2260.2,7825.0,32546.6,0.0,88,10716.3,3784.4,0,6041.4,11955.2
CHN_G3378,416250.0,1459250.0,80.227094,13.198805,6.19,0.52,0.609,312.0,0.246,0.0,0.699,40,217.2,5718.9,6947.0,1760.2,7359.7,33028.9,465.0,31,3344.7,4043.1,0,6518.4,11711.8
CHN_G3379,416750.0,1459250.0,80.231709,13.198819,5.71,0.57,0.611,329.0,0.119,0.003,0.796,40,355.9,5490.1,6833.8,1260.2,6899.3,33511.7,0.0,0,0.0,3767.4,0,6998.7,11485.1
CHN_G3380,417250.0,1459250.0,80.236323,13.198833,6.0,0.62,0.568,324.0,0.215,0.001,0.78,40,825.0,5298.7,6755.7,760.2,6444.7,33995.0,0.0,83,14809.2,3272.7,0,7481.5,11275.9
CHN_G3381,417750.0,1459250.0,80.240937,13.198847,4.88,1.08,0.614,332.0,0.098,0.0,0.898,40,880.1,5140.4,6714.2,260.3,5997.4,34478.8,0.0,258,50618.5,2779.8,0,7354.2,11085.4
CHN_G3382,418250.0,1459250.0,80.245551,13.19886,4.56,0.19,0.614,331.0,0.0,0.0,1.0,10,804.2,5013.7,6709.7,77.4,5559.0,34963.0,0.0,188,50937.6,2290.0,0,6864.0,10914.5
CHN_G3383,418750.0,1459250.0,80.250165,13.198874,3.0,0.26,0.685,238.0,0.0,0.003,0.839,40,329.1,4934.6,6740.2,241.9,5130.1,35447.7,0.0,164,62390.4,1805.9,0,6375.2,10704.3
CHN_G3384,419250.0,1459250.0,80.254779,13.198887,3.88,0.18,0.62,321.0,0.23,0.005,0.72,10,234.0,4905.5,6798.2,646.9,4703.6,35932.8,998.3,350,114945.8,1333.5,0,5888.3,10481.0
CHN_G3385,419750.0,1459250.0,80.259393,13.198901,3.52,0.01,0.631,326.0,0.037,0.0,0.963,40,102.5,4927.1,6886.4,1130.6,4277.3,36418.3,2035.2,492,92167.6,891.8,1,5403.9,10277.2
CHN_G3386,420250.0,1459250.0,80.264007,13.198914,3.19,0.15,0.647,329.0,0.012,0.0,0.934,40,388.8,4999.0,6928.1,1624.3,3851.1,36904.2,0.0,434,81834.4,558.8,1,4922.5,10094.1
CHN_G3387,420750.0,1459250.0,80.268621,13.198927,6.07,1.61,0.465,142.0,0.438,0.0,0.505,50,712.1,5118.9,6603.6,1414.5,3428.9,37390.4,0.0,505,98121.2,573.8,1,4445.3,9932.8
CHN_G3388,421250.0,1459250.0,80.273235,13.19894,4.04,1.27,0.568,321.0,0.326,0.0,0.604,40,237.4,5283.6,6155.6,925.9,3009.5,37877.1,700.3,527,104492.5,919.9,1,3973.7,9794.3
CHN_G3389,421750.0,1459250.0,80.27785,13.198953,4.75,1.03,0.512,325.0,0.536,0.0,0.456,50,132.2,5489.0,5716.3,437.9,2606.7,38364.0,2263.0,609,113614.5,1365.0,0,3509.9,9679.8
CHN_G3390,422250.0,1459250.0,80.282464,13.198966,1.57,0.25,0.687,323.0,0.062,0.055,0.796,30,335.0,5730.8,5287.8,50.1,2243.4,38851.3,0.0,534,95063.0,1838.5,0,3057.6,9590.0
CHN_G3391,422750.0,1459250.0,80.287078,13.198979,2.22,0.23,0.632,330.0,0.0,0.02,0.784,30,606.8,6004.6,4872.9,322.5,1897.1,39338.9,0.0,391,94861.4,2323.2,0,2622.7,9525.6
CHN_G3392,423250.0,1459250.0,80.291692,13.198992,3.72,0.32,0.526,324.0,0.0,0.045,0.922,10,1026.5,6306.3,4475.4,579.2,1443.9,39826.8,0.0,236,51607.5,2379.0,0,2215.4,9487.2
CHN_G3393,423750.0,1459250.0,80.296306,13.199005,2.27,0.31,0.625,318.0,0.0,0.0,1.0,30,1157.6,6631.9,4100.5,616.6,987.6,40315.1,0.0,553,95363.9,2184.5,0,1854.0,9475.0
CHN_G3394,424250.0,1459250.0,80.30092,13.199017,2.74,1.44,0.634,150.0,0.0,0.096,0.859,30,914.3,6911.3,3754.8,407.3,525.9,40803.6,0.0,581,93894.4,1870.9,0,1570.5,9489.2
CHN_G3395,424750.0,1459250.0,80.305534,13.19903,0.9,1.26,0.784,220.0,0.047,0.356,0.568,10,665.4,7143.6,3447.1,17.5,64.2,41292.3,0.0,396,107150.4,1501.1,0,1412.8,9529.7
CHN_G3396,425250.0,1459250.0,80.310148,13.199042,5.28,0.42,0.52,220.0,0.352,0.0,0.646,10,634.4,7402.5,3188.6,442.6,379.5,41781.4,0.0,335,95541.9,1227.3,0,1423.1,9596.0
CHN_G3397,425750.0,1459250.0,80.314763,13.199055,3.76,1.15,0.581,220.0,0.42,0.0,0.309,50,834.3,7685.2,2991.9,874.2,772.6,42270.7,0.0,317,80181.2,1122.1,0,1598.4,9687.8
CHN_G3398,426250.0,1459250.0,80.319377,13.199067,8.15,2.18,0.294,25.0,0.515,0.152,0.3,50,947.4,7989.2,2869.8,1305.8,1186.6,42760.2,0.0,254,33063.9,1229.7,0,1893.2,9804.2
CHN_G3399,426750.0,1459250.0,80.323991,13.199079,0.0,0.0,0.735,25.0,0.003,0.997,0.0,80,1264.4,8312.2,2832.0,1738.4,1634.1,43250.0,0.0,392,67551.9,1505.0,0,2261.3,9944.4
CHN_G3400,402250.0,1459750.0,80.097886,13.202903,28.96,0.7,0.56,302.0,0.177,0.0,0.816,40,9326.9,15055.7,14706.1,1844.6,20702.9,19646.0,0.0,219,60766.9,1719.2,0,7880.0,21444.3
CHN_G3401,402750.0,1459750.0,80.1025,13.20292,29.2,1.13,0.629,306.0,0.034,0.0,0.964,40,8998.0,14594.6,14347.6,1907.4,20233.1,20102.0,0.0,277,103106.1,1288.6,0,7388.3,21100.3
CHN_G3402,403250.0,1459750.0,80.107114,13.202936,25.77,0.67,0.871,296.0,0.001,0.119,0.86,40,8685.4,14136.3,13997.7,1883.2,19764.8,20560.1,0.0,340,108154.9,930.2,1,6897.7,20762.6
CHN_G3403,403750.0,1459750.0,80.111728,13.202952,26.23,0.36,0.829,292.0,0.004,0.215,0.776,40,8390.9,13680.8,13626.1,1819.4,19298.1,21020.1,0.0,435,114237.7,755.0,1,6408.6,20431.6
CHN_G3404,404250.0,1459750.0,80.116342,13.202968,27.68,3.56,0.697,302.0,0.16,0.0,0.833,40,8116.6,13228.5,13225.5,1719.2,18833.1,21481.9,0.0,329,68804.4,880.3,1,5921.3,20107.6
CHN_G3405,404750.0,1459750.0,80.120956,13.202984,25.18,2.71,0.794,298.0,0.157,0.0,0.797,40,7864.6,12779.8,12831.8,1749.5,18369.9,21945.3,0.0,8,1003.5,1216.4,0,5436.3,19790.9
CHN_G3406,405250.0,1459750.0,80.12557,13.203,22.75,0.17,0.876,297.0,0.208,0.0,0.724,40,7637.0,12335.1,12445.8,1821.5,17907.6,22410.4,0.0,0,0.0,1638.4,0,4954.2,19481.9
CHN_G3407,405750.0,1459750.0,80.130184,13.203015,25.59,2.65,0.64,305.0,0.39,0.0,0.58,50,7436.1,11894.7,12068.1,1655.1,17446.7,22876.9,0.0,0,0.0,2095.1,0,4476.2,19181.0
CHN_G3408,406250.0,1459750.0,80.134798,13.203031,23.07,1.2,0.753,304.0,0.533,0.0,0.456,50,7264.1,11459.2,11699.7,1508.0,16988.1,23344.8,0.0,0,0.0,2567.9,0,4003.5,18780.5
CHN_G3409,406750.0,1459750.0,80.139412,13.203046,29.12,2.83,0.378,314.0,0.84,0.0,0.16,50,6850.7,11029.2,11341.3,1500.0,16531.8,23814.0,0.0,0,0.0,3049.4,0,3538.3,18381.0
CHN_G3410,407250.0,1459750.0,80.144026,13.203062,25.24,0.6,0.587,79.0,0.253,0.0,0.74,40,6423.0,10605.4,10993.9,1597.8,16078.1,24284.4,0.0,0,0.0,2864.7,0,3084.0,17986.5
CHN_G3411,407750.0,1459750.0,80.148641,13.203077,26.64,0.9,0.477,316.0,0.167,0.0,0.813,30,6006.4,10188.4,10658.7,1688.8,15626.0,24756.0,0.0,0,0.0,2378.4,0,2646.3,17597.5
CHN_G3412,408250.0,1459750.0,80.153255,13.203093,24.86,0.66,0.536,314.0,0.366,0.0,0.622,40,5603.5,9779.3,10336.9,1332.4,15173.8,25228.6,0.0,0,0.0,1899.2,0,2234.8,17214.1
CHN_G3413,408750.0,1459750.0,80.157869,13.203108,20.5,0.32,0.727,315.0,0.152,0.0,0.848,40,5217.5,9378.9,10029.6,1001.1,14686.0,25702.3,0.0,0,0.0,1434.3,0,1867.1,16836.8
CHN_G3414,409250.0,1459750.0,80.162483,13.203123,22.17,0.62,0.528,254.0,0.344,0.0,0.656,40,4852.3,8988.5,9738.3,666.2,14199.0,26177.0,0.0,0,0.0,1003.6,0,1574.1,16466.1
CHN_G3415,409750.0,1459750.0,80.167097,13.203138,20.62,1.69,0.5,254.0,0.788,0.0,0.208,50,4513.0,8609.5,9464.5,270.6,13713.0,26652.6,0.0,0,0.0,676.3,1,1403.3,16102.4
CHN_G3416,410250.0,1459750.0,80.171711,13.203153,17.61,1.88,0.581,76.0,0.52,0.0,0.324,50,4205.9,8243.4,9209.7,216.5,13228.0,27129.1,0.0,0,0.0,638.4,3,1400.4,15746.2
CHN_G3417,410750.0,1459750.0,80.176325,13.203168,18.09,0.1,0.453,213.0,0.757,0.0,0.202,50,3938.5,7892.0,8975.6,249.1,12744.2,27606.5,0.0,78,22477.3,457.7,3,1566.1,15398.0
CHN_G3418,411250.0,1459750.0,80.180939,13.203183,15.01,0.91,0.542,213.0,0.315,0.0,0.684,40,3719.5,7557.4,8763.8,281.1,12261.7,28084.6,0.0,104,24526.7,504.7,2,1855.9,15058.3
CHN_G3419,411750.0,1459750.0,80.185553,13.203197,11.89,0.89,0.657,82.0,0.471,0.0,0.516,50,3477.6,7241.8,8575.9,771.2,11780.7,28563.4,0.0,53,10476.5,870.6,1,2221.7,14727.7
CHN_G3420,412250.0,1459750.0,80.190167,13.203212,9.87,0.51,0.714,297.0,0.139,0.0,0.86,40,3254.4,6947.9,8413.5,1248.8,11301.2,29043.0,0.0,51,7188.0,1327.1,0,2632.0,14407.0
CHN_G3421,412750.0,1459750.0,80.194781,13.203227,11.68,0.95,0.541,83.0,0.474,0.0,0.492,50,3096.5,6678.6,8278.3,1739.0,10823.7,29523.3,0.0,131,29422.0,1806.7,0,3069.1,14091.5
CHN_G3422,413250.0,1459750.0,80.199395,13.203241,8.39,0.59,0.679,298.0,0.149,0.0,0.807,40,3014.2,6435.3,8170.0,1989.7,10348.3,30004.2,0.0,211,34546.9,2295.1,0,3522.9,13777.2
CHN_G3423,413750.0,1459750.0,80.20401,13.203255,8.32,0.47,0.642,296.0,0.002,0.0,0.998,40,2744.9,6217.4,8085.6,2164.5,9875.3,30485.7,0.0,468,81171.6,2787.6,0,3987.8,13474.1
CHN_G3424,414250.0,1459750.0,80.208624,13.20327,7.72,0.34,0.65,299.0,0.084,0.0,0.916,40,2261.4,6024.3,8031.0,2430.0,9405.1,30967.8,0.0,422,79275.4,3282.4,0,4460.3,13183.0
CHN_G3425,414750.0,1459750.0,80.213238,13.203284,8.95,2.22,0.546,302.0,0.226,0.0,0.774,10,1787.0,5857.2,7930.8,2761.4,8938.1,31450.4,0.0,372,72617.5,3693.0,0,4938.2,12904.7
CHN_G3426,415250.0,1459750.0,80.217852,13.203298,8.1,2.3,0.565,310.0,0.102,0.0,0.89,40,1331.5,5729.0,7735.5,2806.4,8474.9,31933.6,0.0,179,58029.2,3912.7,0,5420.1,12640.0
CHN_G3427,415750.0,1459750.0,80.222466,13.203312,7.55,0.26,0.574,308.0,0.106,0.0,0.891,40,923.2,5532.1,7568.2,2316.4,8016.1,32417.3,0.0,241,58810.1,4180.9,0,5905.0,12390.0
CHN_G3428,416250.0,1459750.0,80.22708,13.203326,7.2,1.33,0.568,325.0,0.171,0.0,0.829,40,657.1,5289.3,7430.9,1831.8,7562.6,32901.5,0.0,467,100220.2,4233.0,0,6392.2,12155.3
CHN_G3429,416750.0,1459750.0,80.231694,13.20334,6.28,0.36,0.59,327.0,0.049,0.005,0.946,40,715.0,5041.1,7325.1,1358.4,7115.2,33386.1,0.0,450,101157.6,3733.0,0,6881.3,11937.0
CHN_G3430,417250.0,1459750.0,80.236309,13.203354,5.62,1.04,0.599,334.0,0.02,0.007,0.962,40,1044.4,4832.0,7252.4,913.8,6675.4,33871.2,0.0,436,93195.8,3233.0,0,7371.8,11735.9
CHN_G3431,417750.0,1459750.0,80.240923,13.203368,4.0,0.11,0.672,333.0,0.02,0.044,0.815,40,1378.1,4665.7,7213.7,569.9,6244.4,34356.8,0.0,404,77646.1,2733.0,0,7465.2,11553.0
CHN_G3432,418250.0,1459750.0,80.245537,13.203381,4.55,0.4,0.616,324.0,0.067,0.0,0.933,40,1021.7,4525.7,7209.5,553.6,5817.5,34842.7,0.0,201,38563.3,2233.0,0,6982.8,11381.5
CHN_G3433,418750.0,1459750.0,80.250151,13.203395,4.32,0.82,0.606,250.0,0.008,0.142,0.734,40,699.2,4437.9,7238.7,723.9,5391.2,35329.0,0.0,273,50725.3,1733.0,0,6503.0,11149.3
CHN_G3434,419250.0,1459750.0,80.254765,13.203408,3.0,0.0,0.671,30.0,0.046,0.338,0.447,80,538.6,4405.5,7292.8,940.2,4964.9,35815.7,0.0,0,0.0,1233.0,0,6026.5,10935.1
CHN_G3435,419750.0,1459750.0,80.259379,13.203422,3.66,0.24,0.628,292.0,0.231,0.0,0.731,40,81.7,4429.6,7345.5,1320.5,4540.0,36302.8,744.9,49,7074.6,733.0,1,5554.1,10739.9
CHN_G3436,420250.0,1459750.0,80.263994,13.203435,6.59,2.13,0.45,132.0,0.619,0.0,0.314,50,472.5,4509.4,6873.2,1747.8,4120.4,36790.2,0.0,14,1335.5,233.1,1,5086.9,10564.8
CHN_G3437,420750.0,1459750.0,80.268608,13.203448,4.5,2.28,0.564,132.0,0.55,0.0,0.382,50,710.0,4642.0,6405.1,1340.8,3704.9,37278.0,0.0,25,14218.9,267.1,1,4626.7,10410.8
CHN_G3438,421250.0,1459750.0,80.273222,13.203461,3.65,0.88,0.597,158.0,0.346,0.0,0.462,50,238.3,4823.0,5942.2,875.4,3311.2,37766.0,224.6,135,53333.1,767.0,1,4175.6,10278.8
CHN_G3439,421750.0,1459750.0,80.277836,13.203474,6.38,2.18,0.42,228.0,0.935,0.0,0.065,50,64.1,5047.2,5485.9,376.3,2949.9,38254.4,3445.6,319,107914.3,1267.0,0,3737.0,10169.7
CHN_G3440,422250.0,1459750.0,80.28245,13.203487,2.55,1.28,0.635,325.0,0.084,0.083,0.753,30,112.0,5309.2,5037.8,122.8,2561.2,38743.1,559.7,265,93837.9,1767.0,0,3315.8,10084.3
CHN_G3441,422750.0,1459750.0,80.287065,13.2035,2.41,1.13,0.626,321.0,0.0,0.053,0.917,30,611.6,5603.6,4600.4,238.5,2102.9,39232.0,0.0,321,95973.6,2267.0,0,2919.6,10023.1
CHN_G3442,423250.0,1459750.0,80.291679,13.203513,0.73,0.73,0.704,232.0,0.0,0.111,0.748,40,1111.6,5925.7,4177.0,200.5,1641.2,39721.3,0.0,342,91986.1,2767.0,0,2559.9,9986.6
CHN_G3443,423750.0,1459750.0,80.296293,13.203526,3.06,0.75,0.567,314.0,0.0,0.185,0.76,10,1571.1,6247.6,3772.5,116.7,1179.5,40210.8,0.0,269,116579.5,2572.8,0,2254.5,9975.0
CHN_G3444,424250.0,1459750.0,80.300907,13.203538,3.68,0.77,0.556,315.0,0.012,0.126,0.792,10,1353.4,6465.1,3393.6,141.9,722.5,40700.5,0.0,343,112820.4,2207.3,0,2027.8,9988.5
CHN_G3445,424750.0,1459750.0,80.305522,13.203551,0.5,0.18,0.79,124.0,0.012,0.289,0.633,10,1100.2,6712.9,3049.7,13.7,324.0,41190.5,0.0,334,108985.2,1904.0,0,1908.2,10026.9
CHN_G3446,425250.0,1459750.0,80.310136,13.203563,4.95,1.49,0.533,25.0,0.248,0.139,0.586,10,641.7,6987.7,2754.1,190.1,73.7,41680.8,0.0,319,107185.0,1696.6,0,1915.9,10090.0
CHN_G3447,425750.0,1459750.0,80.31475,13.203576,8.69,3.49,0.285,25.0,0.257,0.0,0.592,10,336.5,7286.5,2523.8,621.7,516.1,42171.2,0.0,82,47385.7,1622.1,0,2049.4,10177.3
CHN_G3448,426250.0,1459750.0,80.319364,13.203588,7.56,2.01,0.327,25.0,0.352,0.0,0.638,10,560.6,7606.4,2377.8,1069.7,964.4,42661.9,0.0,171,71259.1,1698.3,0,2286.8,10288.2
CHN_G3449,426750.0,1459750.0,80.323979,13.2036,0.0,0.0,0.743,25.0,0.088,0.852,0.042,80,1006.8,7945.0,2332.0,1520.9,1414.5,43152.8,0.0,358,84066.3,1907.2,0,2599.8,10421.9
CHN_G3450,402250.0,1460250.0,80.09787,13.207424,28.53,0.39,0.454,306.0,0.218,0.002,0.778,10,9702.5,14872.4,15054.7,1426.3,20877.4,19444.0,0.0,512,93973.2,1565.9,0,7808.0,21807.0
CHN_G3451,402750.0,1460250.0,80.102484,13.20744,28.15,0.62,0.535,309.0,0.302,0.0,0.688,10,9386.8,14405.5,14704.7,1408.6,20411.6,19904.6,0.0,492,99465.0,1075.6,0,7311.4,21468.8
CHN_G3452,403250.0,1460250.0,80.107098,13.207457,30.88,3.67,0.393,174.0,0.142,0.082,0.754,10,9087.5,13940.8,14325.2,1383.8,19947.5,20367.1,0.0,346,99134.7,601.3,1,6815.3,21137.0
CHN_G3453,403750.0,1460250.0,80.111712,13.207473,26.16,2.24,0.658,303.0,0.314,0.231,0.446,50,8806.5,13478.8,13926.7,1337.7,19485.0,20831.4,0.0,415,94049.5,257.7,1,6319.8,20812.0
CHN_G3454,404250.0,1460250.0,80.116326,13.207489,21.85,0.27,0.862,294.0,0.084,0.0,0.916,40,8545.6,13019.5,13534.9,1221.2,19023.0,21297.3,0.0,357,41458.3,520.8,1,5825.1,20494.0
CHN_G3455,404750.0,1460250.0,80.12094,13.207504,20.82,0.89,0.862,303.0,0.158,0.0,0.79,40,8306.6,12563.3,13150.5,1255.3,18562.9,21764.6,0.0,447,71750.8,987.9,1,5331.4,20183.3
CHN_G3456,405250.0,1460250.0,80.125554,13.20752,17.57,3.62,0.996,303.0,0.016,0.401,0.534,80,8091.4,12110.6,12774.2,1356.7,18104.9,22233.5,0.0,390,70688.8,1476.7,0,4838.9,19880.4
CHN_G3457,405750.0,1460250.0,80.130168,13.207536,15.0,0.0,1.0,303.0,0.023,0.673,0.295,80,7902.1,11661.8,12406.5,1179.8,17649.1,22703.6,0.0,126,45255.4,1971.2,0,4348.2,19480.1
CHN_G3458,406250.0,1460250.0,80.134782,13.207552,19.41,1.04,0.812,307.0,0.039,0.393,0.561,80,7536.2,11217.3,12048.4,1019.2,17195.9,23175.0,0.0,304,86611.7,2467.9,0,3859.9,19082.2
CHN_G3459,406750.0,1460250.0,80.139397,13.207567,20.49,0.46,0.742,307.0,0.192,0.074,0.732,10,7114.5,10777.6,11700.7,1001.7,16743.8,23647.5,0.0,411,92304.8,2965.7,0,3374.9,18689.1
CHN_G3460,407250.0,1460250.0,80.144011,13.207583,23.28,1.13,0.572,305.0,0.06,0.17,0.759,10,6703.7,10343.5,11364.3,1125.7,16260.5,24121.2,0.0,182,35542.9,2801.9,0,2895.1,18301.3
CHN_G3461,407750.0,1460250.0,80.148625,13.207598,25.0,1.5,0.469,306.0,0.067,0.01,0.835,30,6305.7,9915.5,11040.4,1343.7,15774.6,24595.9,0.0,0,0.0,2302.3,0,2423.5,17919.1
CHN_G3462,408250.0,1460250.0,80.153239,13.207613,27.47,4.16,0.296,78.0,0.451,0.0,0.441,50,5923.2,9494.6,10729.9,981.9,15289.6,25071.6,0.0,0,0.0,1803.0,0,1966.0,17542.7
CHN_G3463,408750.0,1460250.0,80.157853,13.207629,22.24,2.31,0.557,306.0,0.11,0.0,0.824,40,5559.4,9081.7,10434.3,625.5,14805.6,25548.2,0.0,0,0.0,1304.2,0,1535.2,17172.7
CHN_G3464,409250.0,1460250.0,80.162467,13.207644,17.41,0.55,0.757,296.0,0.122,0.0,0.876,40,5218.2,8678.0,10154.6,295.9,14322.7,26025.7,0.0,0,0.0,806.9,1,1161.2,16809.4
CHN_G3465,409750.0,1460250.0,80.167081,13.207659,15.07,1.34,0.787,287.0,0.44,0.0,0.556,50,4904.3,8284.8,9892.3,40.7,13841.0,26504.1,0.0,0,0.0,318.1,1,916.5,16453.3
CHN_G3466,410250.0,1460250.0,80.171696,13.207674,14.54,0.28,0.718,76.0,0.768,0.0,0.224,50,4623.2,7903.6,9648.8,407.0,13360.7,26983.2,0.0,0,0.0,226.6,1,911.9,16104.8
CHN_G3467,410750.0,1460250.0,80.17631,13.207689,10.83,0.31,0.844,217.0,0.296,0.027,0.442,50,4381.4,7536.4,9425.6,331.7,12881.9,27463.0,0.0,0,0.0,708.1,3,1150.3,15764.5
CHN_G3468,411250.0,1460250.0,80.180924,13.207703,10.77,0.25,0.767,215.0,0.039,0.0,0.906,40,4165.3,7185.2,9224.1,285.5,12404.7,27943.6,0.0,0,0.0,970.2,1,1521.5,15432.9
CHN_G3469,411750.0,1460250.0,80.185538,13.207718,12.0,1.69,0.633,306.0,0.018,0.0,0.982,40,3917.5,6852.5,9045.8,740.8,11929.4,28424.8,0.0,0,0.0,1201.8,0,1951.0,15110.6
CHN_G3470,412250.0,1460250.0,80.190152,13.207733,9.64,0.27,0.714,312.0,0.014,0.0,0.986,40,3720.8,6541.2,8892.1,1230.2,11456.2,28906.7,0.0,0,0.0,1564.5,0,2407.9,14795.8
CHN_G3471,412750.0,1460250.0,80.194767,13.207747,11.18,0.82,0.565,313.0,0.422,0.0,0.547,50,3583.5,6254.4,8764.2,1725.7,10985.4,29389.2,0.0,0,0.0,1987.7,0,2879.2,14479.5
CHN_G3472,413250.0,1460250.0,80.199381,13.207762,8.0,1.65,0.714,303.0,0.017,0.0,0.946,40,3367.4,5995.6,8660.7,2223.2,10517.3,29872.2,0.0,0,0.0,2440.1,0,3358.8,14173.7
CHN_G3473,413750.0,1460250.0,80.203995,13.207776,9.64,0.55,0.584,303.0,0.01,0.0,0.94,40,2901.5,5763.4,8581.0,2621.0,10052.3,30355.8,0.0,51,21983.6,2908.1,0,3843.6,13879.3
CHN_G3474,414250.0,1460250.0,80.208609,13.207791,8.85,0.35,0.606,304.0,0.04,0.003,0.956,40,2449.2,5562.4,8529.5,2844.3,9590.7,30840.0,0.0,41,7073.4,3385.3,0,4331.8,13596.9
CHN_G3475,414750.0,1460250.0,80.213223,13.207805,10.89,1.16,0.454,305.0,0.105,0.0,0.895,10,2019.4,5381.7,8387.8,3132.1,9133.3,31324.6,0.0,49,9511.1,3868.3,0,4822.5,13327.2
CHN_G3476,415250.0,1460250.0,80.217838,13.207819,7.68,0.39,0.618,309.0,0.103,0.0,0.896,10,1630.1,5241.9,8203.4,2938.2,8680.5,31809.7,0.0,50,9427.8,4355.1,0,5314.9,13071.2
CHN_G3477,415750.0,1460250.0,80.222452,13.207833,8.5,0.81,0.546,311.0,0.042,0.0,0.958,40,1317.9,5067.9,8045.8,2474.4,8233.2,32295.3,0.0,177,43693.2,4597.7,0,5808.6,12829.5
CHN_G3478,416250.0,1460250.0,80.227066,13.207847,6.21,0.04,0.651,327.0,0.026,0.0,0.974,40,1147.3,4873.3,7916.7,2027.9,7792.3,32781.2,0.0,53,29891.1,4261.5,0,6303.3,12603.0
CHN_G3479,416750.0,1460250.0,80.23168,13.207861,7.3,1.7,0.556,337.0,0.005,0.0,0.995,40,1181.4,4602.6,7817.6,1613.2,7358.9,33267.6,0.0,143,21868.4,3765.3,0,6798.7,12392.6
CHN_G3480,417250.0,1460250.0,80.236295,13.207875,5.88,0.44,0.612,311.0,0.0,0.002,0.992,40,1405.4,4372.6,7749.5,1261.8,6931.4,33754.5,0.0,438,66109.8,3270.2,0,7294.8,12199.0
CHN_G3481,417750.0,1460250.0,80.240909,13.207888,3.95,1.32,0.702,321.0,0.008,0.0,0.947,40,1725.7,4189.9,7713.2,1040.1,6505.1,34241.6,0.0,378,79859.5,2777.0,0,7607.6,12023.2
CHN_G3482,418250.0,1460250.0,80.245523,13.207902,5.1,0.77,0.603,323.0,0.082,0.0,0.902,40,1386.7,4040.6,7709.3,1035.2,6078.8,34729.2,0.0,282,69604.2,2286.6,0,7134.8,11822.2
CHN_G3483,418750.0,1460250.0,80.250137,13.207916,5.8,0.14,0.534,269.0,0.559,0.0,0.397,50,1169.6,3942.1,7737.4,1190.6,5652.5,35217.1,0.0,340,63252.9,1801.5,0,6665.9,11598.8
CHN_G3484,419250.0,1460250.0,80.254752,13.207929,6.14,0.3,0.498,166.0,0.604,0.0,0.358,50,784.0,3905.5,7687.1,1359.9,5231.5,35705.3,0.0,444,86662.1,1327.6,0,6201.9,11393.1
CHN_G3485,419750.0,1460250.0,80.259366,13.207943,3.32,0.18,0.658,328.0,0.212,0.0,0.655,40,575.5,3932.7,7202.5,1646.0,4812.2,36193.9,0.0,532,98033.9,882.9,1,5743.9,11205.9
CHN_G3486,420250.0,1460250.0,80.26398,13.207956,3.43,0.21,0.645,331.0,0.304,0.032,0.634,40,740.1,4022.3,6720.1,1384.0,4404.0,36682.7,0.0,381,90041.1,544.5,1,5293.6,11038.1
CHN_G3487,420750.0,1460250.0,80.268594,13.207969,3.88,0.99,0.608,205.0,0.652,0.0,0.249,50,583.8,4170.4,6240.5,1042.8,4016.6,37171.9,0.0,378,95030.5,559.9,1,4853.0,10890.8
CHN_G3488,421250.0,1460250.0,80.273209,13.207982,7.14,2.01,0.399,266.0,0.764,0.0,0.208,50,384.4,4371.0,5764.4,654.5,3656.7,37661.3,0.0,168,45038.9,911.3,1,4425.1,10764.7
CHN_G3489,421750.0,1460250.0,80.277823,13.207995,4.38,2.63,0.548,228.0,0.478,0.048,0.433,50,136.8,4617.2,5292.7,224.1,3218.2,38151.0,2677.3,326,68712.5,1359.2,0,4013.8,10660.6
CHN_G3490,422250.0,1460250.0,80.282437,13.208008,0.89,0.91,0.743,321.0,0.008,0.068,0.769,10,319.8,4902.2,4826.7,71.5,2756.5,38641.0,0.0,281,58504.7,1834.2,0,3624.9,10579.1
CHN_G3491,422750.0,1460250.0,80.287052,13.208021,0.72,0.76,0.734,318.0,0.0,0.042,0.945,10,783.5,5219.7,4368.2,5.8,2294.8,39131.2,0.0,166,26224.6,2319.8,0,3266.4,10520.8
CHN_G3492,423250.0,1460250.0,80.291666,13.208034,1.89,0.03,0.639,310.0,0.111,0.0,0.821,30,1214.7,5564.0,3919.9,294.9,1840.1,39621.7,0.0,134,20836.7,2810.4,0,2949.4,10486.0
CHN_G3493,423750.0,1460250.0,80.29628,13.208047,4.51,0.72,0.473,314.0,0.279,0.215,0.206,60,1684.3,5793.4,3485.7,383.2,1415.9,40112.4,0.0,26,3983.9,2914.0,0,2688.5,10475.0
CHN_G3494,424250.0,1460250.0,80.300894,13.208059,3.5,0.0,0.547,129.0,0.0,0.831,0.116,80,1483.3,6027.3,3071.6,319.7,1027.6,40603.4,0.0,218,65072.3,2597.0,0,2501.5,10487.9
CHN_G3495,424750.0,1460250.0,80.305509,13.208072,5.33,1.42,0.48,129.0,0.013,0.304,0.528,10,983.3,6292.3,2686.8,493.9,601.9,41094.5,0.0,308,93757.9,2344.7,0,2405.6,10524.5
CHN_G3496,425250.0,1460250.0,80.310123,13.208084,0.5,0.0,0.784,25.0,0.002,0.406,0.522,10,483.3,6584.7,2345.9,48.2,153.6,41585.9,0.0,363,103894.5,2179.5,0,2411.7,10584.6
CHN_G3497,425750.0,1460250.0,80.314737,13.208097,8.29,3.31,0.301,25.0,0.628,0.021,0.332,50,2.1,6901.0,2070.7,403.0,297.2,42077.5,3415.9,367,110659.2,2122.1,0,2519.1,10667.8
CHN_G3498,426250.0,1460250.0,80.319352,13.208109,6.24,0.9,0.399,25.0,0.757,0.0,0.189,50,362.7,7238.0,1890.0,854.2,752.3,42569.2,0.0,182,67526.7,2180.9,0,2715.7,10773.7
CHN_G3499,426750.0,1460250.0,80.323966,13.208121,0.0,0.0,0.744,25.0,0.177,0.677,0.1,80,778.0,7593.0,1832.1,1305.3,1202.2,43061.2,0.0,305,134776.2,2347.2,0,2984.0,10901.4
CHN_G3500,402250.0,1460750.0,80.097853,13.211945,36.92,1.08,0.0,291.0,0.335,0.0,0.665,40,10088.9,14702.0,15411.6,944.2,21062.4,19252.8,0.0,372,126605.7,1564.7,0,7767.6,22175.0
CHN_G3501,402750.0,1460750.0,80.102467,13.211961,31.15,2.2,0.213,310.0,0.068,0.0,0.919,40,9785.6,14230.4,15025.0,909.8,20600.0,19717.9,0.0,376,111583.6,1073.8,0,7268.3,21842.5
CHN_G3502,403250.0,1460750.0,80.107081,13.211977,32.47,3.3,0.156,303.0,0.232,0.0,0.763,40,9499.0,13760.7,14628.4,884.3,20138.7,20184.7,0.0,271,90540.3,598.3,1,6769.0,21516.5
CHN_G3503,403750.0,1460750.0,80.111696,13.211993,30.75,1.42,0.259,299.0,0.467,0.0,0.531,50,9230.5,13292.5,14238.5,853.3,19679.2,20653.0,0.0,139,53268.0,250.4,1,6269.8,21197.3
CHN_G3504,404250.0,1460750.0,80.11631,13.212009,25.57,0.37,0.525,297.0,0.11,0.0,0.89,10,8981.9,12826.6,13855.5,726.1,19221.8,21122.9,0.0,241,72380.1,517.2,1,5770.8,20885.1
CHN_G3505,404750.0,1460750.0,80.120924,13.212025,21.95,1.01,0.682,301.0,0.078,0.0,0.914,10,8754.8,12363.3,13480.3,767.8,18766.6,21594.0,0.0,349,134789.6,986.1,1,5272.0,20580.4
CHN_G3506,405250.0,1460750.0,80.125538,13.212041,22.74,3.69,0.578,296.0,0.062,0.14,0.798,10,8551.0,11903.0,13113.4,892.0,18313.6,22066.4,0.0,427,98697.5,1475.5,0,4773.5,20180.3
CHN_G3507,405750.0,1460750.0,80.130152,13.212057,15.0,0.0,0.985,244.0,0.0,0.758,0.241,80,8225.3,11446.0,12755.5,707.6,17836.1,22540.1,0.0,428,97950.0,1970.3,0,4275.2,19783.8
CHN_G3508,406250.0,1460750.0,80.134767,13.212072,15.0,0.0,0.963,230.0,0.0,1.0,0.0,80,7808.9,10992.8,12407.4,545.8,17351.1,23014.8,0.0,460,109956.4,2467.1,0,3777.5,19392.1
CHN_G3509,406750.0,1460750.0,80.139381,13.212088,15.0,0.0,0.944,292.0,0.0,0.953,0.047,80,7402.8,10543.8,12070.1,503.5,16867.0,23490.6,0.0,279,69587.4,2965.0,0,3280.4,19005.4
CHN_G3510,407250.0,1460750.0,80.143995,13.212103,15.04,3.19,0.923,297.0,0.034,0.53,0.432,80,7008.8,10099.5,11744.3,657.1,16383.8,23967.4,0.0,57,5543.5,2827.4,0,2784.3,18624.2
CHN_G3511,407750.0,1460750.0,80.148609,13.212119,27.99,0.26,0.138,297.0,0.288,0.0,0.638,50,6629.2,9660.8,11431.1,980.1,15901.7,24445.1,0.0,252,37136.7,2333.3,0,2290.0,18248.7
CHN_G3512,408250.0,1460750.0,80.153223,13.212134,26.04,1.01,0.226,297.0,0.154,0.0,0.216,60,6266.5,9228.3,11131.6,652.0,15420.7,24923.6,0.0,420,95720.1,1842.4,0,1798.8,17879.3
CHN_G3513,408750.0,1460750.0,80.157838,13.212149,20.2,4.02,0.536,109.0,0.053,0.0,0.783,30,5923.8,8802.9,10846.9,275.9,14941.0,25403.0,0.0,117,60411.7,1358.2,0,1314.3,17516.4
CHN_G3514,409250.0,1460750.0,80.162452,13.212165,16.97,0.72,0.652,297.0,0.124,0.0,0.876,40,5604.8,8385.7,10578.1,80.4,14462.6,25883.2,0.0,363,88171.1,891.6,1,847.9,17160.4
CHN_G3515,409750.0,1460750.0,80.167066,13.21218,16.24,1.81,0.603,306.0,0.297,0.0,0.685,50,5313.8,7978.1,10326.6,409.3,13985.7,26364.1,0.0,316,86034.4,495.0,1,459.0,16811.7
CHN_G3516,410250.0,1460750.0,80.17168,13.212195,11.62,0.57,0.795,284.0,0.428,0.0,0.522,50,5055.6,7581.6,10093.6,629.2,13510.5,26845.7,0.0,216,40318.9,441.7,1,449.8,16470.8
CHN_G3517,410750.0,1460750.0,80.176295,13.212209,10.84,0.19,0.77,57.0,0.01,0.0,0.459,90,4835.4,7198.0,9880.5,677.1,13037.2,27328.0,0.0,2,235.3,803.3,1,833.0,16138.2
CHN_G3518,411250.0,1460750.0,80.180909,13.212224,10.83,0.18,0.714,174.0,0.0,0.0,0.969,40,4593.8,6829.4,9688.4,715.3,12566.0,27810.9,0.0,0,0.0,1263.1,0,1298.3,15814.5
CHN_G3519,411750.0,1460750.0,80.185523,13.212239,10.39,0.21,0.698,296.0,0.0,0.0,0.995,40,4370.4,6478.5,9518.8,991.6,12097.0,28294.4,0.0,0,0.0,1622.0,0,1782.5,15500.1
CHN_G3520,412250.0,1460750.0,80.190137,13.212254,10.75,0.29,0.632,300.0,0.0,0.0,1.0,40,4195.0,6148.2,9372.8,1398.1,11630.7,28778.5,0.0,0,0.0,1906.4,0,2273.5,15182.2
CHN_G3521,412750.0,1460750.0,80.194752,13.212268,9.97,0.53,0.636,305.0,0.179,0.0,0.806,40,4018.0,5842.2,9251.6,1850.1,11167.2,29263.0,0.0,0,0.0,2266.6,0,2767.8,14874.1
CHN_G3522,413250.0,1460750.0,80.199366,13.212283,9.57,0.28,0.636,307.0,0.082,0.0,0.908,40,3567.1,5564.2,9152.4,2321.1,10707.0,29748.1,0.0,0,0.0,2672.2,0,3263.8,14576.7
CHN_G3523,413750.0,1460750.0,80.20398,13.212297,12.59,1.06,0.43,306.0,0.041,0.0,0.959,40,3131.1,5317.6,9076.8,2802.2,10250.6,30233.7,0.0,0,0.0,3105.5,0,3760.8,14290.6
CHN_G3524,414250.0,1460750.0,80.208595,13.212311,9.27,0.38,0.604,309.0,0.004,0.0,0.996,40,2717.2,5101.0,9028.3,3282.5,9798.4,30719.8,0.0,0,0.0,3556.3,0,4258.6,14016.4
CHN_G3525,414750.0,1460750.0,80.213209,13.212326,8.39,0.18,0.629,310.0,0.013,0.0,0.987,40,2337.2,4911.1,8849.4,3534.8,9351.1,31206.3,0.0,0,0.0,4018.7,0,4756.8,13755.0
CHN_G3526,415250.0,1460750.0,80.217823,13.21234,7.99,0.33,0.63,314.0,0.05,0.0,0.95,40,2010.5,4757.4,8674.8,3144.8,8909.4,31693.2,0.0,0,0.0,4489.3,0,5255.4,13507.0
CHN_G3527,415750.0,1460750.0,80.222438,13.212354,7.51,0.18,0.634,331.0,0.005,0.0,0.995,40,1766.7,4611.2,8525.9,2716.6,8474.2,32180.5,0.0,0,0.0,4835.9,0,5754.2,13273.3
CHN_G3528,416250.0,1460750.0,80.227052,13.212368,7.39,0.32,0.608,337.0,0.0,0.0,1.0,40,1643.4,4421.1,8404.3,2317.2,8045.5,32668.2,0.0,0,0.0,4347.7,0,6253.2,13054.5
CHN_G3529,416750.0,1460750.0,80.231666,13.212382,6.66,0.1,0.623,339.0,0.0,0.0,1.0,40,1667.4,4178.0,8310.9,1964.5,7619.0,33156.3,0.0,4,592.5,3862.6,0,6752.3,12851.5
CHN_G3530,417250.0,1460750.0,80.23628,13.212396,6.43,0.72,0.61,319.0,0.0,0.0,1.0,40,1833.0,3923.2,8246.9,1687.9,7192.7,33644.7,0.0,58,7252.5,3381.8,0,7251.6,12664.9
CHN_G3531,417750.0,1460750.0,80.240895,13.212409,5.62,0.21,0.629,312.0,0.048,0.0,0.952,40,2087.4,3718.5,8212.8,1529.4,6766.4,34133.4,0.0,76,10072.9,2907.5,0,7750.9,12495.6
CHN_G3532,418250.0,1460750.0,80.245509,13.212423,4.81,0.44,0.641,314.0,0.008,0.0,0.992,40,1817.2,3559.7,8209.2,1526.0,6342.6,34622.5,0.0,20,1624.7,2443.5,0,7317.8,12267.4
CHN_G3533,418750.0,1460750.0,80.250123,13.212437,5.17,0.16,0.59,307.0,0.096,0.0,0.883,40,1490.9,3447.4,8076.2,1658.0,5923.1,35111.9,0.0,132,19085.1,1996.9,0,6861.5,12052.3
CHN_G3534,419250.0,1460750.0,80.254738,13.21245,3.72,0.22,0.656,313.0,0.056,0.0,0.943,40,1199.7,3405.5,7583.5,1749.3,5507.0,35601.6,0.0,80,16685.3,1582.6,0,6411.6,11854.4
CHN_G3535,419750.0,1460750.0,80.259352,13.212463,4.07,0.17,0.624,321.0,0.0,0.0,1.0,40,1075.1,3436.7,7091.8,1397.9,5105.4,36091.5,0.0,37,5191.2,1233.5,0,5969.8,11674.6
CHN_G3536,420250.0,1460750.0,80.263967,13.212477,4.12,0.49,0.614,319.0,0.005,0.001,0.994,40,850.6,3538.9,6601.4,1049.2,4722.6,36581.7,0.0,464,79927.4,1019.1,0,5537.9,11513.7
CHN_G3537,420750.0,1460750.0,80.268581,13.21249,5.34,2.62,0.532,315.0,0.304,0.0,0.695,10,351.5,3706.4,6112.5,677.8,4333.5,37072.2,0.0,382,57265.1,1027.4,0,5118.3,11372.5
CHN_G3538,421250.0,1460750.0,80.273195,13.212503,6.32,1.13,0.461,121.0,0.678,0.014,0.296,50,60.5,3930.7,5625.5,337.9,3871.8,37563.0,1629.5,395,72786.9,1254.0,0,4714.5,11251.9
CHN_G3539,421750.0,1460750.0,80.27781,13.212516,2.27,4.49,0.685,324.0,0.196,0.221,0.526,10,180.5,4202.8,5141.1,21.1,3410.4,38054.0,964.0,340,56971.5,1609.2,0,4330.8,11152.3
CHN_G3540,422250.0,1460750.0,80.282424,13.212529,2.94,0.33,0.632,321.0,0.05,0.005,0.878,40,556.3,4514.0,4660.0,332.9,2958.0,38545.2,0.0,410,65528.3,2026.5,0,3973.1,11074.4
CHN_G3541,422750.0,1460750.0,80.287038,13.212542,2.1,0.2,0.662,313.0,0.005,0.0,0.946,40,977.8,4856.9,4183.3,431.2,2523.6,39036.6,0.0,405,67924.7,2474.6,0,3648.9,11018.7
CHN_G3542,423250.0,1460750.0,80.291653,13.212555,2.51,0.79,0.61,182.0,0.016,0.041,0.645,30,1437.8,5131.2,3712.7,703.9,2118.3,39528.3,0.0,491,93902.9,2939.5,0,3368.1,10985.5
CHN_G3543,423750.0,1460750.0,80.296267,13.212568,3.5,0.16,0.532,100.0,0.091,0.394,0.131,80,1891.2,5347.4,3250.9,883.1,1720.0,40020.1,0.0,391,78067.0,3296.0,0,3142.2,10975.0
CHN_G3544,424250.0,1460750.0,80.300882,13.21258,1.86,1.11,0.632,100.0,0.008,0.668,0.194,80,1563.9,5599.9,2802.3,818.0,1271.6,40512.2,0.0,354,74212.8,3019.4,0,2983.8,10987.3
CHN_G3545,424750.0,1460750.0,80.305496,13.212593,3.25,0.69,0.58,198.0,0.002,0.524,0.358,80,1101.1,5884.3,2374.3,714.8,820.0,41004.4,0.0,431,74108.8,2805.3,0,2903.8,11022.2
CHN_G3546,425250.0,1460750.0,80.31011,13.212605,2.35,1.55,0.658,152.0,0.0,0.287,0.647,30,676.1,6195.9,1980.3,263.7,365.0,41496.9,0.0,201,40500.8,2668.8,0,2908.9,11079.6
CHN_G3547,425750.0,1460750.0,80.314725,13.212618,4.05,2.06,0.546,152.0,0.283,0.325,0.373,10,176.2,6531.1,1645.0,187.5,84.5,41989.5,2802.4,87,12059.4,2622.1,0,2998.5,11159.2
CHN_G3548,426250.0,1460750.0,80.319339,13.21263,10.45,4.4,0.142,152.0,0.72,0.001,0.246,50,71.4,6886.2,1410.8,653.8,521.2,42482.3,9942.7,281,35667.1,2669.9,0,3165.5,11260.4
CHN_G3549,426750.0,1460750.0,80.323954,13.212642,7.42,0.29,0.302,173.0,0.528,0.286,0.141,50,456.7,7258.5,1332.2,1119.8,935.2,42975.2,0.0,248,30270.3,2807.4,0,3398.5,11382.7
CHN_G3550,402250.0,1461250.0,80.097836,13.216466,23.28,2.82,0.526,291.0,0.153,0.0,0.847,40,10485.0,14546.4,15725.4,445.4,21254.6,19072.8,0.0,258,51436.2,1716.0,0,7759.3,22548.1
CHN_G3551,402750.0,1461250.0,80.102451,13.216482,21.43,0.5,0.665,300.0,0.016,0.0,0.984,40,10193.5,14069.5,15330.7,411.0,20795.8,19542.2,0.0,359,90527.8,1284.3,0,7259.4,22221.2
CHN_G3552,403250.0,1461250.0,80.107065,13.216498,20.67,0.37,0.738,287.0,0.0,0.0,1.0,40,9918.6,13594.3,14942.3,384.9,20338.9,20013.1,0.0,395,112793.0,924.2,1,6759.4,21900.8
CHN_G3553,403750.0,1461250.0,80.111679,13.216514,25.93,0.36,0.453,287.0,0.061,0.0,0.938,40,9661.8,13121.0,14560.7,354.4,19884.1,20485.4,0.0,339,97806.7,747.7,1,6259.5,21587.3
CHN_G3554,404250.0,1461250.0,80.116293,13.21653,24.58,1.93,0.527,288.0,0.049,0.0,0.942,40,9424.6,12649.7,14186.5,241.0,19412.6,20958.9,0.0,109,34311.1,874.0,1,5759.6,21280.4
CHN_G3555,404750.0,1461250.0,80.120908,13.216546,25.92,1.57,0.406,291.0,0.023,0.0,0.977,10,9208.4,12180.5,13820.2,287.7,18928.4,21433.7,0.0,255,88626.1,1211.9,0,5259.7,20880.9
CHN_G3556,405250.0,1461250.0,80.125522,13.216562,28.51,1.83,0.2,301.0,0.124,0.0,0.876,10,8917.3,11713.0,13462.6,423.4,18445.0,21909.6,0.0,311,109136.2,1635.1,0,4759.9,20485.8
CHN_G3557,405750.0,1461250.0,80.130136,13.216578,20.38,2.16,0.622,301.0,0.005,0.433,0.56,80,8505.3,11248.3,13114.2,242.8,17962.6,22386.5,0.0,282,83652.6,2092.4,0,4260.1,20095.3
CHN_G3558,406250.0,1461250.0,80.134751,13.216593,15.0,0.0,0.915,113.0,0.0,0.994,0.0,80,8103.3,10786.8,12776.0,74.0,17481.1,22864.4,0.0,253,70004.1,2565.7,0,3760.3,19709.8
CHN_G3559,406750.0,1461250.0,80.139365,13.216609,15.0,0.0,0.88,79.0,0.0,0.999,0.0,80,7712.7,10328.8,12448.6,16.8,17000.6,23343.3,0.0,182,52155.0,2673.6,0,3260.6,19329.5
CHN_G3560,407250.0,1461250.0,80.143979,13.216624,15.0,1.59,0.838,306.0,0.002,0.7,0.298,80,7335.4,9874.9,12133.0,294.6,16521.4,23823.0,0.0,316,81102.8,2623.1,0,2761.0,18954.8
CHN_G3561,407750.0,1461250.0,80.148594,13.21664,17.67,2.83,0.643,229.0,0.02,0.262,0.594,30,6973.6,9425.7,11830.1,784.7,16043.4,24303.5,0.0,378,112647.7,2467.4,0,2261.6,18586.0
CHN_G3562,408250.0,1461250.0,80.153208,13.216655,20.11,1.81,0.468,314.0,0.087,0.025,0.705,10,6629.7,8981.9,11541.0,378.7,15566.8,24784.9,0.0,345,84416.0,2009.6,0,1762.5,18223.4
CHN_G3563,408750.0,1461250.0,80.157822,13.21667,20.79,1.12,0.403,313.0,0.437,0.0,0.562,50,6306.8,8544.3,11266.6,53.5,15091.7,25266.9,0.0,466,80873.6,1577.5,0,1264.1,17867.5
CHN_G3564,409250.0,1461250.0,80.162436,13.216685,14.76,1.22,0.698,303.0,0.34,0.0,0.64,40,6008.2,8113.8,11008.1,429.7,14618.3,25749.6,0.0,252,49623.8,1199.5,0,767.9,17518.6
CHN_G3565,409750.0,1461250.0,80.167051,13.2167,12.62,1.0,0.743,133.0,0.45,0.0,0.525,50,5737.7,7691.8,10766.6,633.8,14146.6,26233.0,0.0,9,1665.8,942.8,1,285.1,17177.2
CHN_G3566,410250.0,1461250.0,80.171665,13.216715,11.34,0.61,0.749,302.0,0.181,0.0,0.648,10,5499.4,7279.7,10543.4,210.9,13677.1,26716.9,0.0,0,0.0,915.9,1,270.1,16843.7
CHN_G3567,410750.0,1461250.0,80.176279,13.21673,11.3,0.7,0.695,310.0,0.276,0.0,0.724,10,5278.2,6879.3,10339.5,328.3,13209.7,27201.5,0.0,0,0.0,1135.4,0,751.4,16518.6
CHN_G3568,411250.0,1461250.0,80.180894,13.216745,10.84,0.34,0.682,325.0,0.166,0.0,0.834,10,5035.6,6492.6,10156.1,818.7,12744.8,27686.6,0.0,416,83593.3,1496.4,0,1247.5,16202.5
CHN_G3569,411750.0,1461250.0,80.185508,13.21676,10.87,0.12,0.651,324.0,0.057,0.0,0.943,40,4832.6,6122.4,9994.4,1316.3,12282.7,28172.2,0.0,36,6646.0,1920.8,0,1745.8,15885.3
CHN_G3570,412250.0,1461250.0,80.190123,13.216775,10.38,0.17,0.65,326.0,0.0,0.0,0.994,40,4674.6,5771.9,9855.5,1698.5,11823.7,28658.3,0.0,171,78777.2,2306.7,0,2244.9,15575.1
CHN_G3571,412750.0,1461250.0,80.194737,13.216789,10.57,1.36,0.61,312.0,0.055,0.0,0.852,10,4246.1,5444.7,9740.3,2087.2,11368.1,29144.9,0.0,423,83255.2,2612.3,0,2744.3,15275.0
CHN_G3572,413250.0,1461250.0,80.199351,13.216804,13.33,2.82,0.431,305.0,0.211,0.0,0.789,40,3822.1,5145.3,9644.9,2515.5,10916.4,29632.0,0.0,407,95235.6,2971.1,0,3243.9,14985.5
CHN_G3573,413750.0,1461250.0,80.203966,13.216818,10.42,0.44,0.585,305.0,0.05,0.009,0.925,10,3418.8,4879.0,9573.2,2966.0,10469.1,30119.4,0.0,1,72.7,3366.1,0,3743.6,14707.3
CHN_G3574,414250.0,1461250.0,80.20858,13.216832,7.49,0.34,0.739,319.0,0.0,0.0,1.0,10,3044.3,4645.5,9504.2,3429.6,10026.8,30607.3,0.0,0,0.0,3786.0,0,4243.4,14441.1
CHN_G3575,414750.0,1461250.0,80.213194,13.216847,7.78,0.5,0.695,322.0,0.0,0.0,1.0,40,2710.5,4446.8,9315.0,3828.5,9590.1,31095.6,0.0,0,0.0,4223.4,0,4743.2,14187.5
CHN_G3576,415250.0,1461250.0,80.217809,13.216861,9.16,2.74,0.594,331.0,0.194,0.0,0.802,40,2434.4,4276.6,9149.3,3412.8,9159.9,31584.2,0.0,0,0.0,4673.3,0,5243.0,13947.2
CHN_G3577,415750.0,1461250.0,80.222423,13.216875,8.09,1.68,0.633,323.0,0.089,0.0,0.911,40,2237.4,4159.8,9008.3,3022.7,8732.8,32073.1,0.0,0,0.0,4962.6,0,5742.9,13721.0
CHN_G3578,416250.0,1461250.0,80.227038,13.216889,7.89,0.62,0.61,318.0,0.006,0.0,0.994,40,2141.4,3952.9,8893.2,2669.6,8306.6,32562.5,0.0,0,0.0,4488.3,0,6242.8,13509.5
CHN_G3579,416750.0,1461250.0,80.231652,13.216903,9.19,0.95,0.502,323.0,0.0,0.0,1.0,40,2159.8,3771.6,8805.0,2369.9,7880.3,33052.1,0.0,0,0.0,4020.2,0,6742.7,13313.4
CHN_G3580,417250.0,1461250.0,80.236266,13.216916,6.2,0.79,0.65,317.0,0.0,0.0,0.991,40,2290.1,3487.6,8744.6,2146.2,7454.5,33542.0,0.0,0,0.0,3560.7,0,7242.6,13133.4
CHN_G3581,417750.0,1461250.0,80.240881,13.21693,4.5,0.0,0.723,314.0,0.044,0.0,0.812,40,2497.3,3255.5,8712.5,2023.9,7034.2,34032.2,0.0,0,0.0,3113.8,0,7742.6,12940.0
CHN_G3582,418250.0,1461250.0,80.245495,13.216944,9.6,1.45,0.379,321.0,0.104,0.0,0.896,10,2197.9,3084.8,8506.4,2021.3,6615.0,34522.7,0.0,0,0.0,2685.7,0,7529.7,12716.7
CHN_G3583,418750.0,1461250.0,80.25011,13.216957,5.91,0.55,0.565,310.0,0.096,0.0,0.903,10,1883.4,2954.5,8008.9,1886.8,6204.5,35013.5,0.0,0,0.0,2286.9,0,7087.0,12509.3
CHN_G3584,419250.0,1461250.0,80.254724,13.216971,4.35,0.48,0.633,309.0,0.045,0.0,0.955,40,1662.5,2905.6,7511.8,1469.6,5808.1,35504.5,0.0,0,0.0,1935.6,0,6652.4,12318.8
CHN_G3585,419750.0,1461250.0,80.259339,13.216984,5.76,2.25,0.534,317.0,0.17,0.0,0.805,40,1451.3,2942.0,7015.1,1044.9,5428.8,35995.8,0.0,283,22686.5,1662.4,0,6227.7,12145.8
CHN_G3586,420250.0,1461250.0,80.263953,13.216998,4.08,0.11,0.625,311.0,0.187,0.0,0.808,40,1003.1,3060.8,6518.9,701.6,4987.1,36487.3,0.0,471,51999.8,1510.2,0,5814.9,11991.3
CHN_G3587,420750.0,1461250.0,80.268567,13.217011,6.78,0.41,0.448,233.0,0.355,0.008,0.634,50,637.4,3253.0,6023.3,343.9,4527.1,36979.1,0.0,294,36376.3,1515.8,0,5416.9,11855.8
CHN_G3588,421250.0,1461250.0,80.273182,13.217024,5.76,5.7,0.496,221.0,0.321,0.174,0.474,10,551.4,3506.4,5528.6,28.3,4076.0,37471.0,0.0,284,38066.2,1677.7,0,5037.1,11740.1
CHN_G3589,421750.0,1461250.0,80.277796,13.217037,4.9,0.12,0.531,263.0,0.086,0.0,0.83,10,650.9,3809.0,5034.8,367.1,3637.6,37963.2,0.0,192,26859.2,1957.5,0,4679.9,11644.7
CHN_G3590,422250.0,1461250.0,80.282411,13.21705,3.58,0.54,0.596,317.0,0.0,0.0,1.0,10,859.1,4149.9,4542.4,708.5,3217.3,38455.6,0.0,23,3795.7,2312.7,0,4351.0,11570.1
CHN_G3591,422750.0,1461250.0,80.287025,13.217063,3.26,0.14,0.598,313.0,0.0,0.016,0.978,30,1230.8,4482.7,4051.9,924.9,2821.9,38948.1,0.0,10,3614.7,2714.0,0,4057.1,11516.8
CHN_G3592,423250.0,1461250.0,80.29164,13.217076,0.94,0.85,0.708,306.0,0.0,0.012,0.772,40,1661.8,4675.5,3564.0,1093.7,2389.6,39440.9,0.0,389,56516.6,3143.7,0,3806.5,11485.1
CHN_G3593,423750.0,1461250.0,80.296254,13.217089,3.5,0.11,0.535,255.0,0.007,0.179,0.392,60,2095.7,4911.8,3080.1,1379.7,1937.3,39933.8,0.0,377,64192.0,3591.6,0,3608.2,11475.0
CHN_G3594,424750.0,1461250.0,80.305483,13.217114,2.29,0.5,0.616,18.0,0.037,0.446,0.218,80,1172.2,5491.4,2134.4,927.3,1033.2,40920.2,0.0,369,61231.0,3277.5,0,3402.6,11520.2
CHN_G3595,425250.0,1461250.0,80.310098,13.217126,1.33,2.0,0.697,18.0,0.002,0.575,0.376,80,678.4,5824.2,1685.2,454.1,591.7,41413.7,0.0,250,30450.4,3161.4,0,3406.9,11575.1
CHN_G3596,425750.0,1461250.0,80.314712,13.217139,0.0,0.0,0.771,173.0,0.023,0.636,0.288,80,215.6,6179.5,1274.5,19.1,173.1,41907.2,708.0,59,5825.8,3122.1,0,3483.8,11651.3
CHN_G3597,426250.0,1461250.0,80.319327,13.217151,10.25,1.51,0.141,173.0,0.866,0.063,0.064,50,3.3,6553.7,953.2,412.9,249.0,42401.0,15673.3,353,42035.9,3162.4,0,3628.5,11748.3
CHN_G3598,426750.0,1461250.0,80.323941,13.217163,5.05,1.78,0.43,173.0,0.506,0.018,0.264,50,345.7,6943.8,832.5,781.9,694.8,42894.9,0.0,278,47010.8,3279.3,0,3833.5,11865.6
CHN_G3599,427250.0,1461250.0,80.328556,13.217175,0.0,0.0,0.706,173.0,0.008,0.947,0.036,80,472.4,7347.2,986.7,1221.9,1159.1,43388.9,0.0,123,16921.3,3465.1,0,4089.6,12002.5
CHN_G3600,402250.0,1461750.0,80.09782,13.220986,20.71,0.57,0.578,293.0,0.108,0.0,0.867,40,10889.5,14406.4,16033.4,53.4,21456.0,18904.3,0.0,219,29375.3,1985.2,0,7783.1,22926.0
CHN_G3601,402750.0,1461750.0,80.102434,13.221003,20.59,0.74,0.607,298.0,0.026,0.0,0.974,40,10609.2,13924.8,15646.5,87.8,20989.9,19377.8,0.0,319,50152.8,1626.6,0,7284.8,22604.6
CHN_G3602,403250.0,1461750.0,80.107049,13.221019,19.78,0.22,0.689,295.0,0.007,0.0,0.993,40,10345.4,13444.5,15266.1,114.5,20506.3,19852.6,0.0,93,10104.8,1360.3,0,6786.8,22289.7
CHN_G3603,403750.0,1461750.0,80.111663,13.221035,19.92,0.36,0.733,301.0,0.0,0.0,0.999,40,10099.4,12965.7,14892.8,144.6,20023.6,20328.6,0.0,303,41009.7,1247.1,0,6289.1,21980.1
CHN_G3604,404250.0,1461750.0,80.116277,13.221051,19.94,0.91,0.766,298.0,0.0,0.0,0.918,40,9872.7,12488.5,14527.1,241.9,19541.7,20805.7,0.0,248,36612.2,1326.7,0,5791.7,21581.9
CHN_G3605,404750.0,1461750.0,80.120892,13.221067,24.56,1.12,0.484,304.0,0.028,0.005,0.933,40,9611.5,12013.2,14169.7,159.6,19060.7,21283.9,0.0,126,17064.9,1570.0,0,5294.9,21188.1
CHN_G3606,405250.0,1461750.0,80.125506,13.221083,21.07,0.19,0.659,301.0,0.0,0.001,0.995,40,9203.4,11540.0,13821.1,73.3,18580.8,21763.1,0.0,161,31448.0,1915.6,0,4798.7,20798.8
CHN_G3607,405750.0,1461750.0,80.13012,13.221098,26.56,2.84,0.287,299.0,0.0,0.018,0.981,40,8804.9,11069.1,13482.0,221.9,18101.9,22243.2,0.0,322,83571.2,2318.3,0,4303.4,20414.3
CHN_G3608,406250.0,1461750.0,80.134735,13.221114,18.39,1.32,0.74,301.0,0.0,0.759,0.199,80,8417.1,10600.4,13153.2,401.3,17624.3,22724.1,0.0,305,90416.1,2354.2,0,3809.3,20034.9
CHN_G3609,406750.0,1461750.0,80.139349,13.22113,15.0,0.0,0.879,111.0,0.0,1.0,0.0,80,8041.8,10134.0,12835.4,455.3,17147.9,23205.8,0.0,234,70845.3,2185.2,0,3316.9,19660.9
CHN_G3610,407250.0,1461750.0,80.143963,13.221145,15.0,0.0,0.812,306.0,0.0,0.999,0.0,80,7680.7,9671.0,12529.6,491.8,16672.8,23688.3,0.0,41,10596.2,2123.1,0,2827.3,19292.7
CHN_G3611,407750.0,1461750.0,80.148578,13.22116,15.0,0.0,0.758,322.0,0.0,0.983,0.009,80,7335.9,9211.8,12236.5,588.1,16199.3,24171.6,0.0,103,33468.0,2177.3,0,2342.1,18930.4
CHN_G3612,408250.0,1461750.0,80.153192,13.221176,15.0,0.0,0.719,322.0,0.0,0.704,0.29,80,7009.9,8757.2,11957.2,107.8,15727.4,24655.4,0.0,112,37273.1,2276.5,0,1864.7,18574.6
CHN_G3613,408750.0,1461750.0,80.157807,13.221191,14.11,0.57,0.745,318.0,0.045,0.0,0.954,10,6705.3,8307.7,11692.6,280.3,15257.3,25139.9,0.0,110,82254.7,1905.9,0,1403.1,18225.5
CHN_G3614,409250.0,1461750.0,80.162421,13.221206,14.63,3.88,0.659,309.0,0.343,0.0,0.652,40,6425.2,7864.3,11443.7,286.8,14789.2,25625.1,0.0,232,48988.8,1607.0,0,980.0,17883.7
CHN_G3615,409750.0,1461750.0,80.167035,13.221221,13.04,1.0,0.687,20.0,0.382,0.0,0.581,50,6173.0,7428.2,11211.7,133.8,14323.2,26110.7,0.0,296,78071.6,1425.7,0,672.3,17549.3
CHN_G3616,410250.0,1461750.0,80.17165,13.221236,13.1,0.38,0.627,321.0,0.286,0.0,0.692,10,5952.2,7000.6,10997.4,112.2,13859.6,26596.9,0.0,297,98746.9,1408.1,0,666.0,17223.1
CHN_G3617,410750.0,1461750.0,80.176264,13.221251,13.16,1.1,0.58,321.0,0.154,0.0,0.84,10,5710.8,6583.1,10802.1,313.1,13398.6,27083.6,0.0,435,110440.2,1559.8,0,967.1,16905.3
CHN_G3618,411250.0,1461750.0,80.180879,13.221266,11.57,0.68,0.641,333.0,0.094,0.0,0.904,40,5487.3,6178.0,10626.7,793.8,12940.5,27570.8,0.0,463,97890.6,1839.3,0,1388.1,16588.8
CHN_G3619,411750.0,1461750.0,80.185493,13.221281,12.61,0.45,0.557,329.0,0.12,0.0,0.871,40,5301.7,5787.7,10472.3,1289.2,12485.7,28058.4,0.0,414,92232.4,2198.4,0,1848.9,16276.6
CHN_G3620,412250.0,1461750.0,80.190108,13.221295,10.98,0.26,0.631,329.0,0.151,0.0,0.812,40,4933.0,5415.5,10339.8,1787.2,12034.4,28546.5,0.0,98,19576.5,2604.5,0,2326.0,15974.0
CHN_G3621,412750.0,1461750.0,80.194722,13.22131,12.73,1.79,0.508,324.0,0.231,0.0,0.76,10,4518.1,5065.4,10229.9,2286.1,11587.1,29035.0,0.0,8,2951.2,3001.7,0,2811.0,15681.5
CHN_G3622,413250.0,1461750.0,80.199337,13.221324,11.24,0.4,0.585,324.0,0.048,0.0,0.952,40,4122.3,4742.1,10138.1,2785.3,11144.3,29523.8,0.0,0,0.0,3318.7,0,3300.5,15399.7
CHN_G3623,413750.0,1461750.0,80.203951,13.221339,10.8,1.07,0.587,323.0,0.0,0.0,1.0,40,3751.3,4451.7,10069.8,3198.4,10706.5,30013.0,0.0,0,0.0,3676.5,0,3792.8,15129.1
CHN_G3624,414250.0,1461750.0,80.208565,13.221353,9.48,0.3,0.644,311.0,0.0,0.0,1.0,10,3413.5,4200.1,9964.3,3633.3,10274.4,30502.6,0.0,190,60845.9,4064.5,0,4286.8,14870.4
CHN_G3625,414750.0,1461750.0,80.21318,13.221367,13.89,8.26,0.363,319.0,0.029,0.0,0.965,10,3119.5,3985.5,9784.0,4083.1,9846.7,30992.5,0.0,104,43880.6,4474.7,0,4782.1,14624.3
CHN_G3626,415250.0,1461750.0,80.217794,13.221382,9.39,2.3,0.609,321.0,0.022,0.0,0.978,40,2882.9,3800.6,9626.3,3728.8,9420.4,31482.7,0.0,94,22747.1,4901.7,0,5278.3,14391.3
CHN_G3627,415750.0,1461750.0,80.222409,13.221396,8.0,0.41,0.665,312.0,0.018,0.0,0.982,40,2718.6,3668.7,9492.4,3375.5,8994.2,31973.2,0.0,186,41274.5,5135.2,0,5775.1,14172.2
CHN_G3628,416250.0,1461750.0,80.227023,13.22141,12.01,3.22,0.392,309.0,0.07,0.0,0.93,40,2640.1,3493.5,9383.3,3063.3,8567.9,32464.1,0.0,319,95499.0,4678.3,0,6272.4,13967.5
CHN_G3629,416750.0,1461750.0,80.231638,13.221424,8.96,0.48,0.547,317.0,0.0,0.0,1.0,40,2655.1,3314.8,9299.7,2806.0,8145.2,32955.1,0.0,4,985.4,4231.3,0,6770.1,13777.9
CHN_G3630,417250.0,1461750.0,80.236252,13.221437,7.99,0.85,0.574,317.0,0.0,0.0,1.0,40,2762.1,3071.6,9242.6,2619.8,7725.7,33446.5,0.0,0,0.0,3797.5,0,7268.2,13604.1
CHN_G3631,417750.0,1461750.0,80.240867,13.221451,7.14,1.6,0.589,306.0,0.0,0.0,0.996,40,2904.9,2805.4,8971.8,2307.1,7309.4,33938.1,0.0,0,0.0,3382.0,0,7766.5,13385.4
CHN_G3632,418250.0,1461750.0,80.245481,13.221465,7.16,1.61,0.542,307.0,0.094,0.0,0.905,10,2579.8,2608.8,8472.1,1984.7,6904.0,34429.9,0.0,0,0.0,2992.5,0,7768.0,13169.6
CHN_G3633,418750.0,1461750.0,80.250096,13.221478,7.35,1.19,0.496,303.0,0.233,0.0,0.767,10,2317.7,2464.5,7972.5,1659.4,6511.8,34922.0,0.0,0,0.0,2640.4,0,7339.7,12969.5
CHN_G3634,419250.0,1461750.0,80.25471,13.221492,5.4,0.96,0.581,309.0,0.021,0.0,0.979,40,2118.7,2405.6,7473.0,1204.1,6102.5,35414.3,0.0,0,0.0,2342.8,0,6921.0,12785.8
CHN_G3635,419750.0,1461750.0,80.259325,13.221505,3.92,0.24,0.649,311.0,0.004,0.0,0.995,40,1699.7,2449.5,6973.5,786.0,5644.4,35906.8,0.0,0,0.0,2122.7,0,6513.8,12619.3
CHN_G3636,420250.0,1461750.0,80.263939,13.221519,3.67,1.86,0.654,313.0,0.22,0.0,0.746,40,1337.5,2591.0,6474.1,351.7,5194.0,36399.5,0.0,0,0.0,2005.7,0,6120.4,12470.6
CHN_G3637,420750.0,1461750.0,80.268554,13.221532,2.39,2.25,0.714,321.0,0.045,0.104,0.83,10,1090.4,2815.4,5974.8,11.3,4753.6,36892.5,0.0,0,0.0,2009.9,0,5743.5,12340.4
CHN_G3638,421250.0,1461750.0,80.273169,13.221545,5.08,1.56,0.543,176.0,0.443,0.017,0.522,10,1043.6,3104.8,5475.7,273.2,4326.1,37385.6,0.0,0,0.0,2134.7,0,5386.8,12229.2
CHN_G3639,421750.0,1461750.0,80.277783,13.221558,3.17,2.22,0.643,168.0,0.233,0.0,0.692,10,1137.1,3442.8,4976.7,734.5,3915.9,37878.8,0.0,0,0.0,2360.9,0,5054.4,12137.7
CHN_G3640,422250.0,1461750.0,80.282398,13.221571,4.25,0.82,0.565,318.0,0.024,0.0,0.918,10,1290.9,3816.5,4477.9,1072.1,3507.7,38372.3,0.0,0,0.0,2662.9,0,4751.4,12066.2
CHN_G3641,422750.0,1461750.0,80.287012,13.221584,2.04,0.11,0.676,311.0,0.0,0.0,0.988,30,1563.1,4015.7,3979.5,1412.3,3054.6,38865.9,0.0,16,934.7,3017.9,0,4483.9,12015.1
CHN_G3642,423250.0,1461750.0,80.291627,13.221597,3.12,0.85,0.586,313.0,0.0,0.0,0.996,30,1928.8,4229.8,3481.5,1541.0,2599.5,39359.7,0.0,286,35066.3,3409.5,0,4258.5,11984.6
CHN_G3643,423750.0,1461750.0,80.296241,13.221609,1.89,1.03,0.641,303.0,0.01,0.085,0.637,30,2256.5,4489.6,2984.1,1785.4,2150.9,39853.6,0.0,393,44097.5,3826.5,0,4082.2,11975.0
CHN_G3644,424250.0,1461750.0,80.300856,13.221622,1.36,0.74,0.657,321.0,0.032,0.8,0.054,80,1782.7,4787.6,2487.8,1562.0,1709.4,40347.7,0.0,284,34520.3,3919.3,0,3961.5,11986.2
CHN_G3645,424750.0,1461750.0,80.30547,13.221635,3.7,1.06,0.524,47.0,0.002,0.578,0.108,80,1328.3,5117.3,1993.4,1091.1,1281.5,40842.0,0.0,300,38014.9,3756.8,0,3901.7,12018.3
CHN_G3646,425250.0,1461750.0,80.310085,13.221647,3.33,1.42,0.57,47.0,0.002,0.291,0.29,60,904.5,5472.8,1502.7,657.8,867.5,41336.3,0.0,132,15579.0,3656.1,0,3905.5,12071.0
CHN_G3647,425750.0,1461750.0,80.3147,13.22166,2.17,0.54,0.638,173.0,0.0,0.512,0.481,80,449.9,5849.5,1021.0,294.0,393.2,41830.8,0.0,11,1716.4,3622.1,0,3972.7,12144.0
CHN_G3648,426250.0,1461750.0,80.319314,13.221672,4.4,3.98,0.484,173.0,0.503,0.327,0.124,50,8.6,6243.6,571.7,111.2,106.8,42325.5,12609.1,230,38019.8,3656.9,0,4100.2,12237.1
CHN_G3649,426750.0,1461750.0,80.323929,13.221684,6.38,0.31,0.343,173.0,0.788,0.036,0.174,50,2.5,6651.9,333.5,592.1,606.7,42820.2,17625.2,276,63467.4,3758.4,0,4282.6,12349.8
CHN_G3650,427250.0,1461750.0,80.328543,13.221696,0.0,0.11,0.703,173.0,0.178,0.634,0.122,80,275.5,7072.0,619.7,1073.0,1106.7,43315.1,94.8,245,30002.0,3921.6,0,4513.3,12481.4
CHN_G3651,402250.0,1462250.0,80.097803,13.225507,13.2,0.58,0.957,306.0,0.065,0.0,0.923,10,11301.8,14282.6,16350.9,266.3,21602.5,18747.6,0.0,53,4576.2,2331.8,0,7838.9,23308.6
CHN_G3652,402750.0,1462250.0,80.102418,13.225523,19.78,0.39,0.572,301.0,0.026,0.0,0.974,40,11031.9,13796.6,15971.6,586.7,21121.1,19225.0,0.0,0,0.0,2035.2,0,7344.4,22992.5
CHN_G3653,403250.0,1462250.0,80.107032,13.225539,19.36,0.35,0.63,302.0,0.039,0.0,0.956,40,10778.4,13311.7,15599.2,614.0,20640.6,19703.5,0.0,0,0.0,1829.4,0,6850.6,22680.3
CHN_G3654,403750.0,1462250.0,80.111646,13.225556,19.89,0.76,0.664,298.0,0.011,0.0,0.914,40,10542.6,12827.9,15234.1,643.6,20161.1,20183.0,0.0,0,0.0,1746.9,0,6357.9,22283.4
CHN_G3655,404250.0,1462250.0,80.116261,13.225572,18.44,0.17,0.811,296.0,0.0,0.0,1.0,40,10307.4,12345.5,14876.8,710.5,19682.6,20663.5,0.0,0,0.0,1804.6,0,5866.4,21890.7
CHN_G3656,404750.0,1462250.0,80.120875,13.225587,27.13,1.61,0.322,301.0,0.069,0.0,0.931,40,9902.8,11864.4,14527.9,581.1,19205.2,21144.9,0.0,3,65.1,1990.3,0,5376.4,21502.5
CHN_G3657,405250.0,1462250.0,80.12549,13.225603,28.78,4.05,0.224,298.0,0.012,0.0,0.988,40,9507.2,11385.0,14188.1,570.1,18728.9,21627.1,0.0,1,30.4,2272.9,0,4888.5,21119.0
CHN_G3658,405750.0,1462250.0,80.130104,13.225619,33.4,5.45,0.0,304.0,0.031,0.0,0.969,40,9122.0,10907.5,13858.0,686.7,18254.0,22110.2,0.0,94,7287.0,2221.8,0,4403.3,20740.5
CHN_G3659,406250.0,1462250.0,80.134719,13.225635,28.66,1.54,0.182,297.0,0.0,0.059,0.83,30,8748.3,10432.1,13538.4,871.1,17780.4,22593.9,0.0,522,40756.2,1915.5,0,3921.9,20367.2
CHN_G3660,406750.0,1462250.0,80.139333,13.22565,15.0,0.0,0.904,111.0,0.0,0.937,0.046,80,8387.8,9959.0,13229.9,931.7,17308.3,23078.4,0.0,345,48037.8,1703.5,0,3445.7,19999.4
CHN_G3661,407250.0,1462250.0,80.143948,13.225666,15.0,0.0,0.815,111.0,0.0,1.0,0.0,80,8042.2,9488.8,12933.4,947.0,16837.8,23563.5,0.0,217,44658.2,1623.2,0,2977.3,19637.5
CHN_G3662,407750.0,1462250.0,80.148562,13.225681,15.0,0.0,0.744,2.0,0.0,0.998,0.0,80,7713.6,9020.6,12649.7,727.1,16369.0,24049.2,0.0,187,46985.8,1693.3,0,2521.1,19281.7
CHN_G3663,408250.0,1462250.0,80.153177,13.225697,15.0,0.0,0.695,322.0,0.0,0.984,0.006,80,7404.2,8555.8,12379.7,391.2,15902.2,24535.5,0.0,205,50253.7,1897.4,0,2085.1,18932.5
CHN_G3664,408750.0,1462250.0,80.157791,13.225712,12.64,0.19,0.797,29.0,0.012,0.069,0.894,10,7116.6,8095.1,12124.3,74.8,15437.4,25022.4,0.0,177,47886.6,2198.4,0,1685.0,18590.1
CHN_G3665,409250.0,1462250.0,80.162406,13.225727,12.38,0.14,0.766,314.0,0.291,0.0,0.668,40,6853.3,7639.5,11884.5,212.3,14974.9,25509.7,0.0,91,20691.8,2055.8,0,1353.1,18255.1
CHN_G3666,409750.0,1462250.0,80.16702,13.225742,18.76,4.09,0.348,317.0,0.328,0.0,0.636,50,6617.4,7189.7,11661.2,339.8,14514.9,25997.5,0.0,6,9432.5,1917.4,0,1150.0,17927.7
CHN_G3667,410250.0,1462250.0,80.171635,13.225757,12.3,0.46,0.692,320.0,0.078,0.0,0.922,40,6392.9,6746.9,11455.3,336.7,14057.6,26485.8,0.0,56,73974.1,1904.4,0,1146.4,17608.4
CHN_G3668,410750.0,1462250.0,80.176249,13.225772,12.91,1.25,0.625,325.0,0.151,0.0,0.839,10,6153.6,6312.8,11268.0,580.4,13603.3,26974.5,0.0,132,52490.2,2019.1,0,1343.8,17292.6
CHN_G3669,411250.0,1462250.0,80.180864,13.225787,17.58,4.35,0.313,319.0,0.023,0.0,0.972,10,5946.8,5889.1,11099.9,981.9,13152.4,27463.6,0.0,149,69860.9,2242.1,0,1672.6,16978.6
CHN_G3670,411750.0,1462250.0,80.185478,13.225801,11.98,0.48,0.622,331.0,0.091,0.0,0.909,40,5624.9,5478.3,10952.2,1431.1,12705.1,27953.1,0.0,293,82430.7,2545.0,0,2071.0,16673.7
CHN_G3671,412250.0,1462250.0,80.190093,13.225816,15.89,3.76,0.371,333.0,0.185,0.0,0.815,40,5217.2,5083.4,10825.6,1892.1,12261.8,28443.0,0.0,191,65224.6,2902.9,0,2506.2,16378.5
CHN_G3672,412750.0,1462250.0,80.194707,13.225831,12.37,2.25,0.561,339.0,0.193,0.0,0.807,40,4826.8,4708.6,10719.5,2369.0,11823.2,28933.2,0.0,263,70525.1,3298.1,0,2961.8,16093.3
CHN_G3673,413250.0,1462250.0,80.199322,13.225845,11.29,0.63,0.611,343.0,0.168,0.0,0.828,10,4458.4,4359.1,10631.9,2853.8,11389.5,29423.8,0.0,418,90501.9,3701.4,0,3429.9,15818.8
CHN_G3674,413750.0,1462250.0,80.203936,13.22586,12.37,1.26,0.518,343.0,0.039,0.0,0.961,40,4117.9,4041.2,10566.8,3343.1,10961.0,29914.6,0.0,381,83362.1,4025.3,0,3905.9,15555.5
CHN_G3675,414250.0,1462250.0,80.208551,13.225874,11.01,1.07,0.576,340.0,0.0,0.0,1.0,40,3812.7,3763.2,10428.0,3835.1,10534.3,30405.8,0.0,428,74119.4,4382.5,0,4387.2,15304.1
CHN_G3676,414750.0,1462250.0,80.213165,13.225888,11.15,0.16,0.55,323.0,0.014,0.0,0.983,40,3551.9,3527.7,10255.9,4313.1,10108.0,30897.2,0.0,112,25036.9,4765.5,0,4872.3,15065.0
CHN_G3677,415250.0,1462250.0,80.21778,13.225902,9.8,1.01,0.608,324.0,0.067,0.0,0.933,40,3346.0,3331.7,10105.6,4081.8,9681.8,31388.9,0.0,19,10840.8,5168.5,0,5360.1,14839.0
CHN_G3678,415750.0,1462250.0,80.222395,13.225916,8.79,0.45,0.637,310.0,0.132,0.0,0.868,40,3205.5,3180.4,9978.1,3755.8,9256.7,31880.9,0.0,3,190.3,5349.0,0,5850.0,14626.5
CHN_G3679,416250.0,1462250.0,80.227009,13.22593,11.48,4.86,0.445,305.0,0.015,0.0,0.985,10,3139.2,3047.0,9874.3,3288.9,8836.8,32373.1,0.0,4,445.3,4912.1,0,6341.4,14428.3
CHN_G3680,416750.0,1462250.0,80.231624,13.225944,15.18,1.88,0.2,318.0,0.038,0.0,0.962,10,3151.8,2840.3,9795.0,2832.7,8417.8,32865.5,0.0,24,47580.7,4488.4,0,6834.1,14244.8
CHN_G3681,417250.0,1462250.0,80.236238,13.225958,8.19,0.45,0.584,318.0,0.002,0.0,0.998,40,3242.5,2680.7,9467.1,2394.0,8006.0,33358.2,0.0,130,19946.9,4082.0,0,7327.8,14057.9
CHN_G3682,417750.0,1462250.0,80.240853,13.225972,7.45,0.29,0.59,316.0,0.004,0.0,0.996,40,3280.7,2375.2,8967.2,1983.7,7604.9,33851.1,0.0,28,25235.6,3698.6,0,7822.3,13834.5
CHN_G3683,418250.0,1462250.0,80.245467,13.225986,6.42,1.1,0.6,325.0,0.011,0.0,0.966,40,2996.6,2139.5,8467.3,1600.0,7216.1,34344.2,0.0,336,66006.5,3346.2,0,8030.4,13625.8
CHN_G3684,418750.0,1462250.0,80.250082,13.225999,6.61,2.9,0.554,322.0,0.006,0.01,0.984,40,2774.2,1979.5,7967.4,1292.5,6761.9,34837.5,0.0,283,105642.6,3035.5,0,7616.8,13432.5
CHN_G3685,419250.0,1462250.0,80.254697,13.226013,4.82,1.03,0.627,317.0,0.043,0.001,0.956,40,2402.4,1905.7,7467.5,1039.9,6312.0,35330.9,0.0,188,37741.6,2780.5,0,7214.2,13255.3
CHN_G3686,419750.0,1462250.0,80.259311,13.226026,3.97,0.4,0.653,316.0,0.144,0.0,0.82,10,2042.5,1960.8,6967.7,552.6,5870.3,35824.6,0.0,0,0.0,2597.7,0,6824.6,13094.7
CHN_G3687,420250.0,1462250.0,80.263926,13.226039,3.49,0.56,0.668,314.0,0.096,0.0,0.649,40,1752.6,2134.9,6467.8,86.2,5438.7,36318.4,0.0,0,0.0,2503.0,0,6450.1,12951.5
CHN_G3688,420750.0,1462250.0,80.268541,13.226053,3.95,0.63,0.627,317.0,0.018,0.002,0.777,10,1572.2,2402.3,5968.0,266.6,5019.7,36812.4,0.0,0,0.0,2506.4,0,6093.7,12826.1
CHN_G3689,421250.0,1462250.0,80.273155,13.226066,6.16,4.42,0.482,321.0,0.246,0.067,0.662,10,1540.0,2735.7,5468.2,61.4,4617.0,37306.6,0.0,0,0.0,2607.5,0,5758.7,12719.2
CHN_G3690,421750.0,1462250.0,80.27777,13.226079,4.98,1.42,0.537,324.0,0.178,0.0,0.822,10,1628.0,3114.1,4968.5,506.5,4171.9,37800.9,0.0,0,0.0,2795.7,0,5449.1,12631.2
CHN_G3691,422250.0,1462250.0,80.282384,13.226092,4.08,0.44,0.575,318.0,0.001,0.0,0.999,40,1759.3,3375.2,4468.8,999.6,3716.8,38295.4,0.0,0,0.0,3055.0,0,5169.3,12562.6
CHN_G3692,422750.0,1462250.0,80.286999,13.226105,3.1,0.38,0.614,316.0,0.0,0.0,0.988,40,1967.7,3557.7,3969.2,1497.3,3268.6,38790.0,0.0,0,0.0,3369.0,0,4924.5,12513.5
CHN_G3693,423250.0,1462250.0,80.291614,13.226118,3.38,0.49,0.574,319.0,0.023,0.0,0.938,30,2269.1,3797.7,3469.7,1996.1,2827.1,39284.7,0.0,0,0.0,3723.8,0,4720.2,12484.2
CHN_G3694,423750.0,1462250.0,80.296228,13.22613,2.64,0.67,0.601,330.0,0.088,0.0,0.852,30,2445.8,4085.0,2970.4,2207.8,2391.5,39779.6,0.0,0,0.0,4109.0,0,4561.8,12475.0
CHN_G3695,424250.0,1462250.0,80.300843,13.226143,4.0,0.86,0.505,186.0,0.199,0.118,0.487,30,2017.0,4410.5,2471.4,1765.4,1921.1,40274.6,0.0,0,0.0,4385.5,0,4454.1,12485.8
CHN_G3696,424750.0,1462250.0,80.305458,13.226156,2.04,0.6,0.619,335.0,0.036,0.471,0.198,80,1567.7,4766.3,1972.8,1363.3,1467.5,40769.7,0.0,0,0.0,4241.0,0,4401.0,12516.6
CHN_G3697,425250.0,1462250.0,80.310072,13.226168,1.92,0.32,0.657,320.0,0.039,0.103,0.404,60,1104.2,5146.2,1475.3,987.5,1008.6,41264.9,0.0,0,0.0,4152.0,0,4404.3,12567.2
CHN_G3698,425750.0,1462250.0,80.314687,13.226181,3.28,1.41,0.59,14.0,0.056,0.443,0.455,80,664.3,5545.1,980.2,506.6,611.2,41760.3,0.0,79,13913.3,4122.1,0,4464.0,12637.4
CHN_G3699,426250.0,1462250.0,80.319302,13.226193,0.0,0.0,0.77,14.0,0.111,0.777,0.109,80,211.9,5959.3,494.1,28.1,479.5,42255.7,2478.3,80,15544.9,4152.7,0,4577.9,12726.8
CHN_G3700,426750.0,1462250.0,80.323916,13.226205,4.91,1.51,0.451,14.0,0.62,0.054,0.31,50,9.7,6385.8,72.9,374.2,765.7,42751.3,9788.8,194,31061.2,4242.4,0,4742.0,12835.2
CHN_G3701,427250.0,1462250.0,80.328531,13.226217,7.53,0.18,0.276,146.0,0.653,0.222,0.053,50,99.2,6822.3,404.0,679.6,1201.1,43247.0,4933.0,158,19364.1,4387.6,0,4951.3,12961.9
CHN_G3702,402250.0,1462750.0,80.097787,13.230028,12.76,1.13,0.933,307.0,0.0,0.0,0.974,10,11720.8,14175.4,16677.3,14.5,21741.5,18603.1,0.0,52,5358.9,2726.5,0,7925.8,23695.5
CHN_G3703,402750.0,1462750.0,80.102401,13.230044,13.02,2.23,0.911,299.0,0.008,0.0,0.976,10,11460.8,13685.6,16305.6,334.1,21263.3,19084.1,0.0,26,3134.2,2477.6,0,7437.1,23380.8
CHN_G3704,403250.0,1462750.0,80.107016,13.23006,19.95,0.59,0.521,296.0,0.22,0.0,0.477,60,11217.0,13196.6,15941.0,390.0,20786.1,19566.0,0.0,31,4313.6,2311.5,0,6950.0,22985.1
CHN_G3705,403750.0,1462750.0,80.11163,13.230076,18.44,1.18,0.673,290.0,0.045,0.0,0.888,10,10990.6,12708.4,15583.9,342.5,20310.0,20048.8,0.0,46,8997.1,2246.8,0,6464.8,22593.6
CHN_G3706,404250.0,1462750.0,80.116245,13.230092,16.44,0.79,0.855,290.0,0.0,0.0,0.974,40,10603.2,12221.2,15234.8,410.1,19835.1,20532.5,0.0,5,1480.3,2291.9,0,5982.1,22206.4
CHN_G3707,404750.0,1462750.0,80.120859,13.230108,17.97,0.27,0.818,295.0,0.0,0.0,1.0,40,10210.3,11735.1,14894.4,771.6,19361.4,21016.9,0.0,0,0.0,2440.8,0,5502.4,21823.8
CHN_G3708,405250.0,1462750.0,80.125474,13.230124,29.77,1.47,0.145,294.0,0.108,0.0,0.84,10,9827.1,11250.2,14563.1,1066.8,18889.1,21502.0,0.0,0,0.0,2308.8,0,5026.8,21446.1
CHN_G3709,405750.0,1462750.0,80.130088,13.23014,30.41,1.72,0.115,298.0,0.088,0.015,0.84,30,9454.9,10766.7,14241.7,1152.4,18418.3,21987.8,0.0,0,0.0,1887.7,0,4556.3,21073.4
CHN_G3710,406250.0,1462750.0,80.134703,13.230155,26.51,0.65,0.322,308.0,0.0,0.001,0.993,10,9094.9,10284.7,13930.9,1335.8,17949.1,22474.2,0.0,0,0.0,1515.3,0,4092.9,20706.1
CHN_G3711,406750.0,1462750.0,80.139317,13.230171,21.44,4.12,0.539,302.0,0.0,0.156,0.69,10,8748.7,9804.6,13631.2,1422.3,17481.5,22961.1,0.0,0,0.0,1236.5,0,3639.1,20344.5
CHN_G3712,407250.0,1462750.0,80.143932,13.230187,15.0,0.0,0.837,111.0,0.0,0.732,0.189,80,8418.0,9326.5,13343.6,1289.5,17015.8,23448.7,0.0,0,0.0,1123.2,0,3199.2,19988.8
CHN_G3713,407750.0,1462750.0,80.148546,13.230202,15.0,0.0,0.745,2.0,0.0,0.99,0.0,80,8104.6,8850.9,13068.9,1044.4,16552.1,23936.7,0.0,0,0.0,1222.4,0,2779.7,19639.4
CHN_G3714,408250.0,1462750.0,80.153161,13.230217,15.0,0.0,0.682,2.0,0.0,0.993,0.0,80,7810.7,8378.1,12807.7,672.9,16090.5,24425.3,0.0,2,364.7,1492.3,0,2391.3,19296.7
CHN_G3715,408750.0,1462750.0,80.157776,13.230233,17.96,5.04,0.463,28.0,0.014,0.267,0.627,10,7538.6,7908.5,12561.0,559.3,15631.4,24914.3,0.0,2,301.2,1860.0,0,2051.8,18960.9
CHN_G3716,409250.0,1462750.0,80.16239,13.230248,19.8,4.83,0.316,317.0,0.45,0.0,0.532,50,7290.6,7441.4,12329.7,693.8,15174.8,25403.7,0.0,140,15508.4,2278.7,0,1789.3,18632.5
CHN_G3717,409750.0,1462750.0,80.167005,13.230263,17.13,2.09,0.445,331.0,0.228,0.0,0.766,10,7069.3,6978.9,12114.6,811.7,14721.0,25893.5,0.0,51,33965.4,2412.5,0,1641.1,18311.9
CHN_G3718,410250.0,1462750.0,80.171619,13.230278,16.28,3.59,0.469,336.0,0.144,0.0,0.856,40,6828.1,6521.9,11916.6,828.5,14270.3,26383.7,0.0,75,24388.0,2402.2,0,1638.6,17996.6
CHN_G3719,410750.0,1462750.0,80.176234,13.230293,13.05,0.03,0.635,321.0,0.012,0.0,0.988,40,6604.6,6071.6,11736.6,1005.6,13823.1,26874.3,0.0,80,18534.4,2494.1,0,1782.3,17681.0
CHN_G3720,411250.0,1462750.0,80.180849,13.230308,13.35,3.82,0.585,321.0,0.0,0.0,1.0,40,6320.2,5629.8,11575.4,1286.6,13379.5,27365.2,0.0,241,49118.3,2677.8,0,2041.6,17374.1
CHN_G3721,411750.0,1462750.0,80.185463,13.230322,12.81,0.96,0.597,336.0,0.018,0.0,0.982,40,5918.1,5198.5,11433.8,1668.0,12940.1,27856.4,0.0,120,34628.0,2936.1,0,2379.0,17076.3
CHN_G3722,412250.0,1462750.0,80.190078,13.230337,12.48,0.19,0.596,337.0,0.0,0.0,1.0,40,5532.0,4780.7,11312.6,2099.9,12505.2,28347.9,0.0,1,820.8,3251.3,0,2766.1,16788.1
CHN_G3723,412750.0,1462750.0,80.194692,13.230352,12.08,1.88,0.6,329.0,0.016,0.0,0.984,10,5165.5,4380.0,11210.1,2549.1,12075.3,28839.8,0.0,25,14891.3,3608.5,0,3184.8,16510.0
CHN_G3724,413250.0,1462750.0,80.199307,13.230366,11.31,1.64,0.628,336.0,0.026,0.0,0.974,40,4823.1,4001.9,11126.3,3005.0,11648.2,29331.9,0.0,65,48285.4,3996.4,0,3624.2,16242.5
CHN_G3725,413750.0,1462750.0,80.203922,13.23038,10.86,0.16,0.627,343.0,0.123,0.0,0.871,40,4510.2,3653.1,11064.1,3473.0,11221.9,29824.2,0.0,289,74067.3,4403.4,0,4077.5,15986.2
CHN_G3726,414250.0,1462750.0,80.208536,13.230395,11.81,2.26,0.543,350.0,0.227,0.0,0.766,40,4233.3,3342.9,10895.0,3948.9,10795.6,30316.9,0.0,432,86522.0,4732.1,0,4540.7,15741.6
CHN_G3727,414750.0,1462750.0,80.213151,13.230409,12.56,2.68,0.478,323.0,0.179,0.0,0.821,10,4000.1,3082.6,10730.3,4430.1,10369.5,30809.7,0.0,365,64154.5,5088.9,0,5011.0,15509.3
CHN_G3728,415250.0,1462750.0,80.217766,13.230423,10.47,0.53,0.578,344.0,0.201,0.0,0.799,40,3818.4,2870.3,10586.8,4084.4,9947.9,31302.8,0.0,82,16080.7,5468.1,0,5486.5,15289.8
CHN_G3729,415750.0,1462750.0,80.22238,13.230437,11.28,1.28,0.501,339.0,0.208,0.0,0.712,10,3695.9,2696.5,10465.2,3599.0,9528.3,31796.1,0.0,359,67021.4,5599.5,0,5966.0,15083.8
CHN_G3730,416250.0,1462750.0,80.226995,13.230451,9.27,0.94,0.586,319.0,0.045,0.0,0.955,40,3638.6,2591.1,10366.3,3118.2,9112.0,32289.6,0.0,237,41125.4,5183.7,0,6448.6,14891.6
CHN_G3731,416750.0,1462750.0,80.23161,13.230465,7.53,2.31,0.662,310.0,0.0,0.284,0.52,40,3649.5,2376.2,9980.8,2644.5,8704.4,32783.3,0.0,48,5279.6,4784.2,0,6933.7,14713.9
CHN_G3732,417250.0,1462750.0,80.236224,13.230479,8.0,0.22,0.605,318.0,0.017,0.066,0.873,40,3728.0,2214.8,9480.8,2175.5,8306.9,33277.2,0.0,66,22879.6,4405.1,0,7420.8,14503.4
CHN_G3733,417750.0,1462750.0,80.240839,13.230493,8.24,0.69,0.551,314.0,0.051,0.0,0.871,40,3686.2,1975.3,8980.9,1714.7,7879.5,33771.3,0.0,18,4207.5,4052.4,0,7909.5,14287.0
CHN_G3734,418250.0,1462750.0,80.245454,13.230507,6.54,0.25,0.603,324.0,0.017,0.0,0.975,40,3435.8,1687.9,8481.0,1283.5,7430.0,34265.5,0.0,143,12423.7,3733.5,0,8314.6,14085.0
CHN_G3735,418750.0,1462750.0,80.250068,13.23052,5.8,0.33,0.613,323.0,0.0,0.001,0.966,40,3107.1,1504.4,7981.1,892.9,6987.4,34759.9,0.0,48,26569.8,3457.8,0,7915.9,13898.1
CHN_G3736,419250.0,1462750.0,80.254683,13.230534,3.75,0.69,0.704,319.0,0.005,0.0,0.9,30,2748.5,1405.8,7481.2,610.2,6553.1,35254.5,0.0,26,72415.9,3236.2,0,7529.3,13726.9
CHN_G3737,419750.0,1462750.0,80.259298,13.230547,3.86,0.29,0.672,316.0,0.09,0.0,0.868,10,2440.2,1479.7,6981.3,403.8,6128.8,35749.2,0.0,25,15681.7,3080.6,0,7156.8,13571.9
CHN_G3738,420250.0,1462750.0,80.263912,13.23056,2.42,1.88,0.744,310.0,0.029,0.0,0.834,10,2203.3,1703.7,6481.5,1.5,5716.7,36244.0,0.0,63,15523.1,3001.2,0,6800.7,13433.7
CHN_G3739,420750.0,1462750.0,80.268527,13.230574,4.42,1.11,0.61,311.0,0.002,0.0,0.943,10,2062.6,2028.7,5981.7,403.4,5289.2,36739.0,0.0,272,55386.5,3004.0,0,6463.7,13313.0
CHN_G3740,421250.0,1462750.0,80.273142,13.230587,7.26,1.56,0.425,138.0,0.24,0.104,0.642,10,2038.2,2414.3,5481.9,95.8,4791.4,37234.2,0.0,486,123641.7,3088.9,0,6148.9,13210.0
CHN_G3741,421750.0,1462750.0,80.277756,13.2306,3.81,0.56,0.613,321.0,0.246,0.0,0.752,10,2118.9,2767.3,4982.1,592.1,4291.9,37729.4,0.0,337,75498.4,3249.3,0,5859.8,13125.3
CHN_G3742,422250.0,1462750.0,80.282371,13.230613,2.41,0.26,0.676,178.0,0.19,0.0,0.806,10,2232.0,2902.3,4482.4,1063.3,3792.6,38224.8,0.0,2,54.6,3474.9,0,5600.6,13059.2
CHN_G3743,422750.0,1462750.0,80.286986,13.230626,2.45,0.45,0.655,320.0,0.072,0.005,0.648,60,2408.4,3112.6,3982.8,1540.8,3293.4,38720.3,0.0,0,0.0,3753.9,0,5375.6,13012.0
CHN_G3744,423250.0,1462750.0,80.291601,13.230639,2.56,0.27,0.624,325.0,0.101,0.0,0.862,30,2660.3,3384.3,3483.3,2029.0,2794.5,39215.9,0.0,0,0.0,4075.4,0,5189.0,12983.9
CHN_G3745,423750.0,1462750.0,80.296215,13.230651,2.51,0.37,0.614,323.0,0.054,0.0,0.904,30,2683.0,3703.9,2983.9,2458.1,2296.2,39711.7,0.0,0,0.0,4430.1,0,5045.3,12975.0
CHN_G3746,424250.0,1462750.0,80.30083,13.230664,3.7,2.91,0.53,175.0,0.311,0.032,0.401,50,2221.3,4060.0,2484.8,2070.0,1798.7,40207.5,0.0,0,0.0,4810.7,0,4948.2,12985.4
CHN_G3747,424750.0,1462750.0,80.305445,13.230677,4.01,1.22,0.503,186.0,0.257,0.0,0.088,60,1780.5,4444.0,1986.2,1607.4,1303.3,40703.4,0.0,0,0.0,4728.4,0,4900.4,13015.0
CHN_G3748,425250.0,1462750.0,80.31006,13.230689,3.92,1.73,0.538,19.0,0.434,0.023,0.096,60,1329.0,4849.1,1488.4,1145.4,813.3,41199.5,0.0,0,0.0,4648.8,0,4903.4,13063.6
CHN_G3749,425750.0,1462750.0,80.314674,13.230702,0.0,0.0,0.791,8.0,0.122,0.558,0.296,80,915.1,5270.6,993.0,727.3,352.8,41695.6,0.0,0,0.0,4622.1,0,4957.1,13131.2
CHN_G3750,426250.0,1462750.0,80.319289,13.230714,0.0,0.0,0.778,8.0,0.042,0.903,0.043,80,639.2,5704.8,506.5,325.0,295.8,42191.8,0.0,0,0.0,4649.4,0,5059.9,13217.3
CHN_G3751,426750.0,1462750.0,80.323904,13.230726,0.0,0.0,0.751,146.0,0.098,0.877,0.015,80,190.8,6148.9,164.6,21.9,727.2,42688.1,2669.2,0,0.0,4729.7,0,5208.8,13321.7
CHN_G3752,427250.0,1462750.0,80.328519,13.230738,4.98,3.47,0.434,146.0,0.497,0.331,0.038,50,216.6,6601.1,534.8,179.8,1208.4,43184.5,2774.6,0,0.0,4860.3,0,5400.1,13443.8
CHN_G3753,427750.0,1462750.0,80.333133,13.23075,0.0,0.0,0.709,146.0,0.018,0.921,0.0,80,664.0,7059.7,997.2,249.9,1700.5,43681.0,0.0,186,15355.0,5037.5,0,5629.4,13583.3
CHN_G3754,402250.0,1463250.0,80.09777,13.234548,24.04,0.99,0.258,313.0,0.186,0.0,0.678,30,12146.0,14085.0,17012.1,328.4,21891.1,18471.0,0.0,240,33807.8,3151.2,0,8043.0,24081.8
CHN_G3755,402750.0,1463250.0,80.102385,13.234565,14.02,1.12,0.835,311.0,0.092,0.0,0.756,10,11895.3,13592.0,16648.0,142.9,21416.2,18955.3,0.0,14,1740.4,2938.5,0,7561.8,23687.2
CHN_G3756,403250.0,1463250.0,80.106999,13.234581,13.92,3.35,0.844,306.0,0.108,0.0,0.841,40,11660.6,13099.5,16291.0,104.1,20942.5,19440.4,0.0,65,10036.5,2799.9,0,7083.3,23296.8
CHN_G3757,403750.0,1463250.0,80.111614,13.234597,17.23,3.18,0.687,294.0,0.048,0.0,0.742,40,11304.4,12607.6,15941.7,157.2,20470.1,19926.3,0.0,4,335.8,2746.7,0,6607.9,22910.6
CHN_G3758,404250.0,1463250.0,80.116228,13.234613,14.93,4.25,0.876,285.0,0.003,0.0,0.981,10,10913.8,12116.4,15600.7,116.5,19999.0,20412.8,0.0,0,0.0,2783.7,0,6136.4,22528.8
CHN_G3759,404750.0,1463250.0,80.120843,13.234629,34.39,8.88,0.0,285.0,0.006,0.0,0.857,10,10532.5,11625.8,15268.4,603.2,19529.3,20900.0,0.0,7,609.0,2593.3,0,5669.9,22151.8
CHN_G3760,405250.0,1463250.0,80.125458,13.234645,33.98,2.77,0.0,279.0,0.0,0.002,0.664,30,10161.5,11136.2,14945.4,927.1,19061.1,21387.8,0.0,58,7950.0,2111.3,0,5209.5,21779.8
CHN_G3761,405750.0,1463250.0,80.130072,13.234661,28.74,0.53,0.176,307.0,0.002,0.138,0.483,60,9802.0,10647.5,14632.4,853.0,18594.7,21876.1,0.0,53,6547.4,1640.2,0,4757.2,21412.9
CHN_G3762,406250.0,1463250.0,80.134687,13.234676,25.43,0.52,0.361,300.0,0.0,0.01,0.954,10,9455.3,10159.9,14330.0,1046.4,18130.0,22364.9,0.0,30,3212.7,1192.9,0,4315.4,21051.5
CHN_G3763,406750.0,1463250.0,80.139301,13.234692,26.51,1.49,0.232,302.0,0.0,0.0,1.0,10,9122.8,9673.6,14038.9,1333.2,17667.2,22854.2,0.0,46,3861.3,809.8,1,3887.7,20695.9
CHN_G3764,407250.0,1463250.0,80.143916,13.234707,23.33,0.87,0.349,311.0,0.0,0.019,0.961,10,8806.1,9188.7,13759.9,939.1,17206.5,23344.0,0.0,0,0.0,623.3,1,3479.3,20346.4
CHN_G3765,407750.0,1463250.0,80.148531,13.234723,15.0,0.0,0.756,305.0,0.0,0.699,0.236,80,8507.0,8705.5,13493.6,597.7,16748.1,23834.2,0.0,0,0.0,788.2,1,3098.0,20003.3
CHN_G3766,408250.0,1463250.0,80.153145,13.234738,15.0,0.0,0.687,305.0,0.0,0.978,0.0,80,8227.5,8224.4,13240.8,576.7,16292.1,24324.8,0.0,6,594.4,1163.6,0,2754.8,19666.8
CHN_G3767,408750.0,1463250.0,80.15776,13.234753,15.27,3.63,0.628,25.0,0.119,0.235,0.508,10,7969.6,7745.7,13002.3,892.7,15838.8,24815.8,0.0,0,0.0,1608.3,0,2465.9,19337.5
CHN_G3768,409250.0,1463250.0,80.162375,13.234769,16.33,1.34,0.531,316.0,0.408,0.0,0.564,50,7735.5,7269.8,12779.0,1174.5,15388.3,25307.1,0.0,0,0.0,2078.3,0,2252.2,19015.6
CHN_G3769,409750.0,1463250.0,80.166989,13.234784,15.71,0.89,0.544,324.0,0.212,0.0,0.784,10,7508.6,6797.4,12571.6,1292.7,14941.1,25798.7,0.0,0,0.0,2559.7,0,2136.3,18700.9
CHN_G3770,410250.0,1463250.0,80.171604,13.234799,13.37,0.18,0.664,327.0,0.123,0.0,0.877,40,7271.6,6328.4,12380.9,1326.3,14497.2,26290.7,0.0,0,0.0,2900.7,0,2134.4,18383.8
CHN_G3771,410750.0,1463250.0,80.176219,13.234814,13.19,0.65,0.651,323.0,0.153,0.0,0.838,40,7017.8,5863.3,12207.7,1450.6,14057.2,26783.0,0.0,0,0.0,2977.3,0,2246.6,18074.9
CHN_G3772,411250.0,1463250.0,80.180833,13.234828,14.51,3.15,0.541,314.0,0.04,0.0,0.953,40,6620.3,5404.5,12052.8,1687.1,13621.2,27275.5,0.0,0,0.0,3132.8,0,2457.4,17774.8
CHN_G3773,411750.0,1463250.0,80.185448,13.234843,12.86,0.17,0.617,326.0,0.01,0.0,0.99,40,6237.7,4953.6,11916.9,1993.4,13189.9,27768.3,0.0,11,12800.7,3356.3,0,2744.2,17483.8
CHN_G3774,412250.0,1463250.0,80.190063,13.234858,20.27,2.47,0.154,337.0,0.03,0.0,0.97,40,5872.6,4513.1,11800.6,2366.6,12762.1,28261.4,0.0,101,61183.5,3635.2,0,3085.8,17202.4
CHN_G3775,412750.0,1463250.0,80.194678,13.234872,8.6,1.04,0.827,343.0,0.014,0.0,0.986,40,5528.8,4086.4,11701.5,2779.9,12335.8,28754.7,0.0,132,89059.4,3957.9,0,3466.1,16931.1
CHN_G3776,413250.0,1463250.0,80.199292,13.234887,11.29,0.47,0.647,341.0,0.046,0.0,0.954,40,5210.3,3678.1,11621.1,3217.9,11909.5,29248.3,0.0,231,61318.5,4314.5,0,3873.7,16670.4
CHN_G3777,413750.0,1463250.0,80.203907,13.234901,11.75,0.47,0.592,349.0,0.075,0.0,0.925,40,4922.0,3295.2,11542.0,3667.1,11483.2,29742.0,0.0,333,65879.7,4697.4,0,4300.8,16420.8
CHN_G3778,414250.0,1463250.0,80.208522,13.234916,14.94,5.45,0.371,333.0,0.114,0.003,0.884,10,4669.7,2947.6,11364.7,4120.7,11059.1,30236.0,0.0,68,9722.2,5100.5,0,4742.2,16182.8
CHN_G3779,414750.0,1463250.0,80.213136,13.23493,10.22,2.21,0.632,328.0,0.169,0.0,0.831,10,4459.3,2649.2,11207.0,4498.3,10639.4,30730.1,0.0,8,3181.4,5439.0,0,5194.3,15956.9
CHN_G3780,415250.0,1463250.0,80.217751,13.234944,10.56,3.27,0.586,344.0,0.092,0.0,0.9,40,4297.1,2410.1,11069.6,4001.5,10220.5,31224.5,0.0,52,38225.7,5795.4,0,5654.4,15743.7
CHN_G3781,415750.0,1463250.0,80.222366,13.234958,9.06,0.33,0.641,347.0,0.0,0.0,1.0,40,4188.6,2219.6,10953.4,3504.8,9808.0,31719.0,0.0,224,60719.8,5881.9,0,6120.8,15543.6
CHN_G3782,416250.0,1463250.0,80.226981,13.234972,13.47,0.77,0.344,313.0,0.103,0.0,0.897,10,4138.1,2107.4,10500.4,3009.0,9404.0,32213.7,0.0,425,64637.5,5487.6,0,6592.1,15357.2
CHN_G3783,416750.0,1463250.0,80.231595,13.234986,7.52,0.16,0.662,310.0,0.037,0.0,0.958,40,4147.7,1930.3,10001.5,2514.8,8997.2,32708.5,0.0,340,62080.0,5111.8,0,7067.3,15175.8
CHN_G3784,417250.0,1463250.0,80.23621,13.235,8.51,3.99,0.568,313.0,0.134,0.0,0.866,40,4216.9,1734.7,9502.6,2023.5,8548.1,33203.5,0.0,168,29225.8,4758.9,0,7545.8,14952.4
CHN_G3785,417750.0,1463250.0,80.240825,13.235014,9.19,3.27,0.486,324.0,0.056,0.0,0.942,40,4112.5,1597.8,9003.9,1537.9,8104.8,33698.7,0.0,95,20947.7,4434.4,0,8026.8,14742.6
CHN_G3786,418250.0,1463250.0,80.24544,13.235027,6.95,0.19,0.573,337.0,0.0,0.0,0.955,40,3812.7,1271.8,8505.3,1064.2,7668.6,34193.9,0.0,275,38128.3,4145.0,0,8510.1,14546.9
CHN_G3787,418750.0,1463250.0,80.250054,13.235041,5.22,0.22,0.645,337.0,0.003,0.0,0.965,40,3455.0,1027.7,8007.0,596.9,7240.6,34689.4,0.0,280,31294.3,3898.5,0,8234.5,14366.0
CHN_G3788,419250.0,1463250.0,80.254669,13.235054,6.16,0.28,0.56,327.0,0.045,0.0,0.822,30,3136.4,906.1,7508.8,185.8,6793.4,35184.9,0.0,342,35874.0,3703.4,0,7863.6,14200.4
CHN_G3789,419750.0,1463250.0,80.259284,13.235068,4.27,2.18,0.648,321.0,0.0,0.0,0.955,10,2870.0,1016.9,7010.9,18.4,6293.9,35680.6,0.0,3,275.7,3568.2,0,7507.7,14050.7
CHN_G3790,420250.0,1463250.0,80.263899,13.235081,4.86,0.87,0.605,323.0,0.094,0.0,0.697,10,2671.5,1321.9,6513.3,301.3,5794.5,36176.4,0.0,95,9154.4,3499.9,0,7169.0,13917.3
CHN_G3791,420750.0,1463250.0,80.268514,13.235095,6.55,3.09,0.49,326.0,0.081,0.0,0.867,10,2556.8,1720.6,6016.1,444.2,5295.2,36672.3,0.0,152,43098.0,3502.3,0,6850.1,13800.7
CHN_G3792,421250.0,1463250.0,80.273128,13.235108,1.51,2.34,0.772,327.0,0.23,0.042,0.668,10,2537.2,2161.9,5519.4,53.5,4796.1,37168.3,0.0,14,51854.5,3575.4,0,6553.9,13701.4
CHN_G3793,421750.0,1463250.0,80.277743,13.235121,10.71,3.95,0.206,178.0,0.571,0.0,0.332,50,2609.9,2277.9,5023.4,551.3,4297.1,37664.5,0.0,31,38653.8,3714.9,0,6283.6,13619.8
CHN_G3794,422250.0,1463250.0,80.282358,13.235134,4.39,1.03,0.56,78.0,0.462,0.0,0.381,50,2711.4,2440.1,4528.3,1049.1,3798.5,38160.7,0.0,13,16948.6,3913.7,0,6042.6,13556.1
CHN_G3795,422750.0,1463250.0,80.286973,13.235147,5.0,2.39,0.505,173.0,0.692,0.0,0.266,50,2868.6,2686.9,4034.3,1547.7,3300.2,38657.0,0.0,83,14934.8,4163.4,0,5834.6,13510.6
CHN_G3796,423250.0,1463250.0,80.291588,13.23516,2.7,0.21,0.619,329.0,0.13,0.0,0.865,30,3083.2,2997.4,3542.1,2047.0,2802.6,39153.4,0.0,573,114345.4,4455.5,0,5663.2,13483.6
CHN_G3797,423750.0,1463250.0,80.296202,13.235172,2.18,0.48,0.635,323.0,0.007,0.008,0.98,30,2895.7,3354.0,3052.4,2546.6,2305.9,39649.9,0.0,575,104042.7,4782.1,0,5531.8,13475.0
CHN_G3798,424250.0,1463250.0,80.300817,13.235185,4.35,2.02,0.495,71.0,0.504,0.001,0.256,50,2447.0,3743.6,2566.6,2263.5,1811.2,40146.5,0.0,120,15036.5,5136.6,0,5443.4,13485.0
CHN_G3799,424750.0,1463250.0,80.305432,13.235198,4.69,2.03,0.465,186.0,0.462,0.002,0.032,60,2014.6,4156.9,2087.6,1830.7,1317.9,40643.2,0.0,0,0.0,5218.3,0,5400.0,13513.5
CHN_G3800,425250.0,1463250.0,80.310047,13.23521,2.65,1.34,0.617,17.0,0.441,0.0,0.317,50,1621.7,4587.5,1621.3,1426.5,817.9,41140.0,0.0,0,0.0,5146.2,0,5402.7,13560.4
CHN_G3801,425750.0,1463250.0,80.314662,13.235222,0.0,0.0,0.8,8.0,0.001,0.551,0.438,80,1298.9,5030.9,1182.9,1024.2,318.0,41636.8,0.0,0,0.0,5122.1,0,5451.5,13625.4
CHN_G3802,426250.0,1463250.0,80.319277,13.235235,9.6,4.77,0.224,155.0,0.44,0.007,0.486,50,897.9,5484.1,818.4,658.3,182.0,42133.7,0.0,0,0.0,5146.8,0,5545.1,13708.5
CHN_G3803,426750.0,1463250.0,80.323891,13.235247,13.19,3.38,0.0,146.0,0.41,0.136,0.358,50,615.8,5944.8,663.6,419.7,682.0,42630.7,0.0,0,0.0,5219.4,0,5681.3,13809.1
CHN_G3804,427250.0,1463250.0,80.328506,13.235259,0.0,3.88,0.749,146.0,0.052,0.481,0.4,80,584.2,6411.4,843.2,320.0,1182.0,43127.8,0.0,0,0.0,5338.1,0,5857.2,13927.0
CHN_G3805,427750.0,1463250.0,80.333121,13.235271,0.0,0.0,0.727,149.0,0.004,0.746,0.114,80,896.2,6882.7,1217.2,350.8,1682.0,43624.9,0.0,0,0.0,5499.8,0,6069.3,14061.7
CHN_G3806,402250.0,1463750.0,80.097753,13.239069,21.04,0.62,0.443,329.0,0.02,0.0,0.86,40,12576.7,14009.1,17354.9,783.3,22051.0,18351.5,0.0,0,0.0,3595.3,0,8189.0,24389.6
CHN_G3807,402750.0,1463750.0,80.102368,13.239085,19.5,2.55,0.508,323.0,0.068,0.0,0.734,40,12334.7,13513.9,16998.1,636.0,21579.7,18838.9,0.0,0,0.0,3410.4,0,7717.0,24000.2
CHN_G3808,403250.0,1463750.0,80.106983,13.239102,18.91,0.42,0.535,315.0,0.054,0.0,0.822,40,12006.3,13019.0,16648.7,598.3,21109.6,19327.0,0.0,0,0.0,3291.8,0,7248.7,23614.9
CHN_G3809,403750.0,1463750.0,80.111597,13.239118,18.28,0.51,0.599,303.0,0.108,0.0,0.861,40,11617.8,12524.5,16307.1,486.8,20641.0,19815.6,0.0,95,9627.5,3246.6,0,6784.9,23234.0
CHN_G3810,404250.0,1463750.0,80.116212,13.239134,10.26,0.76,1.0,297.0,0.051,0.002,0.915,10,11238.2,12030.5,15973.8,1.1,20173.9,20304.8,0.0,389,29396.2,3019.8,0,6326.6,22857.6
CHN_G3811,404750.0,1463750.0,80.120827,13.23915,19.42,0.2,0.622,288.0,0.051,0.0,0.949,40,10868.3,11536.9,15649.4,487.3,19708.4,20794.5,0.0,119,13515.4,2520.3,0,5875.2,22486.1
CHN_G3812,405250.0,1463750.0,80.125441,13.239166,26.96,5.58,0.22,305.0,0.113,0.0,0.824,10,10509.1,11043.7,15334.5,485.5,19244.6,21284.7,0.0,27,2812.4,2021.0,0,5432.3,22119.7
CHN_G3813,405750.0,1463750.0,80.130056,13.239181,16.31,0.82,0.878,309.0,0.011,0.0,0.963,40,10161.9,10550.7,15029.6,364.5,18782.7,21775.3,0.0,105,11508.5,1522.3,0,5000.1,21758.6
CHN_G3814,406250.0,1463750.0,80.134671,13.239197,29.46,0.94,0.101,300.0,0.006,0.0,0.994,10,9827.9,10058.4,14735.4,634.5,18322.7,22266.4,0.0,104,9742.5,1024.7,0,4581.8,21403.0
CHN_G3815,406750.0,1463750.0,80.139286,13.239213,24.25,2.96,0.362,288.0,0.0,0.0,0.973,10,9508.4,9566.9,14452.4,992.5,17865.0,22757.8,0.0,67,6313.7,531.7,1,4181.5,21053.4
CHN_G3816,407250.0,1463750.0,80.1439,13.239228,26.71,1.09,0.161,293.0,0.028,0.0,0.972,10,9205.0,9076.3,14181.5,775.3,17409.5,23249.6,0.0,130,11676.0,124.3,1,3804.8,20709.9
CHN_G3817,407750.0,1463750.0,80.148515,13.239244,15.0,0.0,0.792,309.0,0.0,0.577,0.38,80,8919.3,8586.9,13923.3,276.4,16956.6,23741.7,0.0,138,16732.9,498.2,1,3459.5,20372.8
CHN_G3818,408250.0,1463750.0,80.15313,13.239259,17.01,5.16,0.605,325.0,0.117,0.384,0.43,80,8653.1,8098.7,13678.4,186.3,16506.3,24234.2,0.0,145,11591.6,990.4,1,3155.9,20042.6
CHN_G3819,408750.0,1463750.0,80.157745,13.239274,15.37,0.27,0.657,329.0,0.192,0.0,0.802,40,8408.3,7612.0,13447.7,625.9,16059.1,24727.0,0.0,172,13792.0,1487.8,0,2907.1,19719.6
CHN_G3820,409250.0,1463750.0,80.162359,13.239289,20.75,1.25,0.296,129.0,0.63,0.0,0.37,50,8186.7,7127.2,13231.9,1074.5,15615.0,25220.0,0.0,23,1595.2,1986.5,0,2728.2,19404.0
CHN_G3821,409750.0,1463750.0,80.166974,13.239304,15.36,0.23,0.589,312.0,0.286,0.0,0.712,10,7945.6,6644.7,13031.7,1526.8,15174.4,25713.4,0.0,32,2694.4,2485.8,0,2633.4,19086.8
CHN_G3822,410250.0,1463750.0,80.171589,13.239319,16.08,1.39,0.529,325.0,0.289,0.0,0.71,40,7717.2,6164.9,12847.9,1824.5,14737.6,26206.9,0.0,73,5086.8,2985.2,0,2631.8,18776.3
CHN_G3823,410750.0,1463750.0,80.176204,13.239334,13.44,0.68,0.663,332.0,0.247,0.0,0.695,40,7323.5,5688.6,12681.1,1917.7,14304.9,26700.7,0.0,0,0.0,3465.3,0,2723.6,18474.0
CHN_G3824,411250.0,1463750.0,80.180818,13.239349,13.3,1.35,0.641,318.0,0.282,0.0,0.713,40,6943.6,5216.8,12532.0,2123.4,13876.4,27194.8,0.0,0,0.0,3599.8,0,2899.9,18180.4
CHN_G3825,411750.0,1463750.0,80.185433,13.239364,12.92,0.59,0.646,316.0,0.14,0.0,0.825,40,6579.7,4748.9,12401.4,2380.1,13449.7,27689.0,0.0,0,0.0,3795.8,0,3146.6,17896.0
CHN_G3826,412250.0,1463750.0,80.190048,13.239379,16.44,2.24,0.418,331.0,0.028,0.0,0.913,40,6234.8,4287.4,12289.7,2700.4,13023.4,28183.5,0.0,0,0.0,4044.6,0,3448.6,17621.2
CHN_G3827,412750.0,1463750.0,80.194663,13.239393,12.07,0.28,0.654,339.0,0.064,0.0,0.934,40,5912.0,3835.6,12193.6,3069.0,12597.1,28678.1,0.0,0,0.0,4336.9,0,3792.7,17356.5
CHN_G3828,413250.0,1463750.0,80.199277,13.239408,17.84,3.04,0.283,341.0,0.227,0.0,0.768,10,5615.3,3397.3,12116.4,3470.8,12171.4,29173.0,0.0,0,0.0,4664.6,0,4168.5,17102.3
CHN_G3829,413750.0,1463750.0,80.203892,13.239422,11.25,0.39,0.642,335.0,0.107,0.0,0.893,40,5348.9,2978.6,12007.3,3769.6,11750.5,29668.0,0.0,5,1755.2,5020.9,0,4568.1,16859.1
CHN_G3830,414250.0,1463750.0,80.208507,13.239437,10.19,0.28,0.669,323.0,0.0,0.0,1.0,40,5117.6,2588.8,11837.0,3947.4,11331.0,30163.1,0.0,48,22178.2,5399.9,0,4985.9,16627.4
CHN_G3831,414750.0,1463750.0,80.213122,13.239451,9.38,0.12,0.685,325.0,0.001,0.0,0.988,40,4926.4,2243.2,11685.6,4060.9,10914.6,30658.5,0.0,90,29199.7,5797.3,0,5417.7,16407.6
CHN_G3832,415250.0,1463750.0,80.217737,13.239465,9.39,0.85,0.647,340.0,0.144,0.0,0.856,40,4780.1,1965.1,11538.2,3890.2,10505.5,31153.9,0.0,279,48345.5,6145.9,0,5860.3,16200.3
CHN_G3833,415750.0,1463750.0,80.222352,13.239479,8.47,0.18,0.665,343.0,0.095,0.0,0.89,40,4682.8,1754.6,11040.9,3461.6,10104.7,31649.6,0.0,618,73531.8,6191.8,0,6311.4,16005.9
CHN_G3834,416250.0,1463750.0,80.226966,13.239493,11.76,1.12,0.434,322.0,0.024,0.0,0.976,40,4637.7,1611.5,10543.8,2961.8,9666.1,32145.3,0.0,197,18816.3,5818.5,0,6769.5,15825.0
CHN_G3835,416750.0,1463750.0,80.231581,13.239507,7.82,0.62,0.63,310.0,0.005,0.0,0.992,40,4646.3,1474.3,10047.0,2462.1,9222.4,32641.2,0.0,7,652.5,5465.6,0,7233.1,15621.5
CHN_G3836,417250.0,1463750.0,80.236196,13.239521,7.47,0.79,0.613,329.0,0.042,0.0,0.958,40,4708.2,1260.3,9550.6,1962.5,8784.7,33137.2,0.0,85,33658.6,5137.1,0,7701.2,15404.5
CHN_G3837,417750.0,1463750.0,80.240811,13.239535,8.27,0.78,0.528,339.0,0.22,0.0,0.78,40,4518.8,1109.0,9054.5,1463.2,8309.9,33633.3,0.0,178,43668.3,4838.0,0,8173.2,15201.0
CHN_G3838,418250.0,1463750.0,80.245426,13.239548,6.38,0.22,0.6,338.0,0.0,0.0,1.0,40,4161.7,897.8,8558.9,964.5,7810.0,34129.6,0.0,172,27132.9,4574.2,0,8648.3,15011.3
CHN_G3839,418750.0,1463750.0,80.250041,13.239562,6.46,0.92,0.57,337.0,0.013,0.0,0.942,40,3836.6,572.5,8063.8,467.5,7310.0,34625.9,0.0,68,11621.8,4352.1,0,8570.4,14836.0
CHN_G3840,419250.0,1463750.0,80.254655,13.239575,4.68,2.01,0.652,324.0,0.045,0.034,0.867,10,3552.4,407.0,7569.4,29.3,6810.1,35122.4,0.0,72,9162.1,4178.2,0,8214.7,14675.7
CHN_G3841,419750.0,1463750.0,80.25927,13.239589,5.38,0.57,0.592,328.0,0.0,0.0,0.993,40,3319.6,615.5,7075.7,495.1,6310.1,35618.9,0.0,71,12563.8,4058.9,0,7874.7,14530.9
CHN_G3842,420250.0,1463750.0,80.263885,13.239602,4.19,0.39,0.655,327.0,0.003,0.0,0.997,40,3149.6,1045.0,6583.0,609.5,5810.2,36115.6,0.0,152,28533.8,3998.9,0,7552.5,14401.9
CHN_G3843,420750.0,1463750.0,80.2685,13.239615,6.16,2.08,0.522,330.0,0.072,0.016,0.912,10,3052.8,1518.3,6091.6,180.2,5310.2,36612.3,0.0,395,40731.9,4001.0,0,7250.5,14289.3
CHN_G3844,421250.0,1463750.0,80.273115,13.239629,5.39,2.89,0.551,336.0,0.364,0.018,0.55,10,3036.4,1715.8,5601.6,234.5,4810.3,37109.1,0.0,635,59476.9,4065.1,0,6971.3,14193.5
CHN_G3845,421750.0,1463750.0,80.27773,13.239642,4.22,0.58,0.6,251.0,0.089,0.0,0.857,10,3100.9,1794.5,5113.5,629.2,4310.3,37606.0,0.0,22,7176.8,4188.4,0,6717.8,14114.7
CHN_G3846,422250.0,1463750.0,80.282345,13.239655,3.0,0.26,0.65,331.0,0.009,0.0,0.926,40,3197.0,1996.3,4628.0,1106.2,3810.4,38103.0,0.0,1,32.2,4365.7,0,6492.9,14053.2
CHN_G3847,422750.0,1463750.0,80.28696,13.239668,4.07,1.59,0.564,328.0,0.096,0.0,0.873,40,3340.1,2291.4,4146.0,1597.3,3310.4,38600.1,0.0,115,30861.7,4590.9,0,6299.8,14009.4
CHN_G3848,423250.0,1463750.0,80.291574,13.23968,3.2,0.25,0.598,322.0,0.23,0.0,0.769,30,3526.2,2648.7,3668.8,2092.6,2810.5,39097.2,0.0,46,50160.2,4857.3,0,6141.4,13983.3
CHN_G3849,423750.0,1463750.0,80.296189,13.239693,2.71,0.54,0.614,326.0,0.035,0.0,0.965,30,3127.3,3046.4,3198.5,2589.7,2310.5,39594.4,0.0,34,53949.3,5158.5,0,6020.5,13975.0
CHN_G3850,424250.0,1463750.0,80.300804,13.239706,5.17,0.07,0.457,38.0,0.522,0.0,0.422,50,2711.3,3470.7,2738.8,2528.0,1810.6,40091.7,0.0,32,15520.3,5488.8,0,5939.3,13984.6
CHN_G3851,424750.0,1463750.0,80.305419,13.239718,3.54,1.47,0.544,129.0,0.641,0.004,0.257,50,2328.6,3912.9,2296.0,2125.7,1310.6,40589.1,0.0,40,13547.8,5709.8,0,5899.6,14012.1
CHN_G3852,425250.0,1463750.0,80.310034,13.239731,4.08,2.86,0.544,18.0,0.847,0.002,0.135,50,1989.2,4367.6,1882.0,1723.6,810.7,41086.5,0.0,482,70594.7,5644.0,0,5902.1,14057.3
CHN_G3853,425750.0,1463750.0,80.314649,13.239743,1.65,0.26,0.718,160.0,0.072,0.476,0.414,80,1605.0,4831.3,1520.7,1359.6,310.7,41584.0,0.0,459,104343.3,5622.1,0,5946.7,14120.1
CHN_G3854,426250.0,1463750.0,80.319264,13.239756,8.24,1.11,0.326,155.0,0.488,0.084,0.34,50,1299.7,5301.6,1258.2,1095.8,189.2,42081.5,0.0,424,63556.0,5644.6,0,6032.7,14200.3
CHN_G3855,426750.0,1463750.0,80.323879,13.239768,12.13,5.28,0.077,149.0,0.383,0.0,0.499,50,1083.3,5776.8,1163.5,872.6,689.2,42579.1,0.0,0,0.0,5710.9,0,6158.1,14297.4
CHN_G3856,427250.0,1463750.0,80.328494,13.23978,5.5,7.63,0.446,149.0,0.11,0.382,0.482,10,1065.6,6255.9,1274.5,819.8,1189.1,43076.7,0.0,0,0.0,5819.6,0,6320.8,14411.3
CHN_G3857,427750.0,1463750.0,80.333109,13.239792,5.74,4.39,0.409,149.0,0.07,0.58,0.238,80,1264.0,6738.1,1547.5,826.9,1689.1,43574.4,0.0,0,0.0,5968.3,0,6517.8,14541.5
CHN_G3858,402250.0,1464250.0,80.097737,13.24359,18.99,0.13,0.585,323.0,0.004,0.0,0.996,40,13012.3,13950.5,17705.2,1239.7,22221.0,18245.0,0.0,0,0.0,4052.5,0,8362.5,24703.8
CHN_G3859,402750.0,1464250.0,80.102351,13.243606,18.83,0.7,0.565,317.0,0.016,0.0,0.984,40,12708.8,13453.1,17355.6,1129.1,21753.4,18735.2,0.0,0,0.0,3889.4,0,7900.8,24319.4
CHN_G3860,403250.0,1464250.0,80.106966,13.243622,18.53,0.01,0.563,310.0,0.008,0.0,0.969,40,12322.2,12955.8,17013.5,1084.9,21287.2,19225.9,0.0,0,0.0,3785.8,0,7444.0,23939.2
CHN_G3861,403750.0,1464250.0,80.111581,13.243638,18.67,0.24,0.563,307.0,0.023,0.0,0.965,10,11944.0,12458.8,16679.4,594.3,20822.5,19717.0,0.0,0,0.0,3537.4,0,6993.2,23563.5
CHN_G3862,404250.0,1464250.0,80.116196,13.243654,11.05,2.79,1.0,312.0,0.03,0.0,0.966,10,11575.0,11962.1,16353.7,102.6,20359.6,20208.6,0.0,0,0.0,3040.7,0,6549.6,23192.6
CHN_G3863,404750.0,1464250.0,80.120811,13.24367,18.68,1.06,0.6,306.0,0.08,0.0,0.92,40,11216.2,11465.6,16037.0,367.9,19898.4,20700.6,0.0,0,0.0,2545.4,0,6114.6,22826.5
CHN_G3864,405250.0,1464250.0,80.125425,13.243686,12.05,0.76,1.0,295.0,0.001,0.0,0.992,40,10868.6,10969.5,15729.8,86.5,19439.2,21192.9,0.0,0,0.0,2052.2,0,5690.4,22465.6
CHN_G3865,405750.0,1464250.0,80.13004,13.243702,10.57,0.8,1.0,301.0,0.026,0.0,0.955,10,10533.2,10473.7,15432.8,60.9,18982.0,21685.6,0.0,69,15807.2,1563.4,0,5279.4,22110.1
CHN_G3866,406250.0,1464250.0,80.134655,13.243718,29.93,1.13,0.016,300.0,0.01,0.0,0.99,10,10211.3,9978.4,15146.3,318.8,18527.0,22178.7,0.0,25,5974.8,1084.9,0,4885.0,21760.3
CHN_G3867,406750.0,1464250.0,80.13927,13.243733,16.6,1.63,0.769,302.0,0.007,0.0,0.945,40,9904.2,9483.5,14871.2,773.3,18074.4,22672.0,0.0,2,217.8,640.0,1,4511.7,21416.5
CHN_G3868,407250.0,1464250.0,80.143885,13.243749,16.71,1.26,0.729,309.0,0.122,0.0,0.876,40,9613.4,8989.2,14608.1,905.7,17624.4,23165.6,0.0,172,18270.2,377.3,1,4165.0,21078.9
CHN_G3869,407750.0,1464250.0,80.148499,13.243764,17.68,0.44,0.635,305.0,0.079,0.0,0.921,40,9340.2,8495.6,14357.5,491.9,17177.1,23659.5,0.0,362,35094.2,612.4,1,3852.1,20747.9
CHN_G3870,408250.0,1464250.0,80.153114,13.24378,16.96,2.19,0.613,301.0,0.233,0.0,0.731,10,9086.3,8002.3,14120.2,43.4,16732.8,24153.6,0.0,83,9928.6,1052.5,0,3581.9,20423.8
CHN_G3871,408750.0,1464250.0,80.157729,13.243795,15.72,0.65,0.639,304.0,0.179,0.0,0.82,40,8853.5,7509.4,13896.9,416.4,16291.7,24648.0,0.0,62,7892.4,1529.9,0,3364.8,20106.8
CHN_G3872,409250.0,1464250.0,80.162344,13.24381,17.58,1.93,0.483,316.0,0.086,0.0,0.914,10,8624.9,7017.5,13688.1,899.3,15854.2,25142.6,0.0,236,19063.5,2018.2,0,3211.5,19790.2
CHN_G3873,409750.0,1464250.0,80.166959,13.243825,14.4,0.44,0.65,335.0,0.026,0.0,0.974,40,8389.7,6526.8,13494.7,1393.8,15420.4,25637.4,0.0,38,3203.1,2511.2,0,3131.3,19478.0
CHN_G3874,410250.0,1464250.0,80.171574,13.24384,13.81,0.27,0.671,323.0,0.029,0.0,0.971,40,8027.4,6037.7,13317.2,1891.2,14990.8,26132.4,0.0,46,5312.1,3006.4,0,3130.0,19173.7
CHN_G3875,410750.0,1464250.0,80.176188,13.243855,13.91,0.57,0.647,333.0,0.0,0.0,1.0,40,7649.7,5550.5,13156.4,2117.3,14563.5,26627.6,0.0,112,10638.6,3503.0,0,3207.6,18877.8
CHN_G3876,411250.0,1464250.0,80.180803,13.24387,13.85,1.8,0.621,339.0,0.096,0.0,0.904,40,7286.8,5065.8,13012.8,2331.3,14137.2,27123.0,0.0,15,1507.6,4000.5,0,3358.6,18590.7
CHN_G3877,411750.0,1464250.0,80.185418,13.243885,13.15,0.13,0.648,358.0,0.134,0.0,0.708,40,6941.0,4584.5,12887.0,2595.0,13711.0,27618.6,0.0,90,9472.6,4248.8,0,3573.8,18312.6
CHN_G3878,412250.0,1464250.0,80.190033,13.243899,15.61,2.82,0.484,339.0,0.034,0.0,0.964,10,6614.9,4107.5,12779.3,2921.2,13284.7,28114.2,0.0,89,8026.7,4472.4,0,3842.3,18044.2
CHN_G3879,412750.0,1464250.0,80.194648,13.243914,14.05,3.86,0.548,335.0,0.038,0.0,0.962,40,6311.6,3636.5,12686.3,3006.7,12861.6,28610.1,0.0,3,212.8,4738.4,0,4153.9,17785.8
CHN_G3880,413250.0,1464250.0,80.199263,13.243929,12.25,1.24,0.62,327.0,0.017,0.0,0.982,40,6034.6,3171.0,12612.0,3142.8,12442.0,29106.1,0.0,0,0.0,5040.1,0,4499.6,17537.8
CHN_G3881,413750.0,1464250.0,80.203878,13.243943,11.45,0.33,0.626,320.0,0.0,0.001,0.99,40,5787.5,2717.6,12475.2,3295.6,12023.3,29602.2,0.0,1,24.8,5371.5,0,4872.2,17300.7
CHN_G3882,414250.0,1464250.0,80.208492,13.243957,10.98,0.39,0.613,318.0,0.003,0.0,0.92,40,5574.5,2283.7,12311.4,3497.6,11610.3,30098.5,0.0,0,0.0,5727.4,0,5265.9,17074.9
CHN_G3883,414750.0,1464250.0,80.213107,13.243972,9.47,1.75,0.664,332.0,0.018,0.0,0.98,40,5399.5,1882.9,12094.4,3563.4,11204.3,30594.8,0.0,0,0.0,6103.5,0,5676.4,16861.0
CHN_G3884,415250.0,1464250.0,80.217722,13.243986,10.1,0.46,0.582,322.0,0.057,0.0,0.918,10,5266.3,1541.2,11599.3,3424.3,10784.1,31091.3,0.0,0,0.0,6496.4,0,6100.3,16659.3
CHN_G3885,415750.0,1464250.0,80.222337,13.244,8.54,0.65,0.637,317.0,0.068,0.0,0.928,40,5178.2,1293.1,11104.7,3263.0,10309.2,31587.9,0.0,3,1843.7,6525.4,0,6534.9,16470.4
CHN_G3886,416250.0,1464250.0,80.226952,13.244014,8.2,0.11,0.622,324.0,0.134,0.0,0.798,40,5137.4,1119.3,10610.6,2989.1,9809.3,32084.6,0.0,31,7366.7,6172.3,0,6978.3,16293.7
CHN_G3887,416750.0,1464250.0,80.231567,13.244028,9.07,0.36,0.535,341.0,0.027,0.0,0.968,40,5145.1,1032.4,10117.1,2494.9,9309.4,32581.4,0.0,70,25068.1,5840.8,0,7428.9,16070.3
CHN_G3888,417250.0,1464250.0,80.236182,13.244042,6.77,2.6,0.639,350.0,0.115,0.0,0.885,40,5201.1,817.2,9624.3,2003.4,8809.6,33078.3,0.0,316,58491.0,5534.6,0,7885.4,15859.5
CHN_G3889,417750.0,1464250.0,80.240797,13.244055,6.41,0.15,0.625,344.0,0.011,0.0,0.986,40,4868.5,635.2,9132.2,1517.6,8309.8,33575.3,0.0,399,53669.2,5258.2,0,8346.9,15661.9
CHN_G3890,418250.0,1464250.0,80.245412,13.244069,8.26,3.13,0.483,337.0,0.006,0.0,0.93,40,4539.0,561.6,8641.0,1034.9,7810.0,34072.4,0.0,15,2483.6,5016.5,0,8812.7,15477.8
CHN_G3891,418750.0,1464250.0,80.250027,13.244083,7.02,4.41,0.537,331.0,0.0,0.0,0.997,40,4242.9,224.5,8151.0,546.1,7310.2,34569.6,0.0,2,292.5,4814.8,0,8921.8,15307.9
CHN_G3892,419250.0,1464250.0,80.254642,13.244096,3.92,2.26,0.703,330.0,0.0,0.0,1.0,10,3987.8,14.6,7662.2,57.3,6810.4,35066.8,0.0,49,13086.1,4658.3,0,8580.6,15152.6
CHN_G3893,419750.0,1464250.0,80.259257,13.24411,5.87,0.26,0.576,334.0,0.067,0.0,0.933,40,3781.9,472.7,7174.9,423.4,6310.7,35564.2,0.0,100,24526.7,4551.5,0,8255.7,15012.4
CHN_G3894,420250.0,1464250.0,80.263872,13.244123,5.73,0.3,0.58,336.0,0.072,0.005,0.92,40,3633.5,967.8,6689.5,220.2,5811.1,36061.5,0.0,171,36788.6,4498.2,0,7949.0,14887.6
CHN_G3895,420750.0,1464250.0,80.268487,13.244136,4.77,2.65,0.628,334.0,0.094,0.055,0.848,10,3550.0,1200.0,6206.5,78.5,5311.4,36559.0,0.0,2,329.3,4500.1,0,7662.6,14778.7
CHN_G3896,421250.0,1464250.0,80.273102,13.244149,4.27,1.72,0.645,78.0,0.462,0.0,0.475,50,3535.9,1219.0,5726.3,504.2,4811.8,37056.6,0.0,116,17983.2,4557.1,0,7399.0,14686.0
CHN_G3897,421750.0,1464250.0,80.277716,13.244163,3.36,0.76,0.679,173.0,0.436,0.0,0.406,50,3592.0,1323.3,5249.9,935.3,4312.2,37554.2,0.0,76,11123.1,4667.4,0,7160.6,14609.9
CHN_G3898,422250.0,1464250.0,80.282331,13.244176,3.02,0.94,0.674,171.0,0.249,0.0,0.66,40,3686.5,1586.3,4778.3,1312.6,3812.6,38051.8,0.0,110,18497.5,4827.2,0,6950.1,14550.5
CHN_G3899,422750.0,1464250.0,80.286946,13.244189,2.66,0.3,0.668,329.0,0.122,0.0,0.82,40,3813.2,1944.6,4313.1,1746.6,3313.0,38549.6,0.0,557,63598.8,5031.7,0,6770.0,14508.2
CHN_G3900,423250.0,1464250.0,80.291561,13.244201,2.6,0.74,0.651,159.0,0.088,0.0,0.902,40,3817.4,2355.1,3856.6,2208.7,2813.4,39047.3,0.0,768,91488.8,5275.9,0,6622.9,14483.0
CHN_G3901,423750.0,1464250.0,80.296176,13.244214,2.04,0.49,0.668,317.0,0.191,0.0,0.808,40,3412.3,2795.0,3412.3,2684.4,2313.8,39545.2,0.0,227,34105.5,5554.5,0,6510.9,14475.0
CHN_G3902,424250.0,1464250.0,80.300791,13.244227,2.72,0.42,0.61,317.0,0.142,0.024,0.805,30,3035.6,3252.2,2985.7,2824.9,1814.2,40043.1,0.0,27,12119.8,5862.5,0,6435.9,14484.3
CHN_G3903,424750.0,1464250.0,80.305406,13.244239,1.3,0.85,0.681,315.0,0.218,0.008,0.578,40,2688.2,3720.5,2585.5,2426.1,1314.6,40541.0,0.0,92,43759.0,6195.7,0,6399.3,14510.8
CHN_G3904,425250.0,1464250.0,80.310021,13.244252,1.52,0.93,0.7,331.0,0.355,0.0,0.404,50,2312.1,4196.1,2226.1,2064.9,814.9,41039.0,0.0,72,33467.0,6142.3,0,6401.6,14554.5
CHN_G3905,425750.0,1464250.0,80.314636,13.244264,0.0,0.0,0.824,160.0,0.024,0.519,0.43,80,1991.2,4676.8,1930.3,1772.4,315.3,41537.1,0.0,42,10627.0,6122.1,0,6442.8,14615.2
CHN_G3906,426250.0,1464250.0,80.319251,13.244277,9.17,3.9,0.284,310.0,0.536,0.005,0.358,50,1733.8,5161.2,1731.0,1537.4,184.3,42035.1,0.0,42,6614.1,6142.8,0,6522.2,14692.6
CHN_G3907,426750.0,1464250.0,80.323866,13.244289,6.2,1.64,0.447,310.0,0.456,0.0,0.201,50,1571.0,5648.3,1663.4,1355.7,683.9,42533.3,0.0,534,46098.1,6203.7,0,6638.4,14786.5
CHN_G3908,427250.0,1464250.0,80.328481,13.244301,3.8,0.45,0.568,149.0,0.308,0.052,0.51,10,1558.8,6137.4,1742.9,1319.6,1143.6,43031.5,0.0,275,65844.5,6303.9,0,6789.5,14896.7
CHN_G3909,427750.0,1464250.0,80.333096,13.244313,0.0,0.0,0.771,149.0,0.004,0.38,0.419,80,1700.6,6628.2,1951.5,1320.7,1563.5,43529.7,0.0,614,116603.1,6441.5,0,6973.3,15022.7
CHN_G3910,428250.0,1464250.0,80.337712,13.244325,0.0,0.0,0.711,149.0,0.0,0.886,0.01,80,1963.1,7120.3,2253.6,1468.8,2000.0,44027.9,0.0,643,90088.9,6614.0,0,7187.2,15164.1
CHN_G3911,402250.0,1464750.0,80.09772,13.248111,20.61,2.44,0.518,310.0,0.091,0.0,0.909,40,13411.8,13909.6,18062.6,1714.2,22400.9,18151.6,0.0,81,6505.6,4518.7,0,8561.6,25024.0
CHN_G3912,402750.0,1464750.0,80.102335,13.248127,18.78,0.7,0.6,310.0,0.0,0.0,1.0,40,13026.8,13410.6,17720.0,1622.2,21937.1,18644.3,0.0,0,0.0,4373.1,0,8111.3,24644.5
CHN_G3913,403250.0,1464750.0,80.10695,13.248143,18.57,0.23,0.584,308.0,0.003,0.0,0.997,40,12649.9,12911.8,17385.1,1187.1,21474.9,19137.3,0.0,0,0.0,4111.9,0,7667.1,24269.5
CHN_G3914,403750.0,1464750.0,80.111565,13.248159,18.1,0.11,0.597,306.0,0.0,0.0,1.0,40,12281.8,12413.0,17058.2,728.4,21014.4,19630.6,0.0,0,0.0,3625.0,0,7230.2,23899.0
CHN_G3915,404250.0,1464750.0,80.116179,13.248175,18.74,2.18,0.543,315.0,0.012,0.002,0.985,40,11923.3,11914.4,16739.9,337.1,20555.8,20124.3,0.0,0,0.0,3142.1,0,6802.0,23533.3
CHN_G3916,404750.0,1464750.0,80.120794,13.248191,14.44,2.97,0.791,306.0,0.004,0.0,0.995,40,11575.3,11415.8,16430.7,116.3,20099.1,20618.3,0.0,0,0.0,2665.7,0,6384.3,23172.7
CHN_G3917,405250.0,1464750.0,80.125409,13.248207,13.27,3.24,0.878,301.0,0.002,0.0,0.992,10,11238.8,10917.4,16131.0,286.1,19644.5,21112.6,0.0,0,0.0,2199.6,0,5979.2,22817.2
CHN_G3918,405750.0,1464750.0,80.130024,13.248223,15.91,0.26,0.733,305.0,0.012,0.0,0.986,10,10914.8,10419.1,15841.4,287.1,19192.2,21607.1,0.0,0,0.0,1752.5,0,5589.5,22467.3
CHN_G3919,406250.0,1464750.0,80.134639,13.248238,23.72,3.95,0.274,311.0,0.001,0.0,0.995,30,10604.5,9921.1,15562.6,203.1,18742.4,22101.9,0.0,0,0.0,1343.1,0,5218.7,22123.2
CHN_G3920,406750.0,1464750.0,80.139254,13.248254,23.34,0.29,0.271,317.0,0.194,0.0,0.805,40,10309.2,9423.2,15294.9,693.3,18295.1,22596.9,0.0,0,0.0,1018.1,0,4870.9,21785.1
CHN_G3921,407250.0,1464750.0,80.143869,13.24827,16.46,0.43,0.663,325.0,0.087,0.0,0.913,40,10030.0,8925.5,15039.2,1126.1,17850.6,23092.1,0.0,160,36783.5,877.1,1,4551.7,21453.3
CHN_G3922,407750.0,1464750.0,80.148484,13.248285,16.02,0.67,0.666,317.0,0.209,0.0,0.777,40,9768.5,8428.2,14795.9,626.7,17409.2,23587.6,0.0,36,5048.5,1001.0,0,4267.2,21128.1
CHN_G3923,408250.0,1464750.0,80.153099,13.2483,16.5,0.89,0.58,203.0,0.445,0.0,0.538,50,9526.1,7931.2,14565.8,127.5,16971.0,24083.2,0.0,56,5035.5,1317.1,0,4025.0,20809.9
CHN_G3924,408750.0,1464750.0,80.157713,13.248316,17.82,2.76,0.461,7.0,0.676,0.0,0.324,50,9304.2,7434.5,14349.3,371.7,16536.3,24579.0,0.0,141,11990.6,1722.6,0,3833.1,20493.8
CHN_G3925,409250.0,1464750.0,80.162328,13.248331,15.59,0.24,0.556,143.0,0.32,0.0,0.68,10,9063.3,6938.4,14147.3,871.6,16105.3,25075.0,0.0,192,18182.0,2168.0,0,3699.2,20180.1
CHN_G3926,409750.0,1464750.0,80.166943,13.248346,14.96,0.16,0.579,327.0,0.021,0.0,0.979,40,8731.8,6442.8,13960.2,1274.7,15677.5,25571.1,0.0,0,0.0,2633.0,0,3629.9,19874.0
CHN_G3927,410250.0,1464750.0,80.171558,13.248361,14.6,0.17,0.591,339.0,0.006,0.0,0.994,40,8356.1,5948.0,13788.8,1459.1,15251.1,26067.3,0.0,7,444.2,3108.9,0,3628.7,19575.9
CHN_G3928,410750.0,1464750.0,80.176173,13.248376,14.34,0.77,0.601,348.0,0.0,0.0,1.0,40,7993.9,5454.2,13633.5,1665.0,14824.8,26563.8,0.0,205,20034.4,3591.4,0,3695.8,19286.2
CHN_G3929,411250.0,1464750.0,80.180788,13.248391,13.82,0.89,0.617,350.0,0.004,0.0,0.996,40,7647.4,4960.9,13495.0,1898.2,14398.6,27060.3,0.0,188,23682.1,4078.1,0,3827.6,19005.2
CHN_G3930,411750.0,1464750.0,80.185403,13.248406,16.02,5.77,0.483,343.0,0.172,0.0,0.821,10,7318.6,4468.2,13373.7,2214.1,13973.6,27557.0,0.0,21,2555.5,4567.7,0,4017.8,18733.3
CHN_G3931,412250.0,1464750.0,80.190018,13.24842,12.83,0.51,0.659,338.0,0.01,0.0,0.99,40,7010.1,3977.4,13269.1,2444.7,13553.1,28053.7,0.0,8,300.5,4913.9,0,4258.4,18471.0
CHN_G3932,412750.0,1464750.0,80.194633,13.248435,14.36,0.89,0.535,336.0,0.0,0.0,1.0,40,6724.7,3489.1,13179.5,2519.7,13133.6,28550.6,0.0,51,3046.4,5157.2,0,4541.6,18218.6
CHN_G3933,413250.0,1464750.0,80.199248,13.248449,11.37,0.29,0.675,331.0,0.007,0.0,0.993,40,6465.3,3004.7,13108.0,2665.7,12717.3,29047.6,0.0,197,15911.6,5435.7,0,4859.8,17976.6
CHN_G3934,413750.0,1464750.0,80.203863,13.248464,11.18,0.14,0.643,317.0,0.0,0.0,0.919,40,6235.4,2526.4,12945.6,2830.6,12307.2,29544.7,0.0,173,12571.8,5744.3,0,5206.6,17745.4
CHN_G3935,414250.0,1464750.0,80.208478,13.248478,10.81,0.15,0.625,329.0,0.0,0.0,0.985,40,6038.2,2056.4,12665.6,3063.5,11826.1,30041.9,0.0,132,8653.6,6078.4,0,5576.8,17525.4
CHN_G3936,414750.0,1464750.0,80.213093,13.248492,13.45,1.53,0.421,338.0,0.085,0.0,0.915,10,5877.0,1599.6,12173.2,3066.7,11326.5,30539.2,0.0,29,3758.9,6434.0,0,5965.9,17317.0
CHN_G3937,415250.0,1464750.0,80.217708,13.248507,10.24,2.36,0.561,327.0,0.044,0.0,0.956,40,5754.9,1178.5,11681.5,2961.1,10826.9,31036.6,0.0,35,1732.1,6807.9,0,6370.5,17120.7
CHN_G3938,415750.0,1464750.0,80.222323,13.248521,9.14,1.51,0.591,321.0,0.042,0.0,0.958,40,5674.3,847.8,11190.5,2782.4,10327.3,31534.1,0.0,0,0.0,6879.1,0,6787.9,16936.9
CHN_G3939,416250.0,1464750.0,80.226938,13.248535,8.56,0.32,0.593,340.0,0.033,0.0,0.967,40,5637.1,639.2,10700.4,2675.9,9827.7,32031.6,0.0,0,0.0,6545.2,0,7215.8,16739.5
CHN_G3940,416750.0,1464750.0,80.231553,13.248549,7.36,0.24,0.625,355.0,0.184,0.0,0.815,40,5644.2,618.2,10211.2,2493.1,9328.1,32529.2,0.0,0,0.0,6233.5,0,7652.4,16522.1
CHN_G3941,417250.0,1464750.0,80.236168,13.248563,6.6,0.4,0.639,353.0,0.016,0.0,0.984,40,5575.4,359.9,9723.2,1993.3,8828.5,33026.9,0.0,79,10607.8,5947.6,0,8096.3,16317.2
CHN_G3942,417750.0,1464750.0,80.240783,13.248576,5.96,0.32,0.652,348.0,0.0,0.0,1.0,40,5242.6,158.1,9236.4,1493.6,8328.9,33524.7,0.0,247,33849.3,5691.3,0,8546.5,16125.1
CHN_G3943,418250.0,1464750.0,80.245398,13.24859,5.78,0.11,0.637,338.0,0.0,0.0,0.997,40,4938.1,145.0,8751.0,994.2,7829.4,34022.5,0.0,204,29120.8,5468.8,0,9001.9,15946.4
CHN_G3944,418750.0,1464750.0,80.250013,13.248604,6.29,0.14,0.592,340.0,0.0,0.0,1.0,40,4667.5,108.5,8267.5,496.2,7330.0,34520.4,0.0,412,79544.0,5284.4,0,9286.7,15781.6
CHN_G3945,419250.0,1464750.0,80.254628,13.248617,5.49,2.74,0.629,334.0,0.0,0.0,1.0,10,4436.8,470.5,7786.0,45.7,6830.6,35018.3,0.0,206,44456.7,5142.1,0,8959.5,15631.0
CHN_G3946,419750.0,1464750.0,80.259243,13.248631,6.29,6.65,0.579,339.0,0.014,0.016,0.968,10,4252.7,719.6,7307.0,65.4,6331.4,35516.3,0.0,59,14293.9,5045.7,0,8648.8,15495.0
CHN_G3947,420250.0,1464750.0,80.263858,13.248644,6.3,0.29,0.577,336.0,0.004,0.027,0.968,40,4121.3,826.5,6831.0,213.7,5832.3,36014.4,0.0,38,6973.6,4997.6,0,8356.5,15374.2
CHN_G3948,420750.0,1464750.0,80.268473,13.248657,4.46,0.5,0.675,336.0,0.0,0.0,1.0,40,4047.9,708.1,6358.7,447.2,5333.3,36512.5,0.0,57,31910.5,4999.3,0,8084.6,15268.8
CHN_G3949,421250.0,1464750.0,80.273088,13.24867,6.92,2.03,0.514,165.0,0.154,0.0,0.754,10,4035.5,719.1,5891.0,767.3,4834.6,37010.7,0.0,62,20201.8,5050.7,0,7835.2,15179.1
CHN_G3950,421750.0,1464750.0,80.277703,13.248684,4.62,1.26,0.628,173.0,0.194,0.0,0.748,30,4084.8,884.4,5429.1,1192.2,4336.1,37508.9,0.0,305,35190.1,5150.4,0,7610.5,15105.4
CHN_G3951,422250.0,1464750.0,80.282318,13.248697,3.42,0.28,0.672,162.0,0.05,0.0,0.938,10,4177.5,1243.9,4974.5,1619.6,3838.1,38007.1,0.0,235,42458.0,5295.6,0,7412.8,15048.0
CHN_G3952,422750.0,1464750.0,80.286933,13.248709,2.69,0.48,0.685,330.0,0.325,0.0,0.667,50,4290.7,1677.1,4529.4,2012.5,3340.7,38505.4,0.0,361,53569.8,5482.8,0,7244.2,15007.1
CHN_G3953,423250.0,1464750.0,80.291548,13.248722,3.81,2.06,0.593,322.0,0.068,0.0,0.918,40,4115.4,2139.6,4097.1,2424.4,2844.1,39003.8,0.0,336,74291.3,5707.7,0,7106.9,14982.7
CHN_G3954,423750.0,1464750.0,80.296163,13.248735,3.28,0.36,0.604,319.0,0.525,0.0,0.475,50,3742.6,2615.9,3682.0,2864.5,2349.0,39502.2,0.0,158,52949.9,5966.1,0,7002.7,14975.0
CHN_G3955,424250.0,1464750.0,80.300778,13.248748,2.87,2.01,0.607,196.0,0.654,0.002,0.317,50,3390.6,3099.7,3290.5,3130.7,1856.6,40000.6,0.0,728,71422.0,6253.9,0,6933.0,14984.0
CHN_G3956,424750.0,1464750.0,80.305394,13.24876,1.3,0.12,0.683,318.0,0.056,0.038,0.61,40,3019.2,3587.9,2932.3,2771.1,1369.6,40499.1,0.0,864,80060.6,6567.2,0,6899.0,15009.6
CHN_G3957,425250.0,1464750.0,80.310009,13.248773,2.29,0.72,0.65,41.0,0.128,0.011,0.591,30,2689.7,4079.0,2620.8,2461.0,892.2,40997.6,0.0,476,39628.8,6640.7,0,6901.1,15051.9
CHN_G3958,425750.0,1464750.0,80.314624,13.248785,0.0,0.0,0.819,142.0,0.084,0.337,0.51,80,2415.6,4572.0,2374.7,2213.5,422.0,41496.1,0.0,1,132.9,6622.1,0,6939.4,15110.5
CHN_G3959,426250.0,1464750.0,80.319239,13.248798,5.59,4.24,0.498,142.0,0.186,0.008,0.658,10,2190.9,5066.4,2215.8,1986.1,33.1,41994.7,0.0,26,14635.7,6641.2,0,7013.1,15185.4
CHN_G3960,426750.0,1464750.0,80.323854,13.24881,4.95,1.01,0.532,142.0,0.375,0.028,0.46,50,2064.5,5561.8,2163.4,1847.7,451.4,42493.3,0.0,52,22027.1,6697.6,0,7121.3,15276.3
CHN_G3961,427250.0,1464750.0,80.328469,13.248822,6.61,0.22,0.414,142.0,0.41,0.0,0.494,10,2055.3,6058.0,2225.1,1819.4,883.0,42992.0,0.0,59,40670.5,6790.5,0,7262.4,15383.0
CHN_G3962,427750.0,1464750.0,80.333084,13.248834,0.0,1.07,0.784,149.0,0.06,0.306,0.486,80,2164.8,6554.7,2392.0,1818.0,1330.1,43490.6,0.0,62,20892.5,6918.4,0,7434.5,15505.0
CHN_G3963,428250.0,1464750.0,80.337699,13.248846,0.0,2.5,0.728,149.0,0.0,0.425,0.162,80,2376.6,7051.9,2644.3,1928.2,1771.5,43989.3,0.0,978,69541.9,7079.4,0,7635.6,15642.1
