grid_id,locality,centroid_lat,centroid_lon,area_sqkm,elevation_m,slope_deg,low_lying_score,dist_to_drain_m,drainage_density,dist_to_mithi_m,dist_to_coast_m,dist_to_hotspot_m,historical_hotspot_score,built_up_ratio
MUM_000001,Colaba / Fort,18.897702,72.787306,0.1781,7.68,2.49,0.4,9206.6,0.2,16010.4,172.9,13990.4,0.0,0.725
MUM_000002,Colaba / Fort,18.901741,72.787776,0.1976,8.31,3.22,0.4,8762.1,0.2,15570.5,196.3,13564.2,0.0,0.728
MUM_000003,Colaba / Fort,18.906246,72.788047,0.1627,9.39,2.35,0.4,8274.5,0.2,15089.3,161.8,13102.3,0.0,0.72
MUM_000004,Colaba / Fort,18.910743,72.788317,0.1278,20.94,3.44,0.4,7789.2,0.2,14610.1,127.4,12644.1,0.0,0.798
MUM_000005,Colaba / Fort,18.915224,72.788587,0.0929,16.97,3.64,0.4,7307.5,0.2,14134.0,93.1,12190.8,0.0,0.747
MUM_000006,Colaba / Fort,18.919659,72.788854,0.058,7.03,2.53,0.4,6833.0,0.2,13664.4,59.2,11745.6,0.0,0.79
MUM_000007,Mumbai Central,,,0.0867,9.64,3.6,0.4,8991.3,0.2,15768.4,89.9,13706.1,0.0,0.787
MUM_000008,Mumbai Central,,,0.25,15.65,1.35,0.4,8640.5,0.2,15420.8,388.2,13367.0,0.0,0.825
MUM_000009,Colaba / Fort,18.898708,72.791572,0.25,9.76,3.05,0.4,8154.9,0.2,14945.5,569.9,12912.9,0.0,0.83
MUM_000010,Colaba / Fort,18.901858,72.792027,0.25,7.76,2.34,0.4,7671.1,0.2,14471.8,500.8,12462.4,0.0,0.78
MUM_000011,Colaba / Fort,18.906373,72.791968,0.25,20.49,2.85,0.4,7189.6,0.2,14000.0,431.7,12015.7,0.0,0.77
MUM_000012,Colaba / Fort,18.910889,72.791909,0.25,13.58,3.88,0.4,6710.7,0.2,13530.2,362.5,11573.4,0.0,0.794
MUM_000013,Colaba / Fort,18.915405,72.791849,0.25,18.19,2.03,0.4,6235.2,0.2,13062.6,293.4,11136.0,0.0,0.828
MUM_000014,Colaba / Fort,18.91992,72.79179,0.2377,14.25,3.79,0.4,5765.0,0.2,12598.3,236.8,10702.9,0.0,0.804
MUM_000015,Colaba / Fort,18.924436,72.791731,0.2033,16.07,3.58,0.4,5287.0,0.2,12123.9,201.8,10259.8,0.0,0.813
MUM_000016,Colaba / Fort,18.928901,72.791785,0.1684,15.32,2.14,0.4,4813.3,0.2,11651.5,167.4,9821.9,0.0,0.733
MUM_000017,Colaba / Fort,18.933407,72.792051,0.1335,10.53,3.43,0.4,4346.1,0.2,11182.1,133.0,9390.8,0.0,0.76
MUM_000018,Marine Lines / Kalbadevi,18.937913,72.792322,0.0986,14.27,2.05,0.4,3888.3,0.2,10716.9,98.7,8968.1,0.001,0.752
MUM_000019,Marine Lines / Kalbadevi,18.942412,72.792593,0.0637,16.66,3.13,0.4,3445.2,0.2,10258.7,64.6,8556.9,0.001,0.741
MUM_000020,Marine Lines / Kalbadevi,18.946897,72.792863,0.0288,20.84,1.92,0.4,3034.3,0.2,9821.9,32.0,8170.7,0.001,0.76
MUM_000021,Marine Lines / Kalbadevi,18.951343,72.79313,0.2231,13.88,2.4,0.4,8517.9,0.2,15256.9,217.0,13153.0,0.0,0.717
MUM_000022,Marine Lines / Kalbadevi,18.955612,72.793387,0.25,19.07,2.31,0.4,8047.0,0.2,14795.6,647.1,12708.0,0.0,0.794
MUM_000023,Mumbai Central,,,0.25,15.85,1.92,0.4,7556.3,0.2,14316.9,996.0,12249.9,0.0,0.741
MUM_000024,Mumbai Central,,,0.25,10.96,2.75,0.4,7066.9,0.2,13839.8,926.9,11795.2,0.0,0.701
MUM_000025,Colaba / Fort,18.902129,72.796617,0.25,17.81,1.53,0.4,6579.1,0.2,13364.4,857.7,11344.4,0.0,0.767
MUM_000026,Colaba / Fort,18.90643,72.796712,0.25,7.9,1.87,0.4,6093.4,0.2,12890.8,788.6,10897.8,0.0,0.814
MUM_000027,Colaba / Fort,18.910945,72.796653,0.25,16.86,2.19,0.4,5610.1,0.2,12419.3,719.4,10456.0,0.0,0.734
MUM_000028,Colaba / Fort,18.915461,72.796594,0.25,12.48,1.54,0.4,5130.0,0.2,11950.0,650.3,10019.7,0.0,0.761
MUM_000029,Colaba / Fort,18.919976,72.796535,0.25,17.85,2.23,0.4,4654.1,0.2,11483.4,581.2,9589.7,0.0,0.784
MUM_000030,Colaba / Fort,18.924492,72.796476,0.25,7.71,2.19,0.4,4183.8,0.2,11019.8,512.0,9166.7,0.0,0.777
MUM_000031,Colaba / Fort,18.929007,72.796416,0.25,7.01,1.72,0.4,3721.3,0.2,10559.4,442.9,8751.9,0.001,0.839
MUM_000032,Marine Lines / Kalbadevi,18.933523,72.796357,0.25,17.9,1.24,0.4,3269.8,0.2,10102.8,373.7,8346.4,0.001,0.789
MUM_000033,Marine Lines / Kalbadevi,18.938039,72.796298,0.25,21.51,2.65,0.4,2834.7,0.2,9650.5,304.6,7951.7,0.001,0.767
MUM_000034,Marine Lines / Kalbadevi,18.942554,72.796239,0.242,15.82,1.48,0.4,2423.5,0.2,9203.7,243.7,7567.8,0.002,0.756
MUM_000035,Marine Lines / Kalbadevi,18.94707,72.796179,0.209,15.08,3.72,0.4,2030.4,0.2,8748.2,207.4,7178.6,0.003,0.759
MUM_000036,Marine Lines / Kalbadevi,18.951585,72.79612,0.169,19.02,1.23,0.4,1691.4,0.68,8298.8,177.7,6802.6,0.003,0.786
MUM_000037,Marine Lines / Kalbadevi,18.956101,72.796061,0.086,10.52,2.1,0.4,1416.6,1.14,7855.7,88.4,6429.8,0.005,0.712
MUM_000038,Marine Lines / Kalbadevi,18.960576,72.796075,0.119,21.31,3.73,0.4,8348.1,0.2,15035.9,116.7,12885.9,0.0,0.718
MUM_000039,Marine Lines / Kalbadevi,18.965073,72.796328,0.25,17.96,2.88,0.4,7969.0,0.2,14661.2,447.4,12519.7,0.0,0.814
MUM_000040,Marine Lines / Kalbadevi,18.969529,72.796638,0.25,10.21,1.53,0.4,7473.2,0.2,14178.0,905.9,12054.5,0.0,0.717
MUM_000041,Marine Lines / Kalbadevi,18.973774,72.797306,0.25,7.69,1.27,0.4,6978.0,0.2,13696.0,1364.3,11592.1,0.0,0.771
MUM_000042,Mumbai Central,,,0.25,9.09,1.92,0.4,6483.6,0.2,13215.4,1352.9,11133.0,0.0,0.728
MUM_000043,Colaba / Fort,18.903074,72.80114,0.25,21.49,3.76,0.4,5990.0,0.2,12736.3,1283.8,10677.6,0.0,0.779
MUM_000044,Colaba / Fort,18.906486,72.801457,0.25,19.0,3.29,0.4,5497.7,0.2,12258.8,1214.6,10226.4,0.0,0.773
MUM_000045,Colaba / Fort,18.911002,72.801398,0.25,15.16,2.93,0.4,5006.8,0.2,11783.2,1145.5,9779.8,0.0,0.763
MUM_000046,Colaba / Fort,18.915517,72.801339,0.25,12.7,2.52,0.4,4517.9,0.2,11309.7,1076.3,9338.7,0.0,0.793
MUM_000047,Colaba / Fort,18.920033,72.80128,0.25,7.2,1.93,0.4,4031.8,0.2,10838.6,1007.2,8903.9,0.001,0.705
MUM_000048,Colaba / Fort,18.924548,72.801221,0.25,16.15,2.27,0.4,3549.6,0.2,10370.2,938.1,8476.2,0.001,0.756
MUM_000049,Colaba / Fort,18.929064,72.801162,0.25,19.85,2.5,0.4,3073.0,0.2,9904.9,868.9,8056.9,0.001,0.792
MUM_000050,Marine Lines / Kalbadevi,18.933579,72.801102,0.25,17.14,2.28,0.4,2605.2,0.2,9443.2,799.8,7647.2,0.002,0.735
MUM_000051,Marine Lines / Kalbadevi,18.938095,72.801043,0.25,18.98,2.38,0.4,2151.9,0.2,8985.5,730.6,7248.9,0.002,0.736
MUM_000052,Marine Lines / Kalbadevi,18.94261,72.800984,0.25,14.97,1.54,0.4,1724.7,0.63,8532.6,661.5,6863.9,0.003,0.78
MUM_000053,Marine Lines / Kalbadevi,18.947126,72.800925,0.25,14.27,3.77,0.4,1348.4,1.25,8085.2,569.5,6494.7,0.004,0.811
MUM_000054,Marine Lines / Kalbadevi,18.951641,72.800866,0.25,20.82,1.52,0.4,1078.0,1.7,7644.4,395.6,6143.9,0.006,0.818
MUM_000055,Marine Lines / Kalbadevi,18.956157,72.800807,0.2348,19.72,2.19,0.4,988.1,1.85,7212.7,238.3,5810.6,0.008,0.722
MUM_000056,Marine Lines / Kalbadevi,18.960672,72.800747,0.1506,19.46,1.77,0.4,1067.5,1.72,6757.8,145.6,5450.0,0.011,0.82
MUM_000057,Marine Lines / Kalbadevi,18.965188,72.800688,0.0578,18.45,1.67,0.4,1303.1,1.33,6326.9,65.8,5121.1,0.014,0.834
MUM_000058,Marine Lines / Kalbadevi,18.969703,72.800629,0.241,11.91,3.58,0.4,7914.1,0.2,14536.2,258.1,12343.3,0.0,0.73
MUM_000059,Marine Lines / Kalbadevi,18.974219,72.80057,0.25,15.56,3.09,0.4,7423.0,0.2,14055.5,706.3,11876.9,0.0,0.79
MUM_000060,Worli / Prabhadevi,18.978646,72.800643,0.25,14.53,3.01,0.4,6924.2,0.2,13569.1,1164.7,11407.4,0.0,0.771
MUM_000061,Worli / Prabhadevi,18.983029,72.801353,0.25,11.61,1.25,0.4,6425.6,0.2,13083.9,1623.1,10940.5,0.0,0.783
MUM_000062,Worli / Prabhadevi,18.987183,72.802106,0.25,20.94,1.56,0.4,5927.2,0.2,12599.7,1779.0,10476.7,0.0,0.711
MUM_000063,Mumbai Central,,,0.25,18.38,1.54,0.4,5429.2,0.2,12116.9,1709.8,10016.4,0.0,0.836
MUM_000064,Mumbai Central,,,0.25,14.65,1.63,0.4,4931.5,0.2,11635.5,1640.7,9560.1,0.0,0.759
MUM_000065,Colaba / Fort,18.906616,72.806136,0.25,12.75,3.67,0.4,4434.3,0.2,11155.8,1571.5,9108.4,0.001,0.778
MUM_000066,Colaba / Fort,18.911058,72.806142,0.25,18.47,1.61,0.4,3937.9,0.2,10677.9,1502.4,8661.9,0.001,0.709
MUM_000067,Colaba / Fort,18.915573,72.806083,0.25,8.02,1.82,0.4,3442.5,0.2,10202.1,1433.3,8221.7,0.001,0.772
MUM_000068,Colaba / Fort,18.920089,72.806025,0.25,10.8,1.93,0.4,2948.7,0.2,9728.7,1364.1,7788.6,0.002,0.732
MUM_000069,Colaba / Fort,18.924604,72.805966,0.25,16.29,1.43,0.4,2457.3,0.2,9258.2,1295.0,7364.1,0.002,0.816
MUM_000070,Colaba / Fort,18.92912,72.805907,0.25,8.74,3.83,0.4,1970.3,0.22,8790.9,1225.8,6949.6,0.003,0.705
MUM_000071,Marine Lines / Kalbadevi,18.933636,72.805848,0.25,20.09,2.84,0.4,1492.0,1.01,8327.4,1156.7,6547.0,0.004,0.837
MUM_000072,Marine Lines / Kalbadevi,18.938151,72.805789,0.25,18.51,3.5,0.4,1034.3,1.78,7868.4,1038.3,6158.8,0.006,0.745
MUM_000073,Marine Lines / Kalbadevi,18.942667,72.80573,0.25,21.9,1.37,0.4,643.0,2.43,7414.7,864.4,5787.7,0.008,0.721
MUM_000074,Marine Lines / Kalbadevi,18.947182,72.805671,0.25,20.84,1.96,0.4,507.2,2.65,6967.3,690.6,5437.3,0.011,0.737
MUM_000075,Marine Lines / Kalbadevi,18.951698,72.805612,0.25,19.48,3.46,0.4,771.4,2.21,6527.6,516.7,5111.9,0.014,0.796
MUM_000076,Marine Lines / Kalbadevi,18.956213,72.805552,0.25,11.29,1.28,0.4,1120.5,1.63,6097.1,342.9,4816.5,0.018,0.709
MUM_000077,Marine Lines / Kalbadevi,18.960729,72.805493,0.2144,21.6,2.83,0.4,1434.3,1.11,5674.1,205.5,4536.7,0.023,0.705
MUM_000078,Marine Lines / Kalbadevi,18.965244,72.805434,0.1224,8.25,2.94,0.4,1709.5,0.65,5225.4,120.3,4240.3,0.029,0.799
MUM_000079,Marine Lines / Kalbadevi,18.96976,72.805375,0.0312,13.19,3.24,0.4,1939.8,0.27,4845.7,47.5,4015.6,0.035,0.816
MUM_000080,Marine Lines / Kalbadevi,18.974275,72.805316,0.1513,19.69,2.28,0.4,7814.1,0.2,14355.8,144.7,12116.5,0.0,0.701
MUM_000081,Worli / Prabhadevi,18.978791,72.805257,0.25,20.7,2.88,0.4,7406.2,0.2,13949.8,506.7,11718.0,0.0,0.74
MUM_000082,Worli / Prabhadevi,18.983306,72.805198,0.25,15.51,2.94,0.4,6906.2,0.2,13459.7,965.1,11241.8,0.0,0.711
MUM_000083,Worli / Prabhadevi,18.987822,72.805139,0.25,18.92,1.71,0.4,6406.2,0.2,12970.3,1360.8,10767.8,0.0,0.829
MUM_000084,Worli / Prabhadevi,18.992185,72.80539,0.25,16.06,1.57,0.4,5906.2,0.2,12481.8,1581.2,10296.2,0.0,0.741
MUM_000085,Worli / Prabhadevi,18.996582,72.80618,0.25,14.32,2.47,0.4,5406.2,0.2,11994.2,1801.5,9827.4,0.0,0.715
MUM_000086,Worli / Prabhadevi,19.000368,72.806866,0.25,13.81,2.91,0.4,4906.2,0.2,11507.6,2021.9,9361.9,0.0,0.711
MUM_000087,Colaba / Fort,18.907427,72.81065,0.25,14.36,3.49,0.4,4406.2,0.2,11022.3,2066.7,8900.1,0.001,0.836
MUM_000088,Colaba / Fort,18.911114,72.810887,0.25,19.78,2.32,0.4,3906.2,0.2,10538.4,1997.6,8442.7,0.001,0.77
MUM_000089,Colaba / Fort,18.915629,72.810828,0.25,9.86,1.49,0.4,3406.2,0.2,10056.0,1928.5,7990.4,0.001,0.794
MUM_000090,Colaba / Fort,18.920145,72.810769,0.25,7.94,1.99,0.4,2906.2,0.2,9575.4,1859.3,7544.1,0.002,0.817
MUM_000091,Colaba / Fort,18.92466,72.810711,0.25,16.94,1.73,0.4,2406.2,0.2,9097.0,1790.2,7104.9,0.003,0.711
MUM_000092,Colaba / Fort,18.929176,72.810652,0.25,15.59,3.59,0.4,1906.2,0.32,8621.0,1721.0,6674.3,0.004,0.724
MUM_000093,Marine Lines / Kalbadevi,18.933692,72.810593,0.25,18.3,3.17,0.4,1406.2,1.16,8147.8,1651.9,6254.1,0.005,0.804
MUM_000094,Marine Lines / Kalbadevi,18.938207,72.810534,0.25,8.03,3.78,0.4,906.2,1.99,7678.1,1507.1,5846.4,0.008,0.739
MUM_000095,Marine Lines / Kalbadevi,18.942723,72.810475,0.25,11.23,1.52,0.4,406.2,2.82,7212.4,1333.2,5454.1,0.011,0.721
MUM_000096,Marine Lines / Kalbadevi,18.947238,72.810416,0.25,16.42,2.8,0.4,64.4,3.39,6751.6,1159.4,5080.8,0.014,0.822
MUM_000097,Marine Lines / Kalbadevi,18.951754,72.810357,0.25,12.93,1.74,0.4,413.5,2.81,6296.8,985.5,4730.9,0.019,0.78
MUM_000098,Marine Lines / Kalbadevi,18.956269,72.810298,0.25,18.02,2.06,0.4,762.6,2.23,5849.4,811.7,4410.0,0.025,0.786
MUM_000099,Marine Lines / Kalbadevi,18.960785,72.810239,0.25,17.84,1.93,0.4,1111.7,1.65,5411.2,637.8,4125.0,0.032,0.745
MUM_000100,Marine Lines / Kalbadevi,18.9653,72.81018,0.25,19.27,2.09,0.4,1459.7,1.07,4984.7,463.9,3883.6,0.039,0.738
MUM_000101,Marine Lines / Kalbadevi,18.969816,72.810121,0.2485,17.87,2.49,0.4,1783.9,0.53,4573.3,291.9,3693.5,0.046,0.784
MUM_000102,Marine Lines / Kalbadevi,18.974332,72.810062,0.187,18.52,1.22,0.4,2053.6,0.2,4158.6,178.9,3512.0,0.054,0.831
MUM_000103,Worli / Prabhadevi,18.978847,72.810003,0.1019,18.99,2.83,0.4,2311.1,0.2,3731.9,95.1,3361.9,0.061,0.83
MUM_000104,Worli / Prabhadevi,18.983363,72.809944,0.0478,8.2,2.14,0.4,2585.5,0.2,3357.7,51.2,3313.4,0.063,0.73
MUM_000105,Worli / Prabhadevi,18.987878,72.809885,0.0253,9.38,2.24,0.4,2213.1,0.2,7144.3,41.9,3705.1,0.046,0.717
MUM_000106,Worli / Prabhadevi,18.992394,72.809826,0.0431,7.97,2.43,0.4,7731.2,0.2,14188.2,59.2,11908.7,0.0,0.734
MUM_000107,Worli / Prabhadevi,18.996909,72.809767,0.2493,21.42,2.69,0.4,7422.5,0.2,13860.8,307.9,11578.0,0.0,0.706
MUM_000108,Worli / Prabhadevi,19.001413,72.809722,0.25,20.35,2.35,0.4,6924.4,0.2,13368.0,691.7,11096.3,0.0,0.797
MUM_000109,Worli / Prabhadevi,19.00576,72.810213,0.25,10.32,3.12,0.4,6425.8,0.2,12875.1,912.0,10615.8,0.0,0.821
MUM_000110,Worli / Prabhadevi,19.01023,72.810966,0.25,11.79,2.29,0.4,5927.5,0.2,12382.8,1132.4,10137.1,0.0,0.822
MUM_000111,Worli / Prabhadevi,19.014593,72.811413,0.25,11.75,2.67,0.4,5429.4,0.2,11891.2,1352.7,9660.7,0.0,0.774
MUM_000112,Mumbai Central,,,0.25,14.53,1.82,0.4,4931.8,0.2,11400.3,1573.1,9186.7,0.0,0.796
MUM_000113,Mumbai Central,,,0.25,15.17,2.82,0.4,4434.7,0.2,10910.2,1793.4,8715.6,0.001,0.754
MUM_000114,Andheri Subway / West,19.110016,72.810402,0.25,3.54,0.63,0.92,3938.3,0.2,10421.0,2013.8,8248.0,0.001,0.935
MUM_000115,Mumbai Central,,,0.25,8.74,3.6,0.4,3442.9,0.2,9933.0,2234.1,7784.4,0.002,0.76
MUM_000116,Colaba / Fort,18.908317,72.814704,0.25,12.65,2.8,0.4,2949.2,0.2,9446.2,2354.5,7325.5,0.002,0.736
MUM_000117,Colaba / Fort,18.911175,72.815626,0.25,7.04,2.29,0.4,2457.9,0.2,8960.8,2285.4,6872.4,0.003,0.711
MUM_000118,Colaba / Fort,18.915685,72.815573,0.25,11.9,1.34,0.4,1971.1,0.21,8477.1,2216.2,6426.3,0.005,0.713
MUM_000119,Colaba / Fort,18.920201,72.815514,0.25,19.19,2.69,0.4,1493.0,1.01,7995.5,2147.1,5988.6,0.007,0.733
MUM_000120,Colaba / Fort,18.924716,72.815456,0.25,21.45,1.64,0.4,1035.7,1.77,7516.2,1975.9,5561.5,0.01,0.733
MUM_000121,Colaba / Fort,18.929232,72.815397,0.25,11.85,1.9,0.4,642.7,2.43,7039.8,1802.0,5147.6,0.014,0.725
MUM_000122,Marine Lines / Kalbadevi,18.933748,72.815338,0.25,10.46,3.99,0.4,293.6,3.01,6567.0,1628.2,4750.2,0.019,0.71
MUM_000123,Marine Lines / Kalbadevi,18.938263,72.815279,0.25,15.04,3.71,0.4,55.5,3.41,6098.4,1454.3,4374.0,0.026,0.801
MUM_000124,Marine Lines / Kalbadevi,18.942779,72.815221,0.25,12.51,1.57,0.4,404.6,2.83,5635.3,1280.5,4024.7,0.035,0.799
MUM_000125,Marine Lines / Kalbadevi,18.947294,72.815162,0.25,10.31,2.31,0.4,753.7,2.24,5179.0,1106.6,3710.2,0.045,0.826
MUM_000126,Marine Lines / Kalbadevi,18.95181,72.815103,0.25,8.46,2.05,0.4,1080.7,1.7,4731.6,932.7,3439.8,0.057,0.812
MUM_000127,Marine Lines / Kalbadevi,18.956325,72.815044,0.25,13.35,1.84,0.4,1406.8,1.16,4295.8,758.9,3224.8,0.068,0.839
MUM_000128,Marine Lines / Kalbadevi,18.960841,72.814985,0.25,17.08,2.61,0.4,1733.0,0.61,3875.5,585.0,3076.7,0.077,0.726
MUM_000129,Marine Lines / Kalbadevi,18.965356,72.814927,0.25,12.56,2.68,0.4,2059.1,0.2,3476.4,438.1,3005.5,0.082,0.733
MUM_000130,Marine Lines / Kalbadevi,18.969872,72.814868,0.25,11.41,3.42,0.4,2385.3,0.2,3106.7,338.6,3016.6,0.081,0.711
MUM_000131,Marine Lines / Kalbadevi,18.974388,72.814809,0.242,14.05,1.52,0.4,2702.3,0.2,2775.1,247.5,3100.5,0.075,0.764
MUM_000132,Worli / Prabhadevi,18.978903,72.81475,0.1962,7.14,3.64,0.4,2465.5,0.2,2465.5,193.3,3223.7,0.068,0.785
MUM_000133,Worli / Prabhadevi,18.983419,72.814691,0.1454,14.43,2.1,0.4,2219.0,0.2,2219.0,143.9,3411.8,0.058,0.759
MUM_000134,Worli / Prabhadevi,18.987934,72.814632,0.0946,20.31,3.89,0.4,2066.5,0.2,2066.5,95.0,3656.4,0.048,0.736
MUM_000135,Worli / Prabhadevi,18.99245,72.814573,0.0438,14.43,3.4,0.4,2025.8,0.2,2025.8,47.8,3936.8,0.038,0.79
MUM_000136,Worli / Prabhadevi,18.996965,72.814514,0.0612,10.88,2.44,0.4,4728.5,0.2,5299.6,62.9,2821.2,0.095,0.707
MUM_000137,Worli / Prabhadevi,19.001481,72.814455,0.1055,13.15,3.56,0.4,4239.3,0.2,5622.2,105.4,2990.5,0.083,0.824
MUM_000138,Worli / Prabhadevi,19.005996,72.814396,0.1499,10.23,1.37,0.4,3742.6,0.2,5949.8,148.6,3229.9,0.068,0.77
MUM_000139,Worli / Prabhadevi,19.010512,72.814337,0.1942,15.29,2.41,0.4,3243.6,0.2,6279.0,192.0,3524.9,0.053,0.788
MUM_000140,Worli / Prabhadevi,19.015027,72.814278,0.2372,11.73,1.81,0.4,2744.7,0.2,6607.0,236.7,3616.2,0.049,0.754
MUM_000141,Worli / Prabhadevi,19.019497,72.814292,0.25,18.45,2.96,0.4,2253.5,0.2,6908.2,310.7,3446.5,0.057,0.747
MUM_000142,Worli / Prabhadevi,19.023967,72.814662,0.2496,8.87,2.42,0.4,1759.3,0.57,7202.9,266.4,3328.1,0.062,0.762
MUM_000143,Worli / Prabhadevi,19.028454,72.815082,0.2318,8.34,1.39,0.4,1277.4,1.37,7481.3,230.8,3265.3,0.066,0.823
MUM_000144,Worli / Prabhadevi,19.032905,72.815498,0.2049,11.66,3.17,0.4,808.6,2.15,7689.6,204.0,3268.4,0.066,0.789
MUM_000145,Bandra West,19.037192,72.8159,0.178,6.7,1.35,0.55,344.1,2.93,7885.2,177.3,3347.0,0.061,0.877
MUM_000146,Mumbai Central,,,0.1511,17.65,3.95,0.4,120.1,3.3,8080.7,150.6,3495.9,0.054,0.807
MUM_000147,Mumbai Central,,,0.1241,17.23,1.71,0.4,583.9,2.53,8276.0,123.9,3706.5,0.046,0.727
MUM_000148,Santacruz / Milan Subway,19.087569,72.815096,0.0972,3.69,0.7,0.92,1046.8,1.76,8482.1,97.3,3968.5,0.037,0.94
MUM_000149,Santacruz / Milan Subway,19.091965,72.814628,0.0703,4.8,1.19,0.92,1507.9,0.99,8710.9,70.7,4271.5,0.028,0.853
MUM_000150,Santacruz / Milan Subway,19.096429,72.814152,0.0434,4.18,0.4,0.92,1964.0,0.23,8954.5,44.5,4604.2,0.022,0.891
MUM_000151,Santacruz / Milan Subway,19.100914,72.813675,0.1263,3.32,1.03,0.92,7402.1,0.2,13744.6,138.3,11423.7,0.0,0.866
MUM_000152,Andheri Subway / West,19.105399,72.81321,0.2394,4.59,0.73,0.92,6969.1,0.2,13287.8,255.0,10966.1,0.0,0.928
MUM_000153,Andheri Subway / West,19.109853,72.813035,0.25,4.42,0.33,0.92,6484.0,0.2,12798.8,463.2,10485.5,0.0,0.878
MUM_000154,Andheri Subway / West,19.114365,72.812979,0.25,4.01,0.75,0.92,5990.5,0.2,12303.5,683.5,10000.6,0.0,0.877
MUM_000155,Andheri Subway / West,19.118842,72.813087,0.25,4.19,0.88,0.92,5498.2,0.2,11808.5,903.9,9517.3,0.0,0.875
MUM_000156,Andheri Subway / West,19.123355,72.813283,0.25,3.19,1.01,0.92,5007.4,0.2,11314.0,1124.2,9035.8,0.001,0.929
MUM_000157,Andheri Subway / West,19.127866,72.813479,0.25,4.96,0.34,0.92,4518.6,0.2,10820.0,1344.6,8556.4,0.001,0.865
MUM_000158,Andheri Subway / West,19.132375,72.813675,0.25,4.22,0.65,0.92,4032.6,0.2,10326.6,1564.9,8079.6,0.001,0.88
MUM_000159,Andheri Subway / West,19.136878,72.81387,0.25,4.71,0.49,0.92,3550.4,0.2,9833.9,1785.3,7605.7,0.002,0.92
MUM_000160,Goregaon West,19.141374,72.814066,0.25,17.94,1.34,0.4,3074.0,0.2,9341.9,2005.6,7135.3,0.003,0.816
MUM_000161,Goregaon West,19.145853,72.81426,0.25,13.18,3.73,0.4,2606.3,0.2,8850.8,2226.0,6669.3,0.004,0.707
MUM_000162,Goregaon West,19.150282,72.814453,0.25,10.94,3.78,0.4,2153.3,0.2,8360.8,2446.3,6208.6,0.006,0.719
MUM_000163,Mumbai Central,,,0.25,19.97,1.56,0.4,1726.4,0.62,7872.0,2618.6,5754.5,0.008,0.705
MUM_000164,Mumbai Central,,,0.25,15.41,3.79,0.4,1349.7,1.25,7384.7,2444.7,5308.6,0.012,0.816
MUM_000165,Colaba / Fort,18.911749,72.81942,0.25,21.75,2.42,0.4,1000.6,1.83,6899.3,2270.8,4873.2,0.017,0.748
MUM_000166,Colaba / Fort,18.915812,72.820226,0.25,16.24,2.41,0.4,651.5,2.41,6416.0,2097.0,4451.4,0.024,0.815
MUM_000167,Colaba / Fort,18.920257,72.820259,0.25,7.81,3.35,0.4,302.4,3.0,5935.6,1923.1,4047.4,0.034,0.83
MUM_000168,Colaba / Fort,18.924772,72.820201,0.25,16.71,2.01,0.4,46.7,3.42,5458.7,1749.3,3667.2,0.047,0.796
MUM_000169,Colaba / Fort,18.929288,72.820142,0.25,9.54,2.22,0.4,375.6,2.87,4986.3,1575.4,3319.0,0.063,0.815
MUM_000170,Marine Lines / Kalbadevi,18.933803,72.820083,0.25,13.42,3.98,0.4,701.7,2.33,4519.8,1401.5,3013.7,0.081,0.716
MUM_000171,Marine Lines / Kalbadevi,18.938319,72.820025,0.25,11.59,3.76,0.4,1027.9,1.79,4061.4,1227.7,2765.7,0.1,0.796
MUM_000172,Marine Lines / Kalbadevi,18.942835,72.819966,0.25,8.39,2.8,0.4,1354.0,1.24,3613.9,1053.8,2591.6,0.115,0.702
MUM_000173,Marine Lines / Kalbadevi,18.94735,72.819907,0.25,9.88,1.21,0.4,1680.2,0.7,3182.2,928.1,2506.6,0.124,0.796
MUM_000174,Marine Lines / Kalbadevi,18.951866,72.819849,0.25,21.46,3.58,0.4,2006.3,0.2,2773.5,828.6,2519.9,0.122,0.789
MUM_000175,Marine Lines / Kalbadevi,18.956381,72.81979,0.25,8.29,3.46,0.4,2337.5,0.2,2399.6,729.1,2630.0,0.112,0.737
MUM_000176,Marine Lines / Kalbadevi,18.960897,72.819731,0.25,17.78,3.14,0.4,2079.4,0.2,2079.4,629.5,2825.6,0.095,0.774
MUM_000177,Marine Lines / Kalbadevi,18.965412,72.819673,0.25,11.31,1.34,0.4,1841.1,0.43,1841.1,530.0,3090.4,0.076,0.759
MUM_000178,Marine Lines / Kalbadevi,18.969928,72.819614,0.25,9.93,3.02,0.4,1719.2,0.63,1719.2,430.5,3408.5,0.058,0.821
MUM_000179,Marine Lines / Kalbadevi,18.974444,72.819555,0.25,19.14,3.01,0.4,1738.2,0.6,1738.2,330.9,3766.3,0.043,0.751
MUM_000180,Worli / Prabhadevi,18.978959,72.819496,0.2397,19.01,1.32,0.4,1882.5,0.36,1882.5,242.2,4142.7,0.032,0.706
MUM_000181,Worli / Prabhadevi,18.983475,72.819438,0.1923,18.39,3.98,0.4,2105.7,0.2,2105.7,189.5,4485.0,0.024,0.754
MUM_000182,Worli / Prabhadevi,18.98799,72.819379,0.1415,15.18,2.86,0.4,2404.4,0.2,2404.4,140.2,4239.4,0.029,0.704
MUM_000183,Worli / Prabhadevi,18.992506,72.81932,0.0907,13.77,1.36,0.4,2711.8,0.2,2711.8,91.2,3809.8,0.042,0.721
MUM_000184,Worli / Prabhadevi,18.997021,72.819261,0.0547,19.71,2.48,0.4,3052.8,0.2,3052.8,35.3,3379.5,0.06,0.808
MUM_000185,Worli / Prabhadevi,19.001537,72.819202,0.0897,18.83,1.58,0.4,3436.3,0.2,3436.3,90.1,3042.9,0.079,0.715
MUM_000186,Worli / Prabhadevi,19.006052,72.819143,0.134,11.36,3.55,0.4,3762.8,0.2,3762.8,133.1,2782.3,0.098,0.763
MUM_000187,Worli / Prabhadevi,19.010568,72.819085,0.1783,12.41,1.88,0.4,4091.6,0.2,4091.6,176.5,2590.1,0.116,0.722
MUM_000188,Worli / Prabhadevi,19.015084,72.819026,0.2226,16.5,3.66,0.4,4421.3,0.2,4421.3,219.9,2484.3,0.126,0.805
MUM_000189,Worli / Prabhadevi,19.019599,72.818967,0.2497,15.03,2.35,0.4,4733.1,0.2,4733.1,279.8,2459.0,0.129,0.822
MUM_000190,Worli / Prabhadevi,19.024115,72.818908,0.25,16.85,1.39,0.4,4800.2,0.2,5028.4,366.7,2507.3,0.124,0.78
MUM_000191,Worli / Prabhadevi,19.02863,72.818849,0.25,17.0,3.49,0.4,4307.9,0.2,5323.7,454.0,2650.4,0.11,0.795
MUM_000192,Worli / Prabhadevi,19.033146,72.81879,0.25,9.3,2.54,0.4,3817.5,0.2,5619.0,541.3,2874.4,0.091,0.812
MUM_000193,Bandra West,19.037661,72.818731,0.25,7.83,1.09,0.55,3329.9,0.2,5914.2,628.5,3162.3,0.072,0.851
MUM_000194,Bandra West,19.042122,72.818766,0.25,7.26,2.47,0.55,2846.8,0.2,6209.4,715.8,3185.1,0.07,0.814
MUM_000195,Bandra West,19.046599,72.819152,0.25,7.46,1.29,0.55,2370.3,0.2,6504.7,803.1,2974.1,0.084,0.814
MUM_000196,Bandra West,19.051085,72.819572,0.25,11.17,2.13,0.55,1896.4,0.34,6799.9,763.1,2836.5,0.094,0.869
MUM_000197,Bandra West,19.05553,72.819988,0.25,6.07,2.07,0.55,1422.5,1.13,7063.2,709.6,2783.2,0.098,0.87
MUM_000198,Bandra West,19.060294,72.820282,0.25,9.91,2.39,0.55,948.7,1.92,7283.3,656.0,2819.0,0.095,0.825
MUM_000199,Bandra West,19.064958,72.81988,0.25,10.71,1.41,0.55,474.8,2.71,7503.4,602.5,2940.6,0.086,0.813
MUM_000200,Bandra West,19.069407,72.819406,0.25,13.03,1.53,0.55,1.0,3.5,7723.5,548.9,3138.1,0.073,0.836
MUM_000201,Bandra West,19.073887,72.81893,0.25,6.37,1.35,0.55,472.9,2.71,7945.0,495.4,3398.2,0.059,0.838
MUM_000202,Santacruz / Milan Subway,19.078379,72.818452,0.25,4.04,0.8,0.92,946.7,1.92,8185.6,441.9,3707.9,0.046,0.945
MUM_000203,Santacruz / Milan Subway,19.082819,72.818143,0.25,3.52,0.83,0.92,1420.6,1.13,8448.9,388.3,4055.7,0.034,0.894
MUM_000204,Santacruz / Milan Subway,19.087332,72.818081,0.25,2.87,0.82,0.92,1894.4,0.34,8721.6,334.8,4432.7,0.025,0.92
MUM_000205,Santacruz / Milan Subway,19.091847,72.818022,0.25,4.44,0.37,0.92,2348.6,0.2,8994.3,281.3,4832.1,0.018,0.906
MUM_000206,Santacruz / Milan Subway,19.096363,72.817963,0.2374,3.46,0.35,0.92,2783.1,0.2,9253.5,240.4,5237.3,0.013,0.915
MUM_000207,Santacruz / Milan Subway,19.100878,72.817903,0.1911,4.14,0.56,0.92,3203.2,0.2,9485.2,188.4,5641.2,0.009,0.933
MUM_000208,Andheri Subway / West,19.105394,72.817844,0.1404,3.72,0.36,0.92,3503.9,0.2,9713.5,139.1,6057.8,0.006,0.947
MUM_000209,Andheri Subway / West,19.109909,72.817785,0.0896,4.6,1.17,0.92,3019.1,0.2,9939.8,90.2,6482.0,0.005,0.911
MUM_000210,Andheri Subway / West,19.114425,72.817726,0.0389,3.7,0.97,0.92,2559.8,0.2,10155.7,43.5,6895.7,0.003,0.869
MUM_000211,Andheri Subway / West,19.11894,72.817666,0.133,4.47,0.51,0.92,6518.6,0.2,12714.1,127.9,10361.2,0.0,0.893
MUM_000212,Andheri Subway / West,19.123456,72.817607,0.2374,3.53,0.52,0.92,6082.3,0.2,12235.9,248.9,9880.7,0.0,0.911
MUM_000213,Andheri Subway / West,19.127971,72.817548,0.25,3.54,0.59,0.92,5610.9,0.2,11746.6,455.1,9398.3,0.0,0.909
MUM_000214,Andheri Subway / West,19.132487,72.817488,0.25,3.88,1.19,0.92,5130.9,0.2,11249.4,675.4,8910.4,0.001,0.911
MUM_000215,Andheri Subway / West,19.137002,72.817429,0.25,3.55,0.77,0.92,4655.0,0.2,10752.4,895.8,8423.9,0.001,0.87
MUM_000216,Goregaon West,19.141518,72.81737,0.25,19.13,3.33,0.4,4184.9,0.2,10255.7,1116.1,7939.1,0.001,0.812
MUM_000217,Goregaon West,19.146033,72.81731,0.25,15.4,2.32,0.4,3722.5,0.2,9759.4,1336.5,7456.3,0.002,0.839
MUM_000218,Goregaon West,19.150549,72.817251,0.25,14.58,1.32,0.4,3271.2,0.2,9263.4,1556.8,6975.9,0.003,0.832
MUM_000219,Goregaon West,19.155064,72.817191,0.25,14.56,2.33,0.4,2836.3,0.2,8768.0,1777.2,6498.5,0.004,0.819
MUM_000220,Goregaon West,19.159527,72.817248,0.25,20.52,2.78,0.4,2426.6,0.2,8273.0,1997.5,6024.7,0.007,0.753
MUM_000221,Goregaon West,19.164002,72.817623,0.25,21.5,3.35,0.4,2056.8,0.2,7778.7,2217.9,5555.5,0.01,0.805
MUM_000222,Goregaon West,19.168487,72.818042,0.25,17.8,3.89,0.4,1707.7,0.65,7285.2,2438.2,5092.2,0.014,0.804
MUM_000223,Malad West,19.172931,72.818458,0.25,18.52,2.04,0.4,1358.6,1.24,6792.7,2658.4,4636.6,0.021,0.742
MUM_000224,Malad West,19.177173,72.818855,0.25,15.78,3.32,0.4,1009.5,1.82,6301.3,2565.8,4191.0,0.03,0.753
MUM_000225,Mumbai Central,,,0.25,10.19,2.37,0.4,660.4,2.4,5811.4,2391.9,3759.2,0.044,0.744
MUM_000226,Mumbai Central,,,0.25,7.49,1.23,0.4,329.6,2.95,5323.3,2218.1,3346.4,0.062,0.748
MUM_000227,Colaba / Fort,18.920648,72.823979,0.25,11.01,2.24,0.4,3.4,3.49,4837.7,2044.2,2960.7,0.085,0.728
MUM_000228,Colaba / Fort,18.92491,72.824837,0.25,13.4,1.82,0.4,322.7,2.96,4355.4,1870.3,2613.9,0.113,0.786
MUM_000229,Colaba / Fort,18.929343,72.824887,0.25,15.44,1.97,0.4,648.9,2.42,3877.6,1696.5,2323.7,0.144,0.816
MUM_000230,Marine Lines / Kalbadevi,18.933859,72.824829,0.25,13.07,2.71,0.4,975.0,1.88,3406.1,1525.0,2113.4,0.172,0.735
MUM_000231,Marine Lines / Kalbadevi,18.938375,72.82477,0.25,7.85,2.34,0.4,1301.2,1.33,2944.0,1418.1,2008.3,0.188,0.799
MUM_000232,Marine Lines / Kalbadevi,18.94289,72.824712,0.25,7.21,2.69,0.4,1630.4,0.78,2496.6,1318.6,2024.9,0.185,0.709
MUM_000233,Marine Lines / Kalbadevi,18.947406,72.824653,0.25,14.57,1.75,0.4,1998.8,0.2,2073.3,1219.0,2160.3,0.165,0.714
MUM_000234,Marine Lines / Kalbadevi,18.951921,72.824595,0.25,11.57,1.86,0.4,1692.5,0.68,1692.5,1119.5,2394.6,0.136,0.755
MUM_000235,Marine Lines / Kalbadevi,18.956437,72.824536,0.25,13.16,2.08,0.4,1389.4,1.18,1389.4,1020.0,2702.0,0.105,0.838
MUM_000236,Marine Lines / Kalbadevi,18.960953,72.824477,0.25,8.19,3.02,0.4,1223.2,1.46,1223.2,920.5,3060.7,0.078,0.741
MUM_000237,Marine Lines / Kalbadevi,18.965468,72.824419,0.25,11.25,1.82,0.4,1249.8,1.42,1249.8,820.9,3454.7,0.056,0.798
MUM_000238,Marine Lines / Kalbadevi,18.969984,72.82436,0.25,11.64,3.49,0.4,1458.7,1.07,1458.7,721.4,3873.2,0.04,0.754
MUM_000239,Marine Lines / Kalbadevi,18.974499,72.824302,0.25,13.75,3.27,0.4,1784.4,0.53,1784.4,621.9,4077.3,0.033,0.768
MUM_000240,Worli / Prabhadevi,18.979015,72.824243,0.25,11.07,2.04,0.4,2133.4,0.2,2133.4,522.3,4021.6,0.035,0.716
MUM_000241,Worli / Prabhadevi,18.983531,72.824184,0.25,17.91,2.46,0.4,2482.4,0.2,2482.4,422.8,3593.2,0.05,0.734
MUM_000242,Worli / Prabhadevi,18.988046,72.824126,0.25,22.0,3.2,0.4,2831.4,0.2,2831.4,336.9,3185.8,0.07,0.766
MUM_000243,Worli / Prabhadevi,18.992562,72.824067,0.25,15.81,2.96,0.4,3148.5,0.2,3148.5,422.7,2808.4,0.096,0.738
MUM_000244,Worli / Prabhadevi,18.997077,72.824008,0.25,16.58,2.09,0.4,3443.8,0.2,3443.8,510.0,2474.9,0.127,0.716
MUM_000245,Worli / Prabhadevi,19.001593,72.82395,0.25,21.48,3.15,0.4,3739.1,0.2,3739.1,597.3,2205.2,0.159,0.729
MUM_000246,Worli / Prabhadevi,19.006108,72.823891,0.25,12.14,2.49,0.4,4034.4,0.2,4034.4,684.5,2025.1,0.185,0.786
MUM_000247,Worli / Prabhadevi,19.010624,72.823832,0.25,16.07,3.47,0.4,4329.7,0.2,4329.7,771.8,1959.4,0.195,0.809
MUM_000248,Worli / Prabhadevi,19.01514,72.823773,0.25,7.24,3.74,0.4,4624.9,0.2,4624.9,859.1,2019.2,0.186,0.743
MUM_000249,Worli / Prabhadevi,19.019655,72.823714,0.25,16.05,2.64,0.4,4427.1,0.2,4920.2,946.3,2194.3,0.161,0.781
MUM_000250,Worli / Prabhadevi,19.024171,72.823656,0.25,10.31,2.35,0.4,3951.4,0.2,5215.4,1033.6,2460.3,0.129,0.772
MUM_000251,Worli / Prabhadevi,19.028686,72.823597,0.25,9.77,3.77,0.4,3477.5,0.2,5510.7,1120.9,2791.3,0.098,0.792
MUM_000252,Worli / Prabhadevi,19.033202,72.823538,0.25,13.9,3.97,0.4,3003.7,0.2,5805.9,1208.1,2759.0,0.1,0.794
MUM_000253,Bandra West,19.037717,72.823479,0.25,10.68,2.23,0.55,2529.8,0.2,6101.1,1295.4,2512.5,0.123,0.856
MUM_000254,Bandra West,19.042233,72.82342,0.25,13.8,2.48,0.55,2056.0,0.2,6394.2,1260.2,2348.0,0.141,0.792
MUM_000255,Bandra West,19.046748,72.823361,0.25,11.12,1.02,0.55,1582.1,0.86,6614.3,1206.7,2283.3,0.149,0.781
MUM_000256,Bandra West,19.051264,72.823302,0.25,12.75,1.7,0.55,1108.3,1.65,6834.4,1153.1,2326.8,0.144,0.79
MUM_000257,Bandra West,19.055779,72.823244,0.25,7.11,2.74,0.55,634.4,2.44,7054.5,1099.6,2472.7,0.127,0.802
MUM_000258,Bandra West,19.060295,72.823185,0.25,10.3,2.06,0.55,160.6,3.23,7274.6,1046.1,2704.6,0.105,0.867
MUM_000259,Bandra West,19.064811,72.823126,0.25,8.91,1.4,0.55,313.3,2.98,7503.8,992.5,3002.5,0.082,0.838
MUM_000260,Bandra West,19.069326,72.823067,0.25,6.16,1.06,0.55,785.3,2.19,7758.0,939.0,3349.0,0.061,0.833
MUM_000261,Bandra West,19.073842,72.823008,0.25,7.02,1.6,0.55,1230.6,1.45,8029.8,885.5,3730.4,0.045,0.879
MUM_000262,Santacruz / Milan Subway,19.078357,72.822949,0.25,3.44,0.84,0.92,1676.0,0.71,8302.5,831.9,4137.2,0.032,0.855
MUM_000263,Santacruz / Milan Subway,19.082873,72.82289,0.25,4.78,0.83,0.92,2121.3,0.2,8575.2,778.4,4562.5,0.022,0.913
MUM_000264,Santacruz / Milan Subway,19.087388,72.822831,0.25,4.45,0.77,0.92,2566.7,0.2,8847.9,719.1,5001.7,0.015,0.92
MUM_000265,Santacruz / Milan Subway,19.091904,72.822772,0.25,3.13,0.84,0.92,3012.0,0.2,9120.6,619.6,5451.4,0.011,0.929
MUM_000266,Santacruz / Milan Subway,19.096419,72.822712,0.25,4.84,1.11,0.92,3457.4,0.2,9393.3,520.1,5909.2,0.007,0.895
MUM_000267,Santacruz / Milan Subway,19.100935,72.822653,0.25,3.41,0.94,0.92,3051.9,0.2,9666.0,420.6,6373.3,0.005,0.913
MUM_000268,Andheri Subway / West,19.10545,72.822594,0.25,4.2,1.05,0.92,2565.9,0.2,9938.7,321.2,6842.4,0.003,0.936
MUM_000269,Andheri Subway / West,19.109966,72.822535,0.2363,3.09,0.42,0.92,2091.2,0.2,10196.4,235.9,7304.6,0.002,0.858
MUM_000270,Andheri Subway / West,19.114481,72.822476,0.1873,4.82,0.77,0.92,1621.6,0.8,10427.6,184.7,7763.7,0.002,0.858
MUM_000271,Andheri Subway / West,19.118997,72.822417,0.1366,4.64,1.06,0.92,1152.8,1.58,10671.8,135.4,8149.1,0.001,0.941
MUM_000272,Andheri Subway / West,19.123512,72.822358,0.0858,4.31,0.39,0.92,688.7,2.35,10930.5,86.6,7698.8,0.002,0.887
MUM_000273,Andheri Subway / West,19.128028,72.822299,0.0351,3.37,1.13,0.92,249.6,3.08,11189.9,40.4,7278.0,0.002,0.861
MUM_000274,Andheri Subway / West,19.132543,72.822239,0.1285,3.35,1.04,0.92,5689.4,0.2,11673.3,124.1,9284.2,0.0,0.908
MUM_000275,Andheri Subway / West,19.137059,72.82218,0.2353,2.93,0.8,0.92,5284.1,0.2,11197.0,243.0,8803.5,0.001,0.884
MUM_000276,Goregaon West,19.141574,72.822121,0.25,13.6,1.77,0.4,4839.5,0.2,10707.7,446.9,8319.4,0.001,0.772
MUM_000277,Goregaon West,19.14609,72.822062,0.25,10.6,1.92,0.4,4389.2,0.2,10208.8,667.3,7828.1,0.001,0.827
MUM_000278,Goregaon West,19.150605,72.822002,0.25,16.64,3.81,0.4,3950.8,0.2,9710.1,887.6,7338.0,0.002,0.714
MUM_000279,Goregaon West,19.155121,72.821943,0.25,15.25,2.58,0.4,3528.8,0.2,9211.5,1108.0,6849.3,0.003,0.76
MUM_000280,Goregaon West,19.159636,72.821884,0.25,8.88,1.91,0.4,3129.9,0.2,8713.1,1328.3,6362.4,0.005,0.812
MUM_000281,Goregaon West,19.164152,72.821824,0.25,15.67,3.78,0.4,2763.8,0.2,8214.8,1548.7,5877.7,0.007,0.803
MUM_000282,Goregaon West,19.168667,72.821765,0.25,14.6,2.15,0.4,2414.7,0.2,7716.8,1769.0,5395.7,0.011,0.704
MUM_000283,Malad West,19.173183,72.821706,0.25,10.49,2.55,0.4,2065.6,0.2,7219.1,1989.3,4917.4,0.017,0.752
MUM_000284,Malad West,19.177698,72.821646,0.25,10.44,2.93,0.4,1716.5,0.64,6721.7,2209.6,4443.9,0.025,0.797
MUM_000285,Malad West,19.182148,72.821712,0.25,14.84,3.7,0.4,1367.4,1.22,6224.7,2429.8,3976.8,0.036,0.784
MUM_000286,Malad West,19.186634,72.822114,0.25,12.82,3.7,0.4,1034.7,1.78,5728.3,2650.1,3518.8,0.053,0.789
MUM_000287,Malad West,19.191117,72.822533,0.25,19.95,2.38,0.4,708.5,2.32,5232.5,2686.9,3073.9,0.077,0.766
MUM_000288,Malad West,19.195556,72.822948,0.25,11.88,1.31,0.4,382.4,2.86,4737.6,2513.0,2648.7,0.11,0.752
MUM_000289,Kandivali West,19.199755,72.823341,0.25,18.7,3.62,0.4,56.2,3.41,4243.9,2339.1,2254.5,0.153,0.801
MUM_000290,Mumbai Central,,,0.25,14.46,2.0,0.4,269.9,3.05,3751.8,2165.3,1910.4,0.204,0.7
MUM_000291,Mumbai Central,,,0.25,21.72,3.5,0.4,596.1,2.51,3262.2,2008.3,1648.1,0.253,0.757
MUM_000292,Colaba / Fort,18.929746,72.828567,0.25,16.18,2.58,0.4,923.4,1.96,2776.3,1908.1,1511.1,0.284,0.753
MUM_000293,Marine Lines / Kalbadevi,18.934008,72.829448,0.25,9.86,1.7,0.4,1292.7,1.35,2296.4,1808.6,1533.0,0.279,0.786
MUM_000294,Marine Lines / Kalbadevi,18.93843,72.829516,0.25,16.54,3.15,0.4,1664.8,0.73,1827.4,1709.0,1708.0,0.241,0.72
MUM_000295,Marine Lines / Kalbadevi,18.942946,72.829457,0.25,15.81,3.11,0.4,1380.3,1.2,1380.3,1609.5,1996.0,0.19,0.819
MUM_000296,Marine Lines / Kalbadevi,18.947462,72.829399,0.25,15.04,3.17,0.4,985.5,1.86,985.5,1510.0,2356.1,0.14,0.733
MUM_000297,Marine Lines / Kalbadevi,18.951977,72.82934,0.25,18.31,1.36,0.4,732.8,2.28,732.8,1410.4,2760.1,0.1,0.793
MUM_000298,Marine Lines / Kalbadevi,18.956493,72.829282,0.25,9.96,2.56,0.4,776.4,2.21,776.4,1310.9,3191.4,0.07,0.823
MUM_000299,Marine Lines / Kalbadevi,18.961008,72.829223,0.25,8.09,3.04,0.4,1077.4,1.7,1077.4,1211.4,3432.1,0.057,0.831
MUM_000300,Marine Lines / Kalbadevi,18.965524,72.829165,0.25,8.85,2.34,0.4,1426.4,1.12,1426.4,1111.9,3622.2,0.049,0.702
MUM_000301,Marine Lines / Kalbadevi,18.97004,72.829107,0.25,18.48,1.38,0.4,1775.3,0.54,1775.3,1012.3,3803.1,0.042,0.81
MUM_000302,Marine Lines / Kalbadevi,18.974555,72.829048,0.25,13.66,1.58,0.4,2124.3,0.2,2124.3,912.8,3346.9,0.061,0.782
MUM_000303,Worli / Prabhadevi,18.979071,72.82899,0.25,9.62,3.0,0.4,2449.8,0.2,2449.8,836.1,2905.1,0.089,0.737
MUM_000304,Worli / Prabhadevi,18.983586,72.828931,0.25,17.6,2.76,0.4,2745.0,0.2,2745.0,915.1,2485.5,0.126,0.791
MUM_000305,Worli / Prabhadevi,18.988102,72.828872,0.25,18.59,3.22,0.4,3040.3,0.2,3040.3,1002.3,2101.4,0.174,0.725
MUM_000306,Worli / Prabhadevi,18.992617,72.828814,0.25,14.87,1.39,0.4,3335.6,0.2,3335.6,1089.6,1775.9,0.228,0.776
MUM_000307,Worli / Prabhadevi,18.997133,72.828755,0.25,16.37,2.5,0.4,3630.9,0.2,3630.9,1176.9,1546.5,0.276,0.733
MUM_000308,Worli / Prabhadevi,19.001649,72.828697,0.25,15.82,2.82,0.4,3926.2,0.2,3926.2,1264.1,1459.4,0.296,0.762
MUM_000309,Worli / Prabhadevi,19.006164,72.828638,0.25,19.37,3.79,0.4,4221.4,0.2,4221.4,1351.4,1538.8,0.277,0.792
MUM_000310,Worli / Prabhadevi,19.01068,72.828579,0.25,7.54,2.87,0.4,4516.7,0.2,4516.7,1438.7,1762.3,0.23,0.738
MUM_000311,Worli / Prabhadevi,19.015195,72.828521,0.25,10.78,3.19,0.4,4111.0,0.2,4811.9,1525.9,2084.2,0.176,0.789
MUM_000312,Worli / Prabhadevi,19.019711,72.828462,0.25,21.41,1.82,0.4,3637.1,0.2,5107.1,1613.2,2466.1,0.128,0.819
MUM_000313,Worli / Prabhadevi,19.024227,72.828404,0.25,21.92,2.58,0.4,3163.2,0.2,5402.4,1700.4,2362.1,0.14,0.836
MUM_000314,Worli / Prabhadevi,19.028742,72.828345,0.25,13.97,1.37,0.4,2689.4,0.2,5697.6,1787.7,2068.8,0.178,0.729
MUM_000315,Dharavi / Mahim,19.033258,72.828286,0.25,5.38,1.13,0.85,2215.5,0.2,5945.2,1757.3,1865.6,0.211,0.861
MUM_000316,Bandra West,19.037773,72.828227,0.25,12.32,1.74,0.55,1741.7,0.6,6165.3,1703.8,1783.5,0.226,0.786
MUM_000317,Bandra West,19.042289,72.828169,0.25,10.1,1.23,0.55,1267.8,1.39,6385.4,1650.3,1838.8,0.216,0.857
MUM_000318,Bandra West,19.046804,72.82811,0.25,6.3,2.41,0.55,794.0,2.18,6605.5,1596.7,2020.3,0.186,0.796
MUM_000319,Bandra West,19.05132,72.828051,0.25,11.68,1.82,0.55,332.7,2.95,6827.1,1543.2,2298.3,0.147,0.875
MUM_000320,Bandra West,19.055835,72.827992,0.25,8.82,2.98,0.55,112.6,3.31,7070.3,1489.7,2642.4,0.111,0.851
MUM_000321,Bandra West,19.060351,72.827933,0.25,6.64,1.9,0.55,558.0,2.57,7338.0,1436.1,3030.3,0.08,0.878
MUM_000322,Bandra West,19.064867,72.827875,0.25,7.52,1.49,0.55,1003.3,1.83,7610.7,1382.6,3447.2,0.057,0.826
MUM_000323,Bandra West,19.069382,72.827816,0.25,7.07,2.38,0.55,1448.7,1.09,7883.4,1329.0,3883.8,0.039,0.842
MUM_000324,Santacruz / Milan Subway,19.073898,72.827757,0.25,3.37,1.09,0.92,1894.0,0.34,8156.1,1275.5,4334.1,0.027,0.89
MUM_000325,Santacruz / Milan Subway,19.078413,72.827698,0.25,4.91,1.15,0.92,2339.4,0.2,8428.8,1209.1,4794.2,0.018,0.896
MUM_000326,Santacruz / Milan Subway,19.082929,72.827639,0.25,4.71,0.32,0.92,2784.7,0.2,8701.5,1109.6,5261.6,0.012,0.863
MUM_000327,Santacruz / Milan Subway,19.087444,72.82758,0.25,3.16,1.06,0.92,3230.1,0.2,8974.2,1010.1,5734.6,0.008,0.912
MUM_000328,Santacruz / Milan Subway,19.09196,72.827521,0.25,4.42,0.73,0.92,3172.2,0.2,9246.9,910.6,6211.7,0.006,0.889
MUM_000329,Santacruz / Milan Subway,19.096475,72.827462,0.25,3.7,0.98,0.92,2687.1,0.2,9519.6,811.2,6692.2,0.004,0.867
MUM_000330,Santacruz / Milan Subway,19.100991,72.827403,0.25,3.94,0.81,0.92,2202.1,0.2,9792.3,711.7,7175.4,0.003,0.889
MUM_000331,Andheri Subway / West,19.105506,72.827344,0.25,3.68,0.49,0.92,1717.0,0.64,10073.4,612.2,7660.7,0.002,0.911
MUM_000332,Andheri Subway / West,19.110022,72.827285,0.25,3.16,0.7,0.92,1231.9,1.45,10371.0,512.7,7953.0,0.001,0.886
MUM_000333,Andheri Subway / West,19.114537,72.827226,0.25,4.8,0.73,0.92,746.8,2.26,10683.7,413.2,7510.2,0.002,0.931
MUM_000334,Andheri Subway / West,19.119053,72.827167,0.25,3.03,0.63,0.92,261.7,3.06,11010.3,313.8,7075.0,0.003,0.86
MUM_000335,Andheri Subway / West,19.123568,72.827108,0.2334,3.05,0.61,0.92,211.6,3.15,11332.4,231.4,6647.3,0.004,0.888
MUM_000336,Andheri Subway / West,19.128084,72.827049,0.1805,3.86,0.91,0.92,677.7,2.37,11642.3,183.9,6207.5,0.006,0.928
MUM_000337,Andheri Subway / West,19.132599,72.82699,0.0919,3.09,0.69,0.92,1114.0,1.64,11927.4,93.7,5777.3,0.008,0.91
MUM_000338,Andheri Subway / West,19.137115,72.826931,0.1239,4.39,0.58,0.92,4974.3,0.2,10647.9,120.4,8217.9,0.001,0.898
MUM_000339,Goregaon West,19.14163,72.826872,0.233,16.3,1.77,0.4,4620.4,0.2,10174.8,237.3,7738.1,0.002,0.779
MUM_000340,Goregaon West,19.146146,72.826813,0.25,19.81,3.59,0.4,4226.1,0.2,9686.4,438.8,7252.3,0.002,0.762
MUM_000341,Goregaon West,19.150661,72.826754,0.25,17.88,2.17,0.4,3834.5,0.2,9186.6,659.2,6757.5,0.004,0.804
MUM_000342,Goregaon West,19.155177,72.826695,0.25,17.5,1.67,0.4,3470.9,0.2,8686.7,879.5,6263.4,0.005,0.765
MUM_000343,Goregaon West,19.159692,72.826635,0.25,8.3,3.69,0.4,3121.8,0.2,8186.8,1099.9,5770.4,0.008,0.822
MUM_000344,Goregaon West,19.164208,72.826576,0.25,13.43,3.16,0.4,2772.7,0.2,7687.0,1320.2,5278.7,0.012,0.78
MUM_000345,Goregaon West,19.168723,72.826517,0.25,20.49,3.21,0.4,2423.6,0.2,7187.2,1540.4,4788.6,0.018,0.81
MUM_000346,Malad West,19.173239,72.826458,0.25,14.87,3.4,0.4,2074.5,0.2,6687.4,1760.7,4300.9,0.028,0.785
MUM_000347,Malad West,19.177754,72.826399,0.25,16.0,3.15,0.4,1739.8,0.6,6187.7,1980.9,3816.4,0.042,0.789
MUM_000348,Malad West,19.18227,72.826339,0.25,9.87,2.76,0.4,1413.7,1.14,5688.0,2201.2,3336.4,0.062,0.815
MUM_000349,Malad West,19.186785,72.82628,0.25,9.54,2.04,0.4,1087.5,1.69,5188.4,2421.4,2863.4,0.092,0.784
MUM_000350,Malad West,19.191301,72.826221,0.25,8.93,2.38,0.4,761.4,2.23,4688.8,2641.7,2401.2,0.135,0.806
MUM_000351,Malad West,19.195816,72.826161,0.25,10.28,2.73,0.4,435.2,2.77,4189.4,2807.9,1957.7,0.196,0.824
MUM_000352,Kandivali West,19.200332,72.826102,0.25,8.9,1.8,0.4,109.1,3.32,3690.1,2634.1,1549.0,0.275,0.797
MUM_000353,Kandivali West,19.204775,72.826194,0.25,8.16,3.74,0.4,217.1,3.14,3191.0,2497.6,1211.0,0.365,0.734
MUM_000354,Kandivali West,19.209236,72.826627,0.25,17.84,1.21,0.4,586.6,2.52,2692.3,2398.1,1016.6,0.429,0.726
MUM_000355,Kandivali West,19.213491,72.827349,0.25,12.94,1.66,0.4,958.7,1.9,2194.2,2298.6,1049.0,0.417,0.78
MUM_000356,Mumbai Central,,,0.25,8.46,1.4,0.4,1330.9,1.28,1697.1,2199.0,1291.2,0.341,0.762
MUM_000357,Mumbai Central,,,0.25,17.19,3.66,0.4,1202.5,1.5,1202.5,2099.5,1653.5,0.252,0.722
MUM_000358,Marine Lines / Kalbadevi,18.938846,72.833156,0.25,14.66,2.61,0.4,715.5,2.31,715.5,2000.0,2073.9,0.178,0.712
MUM_000359,Marine Lines / Kalbadevi,18.943107,72.834058,0.25,19.23,2.17,0.4,278.8,3.04,278.8,1900.4,2523.5,0.122,0.816
MUM_000360,Marine Lines / Kalbadevi,18.947517,72.834144,0.25,7.82,3.42,0.4,370.3,2.88,370.3,1800.9,2816.9,0.096,0.78
MUM_000361,Marine Lines / Kalbadevi,18.952033,72.834086,0.25,8.49,2.92,0.4,719.3,2.3,719.3,1701.4,2962.3,0.085,0.776
MUM_000362,Marine Lines / Kalbadevi,18.956548,72.834028,0.25,13.09,1.57,0.4,1068.3,1.72,1068.3,1601.8,3180.6,0.071,0.779
MUM_000363,Marine Lines / Kalbadevi,18.961064,72.83397,0.25,12.46,3.12,0.4,1417.3,1.14,1417.3,1502.3,3457.8,0.056,0.747
MUM_000364,Marine Lines / Kalbadevi,18.965579,72.833911,0.25,12.61,1.52,0.4,1751.0,0.58,1751.0,1402.8,3161.1,0.072,0.742
MUM_000365,Marine Lines / Kalbadevi,18.970095,72.833853,0.25,14.07,2.26,0.4,2046.3,0.2,2046.3,1336.0,2688.9,0.106,0.739
MUM_000366,Marine Lines / Kalbadevi,18.974611,72.833795,0.25,11.92,3.01,0.4,2341.5,0.2,2341.5,1407.4,2229.0,0.156,0.733
MUM_000367,Marine Lines / Kalbadevi,18.979126,72.833736,0.25,8.96,3.89,0.4,2636.8,0.2,2636.8,1494.7,1790.7,0.225,0.755
MUM_000368,Worli / Prabhadevi,18.983642,72.833678,0.25,7.61,1.74,0.4,2932.1,0.2,2932.1,1581.9,1394.4,0.313,0.834
MUM_000369,Worli / Prabhadevi,18.988158,72.833619,0.25,10.52,3.13,0.4,3227.4,0.2,3227.4,1669.2,1087.4,0.404,0.744
MUM_000370,Worli / Prabhadevi,18.992673,72.833561,0.25,16.09,1.94,0.4,3522.7,0.2,3522.7,1756.5,959.4,0.45,0.835
MUM_000371,Worli / Prabhadevi,18.997189,72.833502,0.25,14.34,2.48,0.4,3817.9,0.2,3817.9,1843.7,1076.3,0.408,0.828
MUM_000372,Worli / Prabhadevi,19.001704,72.833444,0.25,16.2,3.51,0.4,4113.1,0.2,4113.1,1931.0,1377.1,0.317,0.837
MUM_000373,Worli / Prabhadevi,19.00622,72.833385,0.25,16.13,2.16,0.4,4270.5,0.2,4408.4,2018.2,1770.4,0.229,0.77
MUM_000374,Worli / Prabhadevi,19.010736,72.833327,0.25,20.26,2.2,0.4,3796.7,0.2,4703.6,2105.5,2207.4,0.159,0.796
MUM_000375,Dadar East / Hindmata,19.015251,72.833268,0.25,4.1,0.94,0.92,3322.8,0.2,4998.8,2192.8,2011.6,0.187,0.866
MUM_000376,Dadar East / Hindmata,19.019767,72.83321,0.25,4.63,0.44,0.92,2849.0,0.2,5276.2,2280.0,1657.4,0.251,0.85
MUM_000377,Dadar East / Hindmata,19.024282,72.833151,0.25,4.5,0.69,0.92,2375.1,0.2,5496.3,2254.5,1395.5,0.313,0.887
MUM_000378,Dadar East / Hindmata,19.028798,72.833093,0.25,4.54,0.51,0.92,1904.1,0.33,5716.4,2200.9,1283.7,0.343,0.886
MUM_000379,Dharavi / Mahim,19.033313,72.833034,0.25,3.9,1.17,0.85,1450.7,1.08,5936.5,2147.4,1359.5,0.322,0.825
MUM_000380,Dharavi / Mahim,19.037829,72.832976,0.25,5.76,1.31,0.85,1005.4,1.82,6156.6,2093.9,1596.5,0.264,0.832
MUM_000381,Bandra West,19.042345,72.832917,0.25,10.66,2.29,0.55,560.0,2.57,6386.9,2040.3,1936.3,0.199,0.878
MUM_000382,Bandra West,19.04686,72.832858,0.25,11.48,1.72,0.55,114.7,3.31,6646.2,1986.8,2334.4,0.143,0.814
MUM_000383,Bandra West,19.051376,72.8328,0.25,13.77,1.74,0.55,330.7,2.95,6918.9,1933.2,2765.9,0.1,0.868
MUM_000384,Bandra West,19.055891,72.832741,0.25,12.77,1.17,0.55,776.0,2.21,7191.6,1879.7,3217.2,0.068,0.804
MUM_000385,Bandra West,19.060407,72.832682,0.25,12.56,2.09,0.55,1221.4,1.46,7464.3,1826.2,3681.2,0.047,0.792
MUM_000386,Bandra West,19.064922,72.832624,0.25,8.14,2.96,0.55,1666.7,0.72,7737.0,1772.6,4153.5,0.031,0.83
MUM_000387,Bandra West,19.069438,72.832565,0.25,11.93,1.89,0.55,2112.1,0.2,8009.7,1699.1,4631.6,0.021,0.788
MUM_000388,Santacruz / Milan Subway,19.073954,72.832506,0.25,3.81,0.72,0.92,2557.4,0.2,8282.4,1599.6,5113.9,0.014,0.883
MUM_000389,Santacruz / Milan Subway,19.078469,72.832447,0.25,4.64,0.37,0.92,3002.8,0.2,8555.1,1500.1,5599.3,0.009,0.882
MUM_000390,Santacruz / Milan Subway,19.082985,72.832389,0.25,3.32,0.55,0.92,3293.4,0.2,8827.8,1400.6,6087.1,0.006,0.856
MUM_000391,Santacruz / Milan Subway,19.0875,72.83233,0.25,3.54,1.17,0.92,2808.3,0.2,9100.5,1301.2,6576.7,0.004,0.911
MUM_000392,Santacruz / Milan Subway,19.092016,72.832271,0.25,3.91,0.95,0.92,2323.2,0.2,9376.9,1201.7,7067.8,0.003,0.903
MUM_000393,Santacruz / Milan Subway,19.096531,72.832212,0.25,4.84,1.16,0.92,1838.2,0.44,9670.1,1102.2,7560.0,0.002,0.875
MUM_000394,Santacruz / Milan Subway,19.101047,72.832153,0.25,2.82,0.94,0.92,1353.1,1.24,9979.8,1002.7,7740.3,0.002,0.907
MUM_000395,Andheri Subway / West,19.105562,72.832095,0.25,2.81,1.14,0.92,868.0,2.05,10304.4,903.2,7284.6,0.002,0.949
MUM_000396,Andheri Subway / West,19.110078,72.832036,0.25,4.21,0.56,0.92,382.9,2.86,10642.6,803.8,6835.0,0.003,0.937
MUM_000397,Andheri Subway / West,19.114593,72.831977,0.25,4.78,1.09,0.92,102.2,3.33,10993.1,704.3,6393.0,0.005,0.868
MUM_000398,Andheri Subway / West,19.119109,72.831918,0.25,4.1,0.76,0.92,587.3,2.52,11354.9,586.9,5960.1,0.007,0.949
MUM_000399,Andheri Subway / West,19.123625,72.831859,0.25,3.18,0.72,0.92,1072.4,1.71,11726.8,403.5,5538.5,0.01,0.907
MUM_000400,Andheri Subway / West,19.12814,72.8318,0.2341,3.11,0.41,0.92,1543.7,0.93,12090.6,237.4,5130.8,0.014,0.866
MUM_000401,Andheri Subway / West,19.132656,72.831741,0.1447,4.28,0.62,0.92,1990.9,0.2,12413.8,139.9,4698.9,0.02,0.921
MUM_000402,Andheri Subway / West,19.137171,72.831682,0.0462,3.22,0.49,0.92,1618.8,0.8,12712.6,59.2,4309.6,0.028,0.856
MUM_000403,Goregaon West,19.141687,72.831623,0.1194,20.53,1.24,0.4,4428.9,0.2,9642.9,116.6,7167.1,0.003,0.787
MUM_000404,Goregaon West,19.146202,72.831564,0.2305,8.46,3.11,0.4,4156.3,0.2,9175.0,231.6,6689.9,0.004,0.708
MUM_000405,Goregaon West,19.150718,72.831505,0.25,20.21,2.93,0.4,3828.8,0.2,8689.0,430.7,6203.3,0.006,0.723
MUM_000406,Goregaon West,19.155233,72.831446,0.25,17.43,3.32,0.4,3479.7,0.2,8189.3,651.0,5705.0,0.009,0.783
MUM_000407,Goregaon West,19.159749,72.831387,0.25,14.69,3.76,0.4,3130.6,0.2,7689.7,871.3,5207.1,0.013,0.822
MUM_000408,Goregaon West,19.164264,72.831328,0.25,14.98,3.92,0.4,2781.5,0.2,7190.0,1091.6,4709.7,0.02,0.824
MUM_000409,Goregaon West,19.16878,72.831269,0.25,17.98,2.28,0.4,2445.0,0.2,6690.5,1311.8,4212.8,0.03,0.747
MUM_000410,Malad West,19.173295,72.83121,0.25,12.75,2.89,0.4,2118.8,0.2,6191.0,1532.1,3716.9,0.045,0.818
MUM_000411,Malad West,19.177811,72.831151,0.25,14.75,3.55,0.4,1792.7,0.51,5691.6,1752.3,3222.1,0.068,0.704
MUM_000412,Malad West,19.182326,72.831092,0.25,13.03,1.85,0.4,1466.5,1.06,5192.3,1972.6,2729.3,0.103,0.827
MUM_000413,Malad West,19.186842,72.831033,0.25,15.19,3.94,0.4,1140.4,1.6,4693.2,2192.8,2239.6,0.155,0.716
MUM_000414,Malad West,19.191357,72.830973,0.25,11.04,2.63,0.4,814.2,2.14,4194.3,2413.0,1755.8,0.232,0.727
MUM_000415,Malad West,19.195873,72.830914,0.25,18.08,3.43,0.4,488.1,2.69,3695.6,2633.3,1284.4,0.343,0.801
MUM_000416,Kandivali West,19.200388,72.830855,0.25,14.38,2.63,0.4,119.4,3.3,3197.4,2853.5,846.5,0.494,0.741
MUM_000417,Kandivali West,19.204904,72.830796,0.25,19.44,2.52,0.4,252.7,3.08,2699.9,2888.1,532.4,0.642,0.716
MUM_000418,Kandivali West,19.209419,72.830737,0.25,9.73,1.35,0.4,624.8,2.46,2203.4,2788.6,591.9,0.611,0.737
MUM_000419,Kandivali West,19.213935,72.830677,0.25,15.18,2.25,0.4,1015.9,1.81,1709.1,2689.0,957.8,0.45,0.772
MUM_000420,Kandivali West,19.218356,72.830757,0.25,11.33,1.32,0.4,1219.3,1.47,1219.3,2589.5,1408.6,0.309,0.82
MUM_000421,Kandivali West,19.222721,72.83151,0.25,21.19,1.57,0.4,743.4,2.26,743.4,2490.0,1884.4,0.208,0.732
MUM_000422,Kandivali West,19.226702,72.832282,0.25,9.79,2.74,0.4,336.7,2.94,336.7,2390.4,2256.1,0.153,0.823
MUM_000423,Mumbai Central,,,0.25,7.9,2.67,0.4,12.3,3.48,12.3,2290.9,2330.3,0.143,0.722
MUM_000424,Marine Lines / Kalbadevi,18.947946,72.837746,0.25,20.67,2.53,0.4,361.3,2.9,361.3,2191.4,2504.2,0.124,0.786
MUM_000425,Marine Lines / Kalbadevi,18.952205,72.838667,0.25,20.04,2.5,0.4,710.2,2.32,710.2,2091.8,2758.9,0.1,0.773
MUM_000426,Marine Lines / Kalbadevi,18.956604,72.838774,0.25,20.35,2.91,0.4,1052.2,1.75,1052.2,1992.3,3074.5,0.077,0.728
MUM_000427,Marine Lines / Kalbadevi,18.961119,72.838716,0.25,19.57,2.12,0.4,1347.5,1.25,1347.5,1892.8,3046.8,0.079,0.706
MUM_000428,Marine Lines / Kalbadevi,18.965635,72.838657,0.25,10.08,3.0,0.4,1642.8,0.76,1642.8,1835.9,2553.6,0.119,0.724
MUM_000429,Marine Lines / Kalbadevi,18.970151,72.838599,0.25,15.28,2.62,0.4,1938.1,0.27,1938.1,1899.7,2063.8,0.179,0.794
MUM_000430,Marine Lines / Kalbadevi,18.974666,72.838541,0.25,18.63,3.97,0.4,2233.3,0.2,2233.3,1987.0,1580.2,0.268,0.772
MUM_000431,Marine Lines / Kalbadevi,18.979182,72.838483,0.25,9.7,2.81,0.4,2528.6,0.2,2528.6,2074.2,1111.4,0.396,0.706
MUM_000432,Dadar East / Hindmata,18.983697,72.838424,0.25,4.79,0.54,0.92,2823.9,0.2,2823.9,2161.5,687.8,0.564,0.897
MUM_000433,Dadar East / Hindmata,18.988213,72.838366,0.25,3.42,0.37,0.92,3119.1,0.2,3119.1,2248.8,459.5,0.682,0.945
MUM_000434,Dadar East / Hindmata,18.992729,72.838308,0.25,3.41,1.06,0.92,3414.4,0.2,3414.4,2336.0,670.2,0.572,0.928
MUM_000435,Dadar East / Hindmata,18.997244,72.83825,0.25,4.73,1.07,0.92,3709.6,0.2,3709.6,2423.3,1089.6,0.403,0.903
MUM_000436,Dadar East / Hindmata,19.00176,72.838191,0.25,3.13,0.77,0.92,4004.8,0.2,4004.8,2510.6,1557.3,0.273,0.9
MUM_000437,Dadar East / Hindmata,19.006275,72.838133,0.25,4.15,0.86,0.92,3956.2,0.2,4300.1,2597.8,2040.4,0.183,0.921
MUM_000438,Dadar East / Hindmata,19.010791,72.838074,0.25,3.6,0.65,0.92,3483.8,0.2,4595.3,2685.1,1736.1,0.235,0.909
MUM_000439,Dadar East / Hindmata,19.015307,72.838016,0.25,3.72,0.51,0.92,3019.7,0.2,4827.2,2772.4,1309.3,0.336,0.922
MUM_000440,Dadar East / Hindmata,19.019822,72.837958,0.25,4.2,0.71,0.92,2568.7,0.2,5047.3,2751.6,956.4,0.451,0.904
MUM_000441,Dadar East / Hindmata,19.024338,72.837899,0.25,3.84,1.0,0.92,2123.4,0.2,5267.4,2698.1,784.3,0.52,0.899
MUM_000442,Dadar East / Hindmata,19.028853,72.837841,0.25,4.31,0.56,0.92,1678.0,0.7,5487.5,2644.5,903.1,0.471,0.89
MUM_000443,Dharavi / Mahim,19.033369,72.837782,0.25,3.52,0.73,0.85,1232.7,1.45,5709.2,2591.0,1231.3,0.358,0.832
MUM_000444,Dharavi / Mahim,19.037885,72.837724,0.25,4.2,1.3,0.85,787.3,2.19,5956.1,2537.4,1648.2,0.253,0.838
MUM_000445,Dharavi / Mahim,19.0424,72.837665,0.25,3.75,0.58,0.85,342.0,2.93,6227.1,2483.9,2101.6,0.174,0.903
MUM_000446,Bandra West,19.046916,72.837607,0.25,10.82,1.61,0.55,103.4,3.33,6499.8,2430.4,2572.4,0.117,0.864
MUM_000447,Bandra West,19.051431,72.837548,0.25,11.63,2.81,0.55,548.7,2.59,6772.5,2376.8,3052.5,0.079,0.835
MUM_000448,Bandra West,19.055947,72.83749,0.25,13.22,1.63,0.55,994.1,1.84,7045.2,2323.3,3538.1,0.052,0.803
MUM_000449,Bandra West,19.060463,72.837431,0.25,6.13,1.7,0.55,1439.4,1.1,7317.9,2269.8,4027.2,0.035,0.857
MUM_000450,Bandra West,19.064978,72.837373,0.25,9.51,1.07,0.55,1884.8,0.36,7590.6,2189.1,4518.7,0.023,0.813
MUM_000451,Santacruz / Milan Subway,19.069494,72.837314,0.25,3.9,0.47,0.92,2330.1,0.2,7863.3,2089.6,5011.9,0.015,0.939
MUM_000452,Santacruz / Milan Subway,19.074009,72.837256,0.25,2.9,0.47,0.92,2775.4,0.2,8136.0,1990.1,5506.3,0.01,0.904
MUM_000453,Santacruz / Milan Subway,19.078525,72.837197,0.25,4.94,1.18,0.92,3220.8,0.2,8408.7,1890.6,6001.7,0.007,0.852
MUM_000454,Santacruz / Milan Subway,19.08304,72.837138,0.25,4.37,1.04,0.92,2929.5,0.2,8682.2,1791.2,6497.7,0.004,0.92
MUM_000455,Santacruz / Milan Subway,19.087556,72.83708,0.25,4.36,0.67,0.92,2444.4,0.2,8970.2,1691.7,6994.4,0.003,0.946
MUM_000456,Santacruz / Milan Subway,19.092072,72.837021,0.25,3.68,0.88,0.92,1959.3,0.23,9276.3,1592.2,7491.4,0.002,0.884
MUM_000457,Santacruz / Milan Subway,19.096587,72.836962,0.25,3.02,0.38,0.92,1474.3,1.04,9598.7,1492.7,7554.7,0.002,0.878
MUM_000458,Santacruz / Milan Subway,19.101103,72.836904,0.25,3.81,0.61,0.92,989.2,1.85,9935.7,1393.2,7087.1,0.003,0.949
MUM_000459,Andheri Subway / West,19.105618,72.836845,0.25,4.88,0.69,0.92,504.1,2.66,10286.1,1293.8,6624.1,0.004,0.92
MUM_000460,Andheri Subway / West,19.110134,72.836786,0.25,3.21,1.14,0.92,19.0,3.47,10648.4,1194.3,6167.0,0.006,0.852
MUM_000461,Andheri Subway / West,19.114649,72.836727,0.25,4.95,0.35,0.92,466.1,2.72,11021.4,1052.1,5717.0,0.009,0.908
MUM_000462,Andheri Subway / West,19.119165,72.836669,0.25,3.88,0.68,0.92,951.2,1.91,11404.2,868.7,5276.0,0.012,0.854
MUM_000463,Andheri Subway / West,19.12368,72.83661,0.25,2.85,0.77,0.92,1436.2,1.11,11795.8,685.3,4846.6,0.018,0.859
MUM_000464,Andheri Subway / West,19.128196,72.836551,0.25,3.29,0.89,0.92,1921.3,0.3,12195.3,501.9,4431.9,0.025,0.877
MUM_000465,Andheri Subway / West,19.132712,72.836492,0.25,3.66,0.34,0.92,1609.0,0.82,12601.9,318.6,4036.6,0.035,0.914
MUM_000466,Jogeshwari / JVLR,19.137227,72.836433,0.1976,20.44,2.79,0.4,1155.7,1.57,12971.1,187.7,3647.9,0.048,0.802
MUM_000467,Jogeshwari / JVLR,19.141743,72.836374,0.099,14.41,2.89,0.4,713.6,2.31,13323.0,99.7,3249.0,0.067,0.746
MUM_000468,Goregaon West,19.146258,72.836316,0.1149,8.4,2.29,0.4,4066.8,0.2,8665.3,112.9,6139.8,0.006,0.832
MUM_000469,Goregaon West,19.150774,72.836257,0.2278,12.98,1.41,0.4,3813.5,0.2,8205.9,226.1,5668.5,0.009,0.74
MUM_000470,Goregaon West,19.155289,72.836198,0.25,17.3,3.8,0.4,3488.6,0.2,7724.7,422.4,5183.1,0.013,0.796
MUM_000471,Goregaon West,19.159805,72.836139,0.25,9.87,2.6,0.4,3150.1,0.2,7227.6,642.7,4683.1,0.02,0.717
MUM_000472,Goregaon West,19.16432,72.83608,0.25,15.47,1.48,0.4,2823.9,0.2,6730.8,862.9,4183.1,0.031,0.757
MUM_000473,Goregaon West,19.168836,72.836021,0.25,7.82,2.4,0.4,2497.8,0.2,6234.5,1083.2,3683.1,0.046,0.806
MUM_000474,Malad West,19.173351,72.835962,0.25,16.21,3.52,0.4,2171.6,0.2,5738.9,1303.4,3183.1,0.07,0.722
MUM_000475,Malad West,19.177867,72.835903,0.25,18.11,1.7,0.4,1845.5,0.42,5244.1,1523.7,2683.1,0.107,0.732
MUM_000476,Malad West,19.182382,72.835844,0.25,18.87,1.39,0.4,1519.3,0.97,4750.4,1743.9,2183.1,0.162,0.753
MUM_000477,Malad West,19.186898,72.835785,0.25,20.45,2.08,0.4,1193.2,1.51,4258.2,1964.2,1683.1,0.246,0.729
MUM_000478,Malad West,19.191413,72.835726,0.25,9.47,1.36,0.4,825.5,2.12,3768.1,2184.4,1183.1,0.373,0.764
MUM_000479,Malad West,19.195929,72.835667,0.25,15.53,3.06,0.4,453.4,2.74,3280.9,2404.7,683.1,0.566,0.744
MUM_000480,Kandivali West,19.200444,72.835608,0.25,11.25,2.01,0.4,81.3,3.36,2798.2,2624.9,183.1,0.858,0.785
MUM_000481,Kandivali West,19.20496,72.835549,0.25,10.63,2.85,0.4,373.1,2.88,2322.9,2845.2,316.9,0.768,0.812
MUM_000482,Kandivali West,19.209475,72.83549,0.25,10.37,3.06,0.4,872.8,2.05,1860.6,3065.4,816.9,0.506,0.814
MUM_000483,Kandivali West,19.213991,72.835431,0.25,11.57,1.48,0.4,1372.7,1.21,1423.9,3079.5,1316.9,0.334,0.834
MUM_000484,Kandivali West,19.218506,72.835371,0.25,7.99,1.8,0.4,1043.8,1.76,1043.8,2980.0,1801.4,0.223,0.792
MUM_000485,Kandivali West,19.223022,72.835312,0.25,11.6,1.94,0.4,694.8,2.34,694.8,2880.4,1756.6,0.231,0.717
MUM_000486,Kandivali West,19.227537,72.835254,0.25,7.01,2.76,0.4,345.8,2.92,345.8,2780.9,1851.0,0.214,0.739
MUM_000487,Kandivali West,19.231871,72.835656,0.25,13.2,2.26,0.4,3.2,3.49,3.2,2681.4,2065.6,0.179,0.828
MUM_000488,Kandivali West,19.23621,72.836497,0.25,17.06,3.62,0.4,352.2,2.91,352.2,2581.8,2368.0,0.139,0.794
MUM_000489,Mumbai Central,,,0.25,10.72,3.4,0.4,648.7,2.42,648.7,2482.3,2729.1,0.103,0.764
MUM_000490,Mumbai Central,,,0.25,13.67,3.84,0.4,944.0,1.93,944.0,2382.8,2768.0,0.1,0.751
MUM_000491,Marine Lines / Kalbadevi,18.957047,72.842336,0.25,14.37,3.52,0.4,1239.3,1.43,1239.3,2335.8,2512.3,0.123,0.796
MUM_000492,Marine Lines / Kalbadevi,18.961304,72.843275,0.25,8.99,3.35,0.4,1534.6,0.94,1534.6,2392.0,2012.4,0.187,0.78
MUM_000493,Marine Lines / Kalbadevi,18.96569,72.843404,0.25,19.19,1.59,0.4,1829.8,0.45,1829.8,2479.3,1512.5,0.284,0.798
MUM_000494,Marine Lines / Kalbadevi,18.970206,72.843346,0.25,18.01,3.86,0.4,2125.1,0.2,2125.1,2566.6,1012.8,0.43,0.793
MUM_000495,Marine Lines / Kalbadevi,18.974722,72.843287,0.25,17.81,3.39,0.4,2420.4,0.2,2420.4,2653.8,513.6,0.652,0.73
MUM_000496,Dadar East / Hindmata,18.979237,72.843229,0.25,3.89,0.57,0.92,2715.6,0.2,2715.6,2741.1,42.4,0.965,0.946
MUM_000497,Dadar East / Hindmata,18.983753,72.843171,0.25,3.18,1.04,0.92,3010.8,0.2,3010.8,2828.4,489.7,0.665,0.858
MUM_000498,Dadar East / Hindmata,18.988268,72.843113,0.25,3.1,0.32,0.92,3306.1,0.2,3306.1,2915.6,988.8,0.439,0.883
MUM_000499,Dadar East / Hindmata,18.992784,72.843055,0.25,4.82,0.73,0.92,3601.3,0.2,3601.3,3002.9,1488.6,0.289,0.85
MUM_000500,Dadar East / Hindmata,18.9973,72.842997,0.25,3.59,0.46,0.92,3896.5,0.2,3896.5,3090.2,1988.4,0.191,0.902
MUM_000501,Dadar East / Hindmata,19.001815,72.842938,0.25,3.36,0.88,0.92,3686.7,0.2,4158.2,3177.4,1575.2,0.269,0.906
MUM_000502,Dadar East / Hindmata,19.006331,72.84288,0.25,4.57,0.67,0.92,3241.4,0.2,4378.3,3264.7,1087.0,0.404,0.879
MUM_000503,Dadar East / Hindmata,19.010847,72.842822,0.25,3.39,0.49,0.92,2796.0,0.2,4598.4,3248.7,618.1,0.597,0.941
MUM_000504,Dadar East / Hindmata,19.015362,72.842764,0.25,3.86,0.81,0.92,2350.7,0.2,4818.5,3195.2,287.1,0.787,0.884
MUM_000505,Dadar East / Hindmata,19.019878,72.842705,0.25,4.65,0.86,0.92,1905.3,0.32,5038.6,3141.6,531.8,0.642,0.863
MUM_000506,Dadar East / Hindmata,19.024393,72.842647,0.25,3.15,1.01,0.92,1460.0,1.07,5270.4,3088.1,991.6,0.438,0.927
MUM_000507,Dadar East / Hindmata,19.028909,72.842589,0.25,4.32,0.8,0.92,1014.6,1.81,5535.3,3034.6,1477.7,0.292,0.918
MUM_000508,Dharavi / Mahim,19.033425,72.842531,0.25,5.22,0.85,0.85,569.3,2.55,5808.0,2981.0,1970.8,0.194,0.872
MUM_000509,Dharavi / Mahim,19.03794,72.842472,0.25,4.83,0.66,0.85,123.9,3.29,6080.7,2927.5,2466.7,0.128,0.834
MUM_000510,Dharavi / Mahim,19.042456,72.842414,0.25,3.8,0.73,0.85,321.4,2.96,6353.4,2874.0,2963.9,0.085,0.866
MUM_000511,Dharavi / Mahim,19.046971,72.842355,0.25,3.66,1.4,0.85,766.8,2.22,6626.1,2820.4,3462.0,0.056,0.904
MUM_000512,Dharavi / Mahim,19.051487,72.842297,0.25,6.02,0.5,0.85,1212.1,1.48,6898.8,2766.9,3960.5,0.037,0.849
MUM_000513,Bandra West,19.056003,72.842239,0.25,13.02,2.4,0.55,1657.4,0.74,7171.5,2679.1,4459.4,0.024,0.851
MUM_000514,Bandra West,19.060518,72.84218,0.25,11.83,2.13,0.55,2102.8,0.2,7444.2,2579.6,4958.5,0.016,0.864
MUM_000515,Bandra West,19.065034,72.842122,0.25,12.73,1.07,0.55,2548.1,0.2,7716.9,2480.1,5457.7,0.011,0.847
MUM_000516,Santacruz / Milan Subway,19.069549,72.842063,0.25,2.97,0.74,0.92,2993.4,0.2,7989.6,2380.6,5957.1,0.007,0.918
MUM_000517,Santacruz / Milan Subway,19.074065,72.842005,0.25,3.5,0.66,0.92,3050.7,0.2,8271.6,2281.2,6456.6,0.005,0.877
MUM_000518,Santacruz / Milan Subway,19.078581,72.841946,0.25,3.2,0.84,0.92,2565.6,0.2,8573.4,2181.7,6956.2,0.003,0.911
MUM_000519,Santacruz / Milan Subway,19.083096,72.841888,0.25,4.59,0.34,0.92,2080.5,0.2,8893.1,2082.2,7455.8,0.002,0.921
MUM_000520,Santacruz / Milan Subway,19.087612,72.841829,0.25,2.84,0.53,0.92,1595.5,0.84,9228.9,1982.7,7398.3,0.002,0.907
MUM_000521,Santacruz / Milan Subway,19.092127,72.841771,0.25,3.95,0.85,0.92,1110.4,1.65,9579.0,1883.2,6920.1,0.003,0.92
MUM_000522,Santacruz / Milan Subway,19.096643,72.841712,0.25,4.59,0.68,0.92,625.3,2.46,9941.9,1783.8,6445.2,0.005,0.852
MUM_000523,Santacruz / Milan Subway,19.101158,72.841654,0.25,2.94,0.78,0.92,140.2,3.27,10316.3,1684.3,5974.4,0.007,0.874
MUM_000524,Andheri Subway / West,19.105674,72.841595,0.25,3.66,0.63,0.92,344.8,2.93,10701.0,1517.2,5508.7,0.01,0.94
MUM_000525,Andheri Subway / West,19.11019,72.841536,0.25,3.96,0.58,0.92,829.9,2.12,11094.8,1333.8,5049.6,0.015,0.908
MUM_000526,Andheri Subway / West,19.114705,72.841478,0.25,4.75,0.98,0.92,1315.0,1.31,11496.9,1150.4,4599.0,0.022,0.875
MUM_000527,Andheri Subway / West,19.119221,72.841419,0.25,3.9,0.74,0.92,1800.1,0.5,11906.5,967.0,4159.7,0.031,0.95
MUM_000528,Andheri Subway / West,19.123736,72.84136,0.25,4.86,0.64,0.92,1730.2,0.62,12322.7,783.6,3735.7,0.044,0.876
MUM_000529,Andheri Subway / West,19.128252,72.841302,0.25,2.83,0.62,0.92,1245.1,1.42,12744.9,600.3,3332.9,0.062,0.947
MUM_000530,Andheri Subway / West,19.132767,72.841243,0.25,3.12,0.35,0.92,760.0,2.23,13172.6,416.9,2959.9,0.085,0.897
MUM_000531,Jogeshwari / JVLR,19.137283,72.841184,0.2379,7.8,3.08,0.4,285.9,3.02,13592.4,246.9,2625.8,0.112,0.766
MUM_000532,Jogeshwari / JVLR,19.141798,72.841126,0.1519,15.44,3.12,0.4,161.4,3.23,13974.4,146.3,2290.7,0.148,0.785
MUM_000533,Goregaon West,19.146314,72.841067,0.0534,19.41,3.83,0.4,576.5,2.54,14331.7,63.8,2022.7,0.185,0.778
MUM_000534,Goregaon West,19.15083,72.841008,0.1103,21.32,1.22,0.4,3727.8,0.2,7725.8,109.2,5150.2,0.014,0.713
MUM_000535,Goregaon West,19.155345,72.840949,0.225,21.63,1.57,0.4,3502.0,0.2,7279.6,220.6,4691.5,0.02,0.708
MUM_000536,Goregaon West,19.159861,72.840891,0.25,18.29,1.98,0.4,3202.9,0.2,6807.6,414.1,4212.9,0.03,0.789
MUM_000537,Goregaon West,19.164376,72.840832,0.25,10.52,1.62,0.4,2876.8,0.2,6317.4,634.3,3716.9,0.045,0.751
MUM_000538,Goregaon West,19.168892,72.840773,0.25,10.65,1.94,0.4,2550.6,0.2,5828.9,854.5,3222.1,0.068,0.789
MUM_000539,Goregaon West,19.173407,72.840714,0.25,10.37,1.29,0.4,2224.5,0.2,5342.4,1074.8,2729.3,0.103,0.828
MUM_000540,Malad West,19.177923,72.840655,0.25,12.78,1.83,0.4,1898.3,0.34,4858.7,1295.0,2239.6,0.155,0.834
MUM_000541,Malad West,19.182438,72.840596,0.25,8.83,1.25,0.4,1531.6,0.95,4378.7,1515.3,1755.8,0.232,0.826
MUM_000542,Malad West,19.186954,72.840538,0.25,14.36,3.46,0.4,1159.5,1.57,3903.7,1735.5,1284.4,0.343,0.823
MUM_000543,Malad West,19.191469,72.840479,0.25,10.53,1.48,0.4,787.4,2.19,3435.8,1955.8,846.6,0.494,0.806
MUM_000544,Malad West,19.195985,72.84042,0.25,16.64,2.43,0.4,496.3,2.67,2978.4,2176.0,532.5,0.642,0.812
MUM_000545,Kandivali West,19.2005,72.840361,0.25,7.11,2.33,0.4,607.4,2.49,2537.0,2396.3,592.0,0.611,0.752
MUM_000546,Kandivali West,19.205016,72.840302,0.25,17.43,3.07,0.4,995.7,1.84,2121.9,2616.5,957.8,0.45,0.812
MUM_000547,Kandivali West,19.209531,72.840243,0.25,19.45,3.16,0.4,1453.9,1.08,1750.8,2868.0,1408.7,0.309,0.715
MUM_000548,Kandivali West,19.214047,72.840184,0.25,13.3,2.66,0.4,1296.7,1.34,1401.8,3178.7,1319.4,0.333,0.764
MUM_000549,Kandivali West,19.218562,72.840125,0.25,17.48,3.2,0.4,808.7,2.15,1052.8,3370.4,1257.5,0.351,0.704
MUM_000550,Kandivali West,19.223078,72.840066,0.25,7.6,2.25,0.4,320.7,2.97,703.9,3270.9,1386.4,0.315,0.797
MUM_000551,Kandivali West,19.227593,72.840007,0.25,16.49,3.58,0.4,167.3,3.22,354.9,3171.4,1662.1,0.25,0.808
MUM_000552,Kandivali West,19.232109,72.839948,0.25,20.1,1.54,0.4,50.1,3.42,50.1,3071.8,2025.6,0.185,0.816
MUM_000553,Borivali / Dahisar Subway,19.236624,72.839889,0.25,13.13,2.91,0.4,245.2,3.09,245.2,2972.3,2438.0,0.131,0.715
MUM_000554,Borivali / Dahisar Subway,19.241064,72.839936,0.25,10.18,1.41,0.4,540.5,2.6,540.5,2874.6,2278.8,0.15,0.821
MUM_000555,Borivali / Dahisar Subway,19.245422,72.840656,0.25,18.84,3.19,0.4,835.8,2.11,835.8,2835.8,2218.8,0.157,0.741
MUM_000556,Borivali / Dahisar Subway,19.249496,72.841446,0.25,18.36,2.08,0.4,1131.1,1.61,1131.1,2884.4,2083.4,0.176,0.712
MUM_000557,Mumbai Central,,,0.25,21.29,2.63,0.4,1426.3,1.12,1426.3,2971.6,1605.8,0.262,0.753
MUM_000558,Mumbai Central,,,0.25,8.41,3.55,0.4,1721.6,0.63,1721.6,3058.9,1147.4,0.384,0.723
MUM_000559,Marine Lines / Kalbadevi,18.96615,72.846926,0.25,9.67,1.78,0.4,2016.8,0.2,2016.8,3146.2,744.6,0.538,0.833
MUM_000560,Marine Lines / Kalbadevi,18.970403,72.847881,0.25,17.29,1.63,0.4,2312.1,0.2,2312.1,3233.4,540.8,0.637,0.708
MUM_000561,Marine Lines / Kalbadevi,18.974777,72.848034,0.25,20.65,2.21,0.4,2607.3,0.2,2607.3,3320.7,728.3,0.545,0.769
MUM_000562,Dadar East / Hindmata,18.979292,72.847976,0.25,3.33,0.5,0.92,2902.5,0.2,2902.5,3408.0,1126.3,0.391,0.923
MUM_000563,Dadar East / Hindmata,18.983808,72.847918,0.25,3.67,1.07,0.92,3197.8,0.2,3197.8,3495.2,1583.2,0.267,0.901
MUM_000564,Dadar East / Hindmata,18.988324,72.84786,0.25,3.75,0.77,0.92,3489.1,0.2,3489.1,3582.5,2060.2,0.18,0.9
MUM_000565,Dadar East / Hindmata,18.992839,72.847802,0.25,3.57,0.98,0.92,3709.2,0.2,3709.2,3669.7,1564.7,0.271,0.919
MUM_000566,Dadar East / Hindmata,18.997355,72.847744,0.25,3.46,0.68,0.92,3468.7,0.2,3929.3,3757.0,1071.8,0.409,0.884
MUM_000567,Dadar East / Hindmata,19.001871,72.847686,0.25,3.25,0.89,0.92,3023.3,0.2,4149.4,3745.8,591.0,0.611,0.867
MUM_000568,Dadar East / Hindmata,19.006386,72.847628,0.25,3.23,0.33,0.92,2578.0,0.2,4369.5,3692.3,222.8,0.831,0.902
MUM_000569,Dadar East / Hindmata,19.010902,72.84757,0.25,4.97,0.54,0.92,2132.6,0.2,4591.3,3638.8,500.1,0.659,0.89
MUM_000570,Dadar East / Hindmata,19.015418,72.847511,0.25,3.88,0.88,0.92,1687.3,0.69,4843.6,3585.2,974.9,0.444,0.933
MUM_000571,Dadar East / Hindmata,19.019933,72.847453,0.25,3.09,0.53,0.92,1241.9,1.43,5116.3,3531.7,1466.6,0.295,0.925
MUM_000572,Dadar East / Hindmata,19.024449,72.847395,0.25,3.51,0.55,0.92,796.6,2.17,5388.9,3478.2,1962.5,0.195,0.854
MUM_000573,Dharavi / Mahim,19.028964,72.847337,0.25,4.63,1.49,0.85,351.2,2.91,5661.6,3424.6,2460.0,0.129,0.856
MUM_000574,Dharavi / Mahim,19.03348,72.847279,0.25,3.92,1.35,0.85,94.1,3.34,5934.3,3371.1,2958.4,0.085,0.839
MUM_000575,Dharavi / Mahim,19.037996,72.84722,0.25,4.05,1.19,0.85,539.4,2.6,6207.0,3317.6,3457.3,0.056,0.916
MUM_000576,Dharavi / Mahim,19.042511,72.847162,0.25,5.28,0.93,0.85,984.8,1.86,6479.7,3264.0,3956.4,0.037,0.897
MUM_000577,Dharavi / Mahim,19.047027,72.847104,0.25,5.31,1.3,0.85,1430.1,1.12,6752.4,3169.1,4455.7,0.024,0.876
MUM_000578,Dharavi / Mahim,19.051543,72.847046,0.25,5.14,1.4,0.85,1875.4,0.37,7025.1,3069.6,4955.2,0.016,0.849
MUM_000579,Dharavi / Mahim,19.056058,72.846987,0.25,4.96,1.09,0.85,2320.7,0.2,7297.8,2970.1,5454.7,0.011,0.862
MUM_000580,Bandra West,19.060574,72.846929,0.25,12.25,1.25,0.55,2766.0,0.2,7574.5,2870.7,5954.4,0.007,0.856
MUM_000581,Santacruz / Milan Subway,19.065089,72.846871,0.25,3.18,1.18,0.92,3171.9,0.2,7871.3,2771.2,6454.1,0.005,0.9
MUM_000582,Santacruz / Milan Subway,19.069605,72.846812,0.25,3.76,1.01,0.92,2686.9,0.2,8187.9,2671.7,6953.8,0.003,0.898
MUM_000583,Santacruz / Milan Subway,19.074121,72.846754,0.25,4.78,0.75,0.92,2201.8,0.2,8522.1,2572.2,7453.6,0.002,0.923
MUM_000584,Santacruz / Milan Subway,19.078636,72.846696,0.25,4.02,0.71,0.92,1716.7,0.64,8871.9,2472.7,7273.0,0.002,0.932
MUM_000585,Santacruz / Milan Subway,19.083152,72.846637,0.25,4.3,0.93,0.92,1231.6,1.45,9235.5,2373.2,6786.0,0.003,0.884
MUM_000586,Santacruz / Milan Subway,19.087667,72.846579,0.25,4.45,1.06,0.92,746.6,2.26,9611.4,2273.8,6300.9,0.005,0.906
MUM_000587,Santacruz / Milan Subway,19.092183,72.846521,0.25,4.74,1.15,0.92,261.5,3.06,9998.2,2165.8,5818.5,0.008,0.915
MUM_000588,Santacruz / Milan Subway,19.096698,72.846462,0.25,4.6,0.63,0.92,223.6,3.13,10394.7,1982.4,5339.2,0.012,0.898
MUM_000589,Santacruz / Milan Subway,19.101214,72.846404,0.25,4.85,0.47,0.92,708.7,2.32,10799.7,1799.0,4864.1,0.017,0.947
MUM_000590,Andheri Subway / West,19.10573,72.846345,0.25,3.05,0.76,0.92,1193.7,1.51,11212.4,1615.6,4394.6,0.026,0.898
MUM_000591,Andheri Subway / West,19.110245,72.846287,0.25,3.57,0.59,0.92,1678.8,0.7,11631.9,1432.2,3932.5,0.038,0.891
MUM_000592,Andheri Subway / West,19.114761,72.846228,0.25,2.82,0.6,0.92,1851.4,0.41,12057.6,1248.8,3481.0,0.055,0.94
MUM_000593,Andheri Subway / West,19.119276,72.84617,0.25,3.12,0.44,0.92,1366.3,1.22,12488.8,1065.4,3044.6,0.079,0.915
MUM_000594,Andheri Subway / West,19.123792,72.846111,0.25,4.74,0.42,0.92,881.2,2.03,12925.0,882.0,2631.1,0.112,0.942
MUM_000595,Andheri Subway / West,19.128308,72.846053,0.25,3.77,1.06,0.92,396.2,2.84,13365.6,698.6,2252.8,0.153,0.871
MUM_000596,Jogeshwari / JVLR,19.132823,72.845994,0.25,8.17,2.47,0.4,88.9,3.35,13810.3,515.2,1930.7,0.2,0.804
MUM_000597,Jogeshwari / JVLR,19.137339,72.845936,0.25,13.6,3.34,0.4,574.0,2.54,14258.7,331.8,1697.1,0.243,0.76
MUM_000598,Jogeshwari / JVLR,19.141854,72.845877,0.2047,14.03,1.36,0.4,1029.6,1.78,14674.8,194.3,1551.5,0.274,0.784
MUM_000599,Jogeshwari / JVLR,19.14637,72.845818,0.0933,21.22,1.7,0.4,1443.7,1.09,15046.8,114.3,1493.2,0.288,0.706
MUM_000600,Goregaon West,19.150885,72.84576,0.1056,11.05,1.32,0.4,3449.9,0.2,6839.8,105.5,4224.7,0.03,0.724
MUM_000601,Goregaon West,19.155401,72.845701,0.2219,19.23,1.76,0.4,3225.7,0.2,6414.7,215.2,3793.2,0.042,0.737
MUM_000602,Goregaon West,19.159916,72.845642,0.25,12.47,2.17,0.4,2929.6,0.2,5959.6,405.7,3336.5,0.062,0.75
MUM_000603,Goregaon West,19.164432,72.845584,0.25,15.54,1.98,0.4,2603.4,0.2,5484.7,625.9,2863.4,0.092,0.759
MUM_000604,Goregaon West,19.168948,72.845525,0.25,14.36,3.93,0.4,2237.7,0.2,5014.8,846.2,2401.2,0.135,0.736
MUM_000605,Goregaon West,19.173463,72.845466,0.25,17.2,2.43,0.4,1865.6,0.39,4551.3,1066.4,1957.8,0.196,0.734
MUM_000606,Malad West,19.177979,72.845408,0.25,9.38,3.6,0.4,1493.5,1.01,4096.3,1286.7,1549.1,0.275,0.749
MUM_000607,Malad West,19.182494,72.845349,0.25,13.77,2.85,0.4,1163.4,1.56,3653.2,1506.9,1211.1,0.364,0.835
MUM_000608,Malad West,19.18701,72.84529,0.25,21.2,2.87,0.4,987.9,1.85,3226.7,1727.2,1016.7,0.429,0.739
MUM_000609,Malad West,19.191525,72.845231,0.25,14.0,3.64,0.4,1048.1,1.75,2824.4,1947.4,1049.1,0.417,0.793
MUM_000610,Malad West,19.196041,72.845173,0.25,17.4,2.25,0.4,1311.9,1.31,2457.9,2176.3,1291.3,0.341,0.834
MUM_000611,Kandivali West,19.200556,72.845114,0.25,7.78,1.3,0.4,1675.9,0.71,2108.9,2472.8,1181.5,0.374,0.791
MUM_000612,Kandivali West,19.205072,72.845055,0.25,12.59,2.62,0.4,1187.9,1.52,1759.9,2827.3,858.2,0.489,0.831
MUM_000613,Kandivali West,19.209587,72.844996,0.25,10.71,1.25,0.4,699.9,2.33,1410.9,3218.0,759.7,0.531,0.73
MUM_000614,Kandivali West,19.214103,72.844937,0.25,7.76,2.59,0.4,211.9,3.15,1061.9,3614.3,958.0,0.45,0.827
MUM_000615,Kandivali West,19.218618,72.844878,0.25,7.57,3.08,0.4,276.1,3.04,748.8,3661.4,1326.0,0.331,0.812
MUM_000616,Kandivali West,19.223134,72.844819,0.25,13.03,2.75,0.4,453.6,2.74,453.6,3561.8,1760.4,0.231,0.799
MUM_000617,Kandivali West,19.22765,72.844761,0.25,13.37,3.83,0.4,158.3,3.24,158.3,3462.3,1998.6,0.189,0.75
MUM_000618,Kandivali West,19.232165,72.844702,0.25,20.68,1.48,0.4,137.0,3.27,137.0,3368.8,1795.7,0.224,0.714
MUM_000619,Borivali / Dahisar Subway,19.236681,72.844643,0.25,8.97,3.1,0.4,432.3,2.78,432.3,3335.8,1718.8,0.239,0.805
MUM_000620,Borivali / Dahisar Subway,19.241196,72.844584,0.25,15.85,2.36,0.4,727.6,2.29,727.6,3377.3,1784.4,0.226,0.813
MUM_000621,Borivali / Dahisar Subway,19.245712,72.844525,0.25,12.31,1.56,0.4,1022.8,1.8,1022.8,3464.0,1835.5,0.217,0.782
MUM_000622,Borivali / Dahisar Subway,19.250227,72.844466,0.25,14.48,2.03,0.4,1318.1,1.3,1318.1,3551.2,1451.6,0.298,0.711
MUM_000623,Borivali / Dahisar Subway,19.254567,72.844803,0.25,10.7,3.6,0.4,1613.3,0.81,1613.3,3638.5,1159.8,0.38,0.742
MUM_000624,Borivali / Dahisar Subway,19.258638,72.845617,0.25,11.21,1.84,0.4,1908.5,0.32,1908.5,3725.8,1040.7,0.42,0.818
MUM_000625,Mumbai Central,,,0.25,18.39,1.77,0.4,2203.8,0.2,2203.8,3813.0,1149.4,0.384,0.727
MUM_000626,Marine Lines / Kalbadevi,18.975254,72.851517,0.25,19.16,1.44,0.4,2499.0,0.2,2499.0,3900.3,1435.0,0.302,0.761
MUM_000627,Dadar East / Hindmata,18.979502,72.852486,0.25,4.44,0.65,0.92,2794.2,0.2,2794.2,3987.5,1815.8,0.22,0.878
MUM_000628,Dadar East / Hindmata,18.983863,72.852665,0.25,4.21,0.58,0.92,3040.2,0.2,3040.2,4074.8,2171.5,0.164,0.942
MUM_000629,Dadar East / Hindmata,18.988379,72.852607,0.25,4.3,0.96,0.92,3260.3,0.2,3260.3,4162.1,1707.5,0.241,0.934
MUM_000630,Dadar East / Hindmata,18.992895,72.852549,0.25,5.0,0.36,0.92,3480.4,0.2,3480.4,4249.3,1271.2,0.347,0.85
MUM_000631,Dadar East / Hindmata,18.99741,72.852491,0.25,3.85,0.67,0.92,3250.6,0.2,3700.5,4243.0,903.6,0.471,0.868
MUM_000632,Dadar East / Hindmata,19.001926,72.852433,0.25,3.15,1.17,0.92,2805.3,0.2,3920.6,4189.4,718.9,0.549,0.883
MUM_000633,Dadar East / Hindmata,19.006441,72.852375,0.25,3.7,0.59,0.92,2359.9,0.2,4154.8,4135.9,846.9,0.494,0.89
MUM_000634,Dadar East / Hindmata,19.010957,72.852317,0.25,3.68,0.57,0.92,1914.6,0.31,4424.5,4082.4,1190.7,0.371,0.882
MUM_000635,Dadar East / Hindmata,19.015473,72.852259,0.25,3.86,1.04,0.92,1469.2,1.05,4697.2,4028.8,1618.1,0.26,0.865
MUM_000636,Dadar East / Hindmata,19.019988,72.852201,0.25,4.28,0.62,0.92,1023.9,1.79,4969.9,3975.3,2078.1,0.177,0.94
MUM_000637,Dadar East / Hindmata,19.024504,72.852143,0.25,4.42,0.96,0.92,578.6,2.54,5242.6,3921.7,2553.2,0.119,0.919
MUM_000638,Sion / King's Circle,19.02902,72.852085,0.25,3.73,0.89,0.85,133.2,3.28,5515.2,3868.2,3036.3,0.08,0.883
MUM_000639,Sion / King's Circle,19.033535,72.852027,0.25,5.45,0.54,0.85,312.1,2.98,5787.9,3814.7,3524.2,0.053,0.838
MUM_000640,Dharavi / Mahim,19.038051,72.851969,0.25,5.21,0.97,0.85,757.4,2.24,6060.6,3758.6,4015.0,0.035,0.883
MUM_000641,Dharavi / Mahim,19.042567,72.851911,0.25,4.96,0.8,0.85,1202.7,1.5,6333.3,3659.1,4507.8,0.023,0.848
MUM_000642,Dharavi / Mahim,19.047082,72.851853,0.25,3.63,0.67,0.85,1648.0,0.75,6606.0,3559.6,5002.1,0.015,0.89
MUM_000643,Dharavi / Mahim,19.051598,72.851794,0.25,5.66,0.91,0.85,2093.4,0.2,6879.4,3460.1,5497.4,0.01,0.835
MUM_000644,Dharavi / Mahim,19.056113,72.851736,0.25,4.98,1.42,0.85,2538.7,0.2,7170.2,3360.7,5993.5,0.007,0.879
MUM_000645,Bandra Kurla Complex (BKC),19.060629,72.851678,0.25,6.07,0.78,0.85,2984.0,0.2,7483.0,3261.2,6490.2,0.004,0.855
MUM_000646,Bandra Kurla Complex (BKC),19.065145,72.85162,0.25,3.82,1.42,0.85,2808.1,0.2,7815.4,3161.7,6987.3,0.003,0.904
MUM_000647,Santacruz / Milan Subway,19.06966,72.851562,0.25,4.99,1.14,0.92,2323.0,0.2,8164.8,3062.2,7484.9,0.002,0.861
MUM_000648,Santacruz / Milan Subway,19.074176,72.851503,0.25,4.78,0.8,0.92,1838.0,0.44,8529.3,2962.7,7180.4,0.003,0.898
MUM_000649,Santacruz / Milan Subway,19.078692,72.851445,0.25,4.69,0.61,0.92,1352.9,1.25,8906.9,2863.3,6686.6,0.004,0.85
MUM_000650,Santacruz / Milan Subway,19.083207,72.851387,0.25,3.85,1.12,0.92,867.8,2.05,9296.1,2763.8,6193.8,0.006,0.908
MUM_000651,Santacruz / Milan Subway,19.087723,72.851329,0.25,4.93,0.98,0.92,382.7,2.86,9695.5,2630.9,5702.3,0.009,0.911
MUM_000652,Santacruz / Milan Subway,19.092238,72.85127,0.25,3.46,1.12,0.92,102.3,3.33,10103.8,2447.5,5212.4,0.013,0.876
MUM_000653,Santacruz / Milan Subway,19.096754,72.851212,0.25,4.87,0.53,0.92,587.4,2.52,10520.1,2264.1,4724.5,0.02,0.895
MUM_000654,Andheri Subway / West,19.10127,72.851154,0.25,3.18,0.95,0.92,1072.5,1.71,10943.3,2080.7,4239.5,0.029,0.927
MUM_000655,Andheri Subway / West,19.105785,72.851095,0.25,3.96,0.33,0.92,1557.6,0.9,11372.8,1897.3,3758.5,0.044,0.889
MUM_000656,Andheri Subway / West,19.110301,72.851037,0.25,3.38,0.8,0.92,1972.6,0.21,11807.8,1714.0,3283.1,0.065,0.889
MUM_000657,Andheri Subway / West,19.114816,72.850979,0.25,4.73,0.72,0.92,1487.6,1.02,12247.8,1530.6,2816.3,0.096,0.869
MUM_000658,Andheri Subway / West,19.119332,72.85092,0.25,2.97,0.91,0.92,1002.5,1.83,12692.3,1347.2,2363.0,0.14,0.919
MUM_000659,Andheri Subway / West,19.123848,72.850862,0.25,3.72,0.95,0.92,517.4,2.64,13140.7,1163.8,1933.0,0.2,0.884
MUM_000660,Andheri Subway / West,19.128363,72.850804,0.25,3.87,0.37,0.92,32.4,3.45,13592.8,980.4,1545.7,0.276,0.88
MUM_000661,Jogeshwari / JVLR,19.132879,72.850745,0.25,10.12,1.94,0.4,452.7,2.75,14048.0,797.0,1241.6,0.355,0.83
MUM_000662,Jogeshwari / JVLR,19.137394,72.850687,0.25,21.64,1.49,0.4,937.7,1.94,14506.3,613.6,1092.8,0.402,0.82
MUM_000663,Jogeshwari / JVLR,19.14191,72.850628,0.2491,15.14,3.11,0.4,1421.8,1.13,14966.1,321.2,1159.4,0.381,0.804
MUM_000664,Jogeshwari / JVLR,19.146425,72.85057,0.0743,16.21,2.21,0.4,1747.8,0.59,15263.6,88.7,1248.5,0.353,0.761
MUM_000665,Jogeshwari / JVLR,19.150941,72.850511,0.1009,21.83,2.69,0.4,3172.0,0.2,6031.3,101.8,3416.3,0.058,0.724
MUM_000666,Goregaon West,19.155457,72.850453,0.2186,7.41,3.57,0.4,2911.4,0.2,5639.5,210.0,3044.2,0.079,0.837
MUM_000667,Goregaon West,19.159972,72.850394,0.25,11.5,1.99,0.4,2571.6,0.2,5214.3,397.3,2648.8,0.11,0.803
MUM_000668,Goregaon West,19.164488,72.850336,0.25,20.35,1.82,0.4,2199.6,0.2,4770.2,617.5,2254.5,0.153,0.751
MUM_000669,Goregaon West,19.169003,72.850277,0.25,17.81,2.38,0.4,1860.3,0.4,4338.3,837.8,1910.5,0.204,0.804
MUM_000670,Goregaon West,19.173519,72.850219,0.25,14.5,3.32,0.4,1607.2,0.82,3922.5,1058.0,1648.3,0.253,0.721
MUM_000671,Malad West,19.178034,72.85016,0.25,17.33,3.96,0.4,1485.2,1.02,3528.8,1278.3,1511.2,0.284,0.798
MUM_000672,Malad West,19.18255,72.850101,0.25,10.85,1.21,0.4,1525.9,0.96,3164.9,1498.5,1533.2,0.279,0.788
MUM_000673,Malad West,19.187066,72.850043,0.25,17.6,3.09,0.4,1717.8,0.64,2815.9,1767.9,1432.1,0.303,0.729
MUM_000674,Malad West,19.191581,72.849984,0.25,8.03,3.16,0.4,1567.0,0.89,2466.9,2122.3,944.2,0.455,0.818
MUM_000675,Malad West,19.196097,72.849925,0.25,14.96,1.42,0.4,1079.0,1.7,2118.0,2516.8,481.9,0.669,0.835
MUM_000676,Kandivali West,19.200612,72.849867,0.25,12.07,3.37,0.4,591.0,2.52,1769.0,2913.2,269.9,0.799,0.727
MUM_000677,Kandivali West,19.205128,72.849808,0.25,19.91,2.93,0.4,103.0,3.33,1447.6,3309.5,643.0,0.585,0.774
MUM_000678,Kandivali West,19.209643,72.849749,0.25,18.64,1.22,0.4,385.0,2.86,1152.3,3705.8,1119.9,0.393,0.74
MUM_000679,Kandivali West,19.214159,72.849691,0.25,20.55,1.43,0.4,857.1,2.07,857.1,4051.8,1610.8,0.261,0.822
MUM_000680,Kandivali West,19.218674,72.849632,0.25,7.12,3.01,0.4,561.8,2.56,561.8,3952.3,1589.3,0.266,0.729
MUM_000681,Kandivali West,19.22319,72.849573,0.25,15.53,2.68,0.4,266.5,3.06,266.5,3864.5,1325.0,0.331,0.718
MUM_000682,Kandivali West,19.227705,72.849514,0.25,11.43,2.29,0.4,28.8,3.45,28.8,3835.8,1218.9,0.362,0.798
MUM_000683,Borivali / Dahisar Subway,19.232221,72.849455,0.25,19.15,3.33,0.4,324.1,2.96,324.1,3871.9,1309.8,0.336,0.728
MUM_000684,Borivali / Dahisar Subway,19.236736,72.849397,0.25,16.74,1.82,0.4,619.3,2.47,619.3,3956.3,1563.8,0.272,0.753
MUM_000685,Borivali / Dahisar Subway,19.241252,72.849338,0.25,16.16,1.31,0.4,914.5,1.98,914.5,4043.6,1843.3,0.215,0.715
MUM_000686,Borivali / Dahisar Subway,19.245768,72.849279,0.25,20.39,1.22,0.4,1209.8,1.48,1209.8,4130.8,1623.5,0.258,0.829
MUM_000687,Borivali / Dahisar Subway,19.250283,72.84922,0.25,8.46,1.99,0.4,1505.0,0.99,1505.0,4218.1,1540.7,0.277,0.794
MUM_000688,Borivali / Dahisar Subway,19.254799,72.849161,0.25,19.82,3.72,0.4,1800.2,0.5,1800.2,4305.3,1616.1,0.26,0.808
MUM_000689,Borivali / Dahisar Subway,19.259306,72.849111,0.25,7.0,3.98,0.4,2095.5,0.2,2095.5,4392.6,1830.3,0.218,0.715
MUM_000690,Borivali / Dahisar Subway,19.262577,72.85001,0.25,16.59,1.49,0.4,2371.1,0.2,2371.1,4479.9,2141.9,0.168,0.746
MUM_000691,Mumbai Central,,,0.25,21.85,2.75,0.4,2591.2,0.2,2591.2,4567.1,2383.8,0.137,0.798
MUM_000692,Dadar East / Hindmata,18.984361,72.856108,0.25,4.83,1.17,0.92,2811.3,0.2,2811.3,4654.4,1970.5,0.194,0.893
MUM_000693,Dadar East / Hindmata,18.9886,72.857091,0.25,4.06,0.82,0.92,3031.4,0.2,3031.4,4741.7,1607.3,0.262,0.899
MUM_000694,Dadar East / Hindmata,18.99295,72.857296,0.25,4.8,0.58,0.92,3251.5,0.2,3251.5,4740.1,1335.5,0.329,0.92
MUM_000695,Dadar East / Hindmata,18.997465,72.857238,0.25,4.41,0.91,0.92,3032.6,0.2,3473.5,4686.6,1218.2,0.362,0.886
MUM_000696,Dadar East / Hindmata,19.001981,72.85718,0.25,3.45,0.93,0.92,2587.2,0.2,3732.7,4633.0,1297.9,0.339,0.889
MUM_000697,Dadar East / Hindmata,19.006497,72.857122,0.25,3.09,0.7,0.92,2141.9,0.2,4005.4,4579.5,1544.3,0.276,0.936
MUM_000698,Dadar East / Hindmata,19.011012,72.857065,0.25,4.64,0.64,0.92,1696.5,0.67,4278.1,4525.9,1893.5,0.206,0.892
MUM_000699,Dadar East / Hindmata,19.015528,72.857007,0.25,4.31,1.16,0.92,1251.2,1.41,4550.8,4472.4,2299.1,0.147,0.945
MUM_000700,Dadar East / Hindmata,19.020044,72.856949,0.25,3.55,0.7,0.92,805.9,2.16,4823.5,4418.9,2736.1,0.102,0.886
MUM_000701,Sion / King's Circle,19.024559,72.856891,0.25,5.78,1.47,0.85,360.6,2.9,5096.2,4365.3,3191.6,0.07,0.859
MUM_000702,Sion / King's Circle,19.029075,72.856833,0.25,5.49,1.21,0.85,84.7,3.36,5368.9,4311.8,3658.8,0.047,0.859
MUM_000703,Sion / King's Circle,19.033591,72.856775,0.25,4.61,0.66,0.85,530.1,2.62,5641.5,4248.6,4133.7,0.032,0.913
MUM_000704,Sion / King's Circle,19.038106,72.856717,0.25,4.74,0.68,0.85,975.4,1.87,5914.2,4149.1,4613.9,0.021,0.887
MUM_000705,Sion / King's Circle,19.042622,72.856659,0.25,4.57,0.65,0.85,1420.7,1.13,6186.9,4049.6,5097.9,0.014,0.85
MUM_000706,Dharavi / Mahim,19.047137,72.856601,0.25,4.6,1.02,0.85,1866.0,0.39,6470.3,3950.1,5584.7,0.01,0.83
MUM_000707,Dharavi / Mahim,19.051653,72.856543,0.25,6.03,1.38,0.85,2311.5,0.2,6778.6,3850.7,6073.6,0.006,0.902
MUM_000708,Bandra Kurla Complex (BKC),19.056169,72.856485,0.25,4.08,0.52,0.85,2768.1,0.2,7108.7,3751.2,6564.3,0.004,0.898
MUM_000709,Bandra Kurla Complex (BKC),19.060684,72.856427,0.25,5.65,0.75,0.85,2929.4,0.2,7457.8,3651.7,7056.2,0.003,0.887
MUM_000710,Bandra Kurla Complex (BKC),19.0652,72.856369,0.25,3.99,0.51,0.85,2444.3,0.2,7823.2,3552.2,7549.2,0.002,0.905
MUM_000711,Bandra Kurla Complex (BKC),19.069716,72.856311,0.25,3.72,0.61,0.85,1959.2,0.23,8202.9,3452.7,7121.8,0.003,0.836
MUM_000712,Bandra Kurla Complex (BKC),19.074231,72.856253,0.25,4.91,1.26,0.85,1474.1,1.04,8594.9,3353.3,6623.6,0.004,0.841
MUM_000713,Santacruz / Milan Subway,19.078747,72.856195,0.25,3.92,0.61,0.92,989.1,1.85,8997.6,3253.8,6125.8,0.006,0.9
MUM_000714,Santacruz / Milan Subway,19.083263,72.856137,0.25,4.92,0.72,0.92,504.0,2.66,9409.6,3096.1,5628.3,0.009,0.9
MUM_000715,Santacruz / Milan Subway,19.087778,72.856078,0.25,3.9,1.15,0.92,18.9,3.47,9829.8,2912.7,5131.3,0.014,0.922
MUM_000716,Santacruz / Milan Subway,19.092294,72.85602,0.25,3.17,0.82,0.92,466.2,2.72,10257.2,2729.3,4634.9,0.021,0.915
MUM_000717,Santacruz / Milan Subway,19.096809,72.855962,0.25,4.36,0.66,0.92,951.2,1.91,10690.9,2545.9,4139.5,0.032,0.927
MUM_000718,Andheri Subway / West,19.101325,72.855904,0.25,3.06,0.39,0.92,1436.3,1.11,11130.1,2362.5,3645.2,0.048,0.899
MUM_000719,Andheri Subway / West,19.105841,72.855846,0.25,3.03,0.73,0.92,1921.3,0.3,11574.3,2179.1,3152.8,0.072,0.873
MUM_000720,Andheri Subway / West,19.110356,72.855788,0.25,3.37,0.8,0.92,1608.9,0.82,12022.8,1995.7,2663.3,0.109,0.949
MUM_000721,Andheri Subway / West,19.114872,72.855729,0.25,2.99,1.11,0.92,1123.8,1.63,12475.3,1812.3,2178.4,0.163,0.888
MUM_000722,Andheri Subway / West,19.119387,72.855671,0.25,3.03,1.08,0.92,638.7,2.44,12931.2,1628.9,1702.4,0.242,0.886
MUM_000723,Andheri Subway / West,19.123903,72.855613,0.25,4.98,0.87,0.92,153.7,3.24,13390.3,1445.5,1245.3,0.354,0.927
MUM_000724,Jogeshwari / JVLR,19.128419,72.855554,0.25,16.37,1.85,0.4,331.4,2.95,13852.3,1262.2,838.6,0.497,0.706
MUM_000725,Jogeshwari / JVLR,19.132934,72.855496,0.25,20.6,2.67,0.4,816.5,2.14,14316.8,1018.9,596.5,0.608,0.812
MUM_000726,Jogeshwari / JVLR,19.13745,72.855438,0.25,7.67,3.43,0.4,1301.5,1.33,14783.6,615.6,713.0,0.552,0.721
MUM_000727,Jogeshwari / JVLR,19.141965,72.85538,0.2303,19.48,1.38,0.4,1767.0,0.56,15231.9,234.4,1055.5,0.415,0.704
MUM_000728,Jogeshwari / JVLR,19.146481,72.855321,0.0264,19.8,1.61,0.4,2053.7,0.2,15496.3,52.9,1291.0,0.341,0.834
MUM_000729,Jogeshwari / JVLR,19.150997,72.855263,0.0963,9.44,2.7,0.4,2772.1,0.2,5335.7,98.1,2827.4,0.095,0.815
MUM_000730,Goregaon West,19.155512,72.855204,0.2152,11.31,3.04,0.4,2526.5,0.2,4995.8,204.9,2577.7,0.117,0.8
MUM_000731,Goregaon West,19.160028,72.855146,0.25,16.55,1.62,0.4,2278.2,0.2,4621.8,388.9,2323.8,0.144,0.79
MUM_000732,Goregaon West,19.164543,72.855088,0.25,16.66,1.84,0.4,2076.7,0.2,4234.0,609.2,2113.5,0.172,0.713
MUM_000733,Goregaon West,19.169059,72.855029,0.25,17.97,1.37,0.4,1983.8,0.2,3872.0,829.4,2008.4,0.188,0.714
MUM_000734,Goregaon West,19.173574,72.854971,0.25,20.44,3.31,0.4,2014.4,0.2,3523.0,1065.9,1925.1,0.201,0.818
MUM_000735,Malad West,19.17809,72.854912,0.25,8.49,2.74,0.4,1982.3,0.2,3174.0,1419.4,1430.6,0.304,0.709
MUM_000736,Malad West,19.182606,72.854854,0.25,21.19,2.45,0.4,1482.5,1.03,2825.0,1815.7,942.0,0.456,0.759
MUM_000737,Malad West,19.187121,72.854795,0.25,15.98,3.56,0.4,983.1,1.86,2476.0,2212.0,477.5,0.672,0.807
MUM_000738,Malad West,19.191637,72.854737,0.25,18.79,3.15,0.4,484.7,2.69,2146.4,2608.3,261.9,0.804,0.754
MUM_000739,Malad West,19.196152,72.854678,0.25,10.27,3.05,0.4,5.9,3.49,1851.1,3004.6,639.7,0.587,0.789
MUM_000740,Kandivali West,19.200668,72.85462,0.25,16.11,3.66,0.4,493.9,2.68,1555.8,3400.9,1118.0,0.394,0.77
MUM_000741,Kandivali West,19.205183,72.854561,0.25,19.69,2.64,0.4,981.9,1.86,1260.6,3797.2,1609.5,0.262,0.83
MUM_000742,Kandivali West,19.209699,72.854503,0.25,16.11,1.74,0.4,965.3,1.89,965.3,4193.5,1247.8,0.354,0.742
MUM_000743,Kandivali West,19.214215,72.854444,0.25,14.26,3.94,0.4,670.0,2.38,670.0,4361.2,887.1,0.477,0.746
MUM_000744,Kandivali West,19.21873,72.854385,0.25,18.82,1.34,0.4,374.7,2.88,374.7,4335.7,719.0,0.549,0.772
MUM_000745,Kandivali West,19.223246,72.854327,0.25,10.17,1.46,0.4,79.4,3.37,79.4,4367.7,864.2,0.487,0.834
MUM_000746,Kandivali West,19.227761,72.854268,0.25,20.66,3.33,0.4,215.8,3.14,215.8,4448.6,1215.2,0.363,0.819
MUM_000747,Borivali / Dahisar Subway,19.232277,72.854209,0.25,7.73,2.54,0.4,511.0,2.65,511.0,4535.9,1645.2,0.254,0.824
MUM_000748,Borivali / Dahisar Subway,19.236792,72.854151,0.25,12.11,3.09,0.4,806.2,2.16,806.2,4623.1,2014.8,0.187,0.725
MUM_000749,Borivali / Dahisar Subway,19.241308,72.854092,0.25,19.3,1.22,0.4,1101.5,1.66,1101.5,4710.4,2040.7,0.183,0.773
MUM_000750,Borivali / Dahisar Subway,19.245823,72.854033,0.25,7.65,1.46,0.4,1396.7,1.17,1396.7,4797.7,2098.2,0.174,0.768
MUM_000751,Borivali / Dahisar Subway,19.250339,72.853975,0.25,13.89,1.84,0.4,1691.9,0.68,1691.9,4884.9,2267.3,0.151,0.732
MUM_000752,Borivali / Dahisar Subway,19.254854,72.853916,0.25,21.8,1.62,0.4,1922.2,0.3,1922.2,4972.2,2525.6,0.122,0.713
MUM_000753,Borivali / Dahisar Subway,19.25937,72.853857,0.25,12.36,2.81,0.4,2142.3,0.2,2142.3,5059.5,2673.9,0.108,0.758
MUM_000754,Borivali / Dahisar Subway,19.263738,72.853941,0.25,21.22,1.2,0.4,2362.4,0.2,2362.4,5146.7,2313.0,0.146,0.712
MUM_000755,Borivali / Dahisar Subway,19.266753,72.855288,0.25,16.19,1.25,0.4,2582.5,0.2,2582.5,5234.0,2012.6,0.187,0.757
MUM_000756,Mumbai Central,,,0.25,7.58,2.03,0.4,2802.6,0.2,2802.6,5237.2,1803.0,0.223,0.832
MUM_000757,Dadar East / Hindmata,18.993469,72.860701,0.25,3.21,0.66,0.92,3041.1,0.2,3041.1,5183.7,1717.9,0.239,0.897
MUM_000758,Dadar East / Hindmata,18.997699,72.861694,0.25,3.21,0.87,0.92,2814.5,0.2,3313.6,5130.1,1775.3,0.228,0.917
MUM_000759,Dadar East / Hindmata,19.002036,72.861928,0.25,3.76,0.79,0.92,2369.2,0.2,3586.3,5076.6,1962.7,0.195,0.948
MUM_000760,Dadar East / Hindmata,19.006552,72.86187,0.25,4.59,1.19,0.92,1923.9,0.29,3859.0,5023.1,2247.8,0.154,0.864
MUM_000761,Dadar East / Hindmata,19.011067,72.861812,0.25,3.46,0.6,0.92,1478.6,1.04,4131.7,4969.5,2598.7,0.115,0.899
MUM_000762,Dadar East / Hindmata,19.015583,72.861754,0.25,3.88,0.96,0.92,1033.3,1.78,4404.4,4916.0,2992.2,0.083,0.943
MUM_000763,Sion / King's Circle,19.020099,72.861697,0.25,4.9,1.24,0.85,587.9,2.52,4677.1,4862.5,3413.8,0.058,0.892
MUM_000764,Sion / King's Circle,19.024614,72.861639,0.25,5.61,1.41,0.85,142.6,3.26,4949.8,4808.9,3854.1,0.04,0.907
MUM_000765,Sion / King's Circle,19.02913,72.861581,0.25,3.96,0.68,0.85,302.7,3.0,5222.5,4738.6,4307.5,0.028,0.886
MUM_000766,Sion / King's Circle,19.033646,72.861523,0.25,3.95,0.8,0.85,748.0,2.25,5495.2,4639.1,4770.2,0.019,0.892
MUM_000767,Sion / King's Circle,19.038161,72.861465,0.25,4.26,0.51,0.85,1193.4,1.51,5772.2,4539.6,5239.8,0.013,0.901
MUM_000768,Sion / King's Circle,19.042677,72.861408,0.25,4.45,0.56,0.85,1656.4,0.74,6074.8,4440.1,5714.5,0.009,0.836
MUM_000769,Sion / King's Circle,19.047193,72.86135,0.25,5.54,1.44,0.85,2136.1,0.2,6402.2,4340.7,6193.3,0.006,0.906
MUM_000770,Bandra Kurla Complex (BKC),19.051708,72.861292,0.25,5.43,0.56,0.85,2623.4,0.2,6750.7,4241.2,6675.1,0.004,0.913
MUM_000771,Bandra Kurla Complex (BKC),19.056224,72.861234,0.25,5.84,0.66,0.85,3050.6,0.2,7117.4,4141.7,7159.4,0.003,0.918
MUM_000772,Bandra Kurla Complex (BKC),19.060739,72.861176,0.25,4.86,1.31,0.85,2565.5,0.2,7499.4,4042.2,7598.0,0.002,0.836
MUM_000773,Bandra Kurla Complex (BKC),19.065255,72.861118,0.25,4.52,1.49,0.85,2080.5,0.2,7894.7,3942.7,7098.0,0.003,0.895
MUM_000774,Bandra Kurla Complex (BKC),19.069771,72.86106,0.25,5.57,0.67,0.85,1595.4,0.84,8301.2,3843.3,6598.0,0.004,0.881
MUM_000775,Bandra Kurla Complex (BKC),19.074286,72.861002,0.25,4.11,0.71,0.85,1110.3,1.65,8717.5,3743.8,6098.1,0.006,0.847
MUM_000776,Bandra Kurla Complex (BKC),19.078802,72.860944,0.25,3.91,0.75,0.85,625.3,2.46,9142.2,3561.2,5598.1,0.009,0.861
MUM_000777,Santacruz / Milan Subway,19.083318,72.860886,0.25,3.8,1.01,0.92,140.2,3.27,9574.1,3377.8,5098.2,0.014,0.881
MUM_000778,Santacruz / Milan Subway,19.087833,72.860828,0.25,3.9,0.96,0.92,344.8,2.93,10012.4,3194.4,4598.3,0.022,0.906
MUM_000779,Santacruz / Milan Subway,19.092349,72.86077,0.25,3.43,0.39,0.92,829.9,2.12,10456.2,3011.0,4098.4,0.033,0.897
MUM_000780,Santacruz / Milan Subway,19.096865,72.860712,0.25,4.53,0.71,0.92,1315.0,1.31,10904.9,2827.7,3598.5,0.05,0.945
MUM_000781,Andheri Subway / West,19.10138,72.860654,0.25,2.88,0.94,0.92,1800.0,0.5,11357.9,2644.3,3098.7,0.076,0.868
MUM_000782,Andheri Subway / West,19.105896,72.860596,0.25,4.28,0.94,0.92,1730.2,0.62,11814.7,2460.9,2598.9,0.115,0.925
MUM_000783,Andheri Subway / West,19.110411,72.860538,0.25,3.42,0.85,0.92,1245.1,1.42,12274.8,2277.5,2099.3,0.174,0.92
MUM_000784,Andheri Subway / West,19.114927,72.86048,0.25,4.66,0.51,0.92,760.0,2.23,12737.9,2094.1,1599.9,0.264,0.929
MUM_000785,Andheri Subway / West,19.119443,72.860422,0.25,3.42,1.09,0.92,275.0,3.04,13203.8,1910.7,1101.0,0.4,0.886
MUM_000786,Jogeshwari / JVLR,19.123958,72.860364,0.25,17.79,2.48,0.4,210.1,3.15,13672.0,1717.7,604.0,0.605,0.829
MUM_000787,Jogeshwari / JVLR,19.128474,72.860305,0.25,21.35,2.44,0.4,695.2,2.34,14142.4,1314.5,131.6,0.896,0.71
MUM_000788,Jogeshwari / JVLR,19.13299,72.860247,0.25,12.98,2.66,0.4,1180.2,1.53,14614.8,911.2,412.2,0.709,0.726
MUM_000789,Jogeshwari / JVLR,19.137505,72.860189,0.25,13.63,2.81,0.4,1665.3,0.72,15089.0,508.0,906.9,0.47,0.791
MUM_000790,Jogeshwari / JVLR,19.142021,72.860131,0.1872,10.89,1.45,0.4,2092.8,0.2,15505.8,167.2,1353.6,0.324,0.744
MUM_000791,Jogeshwari / JVLR,19.146536,72.860073,0.0916,19.32,3.78,0.4,2569.2,0.2,4802.3,94.5,2611.2,0.113,0.734
MUM_000792,Jogeshwari / JVLR,19.151052,72.860014,0.2116,18.85,3.88,0.4,2520.0,0.2,4540.0,199.9,2553.6,0.119,0.761
MUM_000793,Jogeshwari / JVLR,19.155568,72.859956,0.25,11.8,2.83,0.4,2483.0,0.2,4230.0,380.5,2506.8,0.124,0.703
MUM_000794,Goregaon West,19.160083,72.859898,0.25,7.78,2.03,0.4,2507.5,0.2,3881.0,718.2,2049.8,0.181,0.813
MUM_000795,Goregaon West,19.164599,72.85984,0.25,15.55,1.56,0.4,2030.6,0.2,3532.0,1114.5,1594.5,0.265,0.756
MUM_000796,Goregaon West,19.169114,72.859781,0.25,8.27,2.14,0.4,1546.6,0.92,3183.1,1510.8,1176.1,0.375,0.795
MUM_000797,Goregaon West,19.17363,72.859723,0.25,10.09,1.66,0.4,1077.2,1.7,2847.8,1907.1,850.7,0.492,0.783
MUM_000798,Malad West,19.178146,72.859665,0.25,20.23,2.93,0.4,654.9,2.41,2549.9,2303.4,751.2,0.535,0.725
MUM_000799,Malad West,19.182661,72.859606,0.25,13.3,2.95,0.4,444.3,2.76,2254.6,2699.7,951.3,0.453,0.838
MUM_000800,Malad West,19.187177,72.859548,0.25,19.81,2.7,0.4,682.6,2.36,1959.3,3096.0,1321.2,0.333,0.733
MUM_000801,Malad West,19.191692,72.859489,0.25,17.42,2.75,0.4,1111.1,1.65,1664.0,3492.3,1535.7,0.278,0.707
MUM_000802,Malad West,19.196208,72.859431,0.25,14.23,2.15,0.4,1368.8,1.22,1368.8,3888.6,1043.3,0.419,0.721
MUM_000803,Kandivali West,19.200723,72.859373,0.25,9.95,2.75,0.4,1073.5,1.71,1073.5,4284.9,564.2,0.625,0.8
MUM_000804,Kandivali West,19.205239,72.859314,0.25,10.28,1.83,0.4,778.2,2.2,778.2,4681.2,219.6,0.833,0.705
MUM_000805,Kandivali West,19.209755,72.859256,0.25,7.94,2.5,0.4,483.0,2.69,483.0,4864.5,527.4,0.644,0.772
MUM_000806,Kandivali West,19.21427,72.859197,0.25,17.03,3.08,0.4,187.7,3.19,187.7,4940.9,1004.0,0.433,0.791
MUM_000807,Kandivali West,19.218786,72.859139,0.25,8.68,3.69,0.4,107.5,3.32,107.5,5028.2,1320.1,0.333,0.764
MUM_000808,Kandivali West,19.223301,72.85908,0.25,18.13,1.61,0.4,402.7,2.83,402.7,5115.5,1639.0,0.255,0.759
MUM_000809,Borivali / Dahisar Subway,19.227817,72.859022,0.25,11.2,3.67,0.4,697.9,2.34,697.9,5202.7,2032.2,0.184,0.741
MUM_000810,Borivali / Dahisar Subway,19.232332,72.858963,0.25,17.2,3.49,0.4,993.2,1.84,993.2,5290.0,2464.5,0.128,0.815
MUM_000811,Borivali / Dahisar Subway,19.236848,72.858905,0.25,18.9,2.35,0.4,1253.1,1.41,1253.1,5377.3,2726.0,0.103,0.729
MUM_000812,Borivali / Dahisar Subway,19.241364,72.858846,0.25,19.35,1.69,0.4,1473.2,1.04,1473.2,5464.5,2727.5,0.103,0.746
MUM_000813,Borivali / Dahisar Subway,19.245879,72.858788,0.25,8.71,3.75,0.4,1693.3,0.68,1693.3,5551.8,2543.6,0.12,0.725
MUM_000814,Borivali / Dahisar Subway,19.250395,72.858729,0.25,21.14,2.39,0.4,1913.4,0.31,1913.4,5639.1,2449.6,0.13,0.736
MUM_000815,Borivali / Dahisar Subway,19.25491,72.85867,0.25,18.8,3.12,0.4,2133.5,0.2,2133.5,5726.3,2453.1,0.129,0.786
MUM_000816,Borivali / Dahisar Subway,19.259426,72.858612,0.25,15.12,2.59,0.4,2356.0,0.2,2356.0,5734.3,2284.3,0.149,0.771
MUM_000817,Borivali / Dahisar Subway,19.263941,72.858553,0.25,13.05,3.48,0.4,2621.8,0.2,2621.8,5680.8,2217.8,0.158,0.739
MUM_000818,Borivali / Dahisar Subway,19.26801,72.858858,0.25,21.68,1.79,0.4,2894.5,0.2,2894.5,5627.3,2262.5,0.152,0.743
MUM_000819,Mumbai Central,,,0.25,19.79,2.14,0.4,2596.6,0.2,3167.2,5573.7,2412.3,0.134,0.794
MUM_000820,Mumbai Central,,,0.25,15.86,2.12,0.4,2151.3,0.2,3439.9,5520.2,2649.5,0.11,0.757
MUM_000821,Dadar East / Hindmata,19.002579,72.865295,0.25,4.78,1.07,0.92,1705.9,0.66,3712.6,5466.7,2953.0,0.085,0.934
MUM_000822,Dadar East / Hindmata,19.006796,72.866296,0.25,4.06,0.42,0.92,1260.6,1.4,3985.3,5413.1,3304.6,0.064,0.851
MUM_000823,Dadar East / Hindmata,19.011122,72.86656,0.25,4.76,0.64,0.92,815.3,2.14,4258.0,5359.6,3690.7,0.046,0.851
MUM_000824,Sion / King's Circle,19.015638,72.866502,0.25,5.58,1.13,0.85,370.0,2.88,4530.7,5306.1,4101.4,0.033,0.86
MUM_000825,Sion / King's Circle,19.020153,72.866445,0.25,5.84,0.51,0.85,75.5,3.37,4803.4,5228.6,4530.1,0.023,0.883
MUM_000826,Sion / King's Circle,19.024669,72.866387,0.25,3.63,1.23,0.85,570.1,2.55,5076.7,5129.1,4972.2,0.016,0.858
MUM_000827,Sion / King's Circle,19.029185,72.866329,0.25,4.26,0.86,0.85,1069.8,1.72,5371.9,5029.6,5424.3,0.011,0.823
MUM_000828,Sion / King's Circle,19.0337,72.866272,0.25,3.51,0.95,0.85,1569.6,0.88,5695.8,4930.1,5884.1,0.007,0.92
MUM_000829,Sion / King's Circle,19.038216,72.866214,0.25,5.2,0.78,0.85,2069.6,0.2,6043.7,4830.7,6350.1,0.005,0.913
MUM_000830,Sion / King's Circle,19.042732,72.866156,0.25,4.73,1.42,0.85,2569.5,0.2,6411.8,4731.2,6820.9,0.003,0.912
MUM_000831,Sion / King's Circle,19.047248,72.866098,0.25,5.67,0.83,0.85,3069.5,0.2,6796.7,4631.7,7295.5,0.002,0.851
MUM_000832,Bandra Kurla Complex (BKC),19.051763,72.866041,0.25,5.55,1.47,0.85,2686.8,0.2,7195.8,4532.2,7608.6,0.002,0.897
MUM_000833,Bandra Kurla Complex (BKC),19.056279,72.865983,0.25,3.7,0.7,0.85,2201.8,0.2,7606.8,4432.7,7109.4,0.003,0.828
MUM_000834,Bandra Kurla Complex (BKC),19.060795,72.865925,0.25,5.5,1.41,0.85,1716.7,0.64,8028.0,4333.3,6610.3,0.004,0.91
MUM_000835,Bandra Kurla Complex (BKC),19.06531,72.865867,0.25,5.67,1.3,0.85,1231.6,1.45,8457.7,4209.8,6111.3,0.006,0.884
MUM_000836,Bandra Kurla Complex (BKC),19.069826,72.865809,0.25,5.3,0.5,0.85,746.6,2.26,8894.8,4026.4,5612.5,0.009,0.854
MUM_000837,Bandra Kurla Complex (BKC),19.074341,72.865752,0.25,4.47,0.57,0.85,261.5,3.06,9338.2,3843.0,5114.0,0.014,0.842
MUM_000838,Bandra Kurla Complex (BKC),19.078857,72.865694,0.25,4.06,1.24,0.85,223.5,3.13,9787.1,3659.6,4615.8,0.021,0.87
MUM_000839,Kurla West / LBS Marg,19.083373,72.865636,0.25,5.05,0.7,0.85,708.6,2.32,10240.7,3476.2,4118.1,0.032,0.87
MUM_000840,Kurla West / LBS Marg,19.087888,72.865578,0.25,5.42,0.99,0.85,1193.7,1.51,10698.4,3292.8,3620.9,0.049,0.855
MUM_000841,Kurla West / LBS Marg,19.092404,72.86552,0.25,5.76,0.75,0.85,1678.7,0.7,11159.7,3109.4,3124.7,0.074,0.838
MUM_000842,Saki Naka / Andheri East,19.09692,72.865462,0.25,21.33,3.04,0.4,1851.5,0.41,11624.3,2926.0,2629.8,0.112,0.741
MUM_000843,Saki Naka / Andheri East,19.101435,72.865404,0.25,7.78,3.46,0.4,1366.4,1.22,12091.7,2742.6,2137.4,0.168,0.82
MUM_000844,Saki Naka / Andheri East,19.105951,72.865346,0.25,15.01,3.57,0.4,881.3,2.03,12561.6,2559.2,1649.6,0.253,0.722
MUM_000845,Andheri Subway / West,19.110467,72.865288,0.25,3.8,0.7,0.92,396.3,2.84,13033.7,2375.8,1172.1,0.377,0.933
MUM_000846,Andheri Subway / West,19.114982,72.86523,0.25,3.32,0.52,0.92,88.8,3.35,13507.9,2013.4,725.5,0.546,0.888
MUM_000847,Andheri Subway / West,19.119498,72.865172,0.25,4.79,0.79,0.92,573.9,2.54,13983.8,1610.1,422.9,0.703,0.95
MUM_000848,Jogeshwari / JVLR,19.124014,72.865114,0.25,16.15,1.65,0.4,1063.7,1.73,14461.4,1206.9,575.7,0.619,0.815
MUM_000849,Jogeshwari / JVLR,19.128529,72.865056,0.25,8.61,1.27,0.4,1557.2,0.9,14940.4,803.6,992.0,0.438,0.781
MUM_000850,Jogeshwari / JVLR,19.133045,72.864998,0.25,17.26,2.1,0.4,2050.6,0.2,15420.8,400.3,1461.7,0.296,0.8
MUM_000851,Jogeshwari / JVLR,19.13756,72.86494,0.1232,8.95,3.67,0.4,2431.4,0.2,15785.6,117.7,1859.8,0.212,0.827
MUM_000852,Jogeshwari / JVLR,19.142076,72.864882,0.1409,9.63,2.46,0.4,2915.8,0.2,4485.7,120.2,2611.2,0.113,0.702
MUM_000853,Jogeshwari / JVLR,19.146592,72.864824,0.25,14.04,2.23,0.4,2654.9,0.2,4239.1,413.3,2279.8,0.15,0.793
MUM_000854,Jogeshwari / JVLR,19.151107,72.864766,0.25,20.0,1.77,0.4,2194.8,0.2,3890.1,809.6,1881.0,0.209,0.831
MUM_000855,Jogeshwari / JVLR,19.155623,72.864708,0.25,16.35,1.93,0.4,1756.6,0.57,3551.4,1205.9,1542.4,0.277,0.714
MUM_000856,Goregaon West,19.160139,72.86465,0.25,18.66,3.54,0.4,1361.7,1.23,3248.7,1602.2,1311.3,0.335,0.816
MUM_000857,Goregaon West,19.164654,72.864592,0.25,11.95,3.99,0.4,1059.6,1.73,2953.4,1998.5,1249.0,0.353,0.783
MUM_000858,Goregaon West,19.16917,72.864533,0.25,12.06,3.17,0.4,944.1,1.93,2658.1,2394.8,1378.7,0.317,0.814
MUM_000859,Goregaon West,19.173685,72.864475,0.25,17.7,2.42,0.4,1077.0,1.71,2362.8,2791.1,1436.2,0.302,0.792
MUM_000860,Malad West,19.178201,72.864417,0.25,17.3,1.2,0.4,1388.7,1.19,2067.5,3187.4,1137.4,0.388,0.808
MUM_000861,Malad West,19.182717,72.864359,0.25,15.33,2.35,0.4,1772.3,0.55,1772.3,3583.7,1012.3,0.43,0.758
MUM_000862,Malad West,19.187232,72.8643,0.25,13.82,3.69,0.4,1477.0,1.04,1477.0,3980.0,591.3,0.611,0.761
MUM_000863,Malad West,19.191748,72.864242,0.25,18.16,3.14,0.4,1181.7,1.53,1181.7,4376.3,282.0,0.791,0.716
MUM_000864,Malad West,19.196263,72.864184,0.25,8.91,3.4,0.4,886.5,2.02,886.5,4772.6,556.3,0.629,0.824
MUM_000865,Malad West,19.200779,72.864126,0.25,14.28,1.99,0.4,591.3,2.51,591.3,5168.9,652.5,0.581,0.809
MUM_000866,Kandivali West,19.205294,72.864067,0.25,7.22,3.52,0.4,296.1,3.01,296.1,5520.1,932.5,0.46,0.818
MUM_000867,Kandivali West,19.20981,72.864009,0.25,10.67,3.14,0.4,0.8,3.5,0.8,5607.8,1346.5,0.326,0.741
MUM_000868,Kandivali West,19.214326,72.863951,0.25,20.81,1.73,0.4,294.4,3.01,294.4,5695.1,1804.7,0.222,0.761
MUM_000869,Kandivali West,19.218841,72.863892,0.25,7.84,3.88,0.4,584.1,2.53,584.1,5782.3,2280.5,0.15,0.767
MUM_000870,Kandivali West,19.223357,72.863834,0.25,16.85,2.32,0.4,804.2,2.16,804.2,5869.6,2592.1,0.115,0.709
MUM_000871,Borivali / Dahisar Subway,19.227872,72.863776,0.25,18.06,1.41,0.4,1024.3,1.79,1024.3,5956.9,2291.2,0.148,0.799
MUM_000872,Borivali / Dahisar Subway,19.232388,72.863717,0.25,17.0,1.2,0.4,1244.4,1.43,1244.4,6044.1,2068.8,0.178,0.745
MUM_000873,Borivali / Dahisar Subway,19.236904,72.863659,0.25,18.26,2.42,0.4,1464.5,1.06,1464.5,6131.4,1952.1,0.197,0.784
MUM_000874,Borivali / Dahisar Subway,19.241419,72.8636,0.25,10.67,2.81,0.4,1684.6,0.69,1684.6,6218.6,1959.9,0.195,0.711
MUM_000875,Borivali / Dahisar Subway,19.245935,72.863542,0.25,14.69,2.39,0.4,1930.0,0.28,1930.0,6231.5,2090.9,0.175,0.76
MUM_000876,Borivali / Dahisar Subway,19.25045,72.863483,0.25,11.74,3.79,0.4,2202.7,0.2,2202.7,6177.9,2324.3,0.144,0.826
MUM_000877,Borivali / Dahisar Subway,19.254966,72.863425,0.25,14.42,3.29,0.4,2475.4,0.2,2475.4,6124.4,2633.0,0.111,0.791
MUM_000878,Borivali / Dahisar Subway,19.259481,72.863366,0.25,21.83,1.73,0.4,2748.1,0.2,2748.1,6070.9,2878.7,0.091,0.819
MUM_000879,Borivali / Dahisar Subway,19.263997,72.863308,0.25,15.81,3.25,0.4,2378.6,0.2,3020.8,6017.3,3080.1,0.077,0.724
MUM_000880,Borivali / Dahisar Subway,19.268512,72.863249,0.25,19.23,3.12,0.4,1933.3,0.28,3293.5,5963.8,3344.8,0.062,0.716
MUM_000881,Borivali / Dahisar Subway,19.272095,72.863792,0.25,21.98,2.22,0.4,1488.0,1.02,3566.2,5910.3,3658.9,0.047,0.709
MUM_000882,Mumbai Central,,,0.25,17.35,1.52,0.4,1042.6,1.76,3838.9,5856.7,4011.0,0.035,0.763
MUM_000883,Sion / King's Circle,19.011899,72.870688,0.25,4.6,0.93,0.85,637.5,2.44,4111.6,5803.2,4391.9,0.026,0.915
MUM_000884,Sion / King's Circle,19.015693,72.87125,0.25,5.4,1.07,0.85,475.2,2.71,4384.3,5718.6,4794.7,0.018,0.833
MUM_000885,Sion / King's Circle,19.020208,72.871192,0.25,4.52,0.81,0.85,738.3,2.27,4670.2,5619.1,5214.4,0.013,0.864
MUM_000886,Sion / King's Circle,19.024724,72.871135,0.25,4.39,1.23,0.85,1168.1,1.55,4989.5,5519.6,5647.1,0.009,0.877
MUM_000887,Sion / King's Circle,19.02924,72.871077,0.25,5.34,0.88,0.85,1638.2,0.77,5336.7,5420.1,6090.2,0.006,0.824
MUM_000888,Sion / King's Circle,19.033755,72.87102,0.25,5.86,0.54,0.85,2122.1,0.2,5706.5,5320.7,6541.5,0.004,0.82
MUM_000889,Sion / King's Circle,19.038271,72.870962,0.25,4.53,0.62,0.85,2612.0,0.2,6095.0,5221.2,6999.4,0.003,0.891
MUM_000890,Sion / King's Circle,19.042787,72.870905,0.25,3.93,1.39,0.85,3105.1,0.2,6498.7,5121.7,7462.7,0.002,0.916
MUM_000891,Sion / King's Circle,19.047302,72.870847,0.25,3.87,0.71,0.85,2808.1,0.2,6915.0,5022.2,7651.9,0.002,0.861
MUM_000892,Bandra Kurla Complex (BKC),19.051818,72.870789,0.25,3.82,0.55,0.85,2323.1,0.2,7341.8,4922.7,7155.7,0.003,0.913
MUM_000893,Bandra Kurla Complex (BKC),19.056334,72.870732,0.25,4.6,0.74,0.85,1838.0,0.44,7777.3,4823.3,6660.1,0.004,0.836
MUM_000894,Bandra Kurla Complex (BKC),19.060849,72.870674,0.25,4.71,1.26,0.85,1353.0,1.25,8220.2,4674.9,6165.2,0.006,0.868
MUM_000895,Bandra Kurla Complex (BKC),19.065365,72.870616,0.25,5.11,0.96,0.85,867.9,2.05,8669.2,4491.5,5671.2,0.009,0.91
MUM_000896,Bandra Kurla Complex (BKC),19.069881,72.870559,0.25,5.53,1.16,0.85,382.8,2.86,9123.6,4308.1,5178.3,0.013,0.884
MUM_000897,Kurla West / LBS Marg,19.074396,72.870501,0.25,4.22,1.07,0.85,102.2,3.33,9582.5,4124.7,4686.9,0.02,0.853
MUM_000898,Kurla West / LBS Marg,19.078912,72.870443,0.25,3.85,0.57,0.85,587.3,2.52,10045.4,3941.3,4197.6,0.03,0.891
MUM_000899,Kurla West / LBS Marg,19.083428,72.870386,0.25,4.75,1.19,0.85,1072.4,1.71,10511.6,3758.0,3711.1,0.045,0.881
MUM_000900,Kurla West / LBS Marg,19.087943,72.870328,0.25,5.33,1.32,0.85,1557.4,0.9,10980.8,3574.6,3228.8,0.068,0.849
MUM_000901,Kurla West / LBS Marg,19.092459,72.87027,0.25,4.94,1.12,0.85,1972.8,0.21,11452.6,3391.2,2752.7,0.101,0.847
MUM_000902,Saki Naka / Andheri East,19.096975,72.870212,0.25,18.34,2.76,0.4,1484.2,1.03,11926.7,3207.8,2287.0,0.149,0.72
MUM_000903,Saki Naka / Andheri East,19.10149,72.870154,0.25,7.47,3.15,0.4,990.7,1.85,12402.9,3024.4,1839.2,0.216,0.812
MUM_000904,Saki Naka / Andheri East,19.106006,72.870097,0.25,7.46,1.64,0.4,497.2,2.67,12880.9,2712.2,1426.6,0.305,0.808
MUM_000905,Saki Naka / Andheri East,19.110522,72.870039,0.25,12.77,3.16,0.4,3.7,3.49,13360.4,2309.0,1089.9,0.403,0.776
MUM_000906,Saki Naka / Andheri East,19.115037,72.869981,0.25,9.89,1.24,0.4,489.8,2.68,13841.4,1905.7,916.7,0.466,0.797
MUM_000907,Saki Naka / Andheri East,19.119553,72.869923,0.25,13.77,3.09,0.4,983.3,1.86,14323.7,1502.5,996.5,0.436,0.774
MUM_000908,Jogeshwari / JVLR,19.124069,72.869865,0.25,9.0,1.71,0.4,1476.8,1.04,14807.2,1099.2,1282.8,0.343,0.72
MUM_000909,Jogeshwari / JVLR,19.128584,72.869807,0.25,8.65,1.93,0.4,1970.2,0.22,15291.8,696.0,1672.8,0.248,0.726
MUM_000910,Jogeshwari / JVLR,19.1331,72.869749,0.2466,18.94,2.05,0.4,2460.2,0.2,15773.6,297.0,2108.2,0.173,0.739
MUM_000911,Jogeshwari / JVLR,19.137616,72.869691,0.0598,21.5,2.02,0.4,2789.4,0.2,16090.3,79.6,2474.4,0.127,0.811
MUM_000912,Jogeshwari / JVLR,19.142131,72.869633,0.1894,21.62,1.9,0.4,2811.0,0.2,4537.0,169.1,2526.7,0.122,0.795
MUM_000913,Jogeshwari / JVLR,19.146647,72.869576,0.25,20.27,2.4,0.4,2451.8,0.2,4256.2,504.8,2243.7,0.154,0.741
MUM_000914,Jogeshwari / JVLR,19.151162,72.869518,0.25,10.27,3.59,0.4,2068.7,0.2,3947.4,901.1,1968.4,0.194,0.788
MUM_000915,Jogeshwari / JVLR,19.155678,72.86946,0.25,8.08,3.02,0.4,1745.9,0.59,3652.2,1297.4,1793.1,0.224,0.773
MUM_000916,Jogeshwari / JVLR,19.160194,72.869402,0.25,21.65,3.23,0.4,1522.1,0.96,3356.9,1693.7,1748.1,0.233,0.788
MUM_000917,Goregaon West,19.164709,72.869343,0.25,8.47,2.08,0.4,1444.1,1.09,3061.6,2090.0,1603.0,0.263,0.78
MUM_000918,Goregaon West,19.169225,72.869285,0.25,13.13,3.8,0.4,1534.2,0.94,2766.3,2486.3,1140.4,0.387,0.751
MUM_000919,Goregaon West,19.173741,72.869227,0.25,17.08,1.78,0.4,1767.0,0.56,2471.0,2882.6,729.1,0.545,0.704
MUM_000920,Goregaon West,19.178256,72.869169,0.25,8.07,2.05,0.4,2095.4,0.2,2175.8,3278.9,512.5,0.652,0.772
MUM_000921,Malad West,19.182772,72.869111,0.25,10.73,2.05,0.4,1880.5,0.37,1880.5,3675.2,702.6,0.557,0.749
MUM_000922,Malad West,19.187287,72.869053,0.25,8.0,3.23,0.4,1585.3,0.86,1585.3,4071.5,781.6,0.521,0.798
MUM_000923,Malad West,19.191803,72.868995,0.25,9.19,2.48,0.4,1290.0,1.35,1290.0,4467.8,330.2,0.759,0.736
MUM_000924,Malad West,19.196319,72.868937,0.25,11.63,3.07,0.4,994.8,1.84,994.8,4832.8,229.5,0.826,0.709
MUM_000925,Malad West,19.200834,72.868879,0.25,21.37,3.54,0.4,699.6,2.33,699.6,5093.3,704.5,0.556,0.791
MUM_000926,Kandivali West,19.20535,72.86882,0.25,13.02,1.81,0.4,404.4,2.83,404.4,5353.8,1200.0,0.368,0.715
MUM_000927,Kandivali West,19.209865,72.868762,0.25,11.26,2.67,0.4,109.1,3.32,109.1,5614.4,1698.1,0.243,0.782
MUM_000928,Kandivali West,19.214381,72.868704,0.25,7.02,3.88,0.4,135.1,3.27,135.1,5874.9,2197.1,0.16,0.828
MUM_000929,Kandivali West,19.218897,72.868646,0.25,11.36,1.73,0.4,355.2,2.91,355.2,6135.4,2242.6,0.154,0.77
MUM_000930,Borivali / Dahisar Subway,19.223412,72.868588,0.25,12.06,1.3,0.4,575.3,2.54,575.3,6395.9,1886.7,0.208,0.818
MUM_000931,Borivali / Dahisar Subway,19.227928,72.868529,0.25,16.03,1.39,0.4,795.4,2.17,795.4,6536.4,1609.4,0.262,0.731
MUM_000932,Borivali / Dahisar Subway,19.232443,72.868471,0.25,12.39,3.49,0.4,1015.5,1.81,1015.5,6623.7,1456.3,0.297,0.757
MUM_000933,Borivali / Dahisar Subway,19.236959,72.868413,0.25,21.14,2.79,0.4,1239.4,1.43,1239.4,6711.0,1466.8,0.295,0.745
MUM_000934,Borivali / Dahisar Subway,19.241475,72.868354,0.25,19.81,3.14,0.4,1510.9,0.98,1510.9,6728.6,1637.7,0.255,0.736
MUM_000935,Borivali / Dahisar Subway,19.24599,72.868296,0.25,16.15,1.73,0.4,1783.6,0.53,1783.6,6675.1,1926.8,0.201,0.754
MUM_000936,Borivali / Dahisar Subway,19.250506,72.868238,0.25,7.93,3.41,0.4,2056.3,0.2,2056.3,6621.5,2289.8,0.148,0.738
MUM_000937,Borivali / Dahisar Subway,19.255021,72.868179,0.25,16.06,1.79,0.4,2329.0,0.2,2329.0,6568.0,2697.0,0.106,0.796
MUM_000938,Borivali / Dahisar Subway,19.259537,72.868121,0.25,15.49,3.83,0.4,2601.7,0.2,2601.7,6514.5,3131.2,0.074,0.718
MUM_000939,Borivali / Dahisar Subway,19.264052,72.868063,0.25,9.91,1.56,0.4,2160.6,0.2,2874.4,6460.9,3582.6,0.051,0.789
MUM_000940,Borivali / Dahisar Subway,19.268568,72.868004,0.25,20.19,1.77,0.4,1728.6,0.62,3147.1,6407.4,4044.1,0.034,0.744
MUM_000941,Borivali / Dahisar Subway,19.273056,72.867975,0.25,19.06,3.56,0.4,1344.3,1.26,3419.8,6353.8,4365.3,0.026,0.771
MUM_000942,Borivali / Dahisar Subway,19.276246,72.869002,0.25,12.86,1.65,0.4,1061.4,1.73,3692.5,6300.3,4717.6,0.02,0.799
MUM_000943,Mumbai Central,,,0.25,9.08,1.22,0.4,972.6,1.88,3970.5,6208.6,5094.7,0.014,0.805
MUM_000944,Sion / King's Circle,19.016172,72.875634,0.25,3.74,1.26,0.85,1124.8,1.63,4283.6,6109.1,5491.5,0.01,0.883
MUM_000945,Sion / King's Circle,19.020263,72.87594,0.25,5.6,0.69,0.85,1443.8,1.09,4629.7,6009.6,5904.0,0.007,0.886
MUM_000946,Sion / King's Circle,19.024779,72.875883,0.25,5.48,1.29,0.85,1845.0,0.42,5001.8,5910.2,6329.1,0.005,0.831
MUM_000947,Sion / King's Circle,19.029294,72.875825,0.25,3.94,0.89,0.85,2285.4,0.2,5394.7,5810.7,6764.5,0.004,0.826
MUM_000948,Sion / King's Circle,19.03381,72.875768,0.25,4.65,0.94,0.85,2746.4,0.2,5804.1,5711.2,7208.2,0.002,0.912
MUM_000949,Sion / King's Circle,19.038326,72.875711,0.25,5.64,1.36,0.85,3219.0,0.2,6226.7,5611.7,7658.9,0.002,0.837
MUM_000950,Sion / King's Circle,19.042841,72.875653,0.25,6.0,0.87,0.85,2929.4,0.2,6660.0,5512.2,7727.5,0.002,0.851
MUM_000951,Bandra Kurla Complex (BKC),19.047357,72.875596,0.25,4.3,1.23,0.85,2444.4,0.2,7102.2,5412.7,7236.4,0.002,0.881
MUM_000952,Bandra Kurla Complex (BKC),19.051873,72.875538,0.25,3.55,1.48,0.85,1959.3,0.23,7551.5,5313.3,6746.8,0.004,0.865
MUM_000953,Bandra Kurla Complex (BKC),19.056388,72.875481,0.25,3.74,0.87,0.85,1474.3,1.04,8006.9,5140.1,6258.7,0.005,0.834
MUM_000954,Bandra Kurla Complex (BKC),19.060904,72.875423,0.25,5.39,0.74,0.85,989.2,1.85,8467.2,4956.7,5772.7,0.008,0.853
MUM_000955,Kurla West / LBS Marg,19.06542,72.875366,0.25,4.93,0.58,0.85,504.1,2.66,8931.9,4773.3,5289.3,0.012,0.852
MUM_000956,Kurla West / LBS Marg,19.069936,72.875308,0.25,6.13,0.71,0.85,19.1,3.47,9400.2,4589.9,4809.3,0.018,0.9
MUM_000957,Kurla West / LBS Marg,19.074451,72.87525,0.25,4.33,1.15,0.85,466.0,2.72,9871.6,4406.5,4333.8,0.027,0.888
MUM_000958,Kurla West / LBS Marg,19.078967,72.875193,0.25,5.28,0.94,0.85,953.6,1.91,10345.6,4223.1,3864.5,0.04,0.86
MUM_000959,Kurla West / LBS Marg,19.083483,72.875135,0.25,5.5,0.59,0.85,1448.8,1.09,10822.0,4039.7,3403.9,0.059,0.885
MUM_000960,Kurla West / LBS Marg,19.087998,72.875078,0.25,4.22,0.96,0.85,1946.4,0.26,11300.5,3856.3,2956.2,0.085,0.874
MUM_000961,Saki Naka / Andheri East,19.092514,72.87502,0.25,18.13,1.81,0.4,1564.6,0.89,11780.7,3672.9,2528.2,0.122,0.796
MUM_000962,Saki Naka / Andheri East,19.09703,72.874962,0.25,7.76,3.92,0.4,1071.1,1.71,12262.5,3411.1,2131.7,0.169,0.796
MUM_000963,Saki Naka / Andheri East,19.101545,72.874905,0.25,12.63,2.84,0.4,577.6,2.54,12745.8,3007.8,1788.0,0.225,0.818
MUM_000964,Saki Naka / Andheri East,19.106061,72.874847,0.25,18.31,2.36,0.4,84.1,3.36,13230.2,2604.6,1532.8,0.279,0.739
MUM_000965,Saki Naka / Andheri East,19.110577,72.874789,0.25,12.96,2.61,0.4,409.4,2.82,13715.8,2201.3,1414.9,0.308,0.833
MUM_000966,Saki Naka / Andheri East,19.115092,72.874732,0.25,13.49,3.37,0.4,902.9,2.0,14202.4,1798.1,1467.8,0.294,0.836
MUM_000967,Saki Naka / Andheri East,19.119608,72.874674,0.25,13.9,1.48,0.4,1396.3,1.17,14689.9,1394.8,1675.4,0.248,0.791
MUM_000968,Saki Naka / Andheri East,19.124124,72.874616,0.25,19.78,1.26,0.4,1889.8,0.35,15178.2,991.6,1989.9,0.19,0.826
MUM_000969,Jogeshwari / JVLR,19.128639,72.874558,0.25,15.52,1.68,0.4,2383.3,0.2,15667.2,588.3,2369.0,0.139,0.774
MUM_000970,Jogeshwari / JVLR,19.133155,72.8745,0.2217,20.75,1.58,0.4,2850.6,0.2,16130.1,215.7,2776.8,0.099,0.811
MUM_000971,Jogeshwari / JVLR,19.137671,72.874443,0.2265,7.66,2.83,0.4,2749.8,0.2,4620.9,225.8,2626.4,0.112,0.832
MUM_000972,Jogeshwari / JVLR,19.142186,72.874385,0.25,19.24,2.31,0.4,2444.1,0.2,4350.9,596.2,2422.9,0.133,0.82
MUM_000973,Jogeshwari / JVLR,19.146702,72.874327,0.25,14.25,1.73,0.4,2177.7,0.2,4055.7,992.5,2282.8,0.149,0.809
MUM_000974,Jogeshwari / JVLR,19.151218,72.874269,0.25,20.18,1.37,0.4,2002.7,0.2,3760.4,1388.8,2019.0,0.186,0.755
MUM_000975,Jogeshwari / JVLR,19.155733,72.874211,0.25,16.37,2.09,0.4,1944.0,0.26,3465.1,1785.1,1519.0,0.282,0.783
MUM_000976,Jogeshwari / JVLR,19.160249,72.874153,0.25,10.67,3.12,0.4,2011.9,0.2,3169.8,2181.4,1019.0,0.428,0.809
MUM_000977,Goregaon West,19.164764,72.874095,0.25,7.97,2.34,0.4,2194.6,0.2,2874.5,2577.7,519.1,0.649,0.813
MUM_000978,Goregaon West,19.16928,72.874038,0.25,15.92,1.24,0.4,2466.7,0.2,2579.3,2974.0,22.5,0.981,0.717
MUM_000979,Goregaon West,19.173796,72.87398,0.25,14.51,2.09,0.4,2284.0,0.2,2284.0,3370.3,481.2,0.67,0.737
MUM_000980,Goregaon West,19.178311,72.873922,0.25,8.01,3.81,0.4,1988.8,0.2,1988.8,3766.6,890.1,0.476,0.817
MUM_000981,Malad West,19.182827,72.873864,0.25,18.55,2.13,0.4,1693.6,0.68,1693.6,4145.5,485.7,0.667,0.789
MUM_000982,Malad West,19.187343,72.873806,0.25,18.7,1.76,0.4,1398.4,1.17,1398.4,4406.0,423.7,0.703,0.713
MUM_000983,Malad West,19.191858,72.873748,0.25,11.99,3.92,0.4,1103.1,1.66,1103.1,4666.6,789.4,0.518,0.712
MUM_000984,Malad West,19.196374,72.87369,0.25,7.44,3.25,0.4,807.9,2.15,807.9,4927.1,1251.7,0.352,0.813
MUM_000985,Malad West,19.200889,72.873632,0.25,18.37,2.05,0.4,533.9,2.61,533.9,5187.6,1735.1,0.236,0.809
MUM_000986,Kandivali West,19.205405,72.873574,0.25,19.98,3.41,0.4,313.8,2.98,313.8,5448.1,2225.8,0.156,0.703
MUM_000987,Kandivali West,19.209921,72.873516,0.25,18.17,3.52,0.4,93.7,3.34,93.7,5708.6,1959.4,0.195,0.816
MUM_000988,Kandivali West,19.214436,72.873457,0.25,13.86,3.25,0.4,126.4,3.29,126.4,5969.1,1539.5,0.277,0.838
MUM_000989,Borivali / Dahisar Subway,19.218952,72.873399,0.25,14.93,3.26,0.4,346.5,2.92,346.5,6229.7,1183.5,0.373,0.708
MUM_000990,Borivali / Dahisar Subway,19.223467,72.873341,0.25,9.12,1.37,0.4,566.6,2.56,566.6,6432.2,965.0,0.447,0.807
MUM_000991,Borivali / Dahisar Subway,19.227983,72.873283,0.25,21.13,3.47,0.4,819.1,2.13,819.1,6588.8,980.7,0.442,0.743
MUM_000992,Borivali / Dahisar Subway,19.232499,72.873225,0.25,21.24,2.38,0.4,1091.8,1.68,1091.8,6745.4,1221.6,0.361,0.737
MUM_000993,Borivali / Dahisar Subway,19.237014,72.873167,0.25,18.24,2.75,0.4,1364.5,1.23,1364.5,6902.0,1588.4,0.266,0.721
MUM_000994,Borivali / Dahisar Subway,19.24153,72.873109,0.25,10.44,3.87,0.4,1637.2,0.77,1637.2,7058.6,2013.3,0.187,0.753
MUM_000995,Borivali / Dahisar Subway,19.246045,72.87305,0.25,8.12,3.54,0.4,1909.9,0.32,1909.9,7065.1,2466.6,0.128,0.789
MUM_000996,Borivali / Dahisar Subway,19.250561,72.872992,0.25,11.31,3.48,0.4,2182.6,0.2,2182.6,7011.6,2935.1,0.087,0.832
MUM_000997,Borivali / Dahisar Subway,19.255077,72.872934,0.25,20.11,1.82,0.4,2426.7,0.2,2455.3,6958.0,3412.5,0.058,0.793
MUM_000998,Borivali / Dahisar Subway,19.259592,72.872876,0.25,21.18,1.28,0.4,2051.3,0.2,2728.0,6904.5,3895.6,0.039,0.781
MUM_000999,Borivali / Dahisar Subway,19.264108,72.872818,0.25,17.87,1.38,0.4,1739.9,0.6,3000.7,6851.0,4382.5,0.026,0.719
MUM_001000,Borivali / Dahisar Subway,19.268623,72.872759,0.25,18.49,2.07,0.4,1531.9,0.95,3273.9,6797.4,4872.1,0.017,0.783
MUM_001001,Borivali / Dahisar Subway,19.273139,72.872701,0.25,9.73,3.32,0.4,1471.7,1.05,3578.1,6698.6,5363.5,0.011,0.801
MUM_001002,Borivali / Dahisar Subway,19.277447,72.872837,0.25,7.85,1.72,0.4,1576.5,0.87,3922.7,6599.1,5798.6,0.008,0.817
MUM_001003,Mumbai Central,,,0.25,16.78,3.19,0.4,1817.9,0.47,4297.9,6499.6,6190.7,0.006,0.702
MUM_001004,Mumbai Central,,,0.25,20.25,1.91,0.4,2150.4,0.2,4696.4,6400.2,6597.3,0.004,0.788
MUM_001005,Sion / King's Circle,19.02049,72.880521,0.25,3.6,0.96,0.85,2538.4,0.2,5112.8,6300.7,7016.1,0.003,0.843
MUM_001006,Sion / King's Circle,19.024833,72.880631,0.25,3.59,1.44,0.85,2960.2,0.2,5543.1,6201.2,7444.8,0.002,0.83
MUM_001007,Sion / King's Circle,19.029349,72.880574,0.25,5.41,1.11,0.85,3403.2,0.2,5984.1,6101.7,7882.0,0.001,0.841
MUM_001008,Sion / King's Circle,19.033865,72.880516,0.25,4.37,0.93,0.85,3050.8,0.2,6433.9,6002.2,7834.2,0.001,0.89
MUM_001009,Sion / King's Circle,19.03838,72.880459,0.25,4.91,1.35,0.85,2565.7,0.2,6890.5,5902.8,7350.4,0.002,0.847
MUM_001010,Sion / King's Circle,19.042896,72.880402,0.25,3.77,1.28,0.85,2080.6,0.2,7352.8,5788.6,6868.8,0.003,0.825
MUM_001011,Bandra Kurla Complex (BKC),19.047412,72.880344,0.25,5.53,1.3,0.85,1595.6,0.84,7819.7,5605.2,6390.1,0.005,0.855
MUM_001012,Bandra Kurla Complex (BKC),19.051927,72.880287,0.25,4.84,1.41,0.85,1112.7,1.65,8290.5,5421.8,5914.8,0.007,0.865
MUM_001013,Bandra Kurla Complex (BKC),19.056443,72.88023,0.25,5.44,0.95,0.85,654.0,2.41,8764.5,5238.4,5444.1,0.011,0.881
MUM_001014,Kurla West / LBS Marg,19.060959,72.880172,0.25,5.0,1.21,0.85,342.4,2.93,9241.3,5055.0,4979.0,0.016,0.902
MUM_001015,Kurla West / LBS Marg,19.065475,72.880115,0.25,4.99,1.35,0.85,553.9,2.58,9720.4,4871.7,4521.4,0.023,0.905
MUM_001016,Kurla West / LBS Marg,19.06999,72.880057,0.25,5.42,1.46,0.85,998.2,1.84,10201.5,4688.3,4073.8,0.034,0.872
MUM_001017,Kurla West / LBS Marg,19.074506,72.88,0.25,3.59,0.96,0.85,1478.5,1.04,10684.3,4504.9,3639.8,0.048,0.833
MUM_001018,Kurla West / LBS Marg,19.079022,72.879942,0.25,6.09,1.03,0.85,1968.6,0.22,11168.7,4321.5,3225.0,0.068,0.884
MUM_001019,Kurla West / LBS Marg,19.083537,72.879885,0.25,6.2,1.22,0.85,1645.0,0.76,11654.4,4110.0,2837.8,0.094,0.85
MUM_001020,Kurla West / LBS Marg,19.088053,72.879827,0.25,3.94,1.18,0.85,1151.5,1.58,12141.2,3706.7,2491.1,0.125,0.878
MUM_001021,Saki Naka / Andheri East,19.092569,72.87977,0.25,18.79,3.94,0.4,658.0,2.4,12629.1,3303.4,2204.2,0.159,0.753
MUM_001022,Saki Naka / Andheri East,19.097084,72.879712,0.25,12.07,3.99,0.4,164.5,3.23,13117.8,2900.2,2002.7,0.188,0.729
MUM_001023,Saki Naka / Andheri East,19.1016,72.879655,0.25,16.93,1.47,0.4,329.0,2.95,13607.4,2496.9,1914.0,0.203,0.722
MUM_001024,Saki Naka / Andheri East,19.106116,72.879597,0.25,14.0,3.21,0.4,822.4,2.13,14097.7,2093.7,1953.5,0.196,0.782
MUM_001025,Saki Naka / Andheri East,19.110631,72.87954,0.25,13.09,2.6,0.4,1315.9,1.31,14588.7,1690.4,2113.9,0.172,0.803
MUM_001026,Saki Naka / Andheri East,19.115147,72.879482,0.25,13.15,1.47,0.4,1809.4,0.48,15080.3,1287.2,2370.9,0.139,0.802
MUM_001027,Saki Naka / Andheri East,19.119663,72.879425,0.25,15.14,1.9,0.4,2302.9,0.2,15572.4,883.9,2697.0,0.106,0.764
MUM_001028,Saki Naka / Andheri East,19.124178,72.879367,0.25,14.94,3.05,0.4,2796.4,0.2,16065.0,480.7,3070.2,0.077,0.828
MUM_001029,Saki Naka / Andheri East,19.128694,72.879309,0.1724,20.0,1.24,0.4,3221.8,0.2,16489.9,153.1,3448.4,0.056,0.796
MUM_001030,Jogeshwari / JVLR,19.13321,72.879252,0.0624,20.93,3.87,0.4,2964.3,0.2,4869.7,81.9,2917.4,0.088,0.785
MUM_001031,Jogeshwari / JVLR,19.137725,72.879194,0.2464,18.79,3.04,0.4,2853.4,0.2,4749.9,295.9,2888.3,0.09,0.722
MUM_001032,Jogeshwari / JVLR,19.142241,72.879136,0.25,11.52,2.93,0.4,2633.6,0.2,4459.2,687.6,2565.8,0.118,0.807
MUM_001033,Jogeshwari / JVLR,19.146757,72.879079,0.25,11.46,3.22,0.4,2490.9,0.2,4163.9,1083.9,2077.1,0.177,0.8
MUM_001034,Jogeshwari / JVLR,19.151272,72.879021,0.25,7.72,3.82,0.4,2444.0,0.2,3868.6,1480.2,1595.4,0.265,0.762
MUM_001035,Jogeshwari / JVLR,19.155788,72.878963,0.25,18.94,2.65,0.4,2498.3,0.2,3573.3,1876.5,1129.7,0.39,0.787
MUM_001036,Jogeshwari / JVLR,19.160304,72.878905,0.25,14.63,1.78,0.4,2647.7,0.2,3278.0,2272.8,712.3,0.552,0.801
MUM_001037,Jogeshwari / JVLR,19.164819,72.878848,0.25,10.63,3.63,0.4,2877.3,0.2,2982.8,2669.1,488.2,0.666,0.712
MUM_001038,Goregaon West,19.169335,72.87879,0.25,21.16,2.78,0.4,2687.6,0.2,2687.6,3065.4,685.1,0.565,0.814
MUM_001039,Goregaon West,19.173851,72.878732,0.25,9.64,3.07,0.4,2392.3,0.2,2392.3,3458.2,1095.6,0.401,0.826
MUM_001040,Goregaon West,19.178366,72.878674,0.25,9.88,2.98,0.4,2097.1,0.2,2097.1,3718.8,928.8,0.461,0.739
MUM_001041,Malad West,19.182882,72.878616,0.25,11.9,2.03,0.4,1801.9,0.5,1801.9,3979.3,898.0,0.473,0.726
MUM_001042,Malad West,19.187398,72.878558,0.25,8.9,1.42,0.4,1506.7,0.99,1506.7,4239.8,1118.1,0.394,0.753
MUM_001043,Malad West,19.191913,72.878501,0.25,19.64,3.17,0.4,1212.8,1.48,1212.8,4500.3,1481.1,0.291,0.743
MUM_001044,Malad West,19.196429,72.878443,0.25,7.12,3.04,0.4,982.9,1.86,982.9,4760.8,1907.2,0.204,0.752
MUM_001045,Malad West,19.200945,72.878385,0.25,20.52,1.88,0.4,762.8,2.23,762.8,5021.3,2262.6,0.152,0.751
MUM_001046,Kandivali West,19.20546,72.878327,0.25,12.42,1.64,0.4,542.7,2.6,542.7,5281.9,1774.7,0.228,0.733
MUM_001047,Kandivali West,19.209976,72.878269,0.25,7.55,2.61,0.4,322.6,2.96,322.6,5542.4,1296.3,0.34,0.725
MUM_001048,Kandivali West,19.214491,72.878211,0.25,17.88,2.43,0.4,102.5,3.33,102.5,5800.7,843.1,0.495,0.748
MUM_001049,Borivali / Dahisar Subway,19.219007,72.878153,0.25,10.03,1.7,0.4,127.4,3.29,127.4,5957.3,491.4,0.664,0.729
MUM_001050,Borivali / Dahisar Subway,19.223523,72.878095,0.25,16.85,1.71,0.4,400.0,2.83,400.0,6113.9,521.6,0.647,0.769
MUM_001051,Borivali / Dahisar Subway,19.228038,72.878037,0.25,21.03,3.71,0.4,672.7,2.38,672.7,6270.6,895.9,0.474,0.814
MUM_001052,Borivali / Dahisar Subway,19.232554,72.877979,0.25,10.23,2.96,0.4,945.4,1.92,945.4,6427.2,1354.0,0.324,0.811
MUM_001053,Borivali / Dahisar Subway,19.237069,72.877921,0.25,8.9,2.32,0.4,1218.1,1.47,1218.1,6583.8,1834.1,0.217,0.702
MUM_001054,Borivali / Dahisar Subway,19.241585,72.877863,0.25,12.38,3.97,0.4,1490.8,1.02,1490.8,6740.4,2322.6,0.144,0.731
MUM_001055,Borivali / Dahisar Subway,19.246101,72.877805,0.25,16.77,3.44,0.4,1763.5,0.56,1763.5,6897.0,2815.1,0.096,0.713
MUM_001056,Borivali / Dahisar Subway,19.250616,72.877747,0.25,7.74,3.93,0.4,2036.2,0.2,2036.2,7053.6,3309.9,0.063,0.743
MUM_001057,Borivali / Dahisar Subway,19.255132,72.877689,0.25,8.99,2.81,0.4,2308.9,0.2,2308.9,7210.3,3806.1,0.042,0.805
MUM_001058,Borivali / Dahisar Subway,19.259647,72.877631,0.25,10.53,3.04,0.4,2178.9,0.2,2581.6,7348.1,4303.1,0.028,0.768
MUM_001059,Borivali / Dahisar Subway,19.264163,72.877572,0.25,16.0,3.88,0.4,2016.6,0.2,2873.5,7288.1,4800.8,0.018,0.734
MUM_001060,Borivali / Dahisar Subway,19.268679,72.877514,0.25,7.63,1.42,0.4,1971.3,0.21,3215.8,7188.6,5298.9,0.012,0.763
MUM_001061,Borivali / Dahisar Subway,19.273194,72.877456,0.25,16.65,1.49,0.4,2050.7,0.2,3595.3,7089.1,5797.3,0.008,0.752
MUM_001062,Borivali / Dahisar Subway,19.27771,72.877398,0.25,10.11,3.01,0.4,2241.6,0.2,4001.3,6989.6,6296.0,0.005,0.724
MUM_001063,Borivali / Dahisar Subway,19.281671,72.877761,0.25,16.91,2.19,0.4,2518.8,0.2,4426.6,6890.2,6794.8,0.003,0.793
MUM_001064,Mumbai Central,,,0.25,12.37,2.72,0.4,2857.2,0.2,4866.1,6790.7,7293.3,0.002,0.705
MUM_001065,Sion / King's Circle,19.021684,72.88432,0.25,6.18,0.77,0.85,3237.7,0.2,5316.4,6691.2,7706.7,0.002,0.878
MUM_001066,Sion / King's Circle,19.024917,72.885348,0.25,5.07,0.59,0.85,3647.2,0.2,5774.8,6591.7,8129.8,0.001,0.832
MUM_001067,Sion / King's Circle,19.029403,72.885322,0.25,5.72,0.62,0.85,3172.8,0.2,6239.6,6492.2,7971.0,0.001,0.864
MUM_001068,Sion / King's Circle,19.033919,72.885265,0.25,3.6,1.2,0.85,2693.8,0.2,6709.5,6392.8,7495.9,0.002,0.845
MUM_001069,Sion / King's Circle,19.038435,72.885207,0.25,4.8,0.93,0.85,2224.0,0.2,7183.4,6253.8,7024.4,0.003,0.849
MUM_001070,Chembur East,19.04295,72.88515,0.25,6.82,2.04,0.55,1770.7,0.55,7660.7,6070.4,6557.0,0.004,0.795
MUM_001071,Chembur East,19.047466,72.885093,0.25,9.99,2.7,0.55,1351.0,1.25,8140.7,5887.0,6094.8,0.006,0.856
MUM_001072,Chembur East,19.051982,72.885036,0.25,8.7,1.99,0.55,1007.3,1.82,8623.0,5703.6,5639.1,0.009,0.86
MUM_001073,Chembur East,19.056498,72.884979,0.25,10.88,1.5,0.55,839.2,2.1,9107.1,5520.2,5191.5,0.013,0.807
MUM_001074,Kurla West / LBS Marg,19.061013,72.884921,0.25,4.95,1.25,0.85,945.4,1.92,9592.9,5336.8,4754.4,0.019,0.84
MUM_001075,Kurla West / LBS Marg,19.065529,72.884864,0.25,4.19,0.85,0.85,1258.3,1.4,10080.1,5153.4,4330.9,0.027,0.826
MUM_001076,Kurla West / LBS Marg,19.070045,72.884807,0.25,5.18,0.8,0.85,1665.2,0.72,10568.5,4970.0,3925.5,0.038,0.872
MUM_001077,Kurla West / LBS Marg,19.07456,72.884749,0.25,3.91,0.92,0.85,2112.5,0.2,11057.9,4786.6,3544.3,0.052,0.904
MUM_001078,Kurla West / LBS Marg,19.079076,72.884692,0.25,3.52,1.21,0.85,1725.4,0.62,11548.3,4405.6,3196.1,0.07,0.903
MUM_001079,Kurla West / LBS Marg,19.083592,72.884635,0.25,5.85,1.1,0.85,1231.9,1.45,12039.4,4002.3,2892.6,0.09,0.836
MUM_001080,Kurla West / LBS Marg,19.088108,72.884577,0.25,5.98,0.99,0.85,738.4,2.27,12531.2,3599.1,2649.5,0.11,0.824
MUM_001081,Saki Naka / Andheri East,19.092623,72.88452,0.25,21.75,1.27,0.4,244.9,3.09,13023.7,3195.8,2484.5,0.126,0.781
MUM_001082,Saki Naka / Andheri East,19.097139,72.884462,0.25,16.56,2.67,0.4,248.6,3.09,13516.7,2792.5,2413.5,0.134,0.792
MUM_001083,Saki Naka / Andheri East,19.101655,72.884405,0.25,7.35,1.4,0.4,742.0,2.26,14010.2,2389.3,2444.9,0.13,0.785
MUM_001084,Saki Naka / Andheri East,19.10617,72.884348,0.25,17.74,2.87,0.4,1235.5,1.44,14504.1,1970.0,2574.9,0.117,0.736
MUM_001085,Saki Naka / Andheri East,19.110686,72.88429,0.25,9.5,2.46,0.4,1729.0,0.62,14998.5,1521.6,2789.8,0.098,0.745
MUM_001086,Saki Naka / Andheri East,19.115202,72.884233,0.25,13.39,2.11,0.4,2222.5,0.2,15493.2,1073.2,3071.7,0.077,0.721
MUM_001087,Saki Naka / Andheri East,19.119717,72.884175,0.25,12.17,1.31,0.4,2716.0,0.2,15988.2,624.9,3404.1,0.059,0.825
MUM_001088,Saki Naka / Andheri East,19.124233,72.884118,0.2184,19.69,1.66,0.4,3185.3,0.2,16458.7,209.7,3740.3,0.044,0.705
MUM_001089,Saki Naka / Andheri East,19.128749,72.88406,0.1165,10.87,3.88,0.4,3186.7,0.2,5039.2,113.3,3053.5,0.079,0.745
MUM_001090,Saki Naka / Andheri East,19.133265,72.884003,0.25,20.33,2.74,0.4,3103.2,0.2,4862.7,382.8,2705.7,0.105,0.705
MUM_001091,Jogeshwari / JVLR,19.13778,72.883945,0.25,20.68,2.65,0.4,2983.0,0.2,4567.4,779.1,2247.7,0.154,0.775
MUM_001092,Jogeshwari / JVLR,19.142296,72.883888,0.25,21.09,2.13,0.4,2944.0,0.2,4272.1,1175.4,1811.9,0.221,0.733
MUM_001093,Jogeshwari / JVLR,19.146812,72.88383,0.25,19.59,2.3,0.4,2989.3,0.2,3976.8,1571.7,1419.2,0.306,0.838
MUM_001094,Jogeshwari / JVLR,19.151327,72.883772,0.25,12.34,1.81,0.4,3115.2,0.2,3681.6,1968.0,1115.9,0.395,0.804
MUM_001095,Jogeshwari / JVLR,19.155843,72.883715,0.25,13.4,3.08,0.4,3312.5,0.2,3386.3,2364.3,988.1,0.439,0.789
MUM_001096,Jogeshwari / JVLR,19.160359,72.883657,0.25,18.29,3.88,0.4,3091.1,0.2,3091.1,2760.6,1098.8,0.4,0.788
MUM_001097,Jogeshwari / JVLR,19.164874,72.8836,0.25,21.52,2.46,0.4,2795.9,0.2,2795.9,3031.5,1271.2,0.347,0.834
MUM_001098,Goregaon West,19.16939,72.883542,0.25,10.55,1.74,0.4,2500.7,0.2,2500.7,3292.0,1005.0,0.433,0.802
MUM_001099,Goregaon West,19.173906,72.883484,0.25,12.11,1.76,0.4,2205.4,0.2,2205.4,3552.5,950.9,0.453,0.78
MUM_001100,Goregaon West,19.178421,72.883427,0.25,21.37,3.24,0.4,1910.2,0.32,1910.2,3813.0,1139.4,0.387,0.77
MUM_001101,Malad West,19.182937,72.883369,0.25,15.65,3.94,0.4,1651.9,0.75,1651.9,4073.5,1480.6,0.291,0.814
MUM_001102,Malad West,19.187453,72.883311,0.25,21.68,2.61,0.4,1431.8,1.11,1431.8,4334.1,1893.8,0.206,0.821
MUM_001103,Malad West,19.191968,72.883253,0.25,18.57,2.54,0.4,1211.7,1.48,1211.7,4594.6,2220.2,0.157,0.769
MUM_001104,Malad West,19.196484,72.883196,0.25,12.6,1.92,0.4,991.6,1.85,991.6,4855.1,1720.5,0.238,0.799
MUM_001105,Malad West,19.200999,72.883138,0.25,8.59,1.87,0.4,771.5,2.21,771.5,5115.6,1220.9,0.362,0.748
MUM_001106,Kandivali West,19.205515,72.88308,0.25,12.13,3.11,0.4,551.4,2.58,551.4,5325.9,721.9,0.548,0.766
MUM_001107,Kandivali West,19.210031,72.883022,0.25,11.67,2.74,0.4,291.7,3.01,291.7,5482.5,227.5,0.827,0.809
MUM_001108,Borivali / Dahisar Subway,19.214546,72.882964,0.25,45.71,11.26,0.1,19.0,3.47,19.0,5639.1,287.0,0.787,0.245
MUM_001109,Borivali / Dahisar Subway,19.219062,72.882907,0.25,85.67,15.84,0.1,253.7,3.08,253.7,5795.7,782.9,0.521,0.335
MUM_001110,Borivali / Dahisar Subway,19.223578,72.882849,0.25,103.22,6.88,0.1,526.3,2.62,526.3,5952.3,1282.0,0.344,0.38
MUM_001111,Borivali / Dahisar Subway,19.228093,72.882791,0.25,134.59,7.18,0.1,799.0,2.17,799.0,6109.0,1781.6,0.227,0.42
MUM_001112,Borivali / Dahisar Subway,19.232609,72.882733,0.25,158.44,6.03,0.1,1071.7,1.71,1071.7,6265.6,2281.4,0.149,0.254
MUM_001113,Borivali / Dahisar Subway,19.237125,72.882675,0.25,105.54,11.88,0.1,1344.4,1.26,1344.4,6422.2,2781.2,0.099,0.381
MUM_001114,Borivali / Dahisar Subway,19.24164,72.882617,0.25,153.3,15.26,0.1,1617.1,0.8,1617.1,6578.8,3281.1,0.065,0.206
MUM_001115,Borivali / Dahisar Subway,19.246156,72.882559,0.25,177.54,15.7,0.1,1889.8,0.35,1889.8,6735.4,3781.1,0.043,0.352
MUM_001116,Borivali / Dahisar Subway,19.250671,72.882501,0.25,167.18,9.9,0.1,2170.4,0.2,2170.4,6892.0,4281.0,0.028,0.21
MUM_001117,Borivali / Dahisar Subway,19.255187,72.882443,0.25,46.92,9.4,0.1,2507.4,0.2,2509.0,7048.7,4781.0,0.019,0.217
MUM_001118,Borivali / Dahisar Subway,19.259703,72.882385,0.25,101.04,12.08,0.1,2471.1,0.2,2894.8,7189.6,5280.9,0.012,0.318
MUM_001119,Borivali / Dahisar Subway,19.264218,72.882327,0.25,94.26,14.75,0.1,2534.9,0.2,3311.2,7273.5,5780.9,0.008,0.353
MUM_001120,Borivali / Dahisar Subway,19.268734,72.882269,0.25,144.59,8.99,0.1,2691.6,0.2,3748.2,7357.5,6280.9,0.005,0.283
MUM_001121,Borivali / Dahisar Subway,19.273249,72.882211,0.25,144.13,15.95,0.1,2926.5,0.2,4199.2,7380.2,6780.9,0.004,0.304
MUM_001122,Borivali / Dahisar Subway,19.277765,72.882153,0.25,156.11,6.92,0.1,3222.4,0.2,4660.2,7280.7,7280.8,0.002,0.427
MUM_001123,Borivali / Dahisar Subway,19.282029,72.881919,0.25,113.37,12.6,0.1,3564.1,0.2,5128.6,7181.2,7780.8,0.002,0.438
MUM_001124,Mumbai Central,,,0.25,11.62,1.66,0.4,3803.2,0.2,5602.4,7081.7,8280.8,0.001,0.703
MUM_001125,Sion / King's Circle,19.025901,72.889461,0.25,5.73,0.52,0.85,3339.7,0.2,6080.4,6982.2,8136.2,0.001,0.899
MUM_001126,Sion / King's Circle,19.029458,72.89007,0.25,4.32,0.69,0.85,2888.5,0.2,6561.7,6882.8,7671.4,0.002,0.905
MUM_001127,Chembur East,19.033973,72.890013,0.25,13.6,1.96,0.55,2456.2,0.2,7045.6,6718.9,7211.3,0.002,0.834
MUM_001128,Chembur East,19.038489,72.889956,0.25,13.0,1.98,0.55,2054.9,0.2,7531.6,6535.5,6756.9,0.004,0.845
MUM_001129,Chembur East,19.043005,72.889899,0.25,13.74,2.47,0.55,1706.5,0.66,8019.3,6352.1,6309.4,0.005,0.865
MUM_001130,Chembur East,19.047521,72.889842,0.25,13.62,1.75,0.55,1449.7,1.08,8508.4,6168.7,5870.3,0.008,0.828
MUM_001131,Chembur East,19.052036,72.889785,0.25,11.16,1.38,0.55,1338.4,1.27,8998.8,5985.4,5441.8,0.011,0.838
MUM_001132,Chembur East,19.056552,72.889727,0.25,8.82,2.45,0.55,1407.4,1.15,9490.1,5802.0,5026.5,0.015,0.781
MUM_001133,Chembur East,19.061068,72.88967,0.25,11.07,1.75,0.55,1634.1,0.78,9982.3,5618.6,4628.0,0.021,0.879
MUM_001134,Chembur East,19.065583,72.889613,0.25,11.71,2.01,0.55,1964.7,0.23,10475.3,5335.6,4251.0,0.029,0.875
MUM_001135,Kurla West / LBS Marg,19.070099,72.889556,0.25,3.74,1.03,0.85,2299.3,0.2,10968.9,4887.2,3901.8,0.039,0.862
MUM_001136,Kurla West / LBS Marg,19.074615,72.889499,0.25,3.56,1.18,0.85,1805.8,0.49,11463.0,4438.8,3588.4,0.05,0.902
MUM_001137,Kurla West / LBS Marg,19.079131,72.889442,0.25,4.03,1.12,0.85,1312.3,1.31,11957.6,3990.5,3321.0,0.063,0.832
MUM_001138,Kurla West / LBS Marg,19.083646,72.889384,0.25,5.17,1.41,0.85,818.8,2.14,12452.7,3542.1,3111.5,0.075,0.91
MUM_001139,Kurla West / LBS Marg,19.088162,72.889327,0.25,5.67,0.76,0.85,325.3,2.96,12948.1,3093.8,2972.2,0.084,0.863
MUM_001140,Saki Naka / Andheri East,19.092678,72.88927,0.25,11.73,1.98,0.4,168.1,3.22,13443.9,2645.4,2913.2,0.088,0.701
MUM_001141,Saki Naka / Andheri East,19.097194,72.889213,0.25,12.27,2.16,0.4,661.6,2.4,13940.0,2197.0,2939.2,0.086,0.817
MUM_001142,Saki Naka / Andheri East,19.101709,72.889155,0.25,17.24,3.94,0.4,1155.1,1.57,14436.3,1748.7,3048.2,0.079,0.729
MUM_001143,Saki Naka / Andheri East,19.106225,72.889098,0.25,21.42,3.41,0.4,1648.6,0.75,14932.9,1300.3,3231.8,0.068,0.727
MUM_001144,Saki Naka / Andheri East,19.110741,72.889041,0.25,7.26,1.62,0.4,2142.1,0.2,15429.7,852.0,3478.1,0.055,0.831
MUM_001145,Saki Naka / Andheri East,19.115256,72.888983,0.25,19.49,2.03,0.4,2635.6,0.2,15926.7,403.6,3774.8,0.043,0.825
MUM_001146,Saki Naka / Andheri East,19.119772,72.888926,0.1,10.59,2.55,0.4,3001.9,0.2,16292.9,101.1,3978.3,0.036,0.804
MUM_001147,Saki Naka / Andheri East,19.124288,72.888869,0.1731,17.16,3.28,0.4,3521.7,0.2,5194.4,152.9,2851.0,0.093,0.72
MUM_001148,Saki Naka / Andheri East,19.128803,72.888811,0.25,19.35,3.66,0.4,3477.4,0.2,4970.9,474.2,2508.0,0.124,0.82
MUM_001149,Saki Naka / Andheri East,19.133319,72.888754,0.25,12.6,3.42,0.4,3444.0,0.2,4675.6,870.5,2126.3,0.17,0.744
MUM_001150,Powai / Hiranandani,19.137835,72.888696,0.25,37.08,8.55,0.25,3482.8,0.2,4380.3,1266.8,1803.3,0.223,0.676
MUM_001151,Powai / Hiranandani,19.142351,72.888639,0.25,58.73,8.03,0.25,3591.4,0.2,4085.1,1663.1,1575.8,0.269,0.778
MUM_001152,Powai / Hiranandani,19.146866,72.888582,0.25,53.42,5.88,0.25,3763.9,0.2,3789.9,2059.4,1488.0,0.289,0.69
MUM_001153,Jogeshwari / JVLR,19.151382,72.888524,0.25,11.01,3.7,0.4,3494.6,0.2,3494.6,2344.2,1425.5,0.305,0.77
MUM_001154,Jogeshwari / JVLR,19.155898,72.888467,0.25,21.13,3.79,0.4,3199.4,0.2,3199.4,2604.7,962.3,0.448,0.823
MUM_001155,Jogeshwari / JVLR,19.160413,72.888409,0.25,20.52,3.23,0.4,2904.2,0.2,2904.2,2865.2,565.8,0.624,0.72
MUM_001156,Jogeshwari / JVLR,19.164929,72.888352,0.25,19.77,3.92,0.4,2609.0,0.2,2609.0,3125.7,462.9,0.68,0.787
MUM_001157,Jogeshwari / JVLR,19.169445,72.888294,0.25,8.33,2.98,0.4,2326.7,0.2,2326.7,3386.3,779.9,0.522,0.764
MUM_001158,Goregaon West,19.17396,72.888237,0.25,13.97,1.57,0.4,2100.9,0.2,2100.9,3646.8,1225.7,0.36,0.736
MUM_001159,Goregaon West,19.178476,72.888179,0.25,17.67,3.74,0.4,1880.8,0.37,1880.8,3907.3,1701.9,0.242,0.805
MUM_001160,Malad West,19.182992,72.888121,0.25,21.46,3.17,0.4,1660.7,0.73,1660.7,4167.8,2188.7,0.161,0.76
MUM_001161,Malad West,19.187507,72.888064,0.25,14.15,2.39,0.4,1440.6,1.1,1440.6,4428.3,1808.4,0.222,0.746
MUM_001162,Malad West,19.192023,72.888006,0.25,11.02,2.76,0.4,1220.5,1.47,1220.5,4688.8,1342.0,0.327,0.832
MUM_001163,Malad West,19.196539,72.887949,0.25,16.8,1.9,0.4,983.5,1.86,983.5,4851.0,911.9,0.468,0.715
MUM_001164,Malad West,19.201054,72.887891,0.25,21.72,2.96,0.4,710.8,2.32,710.8,5007.6,601.7,0.606,0.822
MUM_001165,Kandivali West,19.20557,72.887833,0.25,12.69,2.9,0.4,438.1,2.77,438.1,5164.3,626.6,0.593,0.743
MUM_001166,Kandivali West,19.210086,72.887776,0.25,17.97,3.34,0.4,165.4,3.22,165.4,5320.9,960.9,0.449,0.767
MUM_001167,Borivali / Dahisar Subway,19.214601,72.887718,0.25,114.44,14.81,0.1,107.3,3.32,107.3,5477.5,1397.8,0.312,0.344
MUM_001168,Borivali / Dahisar Subway,19.219117,72.88766,0.25,113.35,13.77,0.1,380.0,2.87,380.0,5634.1,1866.7,0.211,0.205
MUM_001169,Borivali / Dahisar Subway,19.223633,72.887602,0.25,114.3,13.36,0.1,652.6,2.41,652.6,5790.7,2348.4,0.141,0.384
MUM_001170,Borivali / Dahisar Subway,19.228148,72.887545,0.25,117.98,15.55,0.1,925.3,1.96,925.3,5947.4,2836.5,0.094,0.294
MUM_001171,Borivali / Dahisar Subway,19.232664,72.887487,0.25,97.04,10.0,0.1,1198.0,1.5,1198.0,6104.0,3328.1,0.062,0.295
MUM_001172,Borivali / Dahisar Subway,19.237179,72.887429,0.25,73.26,13.57,0.1,1471.2,1.05,1471.2,6260.6,3821.9,0.041,0.345
MUM_001173,Borivali / Dahisar Subway,19.241695,72.887371,0.25,156.73,9.38,0.1,1802.5,0.5,1802.5,6417.2,4317.1,0.027,0.226
MUM_001174,Borivali / Dahisar Subway,19.246211,72.887314,0.25,74.39,10.63,0.1,2198.5,0.2,2198.5,6573.8,4813.3,0.018,0.268
MUM_001175,Borivali / Dahisar Subway,19.250726,72.887256,0.25,143.46,9.94,0.1,2630.2,0.2,2630.2,6696.7,5310.2,0.012,0.386
MUM_001176,Borivali / Dahisar Subway,19.255242,72.887198,0.25,163.61,8.23,0.1,3024.2,0.2,3082.6,6780.7,5807.7,0.008,0.257
MUM_001177,Borivali / Dahisar Subway,19.259758,72.88714,0.25,89.97,13.4,0.1,3156.7,0.2,3547.8,6864.6,6305.5,0.005,0.418
MUM_001178,Borivali / Dahisar Subway,19.264273,72.887082,0.25,171.64,9.49,0.1,3359.2,0.2,4021.4,6948.6,6803.7,0.003,0.236
MUM_001179,Borivali / Dahisar Subway,19.268789,72.887024,0.25,172.55,6.41,0.1,3619.9,0.2,4500.7,7032.6,7302.1,0.002,0.394
MUM_001180,Borivali / Dahisar Subway,19.273305,72.886966,0.25,78.17,12.37,0.1,3927.2,0.2,4984.0,7116.6,7800.7,0.002,0.387
MUM_001181,Borivali / Dahisar Subway,19.27782,72.886908,0.25,131.94,14.23,0.1,4006.4,0.2,5470.4,7200.6,8299.5,0.001,0.235
MUM_001182,Borivali / Dahisar Subway,19.28109,72.886378,0.25,127.63,6.36,0.1,3569.4,0.2,5959.0,7284.5,8328.2,0.001,0.287
MUM_001183,Mumbai Central,,,0.25,9.62,1.65,0.4,3151.3,0.2,6449.3,7240.1,7874.8,0.001,0.81
MUM_001184,Chembur East,19.03005,72.894385,0.25,6.88,1.63,0.55,2760.4,0.2,6941.1,7030.9,7427.3,0.002,0.83
MUM_001185,Chembur East,19.034028,72.894761,0.25,10.1,2.79,0.55,2410.3,0.2,7433.9,6821.8,6986.9,0.003,0.791
MUM_001186,Chembur East,19.038543,72.894704,0.25,7.75,1.93,0.55,2121.1,0.2,7927.6,6612.6,6555.1,0.004,0.855
MUM_001187,Chembur East,19.043059,72.894647,0.25,10.97,2.43,0.55,1920.6,0.3,8422.1,6403.4,6133.7,0.006,0.859
MUM_001188,Chembur East,19.047575,72.89459,0.25,6.45,2.29,0.55,1838.0,0.44,8917.2,6194.3,5725.0,0.008,0.837
MUM_001189,Chembur East,19.052091,72.894533,0.25,12.93,1.98,0.55,1888.9,0.35,9412.8,5985.1,5331.8,0.012,0.786
MUM_001190,Chembur East,19.056606,72.894476,0.25,9.63,2.02,0.55,2063.3,0.2,9908.9,5562.6,4957.8,0.016,0.836
MUM_001191,Chembur East,19.061122,72.894419,0.25,9.11,2.76,0.55,2333.9,0.2,10405.3,5114.3,4607.9,0.021,0.791
MUM_001192,Chembur East,19.065638,72.894362,0.25,6.16,2.81,0.55,2379.7,0.2,10902.0,4665.9,4287.8,0.028,0.795
MUM_001193,Chembur East,19.070154,72.894305,0.25,12.66,1.28,0.55,1886.2,0.36,11399.1,4217.6,4004.7,0.036,0.868
MUM_001194,Chembur East,19.074669,72.894248,0.25,7.96,1.35,0.55,1392.7,1.18,11896.4,3769.2,3767.0,0.043,0.853
MUM_001195,Kurla West / LBS Marg,19.079185,72.894191,0.25,3.6,0.77,0.85,899.2,2.0,12393.9,3320.8,3583.7,0.05,0.83
MUM_001196,Ghatkopar West,19.083701,72.894134,0.25,39.79,5.61,0.25,405.8,2.82,12891.6,2872.5,3463.5,0.056,0.717
MUM_001197,Ghatkopar West,19.088216,72.894077,0.25,31.35,3.88,0.25,87.7,3.35,13389.4,2424.1,3412.9,0.058,0.761
MUM_001198,Saki Naka / Andheri East,19.092732,72.89402,0.25,21.18,1.96,0.4,581.2,2.53,13887.5,1975.7,3435.2,0.057,0.813
MUM_001199,Saki Naka / Andheri East,19.097248,72.893963,0.25,12.16,2.44,0.4,1074.7,1.71,14385.6,1527.4,3528.9,0.053,0.725
MUM_001200,Saki Naka / Andheri East,19.101764,72.893906,0.25,7.68,1.72,0.4,1568.2,0.89,14883.9,1079.0,3688.6,0.046,0.775
MUM_001201,Saki Naka / Andheri East,19.106279,72.893848,0.25,11.76,1.97,0.4,2061.7,0.2,15382.3,630.7,3906.2,0.039,0.758
MUM_001202,Saki Naka / Andheri East,19.110795,72.893791,0.2207,16.83,1.43,0.4,2533.7,0.2,15856.6,213.3,4143.2,0.032,0.704
MUM_001203,Saki Naka / Andheri East,19.115311,72.893734,0.216,20.47,2.65,0.4,3946.4,0.2,5339.1,205.5,2797.2,0.097,0.818
MUM_001204,Saki Naka / Andheri East,19.119827,72.893677,0.25,17.82,2.32,0.4,3944.0,0.2,5079.1,565.6,2501.8,0.124,0.731
MUM_001205,Saki Naka / Andheri East,19.124342,72.89362,0.25,20.39,2.78,0.4,3977.9,0.2,4783.9,961.9,2233.8,0.155,0.703
MUM_001206,Saki Naka / Andheri East,19.128858,72.893562,0.25,9.36,3.07,0.4,4073.3,0.2,4488.6,1358.2,2054.5,0.18,0.734
MUM_001207,Powai / Hiranandani,19.133374,72.893505,0.25,24.91,6.5,0.25,4193.4,0.2,4193.4,1656.9,1856.9,0.213,0.657
MUM_001208,Powai / Hiranandani,19.137889,72.893448,0.25,19.25,6.54,0.25,3898.2,0.2,3898.2,1917.4,1357.3,0.323,0.654
MUM_001209,Powai / Hiranandani,19.142405,72.89339,0.25,42.87,4.33,0.25,3603.0,0.2,3603.0,2177.9,858.0,0.489,0.684
MUM_001210,Powai / Hiranandani,19.146921,72.893333,0.25,26.34,8.07,0.25,3307.7,0.2,3307.7,2438.5,361.0,0.74,0.666
MUM_001211,Powai / Hiranandani,19.151436,72.893276,0.25,23.58,6.32,0.25,3015.6,0.2,3015.6,2699.0,156.1,0.878,0.705
MUM_001212,Powai / Hiranandani,19.155952,72.893218,0.25,38.4,7.4,0.25,2769.9,0.2,2769.9,2959.5,646.9,0.583,0.777
MUM_001213,Powai / Hiranandani,19.160468,72.893161,0.25,43.51,8.27,0.25,2549.8,0.2,2549.8,3220.0,1145.7,0.385,0.66
MUM_001214,Powai / Hiranandani,19.164984,72.893104,0.25,20.33,7.11,0.25,2329.7,0.2,2329.7,3480.5,1645.2,0.254,0.719
MUM_001215,Jogeshwari / JVLR,19.169499,72.893046,0.25,17.73,3.11,0.4,2109.6,0.2,2109.6,3741.0,2144.9,0.167,0.762
MUM_001216,Jogeshwari / JVLR,19.174015,72.892989,0.25,18.78,3.93,0.4,1889.5,0.35,1889.5,4001.5,2020.1,0.186,0.807
MUM_001217,Goregaon West,19.178531,72.892931,0.25,17.48,2.06,0.4,1669.4,0.72,1669.4,4219.6,1615.9,0.26,0.76
MUM_001218,Malad West,19.183046,72.892874,0.25,11.42,1.49,0.4,1402.6,1.16,1402.6,4376.2,1281.3,0.344,0.762
MUM_001219,Malad West,19.187562,72.892816,0.25,9.47,3.34,0.4,1129.9,1.62,1129.9,4532.8,1082.8,0.406,0.738
MUM_001220,Malad West,19.192078,72.892759,0.25,11.69,3.65,0.4,857.2,2.07,857.2,4689.4,1096.8,0.401,0.743
MUM_001221,Malad West,19.196593,72.892702,0.25,17.55,1.27,0.4,584.5,2.53,584.5,4846.0,1316.6,0.334,0.833
MUM_001222,Malad West,19.201109,72.892644,0.25,14.33,3.81,0.4,311.8,2.98,311.8,5002.7,1662.6,0.25,0.786
MUM_001223,Kandivali West,19.205625,72.892586,0.25,9.85,2.49,0.4,39.1,3.43,39.1,5159.3,2072.4,0.178,0.706
MUM_001224,Borivali / Dahisar Subway,19.21014,72.892529,0.25,121.5,12.85,0.1,233.6,3.11,233.6,5315.9,2515.0,0.123,0.224
MUM_001225,Borivali / Dahisar Subway,19.214656,72.892471,0.25,55.12,7.72,0.1,506.3,2.66,506.3,5472.5,2975.9,0.084,0.389
MUM_001226,Borivali / Dahisar Subway,19.219172,72.892414,0.25,144.13,12.56,0.1,778.9,2.2,778.9,5629.1,3447.7,0.057,0.274
MUM_001227,Borivali / Dahisar Subway,19.223687,72.892356,0.25,78.56,10.88,0.1,1096.8,1.67,1096.8,5785.7,3926.5,0.038,0.222
MUM_001228,Borivali / Dahisar Subway,19.228203,72.892299,0.25,155.93,6.14,0.1,1512.4,0.98,1512.4,5942.4,4409.9,0.025,0.21
MUM_001229,Borivali / Dahisar Subway,19.232719,72.892241,0.25,109.87,14.84,0.1,1967.7,0.22,1967.7,6099.0,4896.8,0.017,0.361
MUM_001230,Borivali / Dahisar Subway,19.237234,72.892183,0.25,54.53,11.87,0.1,2440.6,0.2,2440.6,6203.8,5386.0,0.011,0.269
MUM_001231,Borivali / Dahisar Subway,19.24175,72.892126,0.25,160.8,15.44,0.1,2922.5,0.2,2922.5,6287.8,5877.0,0.007,0.325
MUM_001232,Borivali / Dahisar Subway,19.246266,72.892068,0.25,172.71,7.98,0.1,3409.6,0.2,3409.6,6371.7,6369.5,0.005,0.429
MUM_001233,Borivali / Dahisar Subway,19.250781,72.89201,0.25,110.81,8.65,0.1,3808.5,0.2,3900.0,6455.7,6863.0,0.003,0.38
MUM_001234,Borivali / Dahisar Subway,19.255297,72.891953,0.25,163.15,7.5,0.1,4040.3,0.2,4392.5,6539.7,7357.4,0.002,0.246
MUM_001235,Borivali / Dahisar Subway,19.259813,72.891895,0.25,99.6,14.47,0.1,4317.8,0.2,4886.6,6623.7,7852.5,0.001,0.287
MUM_001236,Borivali / Dahisar Subway,19.264328,72.891837,0.25,146.71,12.42,0.1,4258.9,0.2,5381.8,6707.7,8348.2,0.001,0.37
MUM_001237,Borivali / Dahisar Subway,19.268844,72.891779,0.25,71.74,12.18,0.1,3850.7,0.2,5877.7,6791.6,8545.2,0.001,0.315
MUM_001238,Borivali / Dahisar Subway,19.273359,72.891722,0.25,138.16,14.6,0.1,3466.6,0.2,6374.3,6785.9,8103.9,0.001,0.395
MUM_001239,Borivali / Dahisar Subway,19.277641,72.891496,0.25,178.32,13.63,0.1,3115.6,0.2,6871.4,6576.8,7669.8,0.002,0.41
MUM_001240,Mumbai Central,,,0.25,19.39,1.51,0.4,2810.1,0.2,7368.9,6367.6,7244.2,0.002,0.739
MUM_001241,Mumbai Central,,,0.25,7.16,2.83,0.4,2566.3,0.2,7866.8,6158.4,6828.7,0.003,0.767
MUM_001242,Chembur East,19.034326,72.899281,0.25,9.76,1.54,0.55,2403.3,0.2,8364.8,5949.3,6425.3,0.005,0.788
MUM_001243,Chembur East,19.038597,72.899453,0.25,11.2,2.75,0.55,2337.8,0.2,8863.1,5740.1,6036.3,0.007,0.782
MUM_001244,Chembur East,19.043113,72.899396,0.25,12.89,1.44,0.55,2378.0,0.2,9361.6,5530.9,5664.7,0.009,0.859
MUM_001245,Chembur East,19.047629,72.899339,0.25,11.58,3.0,0.55,2518.8,0.2,9860.2,5321.8,5314.3,0.012,0.796
MUM_001246,Chembur East,19.052145,72.899282,0.25,7.83,2.85,0.55,2744.8,0.2,10359.0,4893.0,4989.4,0.016,0.8
MUM_001247,Chembur East,19.05666,72.899225,0.25,11.34,1.75,0.55,2460.1,0.2,10857.8,4444.6,4695.4,0.02,0.831
MUM_001248,Chembur East,19.061176,72.899169,0.25,8.72,1.54,0.55,1966.6,0.22,11356.8,3996.3,4438.4,0.025,0.872
MUM_001249,Chembur East,19.065692,72.899112,0.25,12.47,2.04,0.55,1473.1,1.04,11855.9,3547.9,4225.2,0.03,0.813
MUM_001250,Chembur East,19.070208,72.899055,0.25,8.43,2.38,0.55,979.9,1.87,12355.0,3099.5,4062.6,0.034,0.853
MUM_001251,Chembur East,19.074723,72.898998,0.25,6.09,1.33,0.55,497.0,2.67,12854.2,2651.2,3956.9,0.037,0.855
MUM_001252,Ghatkopar West,19.079239,72.898941,0.25,42.45,6.5,0.25,183.7,3.19,13353.5,2202.8,3912.8,0.038,0.655
MUM_001253,Ghatkopar West,19.083755,72.898884,0.25,27.36,4.17,0.25,566.1,2.56,13852.8,1754.4,3932.2,0.038,0.728
MUM_001254,Ghatkopar West,19.088271,72.898827,0.25,47.91,7.32,0.25,1052.3,1.75,14352.1,1306.1,4014.3,0.035,0.667
MUM_001255,Ghatkopar West,19.092786,72.89877,0.25,18.54,4.25,0.25,1547.3,0.92,14851.6,857.7,4155.4,0.031,0.757
MUM_001256,Ghatkopar West,19.097302,72.898713,0.25,26.21,7.14,0.25,2044.7,0.2,15351.0,409.4,4349.7,0.027,0.738
MUM_001257,Saki Naka / Andheri East,19.101818,72.898656,0.1033,21.3,2.71,0.4,2405.8,0.2,15718.5,103.6,4478.6,0.024,0.837
MUM_001258,Saki Naka / Andheri East,19.106334,72.898599,0.0478,9.27,3.6,0.4,4323.5,0.2,5576.7,71.7,3000.9,0.082,0.825
MUM_001259,Saki Naka / Andheri East,19.110849,72.898542,0.2417,7.49,3.92,0.4,4437.1,0.2,5472.7,270.8,2905.2,0.089,0.733
MUM_001260,Saki Naka / Andheri East,19.115365,72.898485,0.25,20.8,1.46,0.4,4474.1,0.2,5187.4,657.1,2688.5,0.106,0.728
MUM_001261,Saki Naka / Andheri East,19.119881,72.898428,0.25,12.83,1.53,0.4,4559.2,0.2,4892.2,969.6,2421.6,0.133,0.783
MUM_001262,Powai / Hiranandani,19.124397,72.89837,0.25,46.54,8.46,0.25,4596.9,0.2,4596.9,1230.1,1938.6,0.199,0.689
MUM_001263,Powai / Hiranandani,19.128912,72.898313,0.25,53.03,7.9,0.25,4301.7,0.2,4301.7,1490.7,1467.1,0.294,0.662
MUM_001264,Powai / Hiranandani,19.133428,72.898256,0.25,57.12,5.46,0.25,4006.5,0.2,4006.5,1751.2,1022.9,0.426,0.669
MUM_001265,Powai / Hiranandani,19.137944,72.898199,0.25,44.19,8.79,0.25,3711.4,0.2,3711.4,2011.7,663.6,0.575,0.712
MUM_001266,Powai / Hiranandani,19.142459,72.898142,0.25,50.12,4.1,0.25,3443.3,0.2,3443.3,2272.2,578.4,0.618,0.755
MUM_001267,Powai / Hiranandani,19.146975,72.898085,0.25,20.58,4.09,0.25,3218.9,0.2,3218.9,2532.7,853.6,0.491,0.76
MUM_001268,Powai / Hiranandani,19.151491,72.898027,0.25,26.23,4.37,0.25,2998.8,0.2,2998.8,2793.2,1273.8,0.346,0.713
MUM_001269,Powai / Hiranandani,19.156007,72.89797,0.25,36.78,4.95,0.25,2778.7,0.2,2778.7,3053.7,1736.9,0.235,0.749
MUM_001270,Powai / Hiranandani,19.160522,72.897913,0.25,19.51,6.87,0.25,2558.6,0.2,2558.6,3314.3,2216.0,0.158,0.661
MUM_001271,Powai / Hiranandani,19.165038,72.897856,0.25,33.7,6.07,0.25,2338.5,0.2,2338.5,3574.8,2321.8,0.144,0.674
MUM_001272,Powai / Hiranandani,19.169554,72.897798,0.25,41.62,4.06,0.25,2094.4,0.2,2094.4,3744.7,1980.3,0.192,0.745
MUM_001273,Powai / Hiranandani,19.174069,72.897741,0.25,24.24,8.8,0.25,1821.7,0.46,1821.7,3901.4,1718.2,0.239,0.709
MUM_001274,Mulund West,19.178585,72.897684,0.25,14.12,1.61,0.4,1549.0,0.92,1549.0,4058.0,1575.6,0.269,0.733
MUM_001275,Mulund West,19.183101,72.897627,0.25,20.58,1.26,0.4,1276.3,1.37,1276.3,4214.6,1585.3,0.267,0.762
MUM_001276,Mulund West,19.187617,72.897569,0.25,9.22,1.28,0.4,1003.6,1.83,1003.6,4371.2,1744.7,0.234,0.71
MUM_001277,Mulund West,19.192132,72.897512,0.25,20.04,3.52,0.4,730.9,2.28,730.9,4527.8,2018.5,0.186,0.704
MUM_001278,Mulund West,19.196648,72.897454,0.25,20.79,2.49,0.4,458.2,2.74,458.2,4684.4,2367.5,0.139,0.762
MUM_001279,Mulund West,19.201164,72.897397,0.25,18.38,2.45,0.4,185.5,3.19,185.5,4841.1,2763.3,0.1,0.797
MUM_001280,Mulund West,19.205679,72.89734,0.25,16.71,1.97,0.4,87.2,3.35,87.2,4997.7,3188.4,0.07,0.817
MUM_001281,Borivali / Dahisar Subway,19.210195,72.897282,0.25,168.35,15.53,0.1,395.8,2.84,395.8,5154.3,3632.7,0.048,0.385
MUM_001282,Borivali / Dahisar Subway,19.214711,72.897225,0.25,173.34,14.11,0.1,860.9,2.07,860.9,5310.9,4089.9,0.033,0.372
MUM_001283,Borivali / Dahisar Subway,19.219226,72.897167,0.25,155.0,14.48,0.1,1351.2,1.25,1351.2,5467.5,4556.1,0.022,0.401
MUM_001284,Borivali / Dahisar Subway,19.223742,72.89711,0.25,106.52,8.05,0.1,1846.7,0.42,1846.7,5624.1,5028.8,0.015,0.438
MUM_001285,Borivali / Dahisar Subway,19.228258,72.897052,0.25,77.21,12.7,0.1,2344.1,0.2,2344.1,5710.9,5506.3,0.01,0.404
MUM_001286,Borivali / Dahisar Subway,19.232773,72.896995,0.25,45.47,14.15,0.1,2842.4,0.2,2842.4,5794.9,5987.5,0.007,0.342
MUM_001287,Borivali / Dahisar Subway,19.237289,72.896937,0.25,86.38,13.73,0.1,3341.2,0.2,3341.2,5878.8,6471.5,0.005,0.417
MUM_001288,Borivali / Dahisar Subway,19.241805,72.89688,0.25,77.65,14.83,0.1,3840.3,0.2,3840.3,5962.8,6957.8,0.003,0.378
MUM_001289,Borivali / Dahisar Subway,19.24632,72.896822,0.25,92.9,6.1,0.1,4339.7,0.2,4339.7,6046.8,7445.9,0.002,0.331
MUM_001290,Borivali / Dahisar Subway,19.250836,72.896765,0.25,150.7,13.61,0.1,4729.0,0.2,4839.1,6130.8,7935.5,0.001,0.446
MUM_001291,Borivali / Dahisar Subway,19.255352,72.896707,0.25,176.8,12.34,0.1,4552.5,0.2,5338.7,6214.8,8426.3,0.001,0.292
MUM_001292,Borivali / Dahisar Subway,19.259867,72.89665,0.25,60.58,14.73,0.1,4173.1,0.2,5838.3,6298.7,8785.4,0.001,0.257
MUM_001293,Borivali / Dahisar Subway,19.264383,72.896592,0.25,92.28,14.82,0.1,3821.6,0.2,6338.0,6331.8,8356.8,0.001,0.308
MUM_001294,Borivali / Dahisar Subway,19.268899,72.896534,0.25,117.31,12.78,0.1,3506.3,0.2,6837.8,6122.6,7936.5,0.001,0.29
MUM_001295,Borivali / Dahisar Subway,19.273414,72.896477,0.25,80.85,9.09,0.1,3237.8,0.2,7337.5,5913.5,7526.0,0.002,0.363
MUM_001296,Borivali / Dahisar Subway,19.27671,72.895961,0.25,115.79,13.98,0.1,3028.7,0.2,7837.4,5704.3,7126.9,0.003,0.208
MUM_001297,Chembur East,19.035562,72.902982,0.25,9.09,1.94,0.55,2891.8,0.2,8337.2,5495.1,6741.3,0.004,0.782
MUM_001298,Chembur East,19.038717,72.904135,0.25,7.45,1.82,0.55,2837.7,0.2,8837.0,5286.0,6371.7,0.005,0.865
MUM_001299,Chembur East,19.043167,72.904145,0.25,10.42,1.16,0.55,2870.9,0.2,9336.9,5076.8,6020.9,0.007,0.802
MUM_001300,Chembur East,19.047683,72.904088,0.25,7.14,1.25,0.55,2988.5,0.2,9836.8,4867.6,5692.4,0.009,0.858
MUM_001301,Chembur East,19.052199,72.904031,0.25,7.6,1.09,0.55,3040.3,0.2,10336.7,4658.5,5390.4,0.011,0.876
MUM_001302,Chembur East,19.056714,72.903974,0.25,8.22,1.85,0.55,2555.4,0.2,10836.6,4223.3,5119.4,0.014,0.842
MUM_001303,Chembur East,19.06123,72.903918,0.25,9.79,2.05,0.55,2077.7,0.2,11336.5,3775.0,4884.8,0.017,0.783
MUM_001304,Chembur East,19.065746,72.903861,0.25,13.82,2.57,0.55,1613.5,0.81,11836.4,3326.6,4691.9,0.02,0.788
MUM_001305,Chembur East,19.070262,72.903804,0.25,6.45,1.65,0.55,1179.1,1.53,12336.3,2878.2,4546.0,0.023,0.792
MUM_001306,Chembur East,19.074778,72.903747,0.25,11.74,1.29,0.55,822.8,2.13,12836.2,2429.9,4451.8,0.024,0.835
MUM_001307,Ghatkopar West,19.079293,72.90369,0.25,60.3,8.31,0.25,681.0,2.37,13336.2,1981.5,4412.6,0.025,0.742
MUM_001308,Ghatkopar West,19.083809,72.903634,0.25,38.65,7.75,0.25,866.3,2.06,13836.1,1533.2,4429.9,0.025,0.691
MUM_001309,Ghatkopar West,19.088325,72.903577,0.25,58.71,4.46,0.25,1239.9,1.43,14336.1,1084.8,4502.9,0.023,0.664
MUM_001310,Ghatkopar West,19.092841,72.90352,0.25,48.8,7.64,0.25,1680.5,0.7,14836.0,636.4,4629.1,0.021,0.651
MUM_001311,Ghatkopar West,19.097356,72.903463,0.2229,62.47,3.71,0.25,2119.3,0.2,15312.4,216.9,4779.3,0.019,0.655
MUM_001312,Ghatkopar West,19.101872,72.903406,0.0932,22.63,4.58,0.25,4852.0,0.2,5741.3,105.9,3215.7,0.069,0.691
MUM_001313,Saki Naka / Andheri East,19.106388,72.903349,0.2458,15.32,3.57,0.4,4967.6,0.2,5585.7,287.5,3041.6,0.079,0.734
MUM_001314,Saki Naka / Andheri East,19.110904,72.903292,0.25,10.18,3.81,0.4,5047.8,0.2,5295.7,542.9,2583.5,0.116,0.77
MUM_001315,Powai / Hiranandani,19.115419,72.903235,0.25,59.73,7.36,0.25,5000.5,0.2,5000.5,803.4,2137.4,0.168,0.681
MUM_001316,Powai / Hiranandani,19.119935,72.903178,0.25,26.02,8.55,0.25,4705.2,0.2,4705.2,1063.9,1721.2,0.238,0.676
MUM_001317,Powai / Hiranandani,19.124451,72.903121,0.25,49.57,5.41,0.25,4410.0,0.2,4410.0,1324.4,1362.5,0.321,0.686
MUM_001318,Powai / Hiranandani,19.128967,72.903064,0.25,62.85,3.95,0.25,4127.5,0.2,4127.5,1584.9,1118.3,0.394,0.732
MUM_001319,Powai / Hiranandani,19.133482,72.903007,0.25,51.61,7.68,0.25,3887.9,0.2,3887.9,1845.4,1069.9,0.41,0.735
MUM_001320,Powai / Hiranandani,19.137998,72.90295,0.25,63.23,5.88,0.25,3667.8,0.2,3667.8,2105.9,1240.4,0.356,0.753
MUM_001321,Powai / Hiranandani,19.142514,72.902893,0.25,37.12,8.85,0.25,3447.7,0.2,3447.7,2366.5,1559.7,0.273,0.695
MUM_001322,Powai / Hiranandani,19.147029,72.902836,0.25,46.69,3.96,0.25,3227.6,0.2,3227.6,2627.0,1956.2,0.196,0.74
MUM_001323,Powai / Hiranandani,19.151545,72.902779,0.25,24.21,8.26,0.25,3007.5,0.2,3007.5,2887.5,2391.8,0.136,0.76
MUM_001324,Powai / Hiranandani,19.156061,72.902722,0.25,18.62,8.22,0.25,2786.2,0.2,2786.2,3113.3,2683.5,0.107,0.726
MUM_001325,Powai / Hiranandani,19.160577,72.902665,0.25,59.52,4.49,0.25,2513.5,0.2,2513.5,3269.9,2394.1,0.136,0.72
MUM_001326,Powai / Hiranandani,19.165092,72.902608,0.25,50.14,6.11,0.25,2240.8,0.2,2240.8,3426.5,2182.3,0.162,0.674
MUM_001327,Powai / Hiranandani,19.169608,72.902551,0.25,50.18,4.49,0.25,1968.1,0.22,1968.1,3583.1,2071.9,0.178,0.725
MUM_001328,Mulund West,19.174124,72.902494,0.25,16.66,1.3,0.4,1695.4,0.67,1695.4,3739.7,2079.3,0.177,0.829
MUM_001329,Mulund West,19.17864,72.902436,0.25,16.56,2.84,0.4,1422.7,1.13,1422.7,3896.4,2203.2,0.159,0.73
MUM_001330,Mulund West,19.183155,72.902379,0.25,13.19,2.94,0.4,1150.0,1.58,1150.0,4053.0,2425.8,0.132,0.763
MUM_001331,Mulund West,19.187671,72.902322,0.25,21.01,2.67,0.4,877.3,2.04,877.3,4209.6,2723.1,0.103,0.771
MUM_001332,Mulund West,19.192187,72.902265,0.25,18.14,1.48,0.4,604.6,2.49,604.6,4366.2,3073.4,0.077,0.703
MUM_001333,Mulund West,19.196702,72.902207,0.25,15.1,2.5,0.4,332.4,2.95,332.4,4522.8,3460.7,0.056,0.802
MUM_001334,Mulund West,19.201218,72.90215,0.25,15.95,3.03,0.4,441.6,2.76,441.6,4679.5,3873.9,0.04,0.791
MUM_001335,Mulund West,19.205734,72.902093,0.25,10.92,3.68,0.4,882.9,2.03,882.9,4836.1,4305.5,0.028,0.708
MUM_001336,Mulund West,19.210249,72.902036,0.25,16.44,1.93,0.4,1365.3,1.22,1365.3,4992.7,4750.6,0.019,0.736
MUM_001337,Borivali / Dahisar Subway,19.214765,72.901978,0.25,116.59,13.13,0.1,1857.0,0.4,1857.0,5134.0,5205.7,0.013,0.416
MUM_001338,Borivali / Dahisar Subway,19.219281,72.901921,0.25,162.64,15.98,0.1,2352.2,0.2,2352.2,5218.0,5668.3,0.009,0.32
MUM_001339,Borivali / Dahisar Subway,19.223797,72.901864,0.25,157.52,9.63,0.1,2849.1,0.2,2849.1,5302.0,6136.8,0.006,0.241
MUM_001340,Borivali / Dahisar Subway,19.228312,72.901806,0.25,124.34,13.82,0.1,3346.9,0.2,3346.9,5385.9,6609.9,0.004,0.371
MUM_001341,Borivali / Dahisar Subway,19.232828,72.901749,0.25,57.01,7.39,0.1,3845.3,0.2,3845.3,5469.9,7086.7,0.003,0.29
MUM_001342,Borivali / Dahisar Subway,19.237344,72.901692,0.25,106.24,12.03,0.1,4344.1,0.2,4344.1,5553.9,7566.5,0.002,0.348
MUM_001343,Borivali / Dahisar Subway,19.241859,72.901634,0.25,165.01,9.83,0.1,4843.1,0.2,4843.1,5637.9,8048.7,0.001,0.207
MUM_001344,Borivali / Dahisar Subway,19.246375,72.901577,0.25,55.18,8.71,0.1,4879.8,0.2,5342.3,5721.9,8533.0,0.001,0.403
MUM_001345,Borivali / Dahisar Subway,19.250891,72.901519,0.25,135.8,8.14,0.1,4527.9,0.2,5841.6,5805.8,9019.1,0.001,0.218
MUM_001346,Borivali / Dahisar Subway,19.255406,72.901462,0.25,133.55,9.43,0.1,4206.1,0.2,6341.1,5877.7,8631.2,0.001,0.307
MUM_001347,Borivali / Dahisar Subway,19.259922,72.901404,0.25,83.62,10.28,0.1,3921.9,0.2,6840.6,5668.5,8224.9,0.001,0.227
MUM_001348,Borivali / Dahisar Subway,19.264438,72.901347,0.25,163.59,15.66,0.1,3683.8,0.2,7340.2,5459.3,7829.6,0.001,0.316
MUM_001349,Borivali / Dahisar Subway,19.268953,72.901289,0.25,48.98,14.14,0.1,3501.5,0.2,7839.8,5250.2,7446.8,0.002,0.293
MUM_001350,Borivali / Dahisar Subway,19.273252,72.901073,0.25,141.53,12.8,0.1,3383.7,0.2,8339.5,5041.0,7078.6,0.003,0.347
MUM_001351,Mumbai Central,,,0.25,21.94,2.84,0.4,3337.6,0.2,8839.2,4831.8,6727.5,0.004,0.718
MUM_001352,Chembur East,19.039753,72.908045,0.25,11.58,1.32,0.55,3365.8,0.2,9338.9,4622.7,6396.3,0.005,0.784
MUM_001353,Chembur East,19.043253,72.908856,0.25,12.67,1.46,0.55,3466.8,0.2,9838.7,4413.5,6088.1,0.006,0.83
MUM_001354,Chembur East,19.047737,72.908837,0.25,11.78,1.46,0.55,3189.5,0.2,10338.5,4204.3,5806.7,0.008,0.782
MUM_001355,Chembur East,19.052253,72.90878,0.25,10.25,1.52,0.55,2731.3,0.2,10838.3,3995.2,5556.1,0.01,0.824
MUM_001356,Chembur East,19.056768,72.908723,0.25,9.21,2.12,0.55,2290.6,0.2,11338.2,3553.7,5340.7,0.012,0.842
MUM_001357,Chembur East,19.061284,72.908667,0.25,7.85,1.74,0.55,1879.7,0.37,11838.0,3105.3,5164.8,0.014,0.795
MUM_001358,Chembur East,19.0658,72.90861,0.25,13.34,2.98,0.55,1523.2,0.96,12337.9,2656.9,5032.7,0.015,0.781
MUM_001359,Chembur East,19.070316,72.908554,0.25,13.32,1.89,0.55,1267.7,1.39,12837.7,2208.6,4947.7,0.016,0.796
MUM_001360,Ghatkopar West,19.074831,72.908497,0.25,51.2,8.46,0.25,1180.6,1.53,13337.6,1760.2,4912.5,0.017,0.681
MUM_001361,Ghatkopar West,19.079347,72.90844,0.25,53.0,7.51,0.25,1296.3,1.34,13837.5,1311.9,4928.0,0.016,0.718
MUM_001362,Ghatkopar West,19.083863,72.908383,0.25,46.84,8.8,0.25,1570.7,0.88,14337.4,863.5,4993.8,0.016,0.688
MUM_001363,Ghatkopar West,19.088379,72.908327,0.25,25.06,4.6,0.25,1937.5,0.27,14837.3,415.1,5107.9,0.014,0.78
MUM_001364,Ghatkopar West,19.092895,72.90827,0.1065,46.44,5.42,0.25,2215.9,0.2,15204.8,106.2,5175.7,0.013,0.696
MUM_001365,Ghatkopar West,19.09741,72.908213,0.0446,61.87,8.28,0.25,5310.6,0.2,5783.1,66.4,3065.6,0.078,0.768
MUM_001366,Ghatkopar West,19.101926,72.908156,0.1918,42.6,7.0,0.25,5496.3,0.2,5641.0,174.4,2772.3,0.099,0.741
MUM_001367,Ghatkopar West,19.106442,72.9081,0.25,38.39,8.47,0.25,5404.0,0.2,5404.0,376.6,2424.6,0.133,0.653
MUM_001368,Powai / Hiranandani,19.110958,72.908043,0.25,62.55,7.88,0.25,5108.8,0.2,5108.8,637.1,2067.0,0.179,0.775
MUM_001369,Powai / Hiranandani,19.115473,72.907986,0.25,21.92,5.2,0.25,4818.4,0.2,4818.4,897.6,1779.5,0.227,0.77
MUM_001370,Powai / Hiranandani,19.119989,72.907929,0.25,56.25,3.7,0.25,4560.6,0.2,4560.6,1158.1,1600.2,0.264,0.679
MUM_001371,Powai / Hiranandani,19.124505,72.907872,0.25,54.7,3.95,0.25,4336.9,0.2,4336.9,1418.7,1566.8,0.271,0.77
MUM_001372,Powai / Hiranandani,19.129021,72.907815,0.25,44.36,6.39,0.25,4116.8,0.2,4116.8,1679.2,1687.8,0.245,0.752
MUM_001373,Powai / Hiranandani,19.133536,72.907759,0.25,53.19,5.36,0.25,3896.7,0.2,3896.7,1939.7,1934.7,0.199,0.653
MUM_001374,Powai / Hiranandani,19.138052,72.907702,0.25,27.71,3.94,0.25,3676.6,0.2,3676.6,2200.2,2266.5,0.151,0.665
MUM_001375,Powai / Hiranandani,19.142568,72.907645,0.25,52.61,4.63,0.25,3456.5,0.2,3456.5,2460.7,2651.6,0.11,0.668
MUM_001376,Powai / Hiranandani,19.147084,72.907588,0.25,44.13,8.33,0.25,3205.3,0.2,3205.3,2638.4,3070.0,0.077,0.771
MUM_001377,Powai / Hiranandani,19.151599,72.907531,0.25,35.81,3.88,0.25,2932.6,0.2,2932.6,2795.1,2835.9,0.094,0.731
MUM_001378,Powai / Hiranandani,19.156115,72.907474,0.25,42.37,8.05,0.25,2659.9,0.2,2659.9,2951.7,2659.4,0.109,0.708
MUM_001379,Powai / Hiranandani,19.160631,72.907417,0.25,46.07,7.33,0.25,2387.2,0.2,2387.2,3108.3,2569.7,0.117,0.719
MUM_001380,Powai / Hiranandani,19.165147,72.90736,0.25,37.95,5.69,0.25,2114.5,0.2,2114.5,3264.9,2575.6,0.117,0.716
MUM_001381,Mulund West,19.169662,72.907303,0.25,14.96,2.78,0.4,1841.8,0.43,1841.8,3421.5,2676.6,0.107,0.819
MUM_001382,Mulund West,19.174178,72.907246,0.25,12.3,1.64,0.4,1569.1,0.88,1569.1,3578.1,2862.7,0.092,0.793
MUM_001383,Mulund West,19.178694,72.907189,0.25,21.94,2.72,0.4,1296.4,1.34,1296.4,3734.8,3118.6,0.074,0.796
MUM_001384,Mulund West,19.18321,72.907132,0.25,17.16,1.8,0.4,1023.7,1.79,1023.7,3891.4,3428.7,0.057,0.805
MUM_001385,Mulund West,19.187725,72.907075,0.25,14.42,1.82,0.4,805.5,2.16,805.5,4048.0,3779.8,0.043,0.702
MUM_001386,Mulund West,19.192241,72.907018,0.25,10.68,1.88,0.4,856.3,2.07,856.3,4204.6,4161.4,0.031,0.815
MUM_001387,Mulund West,19.196757,72.906961,0.25,20.95,2.03,0.4,1148.0,1.59,1148.0,4361.2,4566.0,0.022,0.748
MUM_001388,Mulund West,19.201272,72.906903,0.25,21.21,1.9,0.4,1549.9,0.92,1549.9,4517.9,4987.8,0.016,0.8
MUM_001389,Mulund West,19.205788,72.906846,0.25,18.48,1.49,0.4,1996.7,0.2,1996.7,4641.1,5423.0,0.011,0.768
MUM_001390,Mulund West,19.210304,72.906789,0.25,13.96,3.47,0.4,2464.0,0.2,2464.0,4725.1,5868.5,0.008,0.772
MUM_001391,Mulund West,19.21482,72.906732,0.25,12.38,2.22,0.4,2942.1,0.2,2942.1,4809.1,6322.2,0.005,0.77
MUM_001392,Borivali / Dahisar Subway,19.219335,72.906675,0.25,176.95,13.01,0.1,3426.4,0.2,3426.4,4893.0,6782.4,0.004,0.369
MUM_001393,Borivali / Dahisar Subway,19.223851,72.906618,0.25,45.94,15.23,0.1,3914.7,0.2,3914.7,4977.0,7247.9,0.002,0.244
MUM_001394,Borivali / Dahisar Subway,19.228367,72.90656,0.25,76.09,7.49,0.1,4405.6,0.2,4405.6,5061.0,7717.6,0.002,0.326
MUM_001395,Borivali / Dahisar Subway,19.232882,72.906503,0.25,148.48,12.46,0.1,4898.3,0.2,4898.3,5145.0,8191.0,0.001,0.29
MUM_001396,Borivali / Dahisar Subway,19.237398,72.906446,0.25,116.75,7.85,0.1,5234.4,0.2,5392.4,5229.0,8667.4,0.001,0.267
MUM_001397,Borivali / Dahisar Subway,19.241914,72.906389,0.25,146.53,11.09,0.1,4908.0,0.2,5887.5,5313.0,9146.2,0.0,0.214
MUM_001398,Borivali / Dahisar Subway,19.246429,72.906331,0.25,77.38,6.88,0.1,4612.9,0.2,6383.4,5396.9,8925.2,0.001,0.276
MUM_001399,Borivali / Dahisar Subway,19.250945,72.906274,0.25,81.57,7.7,0.1,4355.2,0.2,6879.8,5214.3,8532.9,0.001,0.283
MUM_001400,Borivali / Dahisar Subway,19.255461,72.906217,0.25,143.99,7.99,0.1,4142.2,0.2,7376.7,5005.2,8152.5,0.001,0.411
MUM_001401,Borivali / Dahisar Subway,19.259976,72.906159,0.25,140.42,12.95,0.1,3980.8,0.2,7874.1,4796.0,7785.6,0.002,0.359
MUM_001402,Borivali / Dahisar Subway,19.264492,72.906102,0.25,62.02,6.48,0.1,3877.7,0.2,8371.7,4586.8,7434.3,0.002,0.385
MUM_001403,Borivali / Dahisar Subway,19.269008,72.906045,0.25,81.46,8.23,0.1,3837.5,0.2,8869.6,4377.7,7100.8,0.003,0.31
MUM_001404,Borivali / Dahisar Subway,19.27233,72.905543,0.25,151.98,9.41,0.1,3862.1,0.2,9367.7,4168.5,6787.8,0.003,0.245
MUM_001405,Chembur East,19.044363,72.911993,0.25,7.83,1.34,0.55,3849.2,0.2,9866.0,3959.3,6498.2,0.004,0.845
MUM_001406,Chembur East,19.048072,72.913117,0.25,11.35,1.64,0.55,3406.3,0.2,10364.5,3750.2,6235.3,0.006,0.84
MUM_001407,Chembur East,19.052306,72.913529,0.25,10.18,2.31,0.55,2981.6,0.2,10863.1,3541.0,6002.6,0.007,0.852
MUM_001408,Chembur East,19.056822,72.913473,0.25,11.33,2.66,0.55,2583.9,0.2,11361.9,3331.8,5803.8,0.008,0.849
MUM_001409,Chembur East,19.061338,72.913416,0.25,9.74,1.3,0.55,2227.9,0.2,11860.7,2884.0,5642.4,0.009,0.78
MUM_001410,Chembur East,19.065854,72.913359,0.25,8.99,2.27,0.55,1936.5,0.27,12359.7,2435.6,5521.7,0.01,0.849
MUM_001411,Chembur East,19.07037,72.913303,0.25,11.99,1.2,0.55,1742.7,0.6,12858.7,1987.3,5444.4,0.011,0.841
MUM_001412,Ghatkopar West,19.074885,72.913246,0.25,19.93,5.03,0.25,1680.4,0.7,13357.8,1538.9,5412.4,0.011,0.717
MUM_001413,Ghatkopar West,19.079401,72.91319,0.25,53.73,4.59,0.25,1763.6,0.56,13856.9,1090.6,5426.5,0.011,0.743
MUM_001414,Ghatkopar West,19.083917,72.913133,0.25,33.03,3.74,0.25,1974.1,0.21,14356.2,642.2,5486.3,0.01,0.71
MUM_001415,Ghatkopar West,19.088433,72.913077,0.225,25.51,7.63,0.25,2250.2,0.2,14832.6,220.6,5569.4,0.01,0.655
MUM_001416,Ghatkopar West,19.092948,72.91302,0.0956,62.65,7.62,0.25,5660.1,0.2,5660.1,98.9,2629.0,0.112,0.735
MUM_001417,Ghatkopar West,19.097464,72.912963,0.23,25.1,6.35,0.25,5491.1,0.2,5491.1,232.5,2444.1,0.13,0.761
MUM_001418,Ghatkopar West,19.10198,72.912907,0.25,37.76,5.9,0.25,5242.0,0.2,5242.0,470.9,2230.9,0.156,0.748
MUM_001419,Powai / Hiranandani,19.106496,72.91285,0.25,20.84,5.74,0.25,5005.9,0.2,5005.9,731.4,2090.6,0.175,0.665
MUM_001420,Powai / Hiranandani,19.111012,72.912793,0.25,50.4,7.28,0.25,4785.8,0.2,4785.8,991.9,2065.2,0.179,0.758
MUM_001421,Powai / Hiranandani,19.115527,72.912737,0.25,42.94,7.89,0.25,4565.7,0.2,4565.7,1252.4,2158.5,0.166,0.723
MUM_001422,Powai / Hiranandani,19.120043,72.91268,0.25,47.35,6.67,0.25,4345.6,0.2,4345.6,1512.9,2356.5,0.14,0.758
MUM_001423,Powai / Hiranandani,19.124559,72.912623,0.25,20.29,8.5,0.25,4125.5,0.2,4125.5,1773.4,2635.7,0.111,0.706
MUM_001424,Powai / Hiranandani,19.129075,72.912567,0.25,39.48,8.35,0.25,3897.1,0.2,3897.1,2007.0,2973.4,0.084,0.691
MUM_001425,Powai / Hiranandani,19.13359,72.91251,0.25,54.78,3.52,0.25,3624.4,0.2,3624.4,2163.6,3351.9,0.061,0.756
MUM_001426,Powai / Hiranandani,19.138106,72.912453,0.25,22.22,4.57,0.25,3351.7,0.2,3351.7,2320.2,3294.3,0.064,0.703
MUM_001427,Powai / Hiranandani,19.142622,72.912396,0.25,34.27,4.21,0.25,3079.0,0.2,3079.0,2476.8,3143.7,0.073,0.765
MUM_001428,Powai / Hiranandani,19.147138,72.912339,0.25,33.62,3.63,0.25,2806.3,0.2,2806.3,2633.5,3068.2,0.078,0.692
MUM_001429,Powai / Hiranandani,19.151653,72.912283,0.25,40.55,7.72,0.25,2533.6,0.2,2533.6,2790.1,3073.1,0.077,0.685
MUM_001430,Powai / Hiranandani,19.156169,72.912226,0.25,29.2,4.08,0.25,2260.9,0.2,2260.9,2946.7,3158.3,0.072,0.706
MUM_001431,Powai / Hiranandani,19.160685,72.912169,0.25,32.11,8.03,0.25,1988.2,0.2,1988.2,3103.3,3317.4,0.063,0.701
MUM_001432,Mulund West,19.165201,72.912112,0.25,20.81,2.29,0.4,1715.5,0.64,1715.5,3259.9,3540.6,0.052,0.815
MUM_001433,Mulund West,19.169716,72.912055,0.25,21.44,1.64,0.4,1450.1,1.08,1450.1,3416.5,3816.6,0.042,0.753
MUM_001434,Mulund West,19.174232,72.911998,0.25,16.12,1.29,0.4,1298.9,1.34,1298.9,3573.2,4134.9,0.032,0.828
MUM_001435,Mulund West,19.178748,72.911941,0.25,20.36,2.05,0.4,1331.0,1.28,1331.0,3729.8,4486.4,0.024,0.805
MUM_001436,Mulund West,19.183264,72.911884,0.25,20.75,2.39,0.4,1535.0,0.94,1535.0,3886.4,4864.0,0.017,0.815
MUM_001437,Mulund West,19.187779,72.911827,0.25,16.11,1.6,0.4,1854.9,0.41,1854.9,4043.0,5262.0,0.012,0.779
MUM_001438,Mulund West,19.192295,72.911771,0.25,20.36,3.85,0.4,2241.7,0.2,2241.7,4148.2,5676.2,0.009,0.796
MUM_001439,Mulund West,19.196811,72.911714,0.25,18.75,2.05,0.4,2666.4,0.2,2666.4,4232.2,6103.3,0.006,0.817
MUM_001440,Mulund West,19.201327,72.911657,0.25,14.96,2.21,0.4,3113.5,0.2,3113.5,4316.2,6540.7,0.004,0.835
MUM_001441,Mulund West,19.205842,72.9116,0.25,12.17,3.07,0.4,3574.7,0.2,3574.7,4400.1,6986.5,0.003,0.831
MUM_001442,Mulund West,19.210358,72.911543,0.25,15.4,2.82,0.4,4045.1,0.2,4045.1,4484.1,7439.2,0.002,0.821
MUM_001443,Mulund West,19.214874,72.911485,0.25,7.01,3.37,0.4,4521.9,0.2,4521.9,4568.1,7897.6,0.001,0.759
MUM_001444,Mulund West,19.21939,72.911428,0.25,17.27,3.44,0.4,5003.2,0.2,5003.2,4652.1,8360.8,0.001,0.727
MUM_001445,Borivali / Dahisar Subway,19.223905,72.911371,0.25,73.26,10.32,0.1,5487.9,0.2,5487.9,4736.1,8828.0,0.001,0.265
MUM_001446,Borivali / Dahisar Subway,19.228421,72.911314,0.25,89.61,7.45,0.1,5308.1,0.2,5975.0,4820.1,9298.6,0.0,0.282
MUM_001447,Borivali / Dahisar Subway,19.232937,72.911257,0.25,51.8,12.89,0.1,5036.4,0.2,6464.2,4904.0,9236.9,0.0,0.3
MUM_001448,Borivali / Dahisar Subway,19.237452,72.9112,0.25,105.03,13.56,0.1,4801.6,0.2,6954.9,4760.2,8858.5,0.001,0.224
MUM_001449,Borivali / Dahisar Subway,19.241968,72.911143,0.25,151.9,10.35,0.1,4609.2,0.2,7446.8,4551.0,8492.7,0.001,0.389
MUM_001450,Borivali / Dahisar Subway,19.246484,72.911086,0.25,83.35,12.34,0.1,4464.8,0.2,7939.7,4341.9,8141.1,0.001,0.426
MUM_001451,Borivali / Dahisar Subway,19.250999,72.911029,0.25,122.33,8.54,0.1,4373.1,0.2,8433.5,4132.7,7805.8,0.001,0.408
MUM_001452,Borivali / Dahisar Subway,19.255515,72.910971,0.25,74.78,10.58,0.1,4337.4,0.2,8927.9,3923.5,7488.8,0.002,0.274
MUM_001453,Borivali / Dahisar Subway,19.260031,72.910914,0.25,167.21,15.06,0.1,4359.2,0.2,9423.0,3714.4,7192.7,0.002,0.251
MUM_001454,Borivali / Dahisar Subway,19.264547,72.910857,0.25,143.21,6.33,0.1,4092.2,0.2,9918.5,3505.2,6920.1,0.003,0.347
MUM_001455,Borivali / Dahisar Subway,19.268862,72.91065,0.25,131.42,13.38,0.1,3678.7,0.2,10414.5,3296.0,6673.9,0.004,0.341
MUM_001456,Mumbai Central,,,0.25,11.52,3.34,0.4,3289.4,0.2,10910.8,3086.9,6457.0,0.005,0.821
MUM_001457,Mumbai Central,,,0.25,7.79,3.42,0.4,2933.7,0.2,11407.5,2877.7,6272.6,0.005,0.776
MUM_001458,Chembur East,19.052946,72.916997,0.25,13.64,2.54,0.55,2625.5,0.2,11904.4,2662.7,6123.6,0.006,0.848
MUM_001459,Chembur East,19.057003,72.918057,0.25,7.27,2.83,0.55,2383.3,0.2,12401.6,2214.4,6012.6,0.007,0.869
MUM_001460,Chembur East,19.061392,72.918165,0.25,11.59,2.3,0.55,2228.7,0.2,12899.0,1766.0,5941.7,0.007,0.838
MUM_001461,Chembur East,19.065907,72.918109,0.25,9.74,2.58,0.55,2180.3,0.2,13396.6,1317.6,5912.3,0.007,0.82
MUM_001462,Ghatkopar West,19.070423,72.918052,0.25,29.4,5.79,0.25,2245.1,0.2,13894.4,869.3,5925.2,0.007,0.733
MUM_001463,Ghatkopar West,19.074939,72.917996,0.25,59.5,6.02,0.25,2414.0,0.2,14392.3,420.9,5980.1,0.007,0.696
MUM_001464,Ghatkopar West,19.079455,72.91794,0.1097,60.76,4.17,0.25,2555.9,0.2,14758.1,108.7,6001.4,0.007,0.662
MUM_001465,Ghatkopar West,19.083971,72.917883,0.1508,43.3,5.21,0.25,5582.1,0.2,5582.1,139.7,2604.2,0.114,0.684
MUM_001466,Ghatkopar West,19.088486,72.917827,0.2483,56.9,5.84,0.25,5452.7,0.2,5452.7,306.8,2582.9,0.116,0.697
MUM_001467,Ghatkopar West,19.093002,72.91777,0.25,31.26,7.56,0.25,5234.8,0.2,5234.8,565.1,2564.2,0.118,0.742
MUM_001468,Ghatkopar West,19.097518,72.917714,0.25,33.56,7.09,0.25,5014.7,0.2,5014.7,825.6,2639.9,0.111,0.723
MUM_001469,Ghatkopar West,19.102034,72.917657,0.25,25.93,5.05,0.25,4794.6,0.2,4794.6,1086.2,2804.1,0.097,0.654
MUM_001470,Vikhroli East,19.10655,72.917601,0.25,19.33,2.03,0.4,4574.5,0.2,4574.5,1346.7,3042.6,0.079,0.822
MUM_001471,Powai / Hiranandani,19.111065,72.917544,0.25,62.42,7.76,0.25,4316.2,0.2,4316.2,1532.1,3339.4,0.062,0.749
MUM_001472,Powai / Hiranandani,19.115581,72.917487,0.25,51.56,6.29,0.25,4043.5,0.2,4043.5,1688.8,3680.4,0.047,0.71
MUM_001473,Powai / Hiranandani,19.120097,72.917431,0.25,48.23,4.13,0.25,3770.8,0.2,3770.8,1845.4,3763.3,0.043,0.657
MUM_001474,Powai / Hiranandani,19.124613,72.917374,0.25,59.7,5.15,0.25,3498.1,0.2,3498.1,2002.0,3632.3,0.048,0.675
MUM_001475,Powai / Hiranandani,19.129129,72.917318,0.25,49.69,4.24,0.25,3225.4,0.2,3225.4,2158.6,3567.1,0.051,0.698
MUM_001476,Powai / Hiranandani,19.133644,72.917261,0.25,28.13,6.78,0.25,2952.7,0.2,2952.7,2315.2,3571.3,0.051,0.733
MUM_001477,Powai / Hiranandani,19.13816,72.917204,0.25,56.73,4.55,0.25,2680.0,0.2,2680.0,2471.9,3644.9,0.048,0.72
MUM_001478,Powai / Hiranandani,19.142676,72.917148,0.25,36.18,5.43,0.25,2407.3,0.2,2407.3,2628.5,3783.6,0.043,0.674
MUM_001479,Powai / Hiranandani,19.147192,72.917091,0.25,53.53,3.56,0.25,2134.6,0.2,2134.6,2785.1,3980.7,0.036,0.683
MUM_001480,Powai / Hiranandani,19.151707,72.917034,0.25,62.36,8.12,0.25,1908.1,0.32,1908.1,2941.7,4228.1,0.029,0.653
MUM_001481,Powai / Hiranandani,19.156223,72.916978,0.25,51.43,8.5,0.25,1796.0,0.51,1796.0,3098.3,4517.5,0.023,0.688
MUM_001482,Powai / Hiranandani,19.160739,72.916921,0.25,43.46,7.36,0.25,1819.3,0.47,1819.3,3254.9,4841.3,0.018,0.683
MUM_001483,Mulund West,19.165255,72.916864,0.25,20.38,1.43,0.4,1973.4,0.21,1973.4,3411.6,5193.1,0.013,0.705
MUM_001484,Mulund West,19.16977,72.916807,0.25,7.68,2.4,0.4,2231.4,0.2,2231.4,3568.2,5567.7,0.01,0.742
MUM_001485,Mulund West,19.174286,72.916751,0.25,12.0,2.47,0.4,2561.9,0.2,2561.9,3655.3,5960.7,0.007,0.768
MUM_001486,Mulund West,19.178802,72.916694,0.25,17.98,3.39,0.4,2940.7,0.2,2940.7,3739.3,6368.7,0.005,0.704
MUM_001487,Mulund West,19.183318,72.916637,0.25,20.36,3.65,0.4,3351.5,0.2,3351.5,3823.3,6789.0,0.003,0.719
MUM_001488,Mulund West,19.187833,72.91658,0.25,8.6,1.57,0.4,3783.8,0.2,3783.8,3907.3,7219.5,0.002,0.719
MUM_001489,Mulund West,19.192349,72.916523,0.25,8.4,2.05,0.4,4231.0,0.2,4231.0,3991.2,7658.5,0.002,0.806
MUM_001490,Mulund West,19.196865,72.916467,0.25,21.53,3.09,0.4,4688.9,0.2,4688.9,4075.2,8104.5,0.001,0.802
MUM_001491,Mulund West,19.201381,72.91641,0.25,8.33,1.76,0.4,5154.6,0.2,5154.6,4159.2,8556.5,0.001,0.836
MUM_001492,Mulund West,19.205896,72.916353,0.25,18.43,1.41,0.4,5626.3,0.2,5626.3,4243.2,9013.5,0.001,0.753
MUM_001493,Mulund West,19.210412,72.916296,0.25,21.9,2.34,0.4,5723.9,0.2,6102.4,4327.2,9474.9,0.0,0.797
MUM_001494,Mulund West,19.214928,72.916239,0.25,18.3,1.59,0.4,5472.9,0.2,6582.1,4411.1,9564.6,0.0,0.793
MUM_001495,Mulund West,19.219444,72.916182,0.25,10.12,3.85,0.4,5257.6,0.2,7064.6,4306.0,9199.7,0.0,0.78
MUM_001496,Mulund West,19.223959,72.916125,0.25,18.04,3.58,0.4,5082.5,0.2,7549.4,4096.9,8848.0,0.001,0.711
MUM_001497,Mulund West,19.228475,72.916068,0.25,13.38,3.4,0.4,4951.9,0.2,8036.0,3887.7,8511.1,0.001,0.704
MUM_001498,Borivali / Dahisar Subway,19.232991,72.916011,0.25,84.33,6.76,0.1,4869.4,0.2,8524.2,3678.5,8191.0,0.001,0.207
MUM_001499,Borivali / Dahisar Subway,19.237507,72.915954,0.25,100.82,10.99,0.1,4837.4,0.2,9013.7,3469.4,7889.5,0.001,0.342
MUM_001500,Borivali / Dahisar Subway,19.242022,72.915897,0.25,147.49,6.06,0.1,4784.3,0.2,9504.3,3260.2,7609.0,0.002,0.242
MUM_001501,Borivali / Dahisar Subway,19.246538,72.91584,0.25,151.21,6.31,0.1,4379.1,0.2,9995.8,3051.0,7351.8,0.002,0.433
MUM_001502,Borivali / Dahisar Subway,19.251054,72.915783,0.25,137.48,6.95,0.1,3995.4,0.2,10488.1,2841.9,7120.5,0.003,0.242
MUM_001503,Borivali / Dahisar Subway,19.255569,72.915726,0.25,90.53,11.9,0.1,3640.0,0.2,10981.1,2632.7,6917.7,0.003,0.394
MUM_001504,Borivali / Dahisar Subway,19.260085,72.915669,0.25,148.3,6.21,0.1,3322.1,0.2,11474.7,2423.5,6745.9,0.004,0.425
MUM_001505,Borivali / Dahisar Subway,19.264601,72.915612,0.25,174.19,11.78,0.1,3053.4,0.2,11968.8,2214.4,6607.6,0.004,0.272
MUM_001506,Borivali / Dahisar Subway,19.267949,72.915124,0.25,176.75,14.34,0.1,2847.8,0.2,12463.5,1993.1,6504.8,0.004,0.238
MUM_001507,Mumbai Central,,,0.25,15.92,2.41,0.4,2719.7,0.2,12958.5,1544.7,6439.3,0.005,0.724
MUM_001508,Chembur East,19.061817,72.92209,0.25,12.88,1.11,0.55,2680.2,0.2,13453.9,1096.3,6412.3,0.005,0.833
MUM_001509,Chembur East,19.065975,72.922843,0.25,9.3,2.0,0.55,2733.2,0.2,13949.6,648.0,6424.2,0.005,0.86
MUM_001510,Ghatkopar West,19.070477,72.922802,0.227,31.3,5.85,0.25,2852.2,0.2,14423.6,224.4,6457.1,0.005,0.656
MUM_001511,Ghatkopar West,19.074993,72.922746,0.0552,22.09,8.51,0.25,5709.3,0.2,5709.3,73.8,2907.2,0.089,0.761
MUM_001512,Ghatkopar West,19.079508,72.922689,0.2026,32.85,8.25,0.25,5635.8,0.2,5635.8,186.7,3025.3,0.08,0.66
MUM_001513,Ghatkopar West,19.084024,72.922633,0.25,44.79,6.87,0.25,5463.6,0.2,5463.6,398.9,3127.2,0.074,0.736
MUM_001514,Ghatkopar West,19.08854,72.922577,0.25,18.95,7.36,0.25,5243.5,0.2,5243.5,659.4,3267.0,0.066,0.654
MUM_001515,Ghatkopar West,19.093056,72.92252,0.25,47.29,4.93,0.25,5007.9,0.2,5007.9,900.7,3473.8,0.055,0.687
MUM_001516,Ghatkopar West,19.097572,72.922464,0.25,39.61,7.98,0.25,4735.2,0.2,4735.2,1057.3,3736.5,0.044,0.752
MUM_001517,Vikhroli East,19.102088,72.922407,0.25,8.29,2.64,0.4,4462.6,0.2,4462.6,1213.9,4044.2,0.034,0.8
MUM_001518,Vikhroli East,19.106603,72.922351,0.25,15.73,3.4,0.4,4189.9,0.2,4189.9,1370.5,4239.5,0.029,0.719
MUM_001519,Vikhroli East,19.111119,72.922295,0.25,10.33,2.16,0.4,3917.2,0.2,3917.2,1527.2,4123.5,0.032,0.819
MUM_001520,Powai / Hiranandani,19.115635,72.922238,0.25,39.11,6.68,0.25,3644.5,0.2,3644.5,1683.8,4066.2,0.034,0.744
MUM_001521,Powai / Hiranandani,19.120151,72.922182,0.25,50.78,6.06,0.25,3371.8,0.2,3371.8,1840.4,4070.0,0.034,0.733
MUM_001522,Powai / Hiranandani,19.124667,72.922125,0.25,38.46,8.1,0.25,3099.1,0.2,3099.1,1997.0,4134.6,0.032,0.665
MUM_001523,Powai / Hiranandani,19.129182,72.922069,0.25,39.32,6.18,0.25,2826.4,0.2,2826.4,2153.6,4257.5,0.029,0.732
MUM_001524,Powai / Hiranandani,19.133698,72.922012,0.25,58.68,8.3,0.25,2568.0,0.2,2568.0,2310.3,4433.6,0.025,0.656
MUM_001525,Powai / Hiranandani,19.138214,72.921956,0.25,47.33,4.97,0.25,2383.1,0.2,2383.1,2466.9,4656.9,0.021,0.742
MUM_001526,Powai / Hiranandani,19.14273,72.921899,0.25,36.54,6.46,0.25,2294.3,0.2,2294.3,2623.5,4921.1,0.017,0.753
MUM_001527,Powai / Hiranandani,19.147245,72.921843,0.25,22.0,6.0,0.25,2312.6,0.2,2312.6,2780.1,5220.0,0.013,0.721
MUM_001528,Powai / Hiranandani,19.151761,72.921786,0.25,30.19,5.38,0.25,2435.7,0.2,2435.7,2936.7,5547.9,0.01,0.741
MUM_001529,Powai / Hiranandani,19.156277,72.92173,0.25,36.8,8.91,0.25,2649.0,0.2,2649.0,3078.4,5900.0,0.007,0.72
MUM_001530,Mulund West,19.160793,72.921673,0.25,9.88,2.28,0.4,2932.9,0.2,2932.9,3162.4,6272.2,0.005,0.79
MUM_001531,Mulund West,19.165309,72.921616,0.25,20.2,3.23,0.4,3269.0,0.2,3269.0,3246.4,6661.1,0.004,0.814
MUM_001532,Mulund West,19.169824,72.92156,0.25,18.67,2.86,0.4,3642.9,0.2,3642.9,3330.4,7064.1,0.003,0.784
MUM_001533,Mulund West,19.17434,72.921503,0.25,13.03,2.22,0.4,4044.2,0.2,4044.2,3414.4,7478.8,0.002,0.738
MUM_001534,Mulund West,19.178856,72.921446,0.25,7.03,1.8,0.4,4465.4,0.2,4465.4,3498.3,7903.3,0.001,0.787
MUM_001535,Mulund West,19.183372,72.92139,0.25,12.69,2.96,0.4,4901.5,0.2,4901.5,3582.3,8336.2,0.001,0.732
MUM_001536,Mulund West,19.187887,72.921333,0.25,18.73,1.41,0.4,5348.7,0.2,5348.7,3666.3,8776.3,0.001,0.717
MUM_001537,Mulund West,19.192403,72.921276,0.25,12.33,3.52,0.4,5804.6,0.2,5804.6,3750.3,9222.5,0.0,0.772
MUM_001538,Mulund West,19.196919,72.92122,0.25,15.07,2.05,0.4,6152.2,0.2,6267.2,3834.3,9673.9,0.0,0.749
MUM_001539,Mulund West,19.201435,72.921163,0.25,17.92,2.73,0.4,5919.4,0.2,6735.1,3918.2,9906.7,0.0,0.802
MUM_001540,Mulund West,19.20595,72.921106,0.25,12.4,3.61,0.4,5720.9,0.2,7207.4,3851.9,9554.9,0.0,0.824
MUM_001541,Mulund West,19.210466,72.921049,0.25,8.0,1.88,0.4,5560.5,0.2,7683.2,3642.7,9216.7,0.0,0.763
MUM_001542,Mulund West,19.214982,72.920993,0.25,8.21,1.9,0.4,5441.3,0.2,8161.8,3433.6,8893.9,0.001,0.773
MUM_001543,Mulund West,19.219498,72.920936,0.25,18.56,1.79,0.4,5366.4,0.2,8642.9,3224.4,8588.0,0.001,0.763
MUM_001544,Mulund West,19.224013,72.920879,0.25,17.91,3.32,0.4,5337.4,0.2,9126.0,3015.2,8301.0,0.001,0.734
MUM_001545,Mulund West,19.228529,72.920822,0.25,16.13,3.78,0.4,5081.3,0.2,9610.9,2806.1,8034.8,0.001,0.728
MUM_001546,Mulund West,19.233045,72.920765,0.25,11.82,3.37,0.4,4701.7,0.2,10097.2,2596.9,7791.7,0.002,0.709
MUM_001547,Borivali / Dahisar Subway,19.237561,72.920708,0.25,113.6,7.38,0.1,4346.6,0.2,10584.8,2387.7,7573.9,0.002,0.233
MUM_001548,Borivali / Dahisar Subway,19.242076,72.920652,0.25,47.05,7.02,0.1,4022.4,0.2,11073.5,2178.6,7383.5,0.002,0.373
MUM_001549,Borivali / Dahisar Subway,19.246592,72.920595,0.25,98.73,15.71,0.1,3737.2,0.2,11563.2,1969.4,7222.8,0.002,0.2
MUM_001550,Borivali / Dahisar Subway,19.251108,72.920538,0.25,166.64,7.64,0.1,3500.5,0.2,12053.7,1760.2,7093.8,0.003,0.251
MUM_001551,Borivali / Dahisar Subway,19.255624,72.920481,0.25,159.84,9.32,0.1,3322.7,0.2,12545.0,1551.1,6998.1,0.003,0.21
MUM_001552,Borivali / Dahisar Subway,19.260139,72.920424,0.25,88.35,13.08,0.1,3213.5,0.2,13036.9,1323.4,6937.3,0.003,0.401
MUM_001553,Borivali / Dahisar Subway,19.26447,72.920226,0.25,145.14,14.63,0.1,3180.2,0.2,13529.4,875.0,6912.2,0.003,0.242
MUM_001554,Mumbai Central,,,0.25,20.18,2.32,0.4,3225.0,0.2,14022.5,426.7,6923.3,0.003,0.719
MUM_001555,Ghatkopar West,19.066975,72.926042,0.1129,37.87,6.36,0.25,3264.1,0.2,14384.6,111.3,6909.8,0.003,0.677
MUM_001556,Ghatkopar West,19.070777,72.927171,0.1087,44.77,5.87,0.25,5775.9,0.2,5775.9,108.0,3507.7,0.054,0.748
MUM_001557,Ghatkopar West,19.075046,72.927495,0.2361,55.66,4.74,0.25,5676.9,0.2,5676.9,248.4,3731.1,0.045,0.736
MUM_001558,Ghatkopar West,19.079562,72.927439,0.25,32.96,4.65,0.25,5427.0,0.2,5427.0,425.9,3921.4,0.038,0.727
MUM_001559,Ghatkopar West,19.084078,72.927383,0.25,20.4,5.98,0.25,5154.3,0.2,5154.3,582.5,4155.9,0.031,0.754
MUM_001560,Ghatkopar West,19.088594,72.927327,0.25,49.64,6.3,0.25,4881.6,0.2,4881.6,739.1,4434.6,0.025,0.676
MUM_001561,Ghatkopar West,19.093109,72.92727,0.25,23.59,6.24,0.25,4608.9,0.2,4608.9,895.7,4720.5,0.02,0.684
MUM_001562,Vikhroli East,19.097625,72.927214,0.25,14.6,1.62,0.4,4336.3,0.2,4336.3,1052.3,4616.7,0.021,0.749
MUM_001563,Vikhroli East,19.102141,72.927158,0.25,20.62,2.01,0.4,4063.6,0.2,4063.6,1208.9,4565.6,0.022,0.754
MUM_001564,Vikhroli East,19.106657,72.927102,0.25,12.44,2.78,0.4,3790.9,0.2,3790.9,1365.6,4568.9,0.022,0.718
MUM_001565,Vikhroli East,19.111173,72.927045,0.25,18.43,1.93,0.4,3518.2,0.2,3518.2,1522.2,4626.6,0.021,0.825
MUM_001566,Vikhroli East,19.115689,72.926989,0.25,15.85,2.81,0.4,3247.9,0.2,3247.9,1678.8,4736.7,0.019,0.814
MUM_001567,Vikhroli East,19.120204,72.926933,0.25,13.23,2.29,0.4,3022.1,0.2,3022.1,1835.4,4895.6,0.017,0.733
MUM_001568,Powai / Hiranandani,19.12472,72.926876,0.25,22.05,3.62,0.25,2866.6,0.2,2866.6,1992.0,5098.8,0.014,0.652
MUM_001569,Powai / Hiranandani,19.129236,72.92682,0.25,57.54,8.25,0.25,2793.2,0.2,2793.2,2148.6,5341.2,0.012,0.676
MUM_001570,Powai / Hiranandani,19.133752,72.926764,0.25,59.05,8.37,0.25,2808.3,0.2,2808.3,2305.3,5617.7,0.009,0.702
MUM_001571,Powai / Hiranandani,19.138268,72.926707,0.25,25.06,8.45,0.25,2910.5,0.2,2910.5,2461.9,5923.6,0.007,0.704
MUM_001572,Powai / Hiranandani,19.142783,72.926651,0.25,47.24,7.55,0.25,3091.2,0.2,3091.2,2585.5,6254.6,0.005,0.765
MUM_001573,Powai / Hiranandani,19.147299,72.926594,0.25,22.98,5.68,0.25,3337.7,0.2,3337.7,2669.5,6606.8,0.004,0.667
MUM_001574,Powai / Hiranandani,19.151815,72.926538,0.25,60.97,8.18,0.25,3636.6,0.2,3636.6,2753.5,6977.2,0.003,0.71
MUM_001575,Mulund West,19.156331,72.926482,0.25,21.63,2.92,0.4,3976.1,0.2,3976.1,2837.5,7362.8,0.002,0.829
MUM_001576,Mulund West,19.160847,72.926425,0.25,11.89,1.7,0.4,4346.7,0.2,4346.7,2921.5,7761.6,0.002,0.774
MUM_001577,Mulund West,19.165362,72.926369,0.25,13.78,1.73,0.4,4741.1,0.2,4741.1,3005.4,8171.5,0.001,0.756
MUM_001578,Mulund West,19.169878,72.926312,0.25,14.19,2.14,0.4,5153.9,0.2,5153.9,3089.4,8590.9,0.001,0.78
MUM_001579,Mulund West,19.174394,72.926256,0.25,8.28,3.6,0.4,5581.0,0.2,5581.0,3173.4,9018.5,0.001,0.752
MUM_001580,Mulund West,19.17891,72.926199,0.25,15.78,2.35,0.4,6019.3,0.2,6019.3,3257.4,9453.3,0.0,0.706
MUM_001581,Mulund West,19.183425,72.926142,0.25,12.45,2.06,0.4,6466.5,0.2,6466.5,3341.4,9894.2,0.0,0.765
MUM_001582,Mulund West,19.187941,72.926086,0.25,16.75,3.23,0.4,6373.9,0.2,6921.0,3425.3,10261.8,0.0,0.804
MUM_001583,Mulund West,19.192457,72.926029,0.25,13.47,3.98,0.4,6190.0,0.2,7381.4,3397.7,9922.6,0.0,0.757
MUM_001584,Mulund West,19.196973,72.925973,0.25,11.69,3.32,0.4,6042.0,0.2,7846.6,3188.6,9597.4,0.0,0.741
MUM_001585,Mulund West,19.201489,72.925916,0.25,8.62,2.08,0.4,5932.6,0.2,8315.9,2979.4,9287.8,0.0,0.763
MUM_001586,Mulund West,19.206004,72.92586,0.25,11.69,2.05,0.4,5863.9,0.2,8788.5,2770.2,8995.3,0.001,0.835
MUM_001587,Mulund West,19.21052,72.925803,0.25,7.78,2.85,0.4,5784.7,0.2,9264.1,2561.1,8721.7,0.001,0.82
MUM_001588,Mulund West,19.215036,72.925746,0.25,15.63,1.62,0.4,5408.3,0.2,9742.0,2351.9,8468.8,0.001,0.819
MUM_001589,Mulund West,19.219552,72.92569,0.25,17.62,2.9,0.4,5053.3,0.2,10222.1,2142.8,8238.5,0.001,0.726
MUM_001590,Mulund West,19.224067,72.925633,0.25,9.29,1.36,0.4,4724.7,0.2,10704.0,1933.6,8032.8,0.001,0.749
MUM_001591,Mulund West,19.228583,72.925576,0.25,15.15,3.43,0.4,4428.3,0.2,11187.5,1724.4,7853.5,0.001,0.779
MUM_001592,Mulund West,19.233099,72.925519,0.25,8.35,2.49,0.4,4170.9,0.2,11672.4,1515.3,7702.6,0.002,0.738
MUM_001593,Mulund West,19.237615,72.925463,0.25,17.82,1.97,0.4,3960.2,0.2,12158.5,1306.1,7581.7,0.002,0.781
MUM_001594,Borivali / Dahisar Subway,19.24213,72.925406,0.25,88.04,8.55,0.1,3804.0,0.2,12645.7,1096.9,7492.4,0.002,0.339
MUM_001595,Borivali / Dahisar Subway,19.246646,72.925349,0.25,119.0,13.01,0.1,3709.0,0.2,13133.9,887.8,7435.6,0.002,0.201
MUM_001596,Borivali / Dahisar Subway,19.251162,72.925292,0.25,68.51,8.54,0.1,3680.2,0.2,13622.9,653.7,7412.2,0.002,0.321
MUM_001597,Borivali / Dahisar Subway,19.255678,72.925236,0.2289,118.71,6.01,0.1,3702.3,0.2,14091.7,228.3,7407.4,0.002,0.445
MUM_001598,Borivali / Dahisar Subway,19.260193,72.925179,0.0992,154.65,6.21,0.1,5705.6,0.2,5705.6,99.6,4259.8,0.029,0.207
MUM_001599,Borivali / Dahisar Subway,19.263567,72.924703,0.1817,92.09,12.61,0.1,5508.5,0.2,5508.5,175.5,4542.9,0.023,0.286
MUM_001600,Mumbai Central,,,0.2455,12.54,3.86,0.4,5295.3,0.2,5295.3,269.4,4843.6,0.018,0.741
MUM_001601,Ghatkopar West,19.075615,72.931065,0.25,35.03,8.21,0.25,5028.0,0.2,5028.0,420.9,5135.2,0.014,0.742
MUM_001602,Ghatkopar West,19.079709,72.932072,0.25,63.19,5.57,0.25,4755.3,0.2,4755.3,577.5,5111.2,0.014,0.662
MUM_001603,Ghatkopar West,19.084131,72.932133,0.25,38.36,4.85,0.25,4482.6,0.2,4482.6,734.1,5065.1,0.015,0.746
MUM_001604,Ghatkopar West,19.088647,72.932077,0.25,39.47,4.63,0.25,4210.0,0.2,4210.0,890.7,5068.1,0.015,0.698
MUM_001605,Vikhroli East,19.093163,72.93202,0.25,8.77,2.13,0.4,3937.3,0.2,3937.3,1047.3,5120.1,0.014,0.797
MUM_001606,Vikhroli East,19.097679,72.931964,0.25,17.41,1.41,0.4,3686.0,0.2,3686.0,1204.0,5219.8,0.013,0.798
MUM_001607,Vikhroli East,19.102194,72.931908,0.25,19.41,2.28,0.4,3488.8,0.2,3488.8,1360.6,5364.4,0.011,0.779
MUM_001608,Vikhroli East,19.10671,72.931852,0.25,10.15,2.04,0.4,3355.0,0.2,3355.0,1517.2,5550.5,0.01,0.723
MUM_001609,Vikhroli East,19.111226,72.931796,0.25,18.68,3.98,0.4,3292.5,0.2,3292.5,1673.8,5773.9,0.008,0.758
MUM_001610,Vikhroli East,19.115742,72.93174,0.25,19.93,2.34,0.4,3305.3,0.2,3305.3,1830.4,6030.7,0.007,0.704
MUM_001611,Vikhroli East,19.120258,72.931684,0.25,14.97,2.08,0.4,3392.6,0.2,3392.6,1987.0,6316.6,0.005,0.831
MUM_001612,Vikhroli East,19.124774,72.931627,0.25,16.44,1.54,0.4,3548.8,0.2,3548.8,2092.6,6628.0,0.004,0.778
MUM_001613,Powai / Hiranandani,19.129289,72.931571,0.25,47.17,3.7,0.25,3765.4,0.2,3765.4,2176.6,6961.4,0.003,0.745
MUM_001614,Powai / Hiranandani,19.133805,72.931515,0.25,18.21,6.51,0.25,4032.7,0.2,4032.7,2260.6,7313.8,0.002,0.676
MUM_001615,Powai / Hiranandani,19.138321,72.931459,0.25,58.23,7.92,0.25,4341.4,0.2,4341.4,2344.6,7682.6,0.002,0.699
MUM_001616,Powai / Hiranandani,19.142837,72.931402,0.25,18.45,4.64,0.25,4683.1,0.2,4683.1,2428.6,8065.5,0.001,0.68
MUM_001617,Powai / Hiranandani,19.147353,72.931346,0.25,57.32,4.13,0.25,5051.4,0.2,5051.4,2512.5,8460.7,0.001,0.667
MUM_001618,Mulund West,19.151869,72.93129,0.25,19.0,2.5,0.4,5440.7,0.2,5440.7,2596.5,8866.4,0.001,0.803
MUM_001619,Mulund West,19.156384,72.931233,0.25,19.4,2.5,0.4,5846.8,0.2,5846.8,2680.5,9281.4,0.0,0.758
MUM_001620,Mulund West,19.1609,72.931177,0.25,17.99,1.98,0.4,6266.6,0.2,6266.6,2764.5,9704.4,0.0,0.802
MUM_001621,Mulund West,19.165416,72.931121,0.25,13.91,1.26,0.4,6697.3,0.2,6697.3,2848.5,10134.4,0.0,0.821
MUM_001622,Mulund West,19.169932,72.931064,0.25,20.9,2.46,0.4,6834.7,0.2,7137.1,2932.5,10570.5,0.0,0.735
MUM_001623,Mulund West,19.174448,72.931008,0.25,16.94,2.9,0.4,6663.6,0.2,7584.4,2943.6,10301.4,0.0,0.823
MUM_001624,Mulund West,19.178963,72.930952,0.25,19.22,1.23,0.4,6526.3,0.2,8037.9,2734.4,9988.6,0.0,0.809
MUM_001625,Mulund West,19.183479,72.930895,0.25,10.16,2.67,0.4,6425.1,0.2,8496.6,2525.3,9691.4,0.0,0.722
MUM_001626,Mulund West,19.187995,72.930839,0.25,11.1,2.56,0.4,6361.7,0.2,8959.7,2316.1,9411.5,0.0,0.834
MUM_001627,Mulund West,19.192511,72.930782,0.25,12.62,3.92,0.4,6115.0,0.2,9426.6,2106.9,9150.4,0.0,0.755
MUM_001628,Mulund West,19.197026,72.930726,0.25,17.29,1.61,0.4,5760.2,0.2,9896.8,1897.8,8909.6,0.001,0.833
MUM_001629,Mulund West,19.201542,72.930669,0.25,13.69,3.24,0.4,5428.3,0.2,10369.7,1688.6,8691.0,0.001,0.796
MUM_001630,Mulund West,19.206058,72.930613,0.25,14.01,2.87,0.4,5123.8,0.2,10845.0,1479.4,8496.3,0.001,0.797
MUM_001631,Mulund West,19.210574,72.930556,0.25,16.91,3.32,0.4,4851.8,0.2,11322.5,1270.3,8327.0,0.001,0.811
MUM_001632,Mulund West,19.21509,72.9305,0.25,11.95,3.89,0.4,4618.1,0.2,11801.9,1061.1,8184.9,0.001,0.811
MUM_001633,Mulund West,19.219605,72.930443,0.25,11.23,3.05,0.4,4428.7,0.2,12282.8,851.9,8071.2,0.001,0.747
MUM_001634,Mulund West,19.224121,72.930387,0.25,18.61,3.94,0.4,4289.5,0.2,12765.3,642.8,7987.3,0.001,0.71
MUM_001635,Mulund West,19.228637,72.93033,0.25,20.98,1.78,0.4,4205.6,0.2,13249.0,433.6,7934.1,0.001,0.742
MUM_001636,Mulund West,19.233153,72.930274,0.2349,19.31,2.52,0.4,4166.5,0.2,13720.4,241.2,7898.7,0.001,0.709
MUM_001637,Mulund West,19.237668,72.930217,0.0915,12.16,3.45,0.4,4103.5,0.2,14087.5,128.9,7818.5,0.001,0.835
MUM_001638,Mulund West,19.242184,72.93016,0.0966,19.63,3.48,0.4,5304.1,0.2,5304.1,97.3,5438.8,0.011,0.798
MUM_001639,Borivali / Dahisar Subway,19.2467,72.930104,0.179,139.9,7.56,0.1,5107.1,0.2,5107.1,173.0,5537.0,0.01,0.3
MUM_001640,Borivali / Dahisar Subway,19.251216,72.930047,0.2446,126.54,11.22,0.1,4895.2,0.2,4895.2,265.4,5559.4,0.01,0.206
MUM_001641,Borivali / Dahisar Subway,19.255731,72.92999,0.25,128.88,6.12,0.1,4629.0,0.2,4629.0,415.9,5567.4,0.01,0.228
MUM_001642,Borivali / Dahisar Subway,19.260078,72.929802,0.25,167.14,13.4,0.1,4363.6,0.2,4363.6,572.5,5614.8,0.009,0.351
MUM_001643,Mumbai Central,,,0.25,10.13,3.16,0.4,4138.3,0.2,4138.3,729.1,5705.9,0.009,0.73
MUM_001644,Mumbai Central,,,0.25,11.08,2.13,0.4,3963.6,0.2,3963.6,885.7,5838.4,0.008,0.748
MUM_001645,Ghatkopar West,19.084482,72.9355,0.25,22.71,7.56,0.25,3846.3,0.2,3846.3,1042.4,6009.8,0.007,0.697
MUM_001646,Vikhroli East,19.088864,72.936205,0.25,17.6,1.69,0.4,3791.9,0.2,3791.9,1199.0,6216.8,0.006,0.837
MUM_001647,Vikhroli East,19.093248,72.93673,0.25,10.87,3.96,0.4,3803.1,0.2,3803.1,1355.6,6455.9,0.005,0.779
MUM_001648,Vikhroli East,19.097732,72.936715,0.25,11.23,1.43,0.4,3879.1,0.2,3879.1,1512.2,6723.8,0.004,0.712
MUM_001649,Vikhroli East,19.102248,72.936659,0.25,17.25,3.24,0.4,4016.5,0.2,4016.5,1599.7,7017.1,0.003,0.782
MUM_001650,Vikhroli East,19.106764,72.936603,0.25,19.12,3.76,0.4,4209.1,0.2,4209.1,1683.7,7332.9,0.002,0.836
MUM_001651,Vikhroli East,19.111279,72.936547,0.25,9.09,1.39,0.4,4449.9,0.2,4449.9,1767.7,7668.2,0.002,0.832
MUM_001652,Vikhroli East,19.115795,72.936491,0.25,20.14,3.28,0.4,4731.4,0.2,4731.4,1851.7,8020.7,0.001,0.792
MUM_001653,Vikhroli East,19.120311,72.936434,0.25,12.44,1.38,0.4,5046.8,0.2,5046.8,1935.7,8388.2,0.001,0.774
MUM_001654,Vikhroli East,19.124827,72.936378,0.25,20.27,3.99,0.4,5390.2,0.2,5390.2,2019.6,8768.9,0.001,0.835
MUM_001655,Vikhroli East,19.129343,72.936322,0.25,15.16,2.33,0.4,5756.7,0.2,5756.7,2103.6,9161.0,0.0,0.702
MUM_001656,Vikhroli East,19.133859,72.936266,0.25,15.54,2.73,0.4,6142.0,0.2,6142.0,2187.6,9563.2,0.0,0.712
MUM_001657,Powai / Hiranandani,19.138374,72.93621,0.25,39.82,4.77,0.25,6542.8,0.2,6542.8,2271.6,9974.2,0.0,0.721
MUM_001658,Powai / Hiranandani,19.14289,72.936154,0.25,37.45,5.86,0.25,6956.5,0.2,6956.5,2355.6,10393.1,0.0,0.727
MUM_001659,Powai / Hiranandani,19.147406,72.936098,0.25,58.1,6.6,0.25,7300.7,0.2,7380.9,2439.6,10818.8,0.0,0.718
MUM_001660,Mulund West,19.151922,72.936042,0.25,11.52,3.44,0.4,7140.7,0.2,7814.2,2489.5,10690.2,0.0,0.713
MUM_001661,Mulund West,19.156438,72.935985,0.25,17.62,2.26,0.4,7012.8,0.2,8255.1,2280.3,10389.1,0.0,0.762
MUM_001662,Mulund West,19.160954,72.935929,0.25,13.57,1.78,0.4,6918.8,0.2,8702.3,2071.1,10103.7,0.0,0.72
MUM_001663,Mulund West,19.165469,72.935873,0.25,19.49,1.66,0.4,6821.7,0.2,9155.1,1862.0,9835.5,0.0,0.838
MUM_001664,Mulund West,19.169985,72.935817,0.25,16.39,2.44,0.4,6467.1,0.2,9612.5,1652.8,9586.0,0.0,0.804
MUM_001665,Mulund West,19.174501,72.93576,0.25,8.58,1.77,0.4,6132.7,0.2,10073.9,1443.6,9356.4,0.0,0.742
MUM_001666,Mulund West,19.179017,72.935704,0.25,7.28,2.94,0.4,5822.0,0.2,10538.9,1234.5,9148.5,0.0,0.761
MUM_001667,Mulund West,19.183533,72.935648,0.25,18.52,1.2,0.4,5539.2,0.2,11007.0,1025.3,8963.7,0.001,0.775
MUM_001668,Mulund West,19.188048,72.935592,0.25,20.41,1.38,0.4,5288.6,0.2,11477.7,816.1,8803.5,0.001,0.744
MUM_001669,Mulund West,19.192564,72.935535,0.25,13.24,2.46,0.4,5075.1,0.2,11950.8,607.0,8669.1,0.001,0.708
MUM_001670,Mulund West,19.19708,72.935479,0.25,13.63,1.35,0.4,4903.4,0.2,12426.0,397.8,8561.9,0.001,0.791
MUM_001671,Mulund West,19.201596,72.935423,0.2231,18.84,1.31,0.4,4758.1,0.2,12880.5,217.1,8461.3,0.001,0.714
MUM_001672,Mulund West,19.206112,72.935366,0.1137,21.68,3.69,0.4,4581.4,0.2,13306.1,112.1,8309.6,0.001,0.717
MUM_001673,Mulund West,19.210627,72.93531,0.094,11.4,2.78,0.4,4902.7,0.2,4902.7,95.0,5918.8,0.007,0.79
MUM_001674,Mulund West,19.215143,72.935253,0.1764,21.16,2.2,0.4,4732.5,0.2,4732.5,170.6,6043.1,0.007,0.838
MUM_001675,Mulund West,19.219659,72.935197,0.2437,14.17,3.81,0.4,4593.1,0.2,4593.1,261.4,6189.3,0.006,0.731
MUM_001676,Mulund West,19.224175,72.935141,0.25,17.41,3.09,0.4,4443.9,0.2,4443.9,410.9,6316.5,0.005,0.708
MUM_001677,Mulund West,19.228691,72.935084,0.25,11.15,2.14,0.4,4339.7,0.2,4339.7,567.5,6475.2,0.005,0.711
MUM_001678,Mulund West,19.233206,72.935028,0.25,17.3,1.32,0.4,4291.5,0.2,4291.5,724.1,6667.7,0.004,0.755
MUM_001679,Mulund West,19.237722,72.934971,0.25,8.55,1.48,0.4,4301.3,0.2,4301.3,880.8,6891.3,0.003,0.818
MUM_001680,Mulund West,19.242238,72.934915,0.25,17.8,2.17,0.4,4368.8,0.2,4368.8,1022.9,7142.8,0.003,0.767
MUM_001681,Mulund West,19.246754,72.934858,0.25,14.35,3.72,0.4,4491.2,0.2,4491.2,1106.8,7419.6,0.002,0.779
MUM_001682,Borivali / Dahisar Subway,19.251269,72.934802,0.25,76.59,10.82,0.1,4664.2,0.2,4664.2,1190.8,7718.9,0.002,0.319
MUM_001683,Borivali / Dahisar Subway,19.255688,72.934617,0.25,159.78,13.65,0.1,4882.6,0.2,4882.6,1274.8,8038.1,0.001,0.272
MUM_001684,Borivali / Dahisar Subway,19.259271,72.933765,0.25,179.04,8.31,0.1,5140.4,0.2,5140.4,1358.8,8375.1,0.001,0.273
MUM_001685,Mumbai Central,,,0.25,8.77,2.42,0.4,5432.2,0.2,5432.2,1442.8,8727.7,0.001,0.711
MUM_001686,Vikhroli East,19.098091,72.940059,0.25,14.98,1.86,0.4,5752.7,0.2,5752.7,1526.8,9094.1,0.001,0.748
MUM_001687,Vikhroli East,19.102467,72.940763,0.25,7.11,2.75,0.4,6097.3,0.2,6097.3,1610.7,9472.8,0.0,0.799
MUM_001688,Vikhroli East,19.106854,72.941305,0.25,9.81,1.42,0.4,6462.4,0.2,6462.4,1694.7,9862.3,0.0,0.732
MUM_001689,Vikhroli East,19.111333,72.941297,0.25,21.63,1.79,0.4,6844.5,0.2,6844.5,1778.7,10261.3,0.0,0.732
MUM_001690,Vikhroli East,19.115849,72.941241,0.25,8.26,2.68,0.4,7240.9,0.2,7240.9,1862.7,10668.9,0.0,0.792
MUM_001691,Vikhroli East,19.120364,72.941185,0.25,10.02,3.49,0.4,7649.5,0.2,7649.5,1946.7,11084.1,0.0,0.746
MUM_001692,Vikhroli East,19.12488,72.941129,0.25,15.02,2.24,0.4,7620.8,0.2,8068.5,2030.6,11087.9,0.0,0.72
MUM_001693,Vikhroli East,19.129396,72.941073,0.25,20.55,2.49,0.4,7501.1,0.2,8496.1,1826.1,10797.9,0.0,0.771
MUM_001694,Vikhroli East,19.133912,72.941018,0.25,17.0,2.21,0.4,7413.2,0.2,8931.3,1617.0,10523.6,0.0,0.704
MUM_001695,Vikhroli East,19.138428,72.940962,0.25,13.07,2.11,0.4,7174.0,0.2,9373.0,1407.8,10266.4,0.0,0.764
MUM_001696,Vikhroli East,19.142944,72.940905,0.25,14.94,2.67,0.4,6837.6,0.2,9820.3,1198.6,10027.6,0.0,0.783
MUM_001697,Mulund West,19.147459,72.940849,0.25,7.68,2.33,0.4,6522.2,0.2,10272.4,989.5,9808.4,0.0,0.814
MUM_001698,Mulund West,19.151975,72.940793,0.25,18.37,2.59,0.4,6231.1,0.2,10728.8,780.3,9610.3,0.0,0.71
MUM_001699,Mulund West,19.156491,72.940737,0.25,19.59,1.89,0.4,5967.7,0.2,11188.9,571.1,9434.5,0.0,0.724
MUM_001700,Mulund West,19.161007,72.940681,0.25,11.71,3.32,0.4,5735.8,0.2,11652.3,362.0,9282.4,0.0,0.816
MUM_001701,Mulund West,19.165523,72.940625,0.2079,7.99,3.77,0.4,5512.5,0.2,12085.1,195.8,9123.8,0.0,0.753
MUM_001702,Mulund West,19.170039,72.940569,0.094,20.06,1.92,0.4,5258.5,0.2,12490.9,96.0,8920.9,0.001,0.797
MUM_001703,Mulund West,19.174554,72.940513,0.0913,19.37,3.84,0.4,4771.1,0.2,4771.1,92.6,6660.8,0.004,0.832
MUM_001704,Mulund West,19.17907,72.940457,0.1738,19.02,1.81,0.4,4759.4,0.2,4759.4,168.1,6883.1,0.003,0.836
MUM_001705,Mulund West,19.183586,72.940401,0.2426,21.11,1.21,0.4,4784.1,0.2,4784.1,257.6,7121.0,0.003,0.803
MUM_001706,Mulund West,19.188102,72.940344,0.25,14.61,2.99,0.4,4800.0,0.2,4800.0,405.9,7334.8,0.002,0.809
MUM_001707,Mulund West,19.192618,72.940288,0.25,16.49,2.57,0.4,4860.5,0.2,4860.5,530.0,7571.7,0.002,0.817
MUM_001708,Mulund West,19.197134,72.940232,0.25,19.49,2.82,0.4,4970.8,0.2,4970.8,613.9,7833.3,0.001,0.803
MUM_001709,Mulund West,19.201649,72.940176,0.25,20.62,2.76,0.4,5127.7,0.2,5127.7,697.9,8117.4,0.001,0.788
MUM_001710,Mulund West,19.206165,72.94012,0.25,7.01,3.22,0.4,5327.1,0.2,5327.1,781.9,8421.5,0.001,0.74
MUM_001711,Mulund West,19.210681,72.940063,0.25,12.98,3.56,0.4,5564.4,0.2,5564.4,865.9,8743.7,0.001,0.704
MUM_001712,Mulund West,19.215197,72.940007,0.25,20.37,2.38,0.4,5835.0,0.2,5835.0,949.9,9082.0,0.001,0.786
MUM_001713,Mulund West,19.219713,72.939951,0.25,20.63,2.0,0.4,6134.4,0.2,6134.4,1033.9,9434.7,0.0,0.721
MUM_001714,Mulund West,19.224228,72.939895,0.25,18.7,3.5,0.4,6458.8,0.2,6458.8,1117.8,9800.2,0.0,0.819
MUM_001715,Mulund West,19.228744,72.939838,0.25,19.23,3.31,0.4,6804.4,0.2,6804.4,1201.8,10177.2,0.0,0.786
MUM_001716,Mulund West,19.23326,72.939782,0.25,20.82,1.61,0.4,7168.3,0.2,7168.3,1285.8,10564.4,0.0,0.84
MUM_001717,Mulund West,19.237776,72.939726,0.25,15.45,3.85,0.4,7547.8,0.2,7547.8,1369.8,10960.7,0.0,0.732
MUM_001718,Mulund West,19.242292,72.939669,0.25,8.01,3.19,0.4,7940.6,0.2,7940.6,1453.8,11365.2,0.0,0.703
MUM_001719,Mulund West,19.246656,72.939388,0.25,13.86,3.71,0.4,8103.3,0.2,8345.0,1537.7,11493.6,0.0,0.701
MUM_001720,Mulund West,19.250928,72.938357,0.25,17.09,2.44,0.4,7990.8,0.2,8759.2,1372.0,11214.1,0.0,0.733
MUM_001721,Mumbai Central,,,0.25,7.66,2.1,0.4,7880.9,0.2,9181.9,1162.8,10950.3,0.0,0.82
MUM_001722,Mumbai Central,,,0.25,14.28,2.05,0.4,7542.9,0.2,9612.1,953.7,10703.3,0.0,0.84
MUM_001723,Vikhroli East,19.1117,72.944619,0.25,17.47,2.97,0.4,7223.8,0.2,10048.7,744.5,10474.4,0.0,0.839
MUM_001724,Vikhroli East,19.11607,72.945321,0.25,18.64,3.23,0.4,6926.0,0.2,10491.0,535.3,10264.8,0.0,0.825
MUM_001725,Vikhroli East,19.12046,72.945879,0.25,11.08,2.64,0.4,6652.5,0.2,10938.2,326.2,10075.6,0.0,0.741
MUM_001726,Vikhroli East,19.124933,72.945881,0.1894,14.75,1.8,0.4,6369.8,0.2,11344.0,177.3,9864.1,0.0,0.77
MUM_001727,Vikhroli East,19.129449,72.945825,0.0743,21.65,3.16,0.4,6070.5,0.2,11721.9,81.0,9626.1,0.0,0.74
MUM_001728,Vikhroli East,19.133965,72.945769,0.088,13.18,3.67,0.4,5145.7,0.2,5145.7,91.0,7660.1,0.002,0.712
MUM_001729,Vikhroli East,19.138481,72.945713,0.1438,11.16,2.25,0.4,5251.9,0.2,5251.9,142.8,7922.1,0.001,0.768
MUM_001730,Mulund West,19.142997,72.945657,0.1864,11.67,3.91,0.4,5395.6,0.2,5395.6,184.5,8207.9,0.001,0.795
MUM_001731,Mulund West,19.147513,72.945601,0.229,20.12,4.0,0.4,5580.8,0.2,5580.8,226.4,8514.0,0.001,0.71
MUM_001732,Mulund West,19.152029,72.945545,0.25,11.27,1.92,0.4,5780.7,0.2,5780.7,289.0,8816.6,0.001,0.751
MUM_001733,Mulund West,19.156544,72.945489,0.25,8.16,1.78,0.4,6000.1,0.2,6000.1,373.0,9124.9,0.0,0.751
MUM_001734,Mulund West,19.16106,72.945433,0.25,17.13,2.6,0.4,6251.8,0.2,6251.8,457.0,9449.5,0.0,0.793
MUM_001735,Mulund West,19.165576,72.945377,0.25,18.57,1.72,0.4,6532.2,0.2,6532.2,541.0,9789.0,0.0,0.839
MUM_001736,Mulund West,19.170092,72.945321,0.25,19.75,2.74,0.4,6837.7,0.2,6837.7,624.9,10141.7,0.0,0.789
MUM_001737,Mulund West,19.174608,72.945265,0.25,13.13,2.78,0.4,7165.1,0.2,7165.1,708.9,10506.4,0.0,0.782
MUM_001738,Mulund West,19.179124,72.945209,0.25,9.45,3.55,0.4,7511.5,0.2,7511.5,792.9,10881.9,0.0,0.784
MUM_001739,Mulund West,19.183639,72.945153,0.25,19.93,1.66,0.4,7874.5,0.2,7874.5,876.9,11267.1,0.0,0.831
MUM_001740,Mulund West,19.188155,72.945097,0.25,13.42,2.19,0.4,8251.8,0.2,8251.8,960.9,11660.9,0.0,0.791
MUM_001741,Mulund West,19.192671,72.945041,0.25,18.34,1.39,0.4,8587.8,0.2,8641.6,1044.8,11906.5,0.0,0.75
MUM_001742,Mulund West,19.197187,72.944985,0.25,18.59,1.62,0.4,8481.8,0.2,9042.2,917.8,11636.9,0.0,0.705
MUM_001743,Mulund West,19.201703,72.944929,0.25,10.2,3.28,0.4,8248.6,0.2,9452.3,708.7,11382.9,0.0,0.753
MUM_001744,Mulund West,19.206219,72.944873,0.25,21.54,2.34,0.4,7926.3,0.2,9870.7,499.5,11145.5,0.0,0.705
MUM_001745,Mulund West,19.210734,72.944817,0.2478,16.77,2.3,0.4,7622.6,0.2,10293.6,293.1,10924.8,0.0,0.736
MUM_001746,Mulund West,19.21525,72.944761,0.1697,16.8,2.66,0.4,7295.0,0.2,10667.6,160.0,10667.8,0.0,0.709
MUM_001747,Mulund West,19.219766,72.944705,0.0546,19.84,3.9,0.4,6976.1,0.2,11006.5,67.9,10410.4,0.0,0.768
MUM_001748,Mulund West,19.224282,72.944648,0.0642,16.05,2.12,0.4,6293.4,0.2,6293.4,65.6,9389.0,0.0,0.837
MUM_001749,Mulund West,19.228798,72.944592,0.1068,13.32,2.29,0.4,6566.1,0.2,6566.1,106.7,9730.8,0.0,0.803
MUM_001750,Mulund West,19.233313,72.944536,0.1494,20.32,3.42,0.4,6867.0,0.2,6867.0,148.3,10089.6,0.0,0.708
MUM_001751,Mulund West,19.237629,72.944127,0.192,16.14,1.74,0.4,7191.2,0.2,7191.2,190.0,10461.2,0.0,0.717
MUM_001752,Mulund West,19.241869,72.943058,0.2342,18.73,1.24,0.4,7534.6,0.2,7534.6,232.3,10843.3,0.0,0.744
MUM_001753,Mumbai Central,,,0.25,13.53,3.61,0.4,7871.6,0.2,7871.6,300.0,11212.8,0.0,0.767
MUM_001754,Mumbai Central,,,0.25,8.28,3.63,0.4,8218.6,0.2,8218.6,384.0,11586.9,0.0,0.72
MUM_001755,Vikhroli East,19.12531,72.949179,0.25,15.45,1.86,0.4,8580.8,0.2,8580.8,468.0,11970.3,0.0,0.733
MUM_001756,Vikhroli East,19.129673,72.949881,0.25,12.0,1.36,0.4,8956.3,0.2,8956.3,551.9,12325.8,0.0,0.772
MUM_001757,Vikhroli East,19.134067,72.950454,0.25,20.53,1.27,0.4,8954.5,0.2,9343.4,463.7,12065.6,0.0,0.767
MUM_001758,Vikhroli East,19.138534,72.950464,0.2422,20.6,2.49,0.4,8627.9,0.2,9731.7,263.6,11817.4,0.0,0.832
MUM_001759,Mulund West,19.14305,72.950409,0.15,13.15,2.8,0.4,8267.1,0.2,10068.4,142.9,11523.5,0.0,0.727
MUM_001760,Mulund West,19.147566,72.950353,0.0371,12.68,2.73,0.4,7944.3,0.2,10361.8,56.0,11257.5,0.0,0.805
MUM_001761,Mulund West,19.152082,72.950297,0.0272,19.2,3.69,0.4,8125.0,0.2,8125.0,32.3,11452.8,0.0,0.772
MUM_001762,Mulund West,19.156597,72.950241,0.0698,14.15,1.21,0.4,8466.0,0.2,8466.0,70.9,11818.4,0.0,0.734
MUM_001763,Mulund West,19.161113,72.950186,0.1124,9.7,3.68,0.4,8841.6,0.2,8841.6,112.1,12215.3,0.0,0.721
MUM_001764,Mulund West,19.165629,72.95013,0.155,13.68,1.22,0.4,9232.3,0.2,9232.3,153.7,12623.2,0.0,0.71
MUM_001765,Mulund West,19.170145,72.950074,0.1298,21.91,1.61,0.4,9270.9,0.2,9561.0,126.4,12419.8,0.0,0.826
