grid_id,date,latitude,longitude,x_utm,y_utm,rainfall_daily_mm,rainfall_cum_2d_mm,rainfall_cum_3d_mm,rainfall_cum_7d_mm,rainfall_delta_mm,elevation_m,slope_deg,low_lying_score,built_up_ratio,water_ratio,vegetation_ratio,worldcover_class,soil_clay_0_5cm,dist_to_swd_m,dist_to_macro_drain_m,dist_to_micro_drain_m,dist_to_river_stream_m,dist_to_buckingham_canal_m,dist_to_krishna_water_canal_m,drainage_density_m_per_km2,building_count,building_area_m2,dist_to_hospital_m,hospital_count_1km,dist_to_fire_station_m,dist_to_police_m,flood_occurred
CHN_G0112,2015-10-01,12.859722,80.223538,415750.0,1421750.0,2.31,2.38,3.15,31.0,2.23,3.41,0.8,0.654,0.214,0.041,0.733,30,280.0,563.7,6799.7,2443.7,196.5,1373.9,54842.8,0.0,0,0.0,1193.9,0,12961.8,4442.9,0
CHN_G1209,2015-11-15,12.977335,80.246224,418250.0,1434750.0,14.72,16.98,152.32,415.01,12.45,3.88,1.35,0.811,0.713,0.0,0.286,50,60.0,37.4,5860.1,3284.0,1605.5,775.4,46989.6,4017.0,291,48232.1,904.6,1,2017.0,1537.0,1
CHN_G0125,2015-10-01,12.859892,80.283439,422250.0,1421750.0,2.45,2.53,3.25,30.89,2.38,0.0,0.0,0.582,0.0,1.0,0.0,80,103.0,4466.8,8245.8,8227.4,5730.2,4768.2,59057.3,0.0,0,0.0,6622.7,0,14281.9,7493.0,0
CHN_G1634,2015-11-15,13.02261,80.269142,420750.0,1439750.0,14.91,16.5,157.13,404.55,13.33,9.68,3.51,0.422,0.482,0.075,0.444,50,213.0,44.5,6645.7,2998.0,203.6,1083.8,45789.4,5555.1,539,68245.2,305.1,11,2433.1,243.8,1
CHN_G1328,2015-11-15,12.990802,80.213912,414750.0,1436250.0,14.49,17.94,150.08,415.36,11.03,10.8,3.42,0.672,0.849,0.111,0.039,50,17.0,37.0,5243.6,39.5,624.2,3923.3,43407.3,6047.4,0,0.0,274.4,8,2143.6,989.8,1
CHN_G0145,2015-10-01,12.864116,80.182053,411250.0,1422250.0,2.24,2.32,3.11,31.05,2.16,6.25,0.42,0.725,0.013,0.0,0.987,30,324.0,3055.5,8278.7,2353.0,59.9,5848.8,51409.8,0.0,105,21715.1,2570.4,0,10246.2,3699.5,0
CHN_G0128,2015-10-01,12.86386,80.103721,402750.0,1422250.0,2.36,2.44,3.19,30.96,2.29,31.32,0.35,0.694,0.485,0.0,0.515,50,291.0,11116.0,6893.1,10696.0,518.7,14277.4,46236.9,0.0,0,0.0,3513.3,0,9399.6,6880.5,0
CHN_G1453,2015-11-15,13.004351,80.209259,414250.0,1437750.0,14.47,17.98,150.28,415.74,10.95,11.26,1.35,0.767,0.87,0.0,0.128,50,307.0,36.3,4960.8,530.8,1616.0,4183.7,42013.9,10664.8,0,0.0,297.6,9,3636.0,574.7,1
CHN_G1202,2015-11-15,12.977239,80.213955,414750.0,1434750.0,14.3,18.7,149.61,414.52,9.9,7.79,2.97,0.597,0.991,0.0,0.009,50,20.0,57.0,5467.0,544.6,544.2,4221.2,44459.7,9442.4,163,13727.1,292.4,12,1484.3,859.7,1
CHN_G0201,2015-10-01,12.868831,80.24655,418250.0,1422750.0,2.33,2.4,3.17,30.98,2.25,4.89,1.05,0.465,0.705,0.0,0.292,50,194.0,344.7,5784.8,4110.7,2310.0,684.2,55666.2,0.0,127,29917.1,2521.7,0,12121.7,3987.6,0
CHN_G0622,2015-11-15,12.914054,80.251023,418750.0,1427750.0,14.31,18.56,152.54,413.47,10.06,13.51,3.34,0.0,0.439,0.0,0.558,10,63.0,845.1,1320.2,3258.7,5159.6,1027.4,52287.7,0.0,19,1582.1,313.7,1,7394.1,2891.6,1
CHN_G1749,2015-11-15,13.036025,80.218381,415250.0,1441250.0,14.21,18.3,157.24,420.99,10.13,14.99,2.19,0.535,0.95,0.0,0.05,50,83.0,5.9,2803.8,953.0,1448.4,3809.8,40491.4,15336.7,52,9375.5,229.9,21,1330.8,876.1,1
CHN_G0157,2015-10-01,12.864283,80.237348,417250.0,1422250.0,2.32,2.4,3.16,30.99,2.24,2.01,2.32,0.75,0.017,0.218,0.742,30,271.0,718.9,6172.8,3399.2,1279.5,33.2,55415.1,0.0,0,0.0,1665.6,0,12494.2,4058.4,0
CHN_G1246,2015-11-15,12.981788,80.223161,415750.0,1435250.0,14.59,17.52,150.82,415.43,11.66,10.64,1.08,0.529,0.929,0.0,0.07,50,44.0,78.4,6018.7,1182.0,439.6,3192.0,44821.2,4892.0,533,62293.0,263.2,19,730.3,260.0,1
CHN_G0122,2015-10-01,12.859854,80.269616,420750.0,1421750.0,2.41,2.49,3.23,30.92,2.34,0.0,0.0,0.582,0.0,1.0,0.0,80,103.0,3030.1,7558.3,6800.7,4251.8,3362.6,58055.4,0.0,11,4023.2,5154.4,0,13717.6,6343.8,0
CHN_G0139,2015-10-01,12.864029,80.154406,408250.0,1422250.0,2.25,2.33,3.12,31.04,2.17,15.07,2.87,0.608,0.168,0.011,0.81,40,305.0,5932.8,9400.1,5240.3,752.1,8809.0,49479.2,0.0,1,22.6,2056.6,0,9089.2,4788.7,0
CHN_G0246,2015-10-01,12.873391,80.26036,419750.0,1423250.0,2.36,2.43,3.19,30.96,2.28,0.0,0.0,0.644,0.0,1.0,0.0,80,42.0,1892.9,5786.3,5437.2,3879.6,2054.4,56269.3,0.0,51,5745.3,4025.9,0,11980.4,4597.0,0
CHN_G0913,2015-11-15,12.945661,80.237101,417250.0,1431250.0,14.36,18.37,151.73,413.98,10.36,8.26,4.74,0.378,0.834,0.0,0.166,50,263.0,162.0,2360.2,2820.9,2378.8,1130.1,48710.2,3838.2,0,0.0,100.7,6,3599.3,536.2,1
CHN_G0067,2015-10-01,12.855159,80.209729,414250.0,1421250.0,2.3,2.38,3.15,31.01,2.22,4.38,0.65,0.677,0.044,0.0,0.956,30,320.0,1896.2,7691.6,2122.8,778.1,2734.2,54165.8,0.0,0,0.0,2253.1,0,12805.4,5292.2,0
CHN_G0159,2015-10-01,12.86431,80.246563,418250.0,1422250.0,2.34,2.42,3.18,30.97,2.27,3.83,0.27,0.525,0.583,0.0,0.417,50,311.0,651.9,6275.8,4294.2,2137.0,941.2,56049.6,0.0,0,0.0,2608.2,0,12615.0,4423.9,0
CHN_G0241,2015-10-01,12.873325,80.23732,417250.0,1423250.0,2.29,2.37,3.14,31.01,2.21,1.72,0.87,0.768,0.189,0.001,0.684,30,114.0,509.4,5173.1,3007.6,1457.6,427.7,54641.4,0.0,66,8879.4,1544.9,0,11497.8,3103.3,0
CHN_G0242,2015-10-01,12.873338,80.241928,417750.0,1423250.0,2.3,2.38,3.15,31.0,2.23,1.76,1.79,0.712,0.223,0.148,0.597,10,116.0,392.1,5210.8,3490.0,1934.8,55.2,54961.7,0.0,24,2006.5,2037.4,0,11552.7,3306.2,0
CHN_G0031,2015-10-01,12.85072,80.237388,417250.0,1420750.0,2.36,2.44,3.19,30.96,2.29,2.54,0.65,0.745,0.226,0.031,0.729,30,139.0,1551.1,7672.5,4223.1,689.3,267.7,56589.0,0.0,80,12856.5,2665.6,0,13989.7,5520.9,0
CHN_G0107,2015-10-01,12.859652,80.200499,413250.0,1421750.0,2.27,2.35,3.13,31.03,2.19,7.32,2.95,0.557,0.424,0.038,0.537,50,324.0,1701.8,7652.3,1455.1,466.4,3791.1,53119.3,0.0,0,0.0,2757.6,0,11788.1,4633.8,0
CHN_G1236,2015-11-15,12.981646,80.177061,410750.0,1435250.0,13.31,22.93,142.15,410.58,3.68,20.79,1.53,0.558,0.35,0.0,0.644,10,191.0,9.2,1625.8,1686.2,2216.8,8046.3,41338.9,11487.5,18,1226.7,595.7,5,954.7,1367.9,1
CHN_G0212,2015-10-01,12.872902,80.103689,402750.0,1423250.0,2.33,2.41,3.17,30.98,2.26,34.38,0.52,0.564,0.472,0.0,0.504,50,294.0,10684.9,5910.8,10654.1,1516.9,14396.0,45405.5,0.0,0,0.0,3767.2,0,8469.2,5893.4,0
CHN_G0248,2015-10-01,12.873417,80.269577,420750.0,1423250.0,2.39,2.46,3.21,30.94,2.31,0.0,0.0,0.582,0.0,1.0,0.0,80,42.0,2874.6,6197.0,6415.0,4778.2,3054.4,56938.1,0.0,25,12523.7,4821.6,0,12311.1,5406.8,0
CHN_G1790,2015-11-15,13.040532,80.213755,414750.0,1441750.0,14.04,18.84,158.29,422.01,9.24,16.76,3.92,0.465,0.788,0.0,0.21,50,44.0,32.0,2198.8,992.1,1627.9,4496.0,39789.1,16535.8,0,0.0,101.2,19,1921.6,549.7,1
CHN_G1322,2015-11-15,12.990717,80.186251,411750.0,1436250.0,13.39,22.59,142.83,410.98,4.18,15.55,3.65,0.629,0.697,0.0,0.294,50,206.0,7.9,2243.9,1227.3,1571.2,6841.7,41296.3,5858.2,205,45676.1,500.4,7,1599.7,1201.5,1
CHN_G0085,2015-10-01,12.859324,80.09913,402250.0,1421750.0,2.39,2.46,3.21,30.94,2.31,33.9,2.09,0.668,0.158,0.0,0.84,10,306.0,11793.6,7321.9,11247.5,544.8,14743.5,46384.0,0.0,28,5082.9,3988.3,0,10046.7,7460.9,0
CHN_G0226,2015-10-01,12.873115,80.1682,409750.0,1423250.0,2.2,2.28,3.08,31.08,2.12,9.73,0.19,0.647,0.009,0.0,0.989,30,309.0,4307.8,8461.0,3654.4,160.4,7544.5,49670.3,0.0,68,6728.6,2205.5,0,8656.0,3108.1,0
CHN_G0087,2015-10-01,12.859355,80.108345,403250.0,1421750.0,2.36,2.44,3.19,30.96,2.29,30.92,0.87,0.654,0.29,0.0,0.71,10,297.0,10928.8,7483.2,10256.6,226.5,13744.7,46929.8,0.0,43,18676.3,2988.6,0,9715.6,7323.0,0
CHN_G0191,2015-10-01,12.868694,80.20047,413250.0,1422750.0,2.23,2.31,3.1,31.05,2.16,3.87,0.42,0.675,0.16,0.0,0.817,40,322.0,1012.7,6787.5,472.7,208.5,4054.1,52387.7,0.0,32,3139.9,2316.5,0,11015.3,3751.5,0
CHN_G1705,2015-11-15,13.031476,80.209173,414250.0,1440750.0,14.25,18.39,154.75,418.89,10.12,12.43,2.31,0.681,0.834,0.0,0.16,50,44.0,12.6,3169.2,517.7,517.1,4515.7,40030.5,10343.5,433,72984.4,60.8,14,2362.7,611.1,1
CHN_G0277,2015-11-15,12.877764,80.209658,414250.0,1423750.0,14.12,19.3,151.48,413.52,8.94,6.79,2.43,0.433,0.736,0.0,0.214,50,158.0,1.7,5417.6,54.5,453.8,3324.6,52366.1,9426.3,0,0.0,1690.4,0,11007.7,3107.6,1
CHN_G0084,2015-10-01,12.855383,80.28806,422750.0,1421250.0,2.47,2.55,3.27,30.88,2.4,0.0,0.0,0.582,0.0,1.0,0.0,80,103.0,5084.1,8936.2,8854.1,6178.2,5402.8,59763.7,0.0,23,6592.1,7215.8,0,14947.9,8192.4,0
CHN_G0160,2015-10-01,12.864323,80.251171,418750.0,1422250.0,2.35,2.43,3.19,30.97,2.28,0.0,0.0,0.734,0.108,0.712,0.138,80,103.0,1007.5,6382.3,4754.3,2546.7,1374.8,56370.8,0.0,0,0.0,3093.0,0,12704.5,4676.7,0
CHN_G1204,2015-11-15,12.977267,80.223175,415750.0,1434750.0,14.51,17.81,150.75,415.12,11.22,7.0,1.41,0.643,0.958,0.0,0.04,50,44.0,45.6,5518.9,1161.8,19.6,3239.6,45169.3,6280.8,0,0.0,104.5,13,485.8,474.3,1
CHN_G1788,2015-11-15,13.040504,80.204533,413750.0,1441750.0,14.02,19.08,156.58,420.43,8.96,16.57,1.06,0.495,0.642,0.0,0.354,50,44.0,23.9,2244.6,35.1,1363.1,5368.9,39008.7,13414.2,0,0.0,46.6,22,2889.2,148.7,1
CHN_G1170,2015-11-15,12.972853,80.260068,419750.0,1434250.0,14.67,17.17,153.28,413.87,12.16,9.82,5.09,0.341,0.882,0.0,0.102,50,79.0,245.3,5720.8,4655.6,2721.3,786.0,48439.6,297.7,0,0.0,43.8,17,3545.5,1302.9,1
CHN_G0135,2015-10-01,12.863969,80.135975,406250.0,1422250.0,2.28,2.36,3.14,31.02,2.2,20.03,0.52,0.828,0.403,0.008,0.59,50,316.0,7899.5,8176.7,7216.4,928.4,10793.8,48252.9,0.0,211,18590.0,424.3,1,8814.8,6252.6,0
CHN_G1282,2015-11-15,12.986224,80.195486,412750.0,1435750.0,13.7,21.25,145.42,412.37,6.14,11.67,3.44,0.682,0.813,0.009,0.152,50,206.0,0.9,3289.3,135.0,2408.0,5984.8,42347.5,11805.6,0,0.0,364.8,12,2594.0,643.8,1
CHN_G0236,2015-10-01,12.873257,80.21428,414750.0,1423250.0,2.24,2.32,3.11,31.05,2.16,2.84,0.64,0.668,0.194,0.0,0.773,40,273.0,263.8,5648.5,736.3,581.1,2697.2,53073.3,753.0,239,11462.3,1032.3,0,11548.4,3260.0,0
CHN_G1740,2015-11-15,13.035897,80.176882,410750.0,1441250.0,13.77,20.56,150.22,415.47,6.98,16.22,1.56,0.602,0.906,0.0,0.086,50,278.0,45.1,2604.1,1245.0,1939.3,8013.8,37068.1,13258.9,219,24247.8,488.2,13,4941.6,510.9,1
CHN_G0947,2015-11-15,12.950071,80.200212,413250.0,1431750.0,13.96,20.08,148.36,413.23,7.84,5.62,2.7,0.653,0.743,0.109,0.128,50,183.0,309.3,3625.9,67.7,325.7,5158.7,45604.2,34.4,0,0.0,974.9,1,4197.6,1744.0,1
CHN_G1238,2015-11-15,12.981675,80.186281,411750.0,1435250.0,13.45,22.32,143.43,411.25,4.58,15.06,1.25,0.642,0.965,0.0,0.034,50,191.0,3.4,2475.9,868.8,2327.8,7074.9,42030.1,23489.9,145,24468.6,120.7,20,1753.2,627.6,1
CHN_G0239,2015-11-15,12.873298,80.228104,416250.0,1423250.0,14.18,19.06,152.08,413.5,9.29,10.05,3.94,0.227,0.687,0.004,0.297,50,83.0,448.5,5236.1,2061.9,619.9,1293.6,54008.9,0.0,20,1174.7,598.5,1,11452.8,2920.5,1
CHN_G0695,2015-11-15,12.922946,80.200298,413250.0,1428750.0,14.03,19.73,149.74,413.39,8.33,18.83,1.21,0.11,0.782,0.003,0.182,50,5.0,113.4,2580.5,2039.8,2494.7,4547.1,47856.1,3062.4,364,49750.9,269.8,14,6658.6,836.0,1
CHN_G0166,2015-10-01,12.8644,80.278819,421750.0,1422250.0,2.43,2.51,3.24,30.91,2.36,0.0,0.0,0.582,0.0,1.0,0.0,80,103.0,3880.2,7558.4,7613.1,5338.6,4157.0,58350.9,0.0,0,0.0,6054.1,0,13619.9,6795.2,0
CHN_G0786,2015-11-15,12.932084,80.232533,416750.0,1429750.0,14.27,18.73,151.51,413.75,9.82,8.25,1.74,0.31,0.89,0.007,0.079,50,100.0,28.6,905.7,1841.7,2972.0,1330.7,49459.8,5694.9,196,27626.0,16.3,9,4979.6,1980.4,1
CHN_G1208,2015-11-15,12.977321,80.241614,417750.0,1434750.0,14.71,17.03,152.03,415.21,12.39,3.07,1.73,0.845,0.764,0.026,0.188,50,60.0,185.7,5805.7,2811.8,1211.0,1268.7,46620.5,3599.6,293,65426.6,891.1,1,1517.2,1915.3,1
CHN_G1736,2015-11-15,13.035837,80.158438,408750.0,1441250.0,13.67,21.09,148.56,414.23,6.25,19.7,0.52,0.45,0.924,0.003,0.05,50,46.0,10.2,2361.2,1321.9,2465.9,9963.5,35620.8,19953.3,0,0.0,199.8,4,4862.7,249.5,1
CHN_G1533,2015-11-15,13.013336,80.190788,412250.0,1438750.0,13.76,20.87,146.97,413.47,6.66,14.5,3.44,0.693,0.519,0.0,0.45,50,202.0,232.1,3463.9,1036.1,829.3,6215.1,39872.5,3983.8,503,88584.7,352.1,8,3442.9,708.6,1
CHN_G0161,2015-10-01,12.864336,80.255779,419250.0,1422250.0,2.37,2.44,3.19,30.96,2.29,0.0,0.0,0.702,0.0,1.0,0.0,80,103.0,1450.9,6522.7,5220.2,2984.1,1798.1,56694.6,0.0,0,0.0,3582.0,0,12812.9,4967.1,0
CHN_G1748,2015-11-15,13.036011,80.21377,414750.0,1441250.0,14.18,18.45,156.7,420.52,9.92,16.15,4.14,0.482,0.782,0.0,0.21,50,44.0,67.8,2693.2,773.9,1168.0,4250.9,40100.6,12125.9,400,30896.3,301.9,23,1829.9,889.1,1
CHN_G1155,2015-11-15,12.972647,80.19092,412250.0,1434250.0,13.65,21.45,145.24,412.1,5.84,14.64,0.96,0.537,0.953,0.0,0.046,50,172.0,8.4,3423.2,322.0,1542.5,6579.6,43097.0,17630.9,282,63419.0,319.8,13,2723.9,462.0,1
CHN_G1620,2015-11-15,13.02242,80.204591,413750.0,1439750.0,14.28,18.53,152.08,416.88,10.02,14.91,2.66,0.5,0.938,0.0,0.055,50,44.0,10.3,4211.2,764.7,565.2,4787.9,40301.6,7153.3,0,0.0,42.5,5,3157.8,510.6,1
CHN_G0744,2015-11-15,12.927563,80.232547,416750.0,1429250.0,14.26,18.78,151.55,413.7,9.74,5.96,2.19,0.439,0.902,0.0,0.086,50,214.0,140.1,424.0,1498.9,3298.2,1220.8,49820.9,5047.8,33,6307.0,487.2,9,5477.2,2426.2,1
CHN_G1778,2015-11-15,13.040358,80.158423,408750.0,1441750.0,13.71,20.86,149.54,414.81,6.55,19.74,2.9,0.431,0.88,0.0,0.113,50,46.0,0.4,2816.3,1769.6,2374.7,10075.3,35270.6,15912.5,0,0.0,452.8,4,5356.5,694.3,1
CHN_G1239,2015-11-15,12.981689,80.190891,412250.0,1435250.0,13.56,21.81,144.42,411.77,5.32,15.61,0.84,0.515,0.988,0.0,0.012,50,191.0,31.9,2936.6,395.7,2447.5,6591.4,42368.4,26543.3,360,39491.4,222.8,18,2214.7,129.5,1
CHN_G0245,2015-10-01,12.873378,80.255752,419250.0,1423250.0,2.34,2.42,3.18,30.97,2.27,0.0,0.0,0.713,0.0,1.0,0.0,80,42.0,1411.7,5582.9,4951.4,3394.5,1554.4,55938.6,0.0,47,5367.3,3527.5,0,11843.3,4222.8,0
CHN_G0013,2015-10-01,12.850466,80.154452,408250.0,1420750.0,2.31,2.38,3.15,31.0,2.23,17.84,0.73,0.652,0.002,0.0,0.998,40,294.0,6396.1,10551.5,5705.4,1007.1,8730.8,50657.9,0.0,0,0.0,1531.1,0,10549.9,6023.2,0
CHN_G0074,2015-10-01,12.855254,80.241983,417750.0,1421250.0,2.36,2.43,3.19,30.96,2.28,10.67,3.58,0.166,0.425,0.0,0.574,10,303.0,1563.9,7199.8,4333.9,1216.0,680.2,56507.5,0.0,1,76.3,2631.7,0,13538.0,5158.6,0
CHN_G0234,2015-10-01,12.873229,80.205064,413750.0,1423250.0,2.22,2.3,3.1,31.06,2.14,3.97,0.98,0.665,0.444,0.006,0.527,50,312.0,363.2,6100.1,166.6,348.1,3668.5,52372.2,0.0,3,318.3,2009.3,0,10988.8,3651.5,0
CHN_G1240,2015-11-15,12.981704,80.195501,412750.0,1435250.0,13.71,21.19,145.57,412.39,6.22,10.68,0.42,0.703,0.966,0.0,0.033,50,206.0,64.1,3408.4,33.9,2405.3,6108.5,42709.9,10159.0,403,38219.2,198.6,15,2690.0,373.7,1
CHN_G0989,2015-11-15,12.954592,80.200197,413250.0,1432250.0,13.94,20.15,148.09,413.19,7.74,4.38,1.64,0.749,0.966,0.0,0.034,50,155.0,72.4,3997.3,339.9,699.2,5237.3,45237.3,8511.1,0,0.0,1138.3,0,3862.3,1329.6,1
CHN_G0202,2015-10-01,12.868844,80.251158,418750.0,1422750.0,2.34,2.42,3.18,30.98,2.27,0.0,0.0,0.734,0.254,0.595,0.094,80,194.0,842.0,5898.8,4587.4,2804.4,1130.8,55989.6,0.0,17,2676.3,3020.4,0,12214.8,4266.3,0
CHN_G1071,2015-11-15,12.963606,80.190949,412250.0,1433250.0,13.73,21.07,146.16,412.44,6.4,10.28,6.56,0.686,0.663,0.252,0.082,50,26.0,5.1,4100.4,1281.2,876.6,6388.5,43824.0,3920.1,192,41881.9,263.0,12,3454.6,1041.5,1
CHN_G1864,2015-11-15,13.04943,80.167614,409750.0,1442750.0,13.79,20.33,152.18,416.61,7.25,18.05,0.78,0.488,0.941,0.0,0.058,50,278.0,18.2,2135.3,2626.6,1654.3,9432.2,35319.1,17405.8,0,0.0,1130.5,0,6298.3,1657.1,1
CHN_G0142,2015-10-01,12.864073,80.16823,409750.0,1422250.0,2.24,2.32,3.11,31.05,2.16,9.48,0.62,0.679,0.26,0.0,0.74,40,307.0,4477.2,9188.3,3774.7,563.0,7325.8,50431.4,0.0,76,12501.1,2935.7,0,9568.1,4007.4,0
CHN_G0103,2015-10-01,12.859596,80.182068,411250.0,1421750.0,2.26,2.34,3.12,31.03,2.18,5.98,0.5,0.759,0.01,0.0,0.99,30,316.0,3248.6,8694.0,2594.9,371.7,5769.5,51786.2,0.0,0,0.0,3051.7,0,10679.2,4199.5,0
CHN_G0092,2015-10-01,12.859433,80.131383,405750.0,1421750.0,2.31,2.38,3.15,31.0,2.23,30.29,1.86,0.399,0.388,0.0,0.61,10,324.0,8482.1,8360.1,7789.6,1138.2,11248.7,48357.7,0.0,0,0.0,493.5,1,9315.8,6952.3,0
CHN_G0028,2015-10-01,12.85068,80.223566,415750.0,1420750.0,2.34,2.41,3.17,30.98,2.26,11.01,2.3,0.223,0.544,0.006,0.449,50,56.0,1352.5,7783.8,3237.1,213.6,1232.1,55560.0,0.0,55,46462.0,2193.8,0,13961.1,5438.7,0
CHN_G0041,2015-10-01,12.85085,80.283465,422250.0,1420750.0,2.47,2.54,3.27,30.88,2.4,0.0,0.0,0.582,0.0,1.0,0.0,80,103.0,4802.5,9109.1,8561.8,5671.5,5150.3,59799.0,0.0,0,0.0,6873.7,0,15194.6,8123.1,0
CHN_G0068,2015-10-01,12.855173,80.214336,414750.0,1421250.0,2.31,2.38,3.15,31.0,2.23,3.76,0.52,0.71,0.033,0.0,0.967,30,323.0,1681.8,7528.5,2360.3,577.0,2235.8,54508.2,0.0,0,0.0,1959.8,0,13132.3,5129.1,0
CHN_G0055,2015-10-01,12.854987,80.154437,408250.0,1421250.0,2.29,2.37,3.14,31.01,2.21,16.01,0.37,0.704,0.005,0.104,0.875,30,293.0,6214.8,10157.6,5509.5,1305.3,8729.1,50263.1,0.0,0,0.0,1620.7,0,10061.7,5597.3,0
CHN_G0019,2015-10-01,12.850554,80.182097,411250.0,1420750.0,2.3,2.37,3.15,31.01,2.22,8.97,0.53,0.692,0.0,0.304,0.696,40,315.0,3797.9,9537.9,3259.9,1170.4,5731.3,52545.2,0.0,0,0.0,4028.0,0,11561.6,5199.5,0
CHN_G1203,2015-11-15,12.977253,80.218565,415250.0,1434750.0,14.42,18.21,150.24,414.86,10.62,8.84,0.72,0.523,0.952,0.0,0.042,50,20.0,59.1,5555.1,869.8,85.1,3730.4,44813.1,6471.7,28,1225.1,260.2,15,984.7,481.7,1
CHN_G0206,2015-10-01,12.868896,80.26959,420750.0,1422750.0,2.4,2.47,3.21,30.94,2.32,0.0,0.0,0.582,0.0,1.0,0.0,80,42.0,2840.7,6644.2,6525.6,4554.8,3084.9,57308.6,0.0,0,0.0,5018.0,0,12777.6,5692.4,0
CHN_G0216,2015-10-01,12.872965,80.122121,404750.0,1423250.0,2.28,2.36,3.13,31.02,2.2,20.32,0.49,0.8,0.0,0.0,0.993,40,311.0,8880.7,6570.2,8654.2,119.6,12422.4,46556.5,0.0,0,0.0,2059.4,0,7914.7,5708.0,0
CHN_G1632,2015-11-15,13.022584,80.25992,419750.0,1439750.0,14.81,16.66,156.18,410.49,12.96,8.15,1.66,0.648,0.833,0.0,0.162,50,213.0,29.3,6020.6,2114.5,624.1,279.2,44979.7,12407.1,591,67257.7,49.8,18,2965.3,1243.6,1
CHN_G1244,2015-11-15,12.98176,80.213941,414750.0,1435250.0,14.35,18.48,149.72,414.76,10.22,6.86,2.98,0.736,0.989,0.0,0.011,50,44.0,14.9,5347.0,786.9,407.1,4170.4,44106.0,10485.5,549,75095.1,431.3,10,1581.3,762.7,1
CHN_G0228,2015-10-01,12.873144,80.177416,410750.0,1423250.0,2.2,2.28,3.08,31.08,2.12,11.05,2.35,0.473,0.0,0.0,0.999,10,308.0,3309.9,7777.9,2654.5,578.4,6587.8,50329.6,0.0,96,17144.2,1924.6,0,9131.4,2752.9,0
CHN_G1704,2015-11-15,13.031462,80.204562,413750.0,1440750.0,14.17,18.73,154.13,418.39,9.61,15.96,1.25,0.474,0.86,0.0,0.138,50,44.0,11.1,3223.6,248.3,402.7,4990.4,39647.8,6313.0,475,85747.5,453.4,14,2856.5,312.7,1
CHN_G0072,2015-10-01,12.855228,80.232767,416750.0,1421250.0,2.34,2.41,3.17,30.98,2.26,1.88,0.44,0.786,0.012,0.228,0.565,30,258.0,859.6,7180.2,3518.4,374.7,264.8,55887.2,0.0,0,0.0,1974.2,0,13462.7,4950.8,0
CHN_G1255,2015-11-15,12.981908,80.264651,420250.0,1435250.0,14.73,16.94,153.69,413.47,12.52,13.14,1.19,0.143,0.812,0.0,0.182,50,79.0,131.3,6834.6,5300.5,3498.3,1192.8,48162.5,1205.1,262,51735.3,50.3,20,4053.6,481.9,1
CHN_G1719,2015-11-15,13.031665,80.273726,421250.0,1440750.0,15.15,16.0,157.84,396.29,14.29,12.93,2.22,0.225,0.934,0.0,0.066,50,213.0,14.9,6325.0,3138.7,877.6,745.9,45627.8,4010.6,0,0.0,505.4,6,1319.9,616.1,1
CHN_G0165,2015-10-01,12.864388,80.274211,421250.0,1422250.0,2.42,2.49,3.23,30.92,2.34,0.0,0.0,0.582,0.0,1.0,0.0,80,103.0,3386.1,7314.9,7129.4,4856.1,3670.3,58014.8,0.0,0,0.0,5557.7,0,13425.2,6393.3,0
CHN_G0063,2015-10-01,12.855103,80.191298,412250.0,1421250.0,2.28,2.36,3.14,31.02,2.21,13.17,3.41,0.329,0.528,0.0,0.433,50,298.0,2722.2,8589.8,2263.3,1017.3,4731.1,52821.2,0.0,0,0.0,3464.3,0,11621.7,4796.2,0
CHN_G0029,2015-10-01,12.850693,80.228173,416250.0,1420750.0,2.34,2.42,3.18,30.97,2.27,8.65,4.42,0.376,0.592,0.0,0.405,50,56.0,1255.6,7716.5,3525.7,192.6,732.2,55907.3,0.0,78,40682.9,2253.2,0,13952.8,5420.3,0
CHN_G0132,2015-10-01,12.863923,80.122152,404750.0,1422250.0,2.31,2.39,3.16,31.0,2.23,29.65,6.77,0.462,0.263,0.0,0.723,10,119.0,9383.7,7482.1,8705.7,352.0,12285.6,47367.7,0.0,6,739.6,1546.9,0,8903.1,6680.4,0
CHN_G0223,2015-10-01,12.873071,80.154376,408250.0,1423250.0,2.21,2.29,3.09,31.07,2.13,12.97,1.94,0.657,0.006,0.001,0.992,40,306.0,5806.0,8691.7,5154.3,141.3,8994.9,48703.2,0.0,0,0.0,1395.1,0,8123.4,4066.0,0
CHN_G0113,2015-10-01,12.859735,80.228146,416250.0,1421750.0,2.31,2.39,3.16,31.0,2.24,7.61,2.37,0.405,0.626,0.0,0.374,50,43.0,255.7,6722.6,2814.9,300.8,900.5,55185.5,0.0,0,0.0,1299.8,0,12952.8,4420.3,0
CHN_G0075,2015-10-01,12.855268,80.24659,418250.0,1421250.0,2.37,2.44,3.19,30.96,2.29,4.09,1.4,0.509,0.4,0.0,0.587,30,100.0,1592.8,7261.4,4765.4,1702.3,1158.0,56821.7,0.0,0,0.0,3031.5,0,13603.0,5330.2,0
CHN_G0182,2015-10-01,12.868565,80.158999,408750.0,1422750.0,2.23,2.31,3.1,31.06,2.15,10.74,0.25,0.746,0.035,0.094,0.808,10,306.0,5352.9,9398.4,4675.4,508.6,8398.3,49407.1,0.0,27,1765.6,2011.5,0,8748.2,4085.5,0
CHN_G0098,2015-10-01,12.859523,80.159029,408750.0,1421750.0,2.27,2.35,3.13,31.03,2.19,12.28,0.33,0.731,0.056,0.0,0.942,40,306.0,5580.1,10106.6,4873.7,1364.9,8256.6,50182.1,0.0,0,0.0,2274.4,0,9703.3,4908.1,0
CHN_G1249,2015-11-15,12.981829,80.236991,417250.0,1435250.0,14.76,16.83,151.7,415.64,12.69,8.34,0.9,0.614,0.829,0.004,0.146,50,114.0,29.7,6157.5,2511.7,594.8,1727.1,45914.0,6186.2,50,10674.6,298.1,5,1154.4,1745.4,1
CHN_G1213,2015-11-15,12.977387,80.264664,420250.0,1434750.0,14.7,17.06,153.64,413.48,12.33,13.1,1.05,0.11,0.897,0.0,0.067,50,79.0,274.4,6373.7,5225.0,3343.1,1197.9,48487.2,720.6,0,0.0,438.6,15,4016.7,882.9,1
CHN_G0189,2015-10-01,12.868666,80.191254,412250.0,1422750.0,2.23,2.31,3.1,31.06,2.15,5.42,0.7,0.653,0.129,0.0,0.864,40,334.0,1943.0,7310.3,1237.5,278.3,5006.7,51706.4,0.0,173,14043.0,1970.7,0,10386.5,3340.0,0
CHN_G0707,2015-11-15,12.923109,80.255605,419250.0,1428750.0,14.35,18.38,152.74,413.46,10.32,7.81,1.55,0.306,0.236,0.028,0.709,10,57.0,238.4,1371.7,3723.1,5331.7,1327.9,51899.0,421.8,11,2757.0,1418.9,0,6673.4,3105.5,1
CHN_G1880,2015-11-15,13.049656,80.241395,417750.0,1442750.0,13.26,20.65,167.89,432.88,5.88,15.73,2.15,0.461,0.726,0.0,0.274,50,20.0,16.5,2417.6,359.8,1879.2,3025.0,41609.9,9296.8,58,11588.9,36.5,25,872.5,884.6,1
CHN_G0184,2015-10-01,12.868594,80.168215,409750.0,1422750.0,2.22,2.3,3.1,31.06,2.14,13.8,8.46,0.416,0.063,0.0,0.937,40,304.0,4364.8,8818.0,3681.2,101.3,7420.1,50049.8,0.0,3,435.1,2547.8,0,9109.7,3551.0,0
CHN_G0745,2015-11-15,12.927577,80.237156,417250.0,1429250.0,14.29,18.67,151.81,413.69,9.91,7.27,2.15,0.399,0.872,0.0,0.126,50,241.0,54.7,474.2,1923.2,3673.8,733.0,50166.7,5901.2,55,9733.0,628.7,9,5546.7,2268.3,1
CHN_G0073,2015-10-01,12.855241,80.237375,417250.0,1421250.0,2.35,2.42,3.18,30.97,2.27,2.07,1.31,0.758,0.187,0.102,0.708,30,258.0,1172.6,7172.6,3915.5,748.0,206.0,56196.0,0.0,0,0.0,2271.9,0,13491.1,5030.9,0
CHN_G0083,2015-10-01,12.855371,80.283452,422250.0,1421250.0,2.46,2.53,3.26,30.89,2.39,0.0,0.0,0.582,0.0,1.0,0.0,80,103.0,4610.6,8673.8,8381.5,5679.0,4937.7,59427.2,0.0,16,1690.1,6730.8,0,14736.8,7798.4,0
CHN_G1157,2015-11-15,12.972676,80.200139,413250.0,1434250.0,13.88,20.44,147.06,413.03,7.32,10.04,1.71,0.584,0.888,0.009,0.094,50,3.0,20.1,4266.8,728.4,1931.2,5598.0,43781.7,14463.5,0,0.0,650.9,4,3017.7,1048.5,1
CHN_G0052,2015-10-01,12.854942,80.140614,406750.0,1421250.0,2.31,2.38,3.15,31.0,2.23,22.38,1.37,0.719,0.207,0.123,0.664,10,312.0,7637.8,9289.7,6933.0,273.2,10228.8,49353.2,0.0,0,0.0,397.8,3,9838.8,6534.7,0
CHN_G1833,2015-11-15,13.045067,80.218352,415250.0,1442250.0,13.85,19.26,160.96,424.75,8.43,12.16,2.41,0.743,0.968,0.0,0.032,50,5.0,12.8,1826.8,1258.4,2285.9,4393.3,39878.4,9063.4,0,0.0,199.6,18,1720.2,157.5,1
CHN_G0082,2015-10-01,12.855358,80.278844,421750.0,1421250.0,2.45,2.52,3.25,30.89,2.38,0.0,0.0,0.582,0.0,1.0,0.0,80,103.0,4143.4,8432.8,7912.2,5179.9,4480.1,59093.0,0.0,9,1156.7,6248.2,0,14539.9,7417.2,0
CHN_G1536,2015-11-15,13.013378,80.20462,413750.0,1438750.0,14.3,18.57,150.53,415.84,10.04,12.28,3.88,0.768,0.69,0.0,0.289,50,21.0,12.8,4880.2,267.2,1064.0,4715.6,40969.1,7512.3,464,73224.0,679.8,6,3712.3,701.3,1
CHN_G1565,2015-11-15,13.017709,80.144667,407250.0,1439250.0,13.51,21.94,145.43,412.31,5.08,18.22,1.64,0.498,0.929,0.0,0.07,50,169.0,306.4,126.2,70.9,860.4,11231.5,36027.8,12.5,0,0.0,361.8,2,3624.2,2372.0,1
CHN_G0174,2015-10-01,12.868444,80.122136,404750.0,1422750.0,2.3,2.37,3.15,31.01,2.22,21.46,1.63,0.868,0.074,0.166,0.748,10,304.0,9127.7,7023.1,8665.5,60.9,12344.5,46961.2,0.0,28,6581.8,1751.3,0,8408.5,6193.1,0
CHN_G0086,2015-10-01,12.85934,80.103737,402750.0,1421750.0,2.37,2.45,3.2,30.95,2.3,37.12,3.04,0.394,0.232,0.0,0.768,10,299.0,11358.5,7386.1,10751.8,48.2,14244.1,46655.0,0.0,7,1128.6,3488.4,0,9869.8,7375.3,0
CHN_G0828,2015-11-15,12.936605,80.232519,416750.0,1430250.0,14.29,18.67,151.47,413.82,9.91,10.65,1.36,0.172,0.504,0.0,0.484,50,208.0,142.8,1286.8,2244.4,2699.6,1433.5,49094.6,4027.5,0,0.0,205.9,10,4482.6,1567.7,1
CHN_G0215,2015-10-01,12.872949,80.117513,404250.0,1423250.0,2.29,2.37,3.14,31.01,2.21,21.62,0.42,0.849,0.004,0.0,0.996,40,312.0,9324.2,6367.2,9154.1,583.3,12915.2,46263.4,0.0,0,0.0,2445.2,0,8010.2,5824.4,0
CHN_G0032,2015-10-01,12.850733,80.241996,417750.0,1420750.0,2.37,2.45,3.2,30.95,2.3,7.03,1.8,0.393,0.822,0.0,0.176,50,126.0,1879.1,7697.9,4613.7,1180.8,767.6,56898.4,0.0,388,59236.0,2978.2,0,14034.9,5637.5,0
CHN_G1878,2015-11-15,13.049629,80.232172,416750.0,1442750.0,13.37,20.39,166.59,431.61,6.34,16.99,2.11,0.423,0.886,0.0,0.114,50,5.0,27.0,1981.5,839.2,1903.9,3770.2,40790.8,11525.1,0,0.0,157.4,18,1603.3,1593.8,1
CHN_G1846,2015-11-15,13.045241,80.278298,421750.0,1442250.0,15.39,15.41,157.52,389.84,15.37,11.49,2.29,0.285,0.63,0.0,0.354,50,57.0,141.1,5822.0,3136.3,2458.7,147.9,45224.3,4114.8,0,0.0,502.7,9,262.2,682.5,1
CHN_G1409,2015-11-15,12.999801,80.200053,413250.0,1437250.0,13.97,20.05,147.53,413.77,7.9,16.37,3.38,0.588,0.719,0.0,0.272,50,277.0,102.8,3862.7,854.7,2233.3,5204.2,41634.0,11952.2,307,104696.0,162.5,12,3322.3,78.6,1
CHN_G1031,2015-11-15,12.959113,80.200183,413250.0,1432750.0,13.93,20.23,147.82,413.14,7.63,6.74,0.58,0.641,0.981,0.0,0.019,50,3.0,3.2,4393.1,834.9,1171.2,5315.5,44872.9,10496.5,377,34422.3,766.4,2,3565.8,922.3,1
CHN_G1821,2015-11-15,13.044894,80.163018,409250.0,1442250.0,13.75,20.59,150.8,415.66,6.91,18.07,1.91,0.513,0.986,0.0,0.012,50,46.0,200.1,2813.3,2141.4,2024.0,9733.4,35288.0,6948.7,0,0.0,755.5,2,5803.5,1212.0,1
CHN_G1709,2015-11-15,13.031532,80.227617,416250.0,1440750.0,14.49,17.41,155.84,419.63,11.57,13.34,2.05,0.559,0.903,0.0,0.097,50,83.0,113.2,3509.2,290.7,1375.1,2694.2,41586.4,8223.3,346,51773.8,242.7,24,519.3,411.2,1
CHN_G0071,2015-10-01,12.855214,80.228159,416250.0,1421250.0,2.33,2.41,3.17,30.98,2.25,7.49,2.25,0.425,0.164,0.016,0.816,10,329.0,755.7,7219.4,3150.7,307.3,749.8,55549.8,0.0,0,0.0,1770.1,0,13452.8,4920.3,0
CHN_G1630,2015-11-15,13.022558,80.250699,418750.0,1439750.0,14.83,16.46,154.45,415.15,13.19,13.45,0.78,0.391,0.444,0.064,0.484,10,37.0,74.8,5507.1,1198.4,301.8,213.8,44177.8,5995.7,478,40045.4,605.7,10,2576.9,1158.4,1
CHN_G1835,2015-11-15,13.045095,80.227575,416250.0,1442250.0,13.71,19.54,163.17,427.11,7.87,15.91,2.13,0.497,0.976,0.0,0.024,50,5.0,11.7,2137.7,988.1,2504.9,3699.9,40679.0,19964.2,0,0.0,389.8,19,1141.9,1119.2,1
CHN_G1831,2015-11-15,13.045039,80.20913,414250.0,1442250.0,13.92,19.21,158.84,422.56,8.64,14.98,2.15,0.608,0.87,0.0,0.13,50,37.0,1.7,1671.1,725.8,1980.1,5187.8,39087.0,15072.6,23,3127.2,365.9,31,2571.8,558.8,1
CHN_G0168,2015-10-01,12.864426,80.288035,422750.0,1422250.0,2.46,2.53,3.26,30.89,2.39,0.0,0.0,0.582,0.0,1.0,0.0,80,103.0,4872.0,8116.2,8586.2,6311.8,5138.0,59030.0,0.0,0,0.0,6759.8,0,14054.7,7633.8,0
CHN_G1777,2015-11-15,13.040343,80.153812,408250.0,1441750.0,13.7,20.92,149.34,414.64,6.48,18.35,5.76,0.533,0.889,0.0,0.101,50,75.0,15.9,2667.1,2015.2,2344.0,10560.5,34913.7,11361.7,0,0.0,528.0,3,5454.2,956.5,1
CHN_G1462,2015-11-15,13.004474,80.250753,418750.0,1437750.0,15.0,15.9,152.02,416.07,14.11,11.25,2.38,0.531,0.881,0.0,0.118,50,51.0,49.9,7284.6,2396.0,1099.8,315.0,45411.6,12447.0,152,12436.9,212.8,17,3952.0,912.3,1
CHN_G0080,2015-10-01,12.855333,80.269629,420750.0,1421250.0,2.42,2.5,3.23,30.91,2.35,0.0,0.0,0.582,0.0,1.0,0.0,80,103.0,3238.5,8022.3,6985.3,4182.5,3593.9,58431.7,0.0,6,239.5,5292.6,0,14190.7,6701.8,0
CHN_G0916,2015-11-15,12.945701,80.250929,418750.0,1431250.0,14.44,18.05,152.57,413.78,10.83,5.04,1.21,0.615,0.901,0.002,0.096,50,71.0,75.7,2566.1,4233.4,2895.1,351.4,49762.8,6385.9,454,89174.9,691.3,3,4272.5,1031.1,1
CHN_G1376,2015-11-15,12.995405,80.24156,417750.0,1436750.0,15.01,15.9,151.4,416.56,14.11,14.28,2.9,0.469,0.404,0.014,0.562,10,201.0,313.1,7731.4,2621.5,1842.3,890.6,45287.9,0.0,394,85452.7,978.9,2,2547.7,1558.4,1
CHN_G0221,2015-10-01,12.873041,80.14516,407250.0,1423250.0,2.23,2.31,3.1,31.06,2.15,19.53,2.88,0.419,0.0,0.227,0.724,30,315.0,6781.7,7987.2,6154.2,151.4,9969.0,48073.7,0.0,0,0.0,1550.9,0,7907.8,4859.5,0
CHN_G0022,2015-10-01,12.850596,80.19592,412750.0,1420750.0,2.3,2.38,3.15,31.0,2.23,13.19,3.43,0.38,0.197,0.0,0.803,30,293.0,2816.2,8769.7,2532.8,1480.7,4231.6,53527.0,0.0,53,11695.9,3705.1,0,12312.8,5400.2,0
CHN_G1579,2015-11-15,13.017913,80.209216,414250.0,1439250.0,14.47,17.83,151.84,416.82,11.11,9.03,1.03,0.851,0.564,0.0,0.428,50,84.0,125.2,4668.5,96.0,367.8,4256.1,41007.3,3210.4,581,74195.8,732.5,3,3008.3,960.2,1
CHN_G1159,2015-11-15,12.972704,80.209359,414250.0,1434250.0,14.14,19.36,148.81,413.94,8.91,3.51,2.22,0.832,0.878,0.0,0.116,50,20.0,151.0,5166.4,156.6,996.0,4616.4,44468.4,3684.1,0,0.0,218.2,6,2034.6,908.6,1
CHN_G1747,2015-11-15,13.035997,80.209159,414250.0,1441250.0,14.15,18.65,156.06,419.98,9.64,16.77,0.89,0.454,0.595,0.0,0.39,50,44.0,65.9,2669.6,558.8,993.9,4703.8,39712.2,9174.0,517,39417.1,161.9,24,2329.4,731.0,1
CHN_G0822,2015-11-15,12.936523,80.204864,413750.0,1430250.0,14.04,19.69,149.45,413.44,8.4,10.39,1.7,0.402,0.828,0.0,0.17,50,142.0,48.6,2314.4,1372.3,1335.3,4367.2,47051.4,3583.6,0,0.0,107.3,14,5098.5,2368.0,1
CHN_G0737,2015-11-15,12.927467,80.200284,413250.0,1429250.0,14.02,19.78,149.54,413.37,8.27,15.77,2.26,0.276,0.837,0.0,0.142,50,12.0,88.1,2547.6,2317.1,2144.7,4649.1,47475.0,6280.2,95,16956.3,102.5,14,6215.6,1250.0,1
CHN_G0016,2015-10-01,12.85051,80.168274,409750.0,1420750.0,2.3,2.38,3.15,31.01,2.22,11.82,2.6,0.61,0.057,0.0,0.943,40,315.0,5041.6,10364.9,4397.6,146.3,7231.1,51588.4,0.0,0,0.0,3030.9,0,10965.2,5422.8,0
CHN_G1200,2015-11-15,12.977211,80.204735,413750.0,1434750.0,14.02,19.86,147.9,413.57,8.18,6.68,2.84,0.746,0.871,0.0,0.124,50,20.0,16.2,4516.8,78.3,1484.6,5202.7,43761.4,16327.4,253,45495.5,72.1,6,2484.0,1339.9,1
CHN_G1787,2015-11-15,13.04049,80.199922,413250.0,1441750.0,13.99,19.26,155.67,419.64,8.72,17.42,1.07,0.456,0.854,0.0,0.146,50,44.0,54.0,2262.8,507.2,1279.1,5820.8,38622.3,12924.3,0,0.0,220.0,23,3380.1,609.1,1
CHN_G0230,2015-10-01,12.873173,80.186632,411750.0,1423250.0,2.2,2.28,3.08,31.08,2.12,5.4,0.59,0.758,0.001,0.021,0.826,40,327.0,2313.8,7169.6,1654.8,120.1,5620.7,50999.9,0.0,53,1796.9,1478.7,0,9687.1,2738.1,0
CHN_G1283,2015-11-15,12.986239,80.200096,413250.0,1435750.0,13.88,20.48,146.74,413.11,7.28,9.1,0.43,0.76,0.99,0.0,0.01,50,277.0,5.7,3783.2,352.3,1908.8,5498.8,42695.0,34071.6,0,0.0,363.3,10,3091.9,403.9,1
CHN_G0004,2015-10-01,12.850329,80.112984,403750.0,1420750.0,2.38,2.45,3.2,30.95,2.3,21.49,11.73,1.0,0.027,0.171,0.67,30,309.0,10660.1,8574.4,9959.3,250.4,13230.1,48039.6,0.0,0,0.0,2710.3,0,10559.1,8304.6,0
CHN_G0017,2015-10-01,12.850525,80.172882,410250.0,1420750.0,2.3,2.37,3.15,31.01,2.22,11.49,2.45,0.564,0.192,0.002,0.782,30,313.0,4610.1,10081.4,3991.9,277.1,6731.2,51904.5,0.0,0,0.0,3530.9,0,11145.1,5302.4,0
CHN_G0789,2015-11-15,12.932125,80.24636,418250.0,1429750.0,14.35,18.4,152.29,413.67,10.3,2.84,1.14,0.736,0.651,0.007,0.324,50,77.0,217.3,1005.4,3041.1,4046.0,135.2,50485.2,438.7,22,3784.3,1054.3,0,5347.5,1788.3,1
CHN_G1823,2015-11-15,13.044924,80.172241,410250.0,1442250.0,13.79,20.36,151.78,416.43,7.23,17.51,0.58,0.535,0.838,0.0,0.156,50,278.0,9.3,2019.2,2181.1,2318.5,8787.1,36025.3,18505.9,54,8548.7,502.5,5,5836.7,1303.8,1
CHN_G0012,2015-10-01,12.850451,80.149844,407750.0,1420750.0,2.31,2.39,3.16,31.0,2.24,20.76,0.75,0.618,0.049,0.0,0.95,40,314.0,6861.1,10257.1,6160.8,1103.9,9230.8,50353.8,0.0,0,0.0,1031.2,0,10455.7,6290.5,0
CHN_G0177,2015-10-01,12.86849,80.13596,406250.0,1422750.0,2.26,2.34,3.12,31.03,2.19,21.22,5.56,0.642,0.156,0.0,0.844,40,311.0,7836.3,7758.9,7167.9,672.1,10860.8,47853.9,0.0,166,22243.5,924.2,1,8315.0,5970.4,0
CHN_G0568,2015-11-15,12.909369,80.195732,412750.0,1427250.0,14.03,19.71,150.08,413.41,8.35,15.24,1.8,0.29,0.967,0.0,0.033,50,13.0,140.0,3600.2,1901.1,1131.9,4751.9,48698.8,6319.1,0,0.0,191.4,20,7733.1,889.1,1
CHN_G1381,2015-11-15,12.995471,80.264611,420250.0,1436750.0,14.82,16.62,153.93,413.17,13.01,10.38,1.0,0.433,0.871,0.0,0.129,50,30.0,49.7,8244.7,4148.4,2020.7,1525.6,47206.7,3740.4,69,10084.5,102.1,27,4508.1,402.0,1
CHN_G1041,2015-11-15,12.959251,80.246279,418250.0,1432750.0,14.52,17.75,152.36,414.22,11.29,4.79,1.9,0.732,0.968,0.0,0.025,50,109.0,21.0,3876.7,3270.7,1447.3,403.5,48356.1,21093.5,333,46756.1,425.0,6,2807.0,1382.5,1
CHN_G0736,2015-11-15,12.927452,80.195675,412750.0,1429250.0,13.99,19.92,149.26,413.29,8.05,11.26,5.56,0.639,0.797,0.0,0.202,50,12.0,210.7,3047.4,2500.6,1803.1,5139.4,47151.6,1515.6,91,17776.1,425.1,12,6470.5,1115.6,1
CHN_G0213,2015-10-01,12.872918,80.108297,403250.0,1423250.0,2.32,2.4,3.16,30.99,2.24,29.83,2.25,0.638,0.389,0.005,0.574,50,296.0,10227.0,6031.7,10154.1,1498.9,13902.1,45687.8,0.0,0,0.0,3309.7,0,8288.9,5827.7,0
CHN_G0108,2015-10-01,12.859666,80.205107,413750.0,1421750.0,2.28,2.35,3.13,31.02,2.2,4.1,0.28,0.695,0.001,0.033,0.965,30,318.0,1485.4,7425.6,1487.7,738.5,3299.3,53459.1,0.0,0,0.0,2317.0,0,12101.2,4866.4,0
CHN_G0491,2015-11-15,12.900424,80.228021,416250.0,1426250.0,14.19,19.03,151.69,413.54,9.35,6.65,1.17,0.46,0.808,0.0,0.185,50,131.0,576.5,2309.1,1534.7,2257.8,1129.5,51705.9,0.0,0,0.0,104.5,4,8452.8,47.8,1
CHN_G1801,2015-11-15,13.040681,80.264478,420250.0,1441750.0,14.89,16.62,159.02,401.43,13.17,10.23,2.02,0.665,0.827,0.0,0.166,50,213.0,20.0,4922.6,1934.0,1847.2,554.1,44239.5,3632.2,52,4581.5,263.7,35,1457.3,522.3,1
CHN_G0156,2015-10-01,12.86427,80.23274,416750.0,1422250.0,2.31,2.39,3.15,31.0,2.23,1.62,1.3,0.778,0.021,0.044,0.877,30,118.0,429.4,6181.7,2966.9,780.9,521.9,55102.0,0.0,0,0.0,1228.8,0,12463.5,3958.5,0
CHN_G1163,2015-11-15,12.972759,80.227799,416250.0,1434250.0,14.52,17.77,151.1,414.99,11.28,7.84,3.89,0.516,0.824,0.0,0.154,50,78.0,9.7,5026.4,1233.7,666.7,2653.3,45876.4,18989.1,0,0.0,710.8,10,453.1,1172.7,1
CHN_G1369,2015-11-15,12.995309,80.209288,414250.0,1436750.0,14.36,18.44,149.55,415.08,10.29,11.91,1.04,0.671,0.96,0.0,0.038,50,17.0,106.6,4764.9,562.1,1331.3,4292.9,42700.3,10069.4,212,40392.9,259.4,8,2850.6,1028.5,1
CHN_G0069,2015-10-01,12.855187,80.218944,415250.0,1421250.0,2.31,2.39,3.16,31.0,2.24,3.68,0.08,0.69,0.023,0.018,0.958,40,317.0,1255.4,7395.7,2554.1,447.5,1738.4,54853.1,0.0,0,0.0,1762.1,0,13469.8,5010.8,0
CHN_G0179,2015-10-01,12.86852,80.145176,407250.0,1422750.0,2.25,2.33,3.11,31.05,2.17,18.01,1.57,0.537,0.048,0.064,0.888,40,312.0,6841.5,8363.8,6170.2,287.9,9873.8,48465.7,0.0,12,1481.7,1370.8,0,8402.1,5154.0,0
CHN_G0906,2015-11-15,12.945564,80.204835,413750.0,1431250.0,14.03,19.77,149.06,413.43,8.29,4.69,0.77,0.648,0.546,0.223,0.168,50,174.0,25.6,2918.8,372.8,335.7,4570.8,46310.7,2783.0,511,82202.8,620.4,3,4253.2,2171.5,1
CHN_G0188,2015-10-01,12.868652,80.186647,411750.0,1422750.0,2.22,2.3,3.1,31.06,2.14,5.74,0.3,0.695,0.0,0.009,0.986,40,330.0,2417.9,7586.8,1713.3,481.7,5484.3,51369.6,0.0,36,1833.7,1972.9,0,10094.6,3232.1,0
CHN_G0222,2015-10-01,12.873056,80.149768,407750.0,1423250.0,2.22,2.3,3.09,31.07,2.14,13.94,1.15,0.665,0.183,0.013,0.8,40,310.0,6305.6,8331.9,5654.2,224.9,9481.3,48386.9,0.0,0,0.0,1397.3,0,8000.8,4452.4,0
CHN_G0864,2015-11-15,12.941044,80.20485,413750.0,1430750.0,14.04,19.73,149.26,413.43,8.34,7.52,0.37,0.514,0.726,0.028,0.244,50,174.0,147.1,2586.1,872.6,835.5,4473.4,46679.9,1698.7,278,22357.0,297.2,5,4668.2,2670.7,1
CHN_G0617,2015-11-15,12.913987,80.227979,416250.0,1427750.0,14.21,18.98,151.48,413.59,9.43,1.39,0.45,0.715,0.683,0.045,0.185,50,99.0,133.3,962.6,926.6,3154.0,1412.9,50581.8,4808.6,0,0.0,248.3,3,6952.8,1452.2,1
CHN_G0204,2015-10-01,12.86887,80.260374,419750.0,1422750.0,2.37,2.44,3.19,30.96,2.29,0.0,0.0,0.636,0.0,1.0,0.0,80,42.0,1841.0,6238.5,5551.6,3661.7,2097.0,56644.1,0.0,0,0.0,4018.9,0,12459.3,4929.8,0
CHN_G1367,2015-11-15,12.995281,80.200067,413250.0,1436750.0,13.93,20.25,147.12,413.47,7.61,13.11,0.17,0.75,0.919,0.0,0.078,50,277.0,138.5,3770.7,373.6,2153.9,5272.2,41984.7,7948.9,619,91221.5,231.0,9,3169.4,425.3,1
CHN_G0958,2015-11-15,12.950222,80.250915,418750.0,1431750.0,14.47,17.94,152.6,413.86,11.0,3.36,0.59,0.75,0.911,0.009,0.076,50,71.0,7.1,3028.6,4021.8,2500.5,273.2,49411.7,12318.4,59,29244.5,454.5,4,3879.6,1048.2,1
CHN_G1653,2015-11-15,13.02681,80.163079,409250.0,1440250.0,13.58,21.58,146.59,413.11,5.58,16.53,0.46,0.598,0.891,0.0,0.109,50,107.0,37.1,1915.2,224.0,2334.3,9315.5,36681.6,16589.7,495,94629.1,611.9,1,3807.7,760.3,1
CHN_G0240,2015-10-01,12.873312,80.232712,416750.0,1423250.0,2.28,2.36,3.13,31.02,2.2,3.63,0.1,0.641,0.138,0.0,0.831,30,257.0,851.1,5183.7,2529.6,1002.9,853.0,54323.8,0.0,37,2391.8,1059.4,0,11464.4,2971.5,0
CHN_G1411,2015-11-15,12.99983,80.209273,414250.0,1437250.0,14.42,18.19,149.89,415.41,10.65,12.24,0.54,0.691,0.973,0.0,0.025,50,307.0,65.4,4838.1,881.0,1723.8,4209.1,42355.6,6616.2,311,64280.0,228.3,11,3228.4,980.4,1
CHN_G1378,2015-11-15,12.995432,80.25078,418750.0,1436750.0,14.93,16.17,152.21,415.7,13.7,12.03,3.77,0.493,0.71,0.001,0.287,50,201.0,8.1,7906.7,3240.1,2051.8,75.2,46048.7,13696.2,314,90712.2,164.3,21,3244.0,596.8,1
CHN_G1708,2015-11-15,13.031518,80.223006,415750.0,1440750.0,14.45,17.57,155.69,419.64,11.32,11.8,2.2,0.659,0.956,0.0,0.033,50,83.0,24.9,3384.7,515.9,1453.1,3132.9,41193.9,9267.6,401,76672.0,42.7,24,921.8,789.5,1
CHN_G0124,2015-10-01,12.859879,80.278832,421750.0,1421750.0,2.44,2.51,3.24,30.9,2.37,0.0,0.0,0.582,0.0,1.0,0.0,80,103.0,3982.7,7992.0,7748.7,5236.0,4292.5,58721.0,0.0,0,0.0,6131.5,0,14078.5,7095.4,0
CHN_G1720,2015-11-15,13.031678,80.278337,421750.0,1440750.0,15.21,15.86,157.76,394.63,14.55,9.43,3.0,0.323,0.721,0.072,0.041,50,57.0,252.1,6723.7,3616.5,1061.9,1136.4,46042.3,654.2,0,0.0,297.5,3,1247.2,833.4,1
CHN_G1592,2015-11-15,13.018089,80.269155,420750.0,1439250.0,14.88,16.56,156.54,406.78,13.2,6.58,1.93,0.579,0.607,0.023,0.362,50,20.0,7.6,7024.5,3226.8,291.1,1343.1,46082.0,6682.2,356,72092.0,210.4,7,2900.9,545.2,1
CHN_G0120,2015-10-01,12.859828,80.2604,419750.0,1421750.0,2.39,2.46,3.21,30.94,2.32,0.0,0.0,0.62,0.0,1.0,0.0,80,103.0,2121.6,7162.1,5869.5,3277.1,2486.7,57399.6,0.0,196,17954.0,4188.0,0,13421.6,5669.5,0
CHN_G0141,2015-10-01,12.864058,80.163622,409250.0,1422250.0,2.25,2.32,3.11,31.05,2.17,10.39,0.74,0.706,0.07,0.0,0.927,40,305.0,4959.5,9524.8,4260.6,799.1,7819.5,50111.0,0.0,224,26995.1,2673.2,0,9384.6,4224.9,0
CHN_G1752,2015-11-15,13.036066,80.232214,416750.0,1441250.0,14.23,18.12,158.65,421.67,10.34,18.99,1.19,0.234,0.931,0.0,0.067,50,333.0,43.7,3253.5,572.7,1397.3,2616.6,41677.8,18278.5,0,0.0,172.3,22,194.7,322.8,1
CHN_G0155,2015-10-01,12.864256,80.228132,416250.0,1422250.0,2.3,2.38,3.15,31.01,2.22,8.22,4.67,0.355,0.424,0.014,0.546,50,43.0,233.1,6226.4,2533.8,286.9,1013.4,54791.6,633.0,0,0.0,863.6,1,12452.8,3920.4,0
CHN_G0026,2015-10-01,12.850652,80.21435,414750.0,1420750.0,2.32,2.4,3.16,30.99,2.25,4.66,0.57,0.681,0.486,0.0,0.514,50,324.0,1958.1,8007.4,2792.7,1074.9,2231.9,54872.5,0.0,165,34108.2,2405.1,0,13509.9,5610.5,0
CHN_G0205,2015-10-01,12.868883,80.264982,420250.0,1422750.0,2.38,2.46,3.2,30.95,2.31,0.0,0.0,0.584,0.0,1.0,0.0,80,42.0,2340.8,6443.8,6037.5,4102.1,2589.8,56975.2,0.0,0,0.0,4518.4,0,12609.5,5301.2,0
CHN_G1584,2015-11-15,13.017983,80.232269,416750.0,1439250.0,15.1,15.54,151.07,417.35,14.66,7.81,2.08,0.848,0.127,0.062,0.781,30,318.0,126.7,5090.3,485.7,253.3,1760.1,42913.6,3017.6,33,2043.6,374.3,7,1904.3,814.7,1
CHN_G0116,2015-10-01,12.859775,80.241969,417750.0,1421750.0,2.34,2.42,3.18,30.97,2.27,7.79,0.39,0.333,0.364,0.0,0.631,50,298.0,1065.5,6701.9,4084.4,1436.3,553.1,56118.4,0.0,0,0.0,2341.4,0,13041.2,4684.1,0
CHN_G1201,2015-11-15,12.977225,80.209345,414250.0,1434750.0,14.17,19.25,148.82,414.08,9.08,8.19,2.34,0.608,0.962,0.0,0.032,50,20.0,4.1,4989.5,232.2,1014.8,4712.0,44109.1,11128.9,97,26031.6,241.4,5,1984.1,1321.4,1
CHN_G1789,2015-11-15,13.040518,80.209144,414250.0,1441750.0,14.03,18.93,157.45,421.22,9.13,14.61,0.94,0.605,0.783,0.0,0.217,50,44.0,36.0,2170.2,492.7,1485.1,4926.4,39397.7,17957.0,0,0.0,169.5,26,2402.1,416.2,1
CHN_G1694,2015-11-15,13.031316,80.158453,408750.0,1440750.0,13.62,21.34,147.55,413.63,5.91,20.16,1.52,0.422,0.936,0.0,0.063,50,107.0,13.3,1928.4,929.3,2231.8,9875.8,35974.5,15869.4,0,0.0,605.5,4,4370.5,373.6,1
CHN_G0244,2015-10-01,12.873365,80.251144,418750.0,1423250.0,2.33,2.4,3.17,30.98,2.25,0.76,3.63,0.689,0.358,0.472,0.09,80,42.0,950.2,5418.2,4465.8,2912.2,1054.5,55610.4,0.0,0,0.0,3029.7,0,11726.0,3877.1,0
CHN_G0126,2015-10-01,12.859905,80.288047,422750.0,1421750.0,2.47,2.54,3.26,30.88,2.39,0.0,0.0,0.582,0.0,1.0,0.0,80,103.0,4954.0,8521.4,8708.3,6225.3,5248.3,59395.9,0.0,0,0.0,7115.1,0,14499.6,7902.2,0
CHN_G0151,2015-10-01,12.864201,80.2097,414250.0,1422250.0,2.27,2.34,3.12,31.03,2.19,3.08,0.12,0.68,0.038,0.0,0.953,40,319.0,896.2,6764.3,1267.7,234.5,2953.7,53439.2,0.0,0,0.0,1639.8,0,12056.3,4378.1,0
CHN_G0023,2015-10-01,12.85061,80.200528,413250.0,1420750.0,2.31,2.38,3.15,31.0,2.23,11.31,0.31,0.452,0.168,0.104,0.725,10,268.0,2599.2,8543.4,2451.8,1460.5,3731.7,53859.5,0.0,46,8408.8,3315.4,0,12593.0,5556.2,0
CHN_G1368,2015-11-15,12.995295,80.204677,413750.0,1436750.0,14.15,19.32,148.47,414.33,8.98,16.86,0.97,0.451,0.947,0.0,0.045,50,17.0,48.1,4267.5,736.3,1719.2,4781.5,42341.1,17905.5,417,72442.5,240.6,12,3218.6,639.1,1
CHN_G1879,2015-11-15,13.049643,80.236783,417250.0,1442750.0,13.28,20.59,167.52,432.74,5.97,14.8,1.99,0.534,0.892,0.0,0.108,50,20.0,28.4,2153.0,756.0,1839.1,3408.0,41199.3,12951.2,18,4383.0,420.9,24,1359.4,1279.8,1
CHN_G1607,2015-11-15,13.022229,80.144652,407250.0,1439750.0,13.55,21.74,146.13,412.7,5.36,17.23,1.56,0.595,0.812,0.0,0.185,50,230.0,70.3,609.9,550.7,583.3,11268.4,35667.2,2731.9,0,0.0,354.5,2,4022.5,2145.1,1
CHN_G1280,2015-11-15,12.986196,80.186266,411750.0,1435750.0,13.41,22.49,143.04,411.07,4.32,14.72,1.69,0.64,0.843,0.013,0.128,50,206.0,33.2,2309.2,1055.4,1990.8,6956.8,41661.8,17450.6,0,0.0,54.0,16,1602.0,817.7,1
CHN_G1629,2015-11-15,13.022544,80.246088,418250.0,1439750.0,14.88,16.25,153.48,416.42,13.51,6.76,5.71,0.811,0.39,0.26,0.343,50,37.0,119.8,5302.8,760.3,100.8,498.3,43779.9,2208.4,23,4293.7,747.5,4,2173.7,886.0,1
CHN_G0118,2015-10-01,12.859802,80.251185,418750.0,1421750.0,2.37,2.44,3.19,30.96,2.29,0.0,0.0,0.731,0.061,0.819,0.082,80,249.0,1349.5,6868.2,4958.8,2324.1,1536.0,56753.8,0.0,26,3154.3,3242.0,0,13194.9,5103.1,0
CHN_G0218,2015-10-01,12.872995,80.131336,405750.0,1423250.0,2.26,2.33,3.12,31.04,2.18,22.35,4.36,0.48,0.278,0.0,0.721,40,311.0,8013.5,7065.3,7654.2,57.9,11438.6,47153.3,0.0,0,0.0,1505.3,0,7816.6,5540.6,0
CHN_G1245,2015-11-15,12.981774,80.218551,415250.0,1435250.0,14.48,17.95,150.35,415.15,11.02,9.6,1.18,0.577,0.952,0.0,0.046,50,44.0,44.5,5838.1,870.8,90.5,3685.6,44462.2,3321.9,693,70785.8,183.2,16,1125.5,273.2,1
CHN_G1875,2015-11-15,13.049588,80.218338,415250.0,1442750.0,13.68,19.67,162.64,426.69,7.7,16.76,2.56,0.468,0.948,0.0,0.052,50,5.0,85.9,1330.2,930.1,2320.7,4737.5,39577.8,4891.6,70,11330.8,260.0,12,2074.4,619.3,1
CHN_G1677,2015-11-15,13.027144,80.27374,421250.0,1440250.0,15.05,16.22,157.68,399.28,13.89,11.32,0.25,0.268,0.871,0.0,0.107,50,213.0,137.1,6647.5,3319.7,410.3,1125.8,45910.5,7120.5,0,0.0,412.9,6,1799.4,309.2,1
CHN_G1671,2015-11-15,13.027065,80.246074,418250.0,1440250.0,14.72,16.76,155.23,416.54,12.67,15.31,2.34,0.325,0.516,0.06,0.414,50,37.0,19.9,4841.7,585.9,254.7,913.2,43477.6,8254.0,0,0.0,275.6,13,1891.6,451.5,1
CHN_G1756,2015-11-15,13.03612,80.250658,418750.0,1441250.0,14.35,17.86,159.74,416.51,10.84,12.37,3.8,0.581,0.907,0.0,0.092,50,37.0,25.0,4218.5,635.6,1339.1,1333.3,43290.0,7551.4,271,53739.1,185.7,30,1263.7,568.7,1
CHN_G1832,2015-11-15,13.045053,80.213741,414750.0,1442250.0,13.89,19.2,159.88,423.62,8.58,14.74,2.47,0.605,0.925,0.0,0.068,50,37.0,69.7,1707.8,1126.2,2097.6,4780.9,39481.5,12608.3,0,0.0,272.5,21,2129.9,401.1,1
CHN_G1211,2015-11-15,12.977361,80.255444,419250.0,1434750.0,14.71,16.99,152.96,414.37,12.43,7.85,4.34,0.558,0.85,0.001,0.148,50,79.0,96.0,6042.1,4247.7,2424.2,211.3,47733.8,9687.0,241,59831.8,218.6,23,3016.8,1010.4,1
CHN_G0229,2015-10-01,12.873158,80.182024,411250.0,1423250.0,2.2,2.28,3.08,31.08,2.12,6.86,0.3,0.716,0.0,0.114,0.75,30,322.0,2811.5,7463.2,2154.6,381.1,6112.0,50663.4,0.0,13,2727.7,1641.7,0,9400.0,2699.6,0
CHN_G0109,2015-10-01,12.85968,80.209714,414250.0,1421750.0,2.28,2.36,3.14,31.02,2.21,3.33,0.26,0.703,0.387,0.0,0.558,50,321.0,1396.2,7226.3,1676.1,398.3,2810.5,53801.4,0.0,0,0.0,1906.0,0,12426.4,4830.9,0
CHN_G0001,2015-10-01,12.850282,80.099162,402250.0,1420750.0,2.41,2.49,3.23,30.92,2.34,33.57,0.69,0.695,0.0,0.0,1.0,10,304.0,12115.7,8318.0,11419.2,1072.6,14729.8,47229.9,0.0,0,0.0,4130.2,0,10979.9,8442.4,0
CHN_G1412,2015-11-15,12.999844,80.213884,414750.0,1437250.0,14.62,17.38,150.57,416.01,11.87,10.46,0.31,0.793,0.476,0.0,0.512,50,307.0,31.8,5329.2,605.5,1512.6,3712.5,42720.5,2588.1,535,77211.7,664.9,4,2947.8,1107.2,1
CHN_G0061,2015-10-01,12.855075,80.182083,411250.0,1421250.0,2.28,2.36,3.13,31.02,2.2,6.66,0.56,0.76,0.037,0.0,0.963,40,324.0,3498.4,9112.6,2903.5,863.2,5730.3,52164.7,0.0,0,0.0,3538.2,0,11117.9,4699.5,0
CHN_G0050,2015-10-01,12.854912,80.131399,405750.0,1421250.0,2.32,2.4,3.16,30.99,2.25,29.8,0.25,0.592,0.085,0.05,0.858,10,331.0,8598.9,8806.1,7897.7,833.4,11228.6,48762.8,0.0,0,0.0,754.6,2,9815.6,7265.3,0
CHN_G0006,2015-10-01,12.85036,80.122199,404750.0,1420750.0,2.36,2.43,3.19,30.96,2.28,34.41,2.44,0.533,0.101,0.0,0.899,10,272.0,9697.2,8883.0,8993.3,462.8,12230.2,48597.6,0.0,0,0.0,1835.9,0,10389.9,8151.5,0
CHN_G0105,2015-10-01,12.859624,80.191283,412250.0,1421750.0,2.26,2.34,3.12,31.03,2.19,13.69,1.37,0.226,0.471,0.003,0.525,50,319.0,2392.7,8172.6,1850.8,582.0,4778.5,52447.5,0.0,0,0.0,2965.7,0,11202.8,4307.4,0
CHN_G0150,2015-10-01,12.864187,80.205092,413750.0,1422250.0,2.26,2.34,3.12,31.04,2.18,4.41,0.47,0.626,0.17,0.0,0.828,30,317.0,1023.0,6976.7,1008.2,472.7,3425.6,53094.6,0.0,0,0.0,2103.5,0,11720.8,4442.1,0
CHN_G1828,2015-11-15,13.044996,80.195296,412750.0,1442250.0,13.92,19.51,155.84,419.75,8.32,16.49,1.9,0.548,0.787,0.0,0.207,50,291.0,80.3,1683.5,1141.2,1789.0,6487.0,37918.4,8771.1,370,92121.7,321.7,35,3980.8,625.8,1
CHN_G0104,2015-10-01,12.85961,80.186676,411750.0,1421750.0,2.26,2.34,3.12,31.03,2.18,8.98,1.09,0.549,0.093,0.069,0.838,40,330.0,2808.8,8423.5,2197.6,337.2,5273.6,52115.5,0.0,0,0.0,2967.2,0,10932.7,4224.3,0
CHN_G1838,2015-11-15,13.045135,80.241408,417750.0,1442250.0,13.58,19.83,165.22,428.25,7.34,15.46,5.09,0.473,0.876,0.0,0.124,50,168.0,45.2,2832.4,615.5,2069.7,2709.1,41895.9,10915.0,0,0.0,153.1,21,874.3,958.5,1
CHN_G0133,2015-10-01,12.863938,80.12676,405250.0,1422250.0,2.3,2.38,3.15,31.01,2.22,28.61,1.27,0.442,0.05,0.0,0.95,10,320.0,8888.4,7688.1,8208.8,624.8,11788.1,47659.3,0.0,310,20971.7,1074.9,0,8845.6,6590.6,0
CHN_G0025,2015-10-01,12.850638,80.209743,414250.0,1420750.0,2.32,2.39,3.16,30.99,2.24,9.8,4.0,0.386,0.55,0.0,0.449,50,139.0,2363.6,8160.9,2589.1,1202.5,2731.8,54532.3,0.0,244,33939.9,2649.6,0,13192.4,5760.0,0
CHN_G0957,2015-11-15,12.950209,80.246306,418250.0,1431750.0,14.45,18.03,152.32,413.97,10.87,3.62,0.96,0.772,0.716,0.002,0.263,50,71.0,6.8,2892.1,3562.6,2202.9,220.6,49055.7,8914.3,296,66584.2,585.8,6,3575.6,583.3,1
CHN_G1753,2015-11-15,13.03608,80.236825,417250.0,1441250.0,14.22,18.13,159.11,421.44,10.32,13.33,1.33,0.553,0.831,0.0,0.165,50,333.0,17.7,3526.7,478.0,1163.2,2300.1,42077.8,14039.7,12,15561.1,209.6,25,673.2,620.1,1
CHN_G1573,2015-11-15,13.017828,80.181552,411250.0,1439250.0,13.6,21.54,145.94,412.83,5.67,12.82,1.11,0.712,0.288,0.039,0.661,10,230.0,268.7,2867.7,303.8,99.9,7239.8,38805.8,1317.6,24,2720.2,359.1,4,3268.2,315.6,1
CHN_G0115,2015-10-01,12.859762,80.237361,417250.0,1421750.0,2.33,2.41,3.17,30.98,2.26,1.61,0.11,0.773,0.013,0.179,0.776,30,316.0,916.8,6672.7,3650.7,1069.6,61.7,55804.7,0.0,0,0.0,1928.2,0,12992.6,4543.2,0
CHN_G1874,2015-11-15,13.049574,80.213727,414750.0,1442750.0,13.76,19.53,161.35,425.21,7.99,15.11,2.63,0.578,0.982,0.0,0.015,50,37.0,57.0,1223.0,1385.2,2572.5,5099.0,39177.9,7462.7,275,46190.5,228.2,25,2425.0,216.6,1
CHN_G0190,2015-10-01,12.86868,80.195862,412750.0,1422750.0,2.23,2.31,3.1,31.06,2.15,5.41,0.37,0.612,0.11,0.0,0.804,40,316.0,1479.4,7056.2,792.1,398.3,4533.9,52045.8,0.0,14,1498.6,2091.6,0,10693.8,3516.4,0
CHN_G0037,2015-10-01,12.850799,80.265034,420250.0,1420750.0,2.42,2.5,3.23,30.91,2.35,0.0,0.0,0.582,0.0,1.0,0.0,80,208.0,3115.1,8275.5,6750.5,3672.9,3216.4,58484.8,0.0,0,0.0,5019.0,0,14519.3,6766.3,0
CHN_G1162,2015-11-15,12.972746,80.223189,415750.0,1434250.0,14.45,18.06,150.68,414.84,10.84,4.66,1.49,0.692,0.952,0.0,0.048,50,20.0,18.7,5019.1,794.7,372.4,3144.1,45520.2,16913.7,0,0.0,385.4,9,662.4,939.3,1
CHN_G1370,2015-11-15,12.995323,80.213898,414750.0,1436750.0,14.56,17.65,150.32,415.69,11.47,11.36,1.22,0.709,0.816,0.0,0.184,50,17.0,144.3,5262.9,177.1,1043.5,3806.3,43062.4,3344.2,52,12992.7,647.0,5,2528.3,1368.3,1
CHN_G1254,2015-11-15,12.981895,80.260041,419750.0,1435250.0,14.75,16.88,153.3,414.03,12.61,9.39,1.99,0.437,0.966,0.0,0.031,50,79.0,15.2,6663.6,4865.1,3094.6,701.8,47782.1,2090.7,245,53932.6,185.1,27,3558.8,320.8,1
CHN_G0187,2015-10-01,12.868637,80.182039,411250.0,1422750.0,2.22,2.3,3.09,31.06,2.14,6.34,0.14,0.714,0.0,0.067,0.549,30,318.0,2898.0,7865.6,2199.9,476.1,5965.6,51035.5,0.0,6,310.3,2097.9,0,9819.5,3199.6,0
CHN_G0575,2015-11-15,12.909466,80.227993,416250.0,1427250.0,14.2,19.0,151.55,413.57,9.4,6.34,2.24,0.44,0.744,0.004,0.221,50,99.0,241.1,1387.3,1241.4,2798.4,1319.2,50954.4,1839.6,31,3099.9,164.8,5,7452.8,952.2,1
CHN_G0111,2015-10-01,12.859708,80.21893,415250.0,1421750.0,2.3,2.37,3.15,31.01,2.22,3.38,0.66,0.69,0.0,0.072,0.891,40,325.0,1034.5,6910.6,2125.9,46.4,1844.6,54493.3,0.0,0,0.0,1288.8,0,12990.0,4520.9,0
CHN_G0097,2015-10-01,12.859508,80.154422,408250.0,1421750.0,2.27,2.35,3.13,31.03,2.19,14.46,0.53,0.708,0.016,0.149,0.805,30,304.0,6057.3,9773.4,5353.3,1234.8,8754.9,49870.2,0.0,0,0.0,1824.3,0,9574.8,5184.7,0
CHN_G0089,2015-10-01,12.859386,80.11756,404250.0,1421750.0,2.34,2.41,3.17,30.98,2.26,26.98,1.63,0.812,0.364,0.0,0.629,10,264.0,9954.9,7770.8,9267.6,908.2,12746.1,47490.3,0.0,213,23248.3,1989.1,0,9478.9,7286.4,0
CHN_G1656,2015-11-15,13.026855,80.176912,410750.0,1440250.0,13.68,21.12,147.75,413.91,6.24,15.41,0.81,0.58,0.784,0.0,0.176,50,230.0,25.1,3254.1,326.8,1177.5,7825.7,37751.7,9045.3,628,92097.2,660.2,8,3978.5,589.6,1
CHN_G1624,2015-11-15,13.022476,80.223034,415750.0,1439750.0,14.81,16.5,152.64,417.74,13.11,14.74,5.5,0.43,0.942,0.0,0.053,50,83.0,124.0,4371.3,477.3,562.3,2805.9,41823.5,5945.1,0,0.0,10.2,17,1627.4,330.2,1
CHN_G1710,2015-11-15,13.031545,80.232228,416750.0,1440750.0,14.51,17.32,156.05,419.51,11.7,11.93,2.11,0.614,0.948,0.0,0.051,50,333.0,57.0,3696.9,82.5,1017.6,2281.0,41981.3,16169.0,215,44470.2,36.9,21,430.1,463.5,1
CHN_G0144,2015-10-01,12.864102,80.177445,410750.0,1422250.0,2.24,2.32,3.11,31.05,2.16,7.39,1.52,0.706,0.156,0.0,0.844,30,316.0,3524.0,8563.5,2817.9,222.4,6340.0,51080.9,0.0,65,19015.9,2759.7,0,10000.3,3738.6,0
CHN_G1738,2015-11-15,13.035867,80.16766,409750.0,1441250.0,13.7,20.91,149.13,414.68,6.5,19.1,3.26,0.472,0.867,0.0,0.126,50,107.0,4.7,2949.5,1127.0,2576.1,8985.9,36337.9,16221.8,241,32447.0,274.4,8,4799.3,824.5,1
CHN_G0200,2015-10-01,12.868817,80.241942,417750.0,1422750.0,2.32,2.39,3.16,30.99,2.24,6.61,1.39,0.414,0.629,0.046,0.32,50,90.0,74.5,5707.3,3640.2,1818.6,262.8,55345.4,1303.6,92,17255.6,2023.5,0,12048.6,3755.1,0
CHN_G0659,2015-11-15,12.918508,80.227966,416250.0,1428250.0,14.21,18.96,151.41,413.62,9.46,2.41,1.36,0.649,0.696,0.0,0.302,50,209.0,43.3,622.8,709.8,3544.6,1508.7,50211.5,5407.0,0,0.0,705.8,3,6452.8,1952.2,1
CHN_G0131,2015-10-01,12.863907,80.117544,404250.0,1422250.0,2.32,2.4,3.16,30.99,2.25,24.67,0.45,0.848,0.116,0.0,0.872,40,263.0,9815.3,7303.9,9202.8,484.8,12783.3,47079.6,0.0,3,194.6,2032.4,0,8988.2,6805.8,0
CHN_G1327,2015-11-15,12.990788,80.209302,414250.0,1436250.0,14.3,18.69,149.27,414.77,9.92,9.66,0.88,0.731,0.845,0.05,0.101,50,17.0,5.0,4743.6,503.1,1035.9,4409.3,43048.1,5401.3,0,0.0,259.3,6,2515.6,810.1,1
CHN_G1242,2015-11-15,12.981732,80.204721,413750.0,1435250.0,14.04,19.79,147.89,413.68,8.28,9.3,1.46,0.631,0.988,0.0,0.012,50,17.0,4.2,4370.8,331.1,1405.8,5140.1,43402.0,22818.3,177,45281.5,202.0,5,2543.1,898.6,1
CHN_G0959,2015-11-15,12.950235,80.255525,419250.0,1431750.0,14.48,17.87,152.86,413.72,11.1,10.65,2.89,0.241,0.806,0.0,0.194,50,71.0,80.8,3237.5,4489.7,2855.2,767.1,49770.1,3366.9,202,35814.0,50.7,4,4221.1,1535.4,1
CHN_G0065,2015-10-01,12.855131,80.200513,413250.0,1421250.0,2.29,2.37,3.14,31.01,2.21,7.46,1.18,0.622,0.513,0.102,0.385,50,323.0,2140.4,8094.7,1953.0,961.9,3732.2,53488.4,0.0,63,9283.8,3008.0,0,12186.9,5091.3,0
CHN_G1693,2015-11-15,13.031301,80.153842,408250.0,1440750.0,13.62,21.36,147.5,413.56,5.88,18.77,1.87,0.526,0.616,0.15,0.218,50,233.0,35.4,1703.4,1339.1,1779.7,10370.4,35624.6,18213.0,23,1489.7,657.3,2,4489.7,758.5,1
CHN_G0220,2015-10-01,12.873026,80.140552,406750.0,1423250.0,2.24,2.31,3.1,31.05,2.16,15.86,0.86,0.73,0.105,0.0,0.884,30,321.0,7181.0,7659.6,6654.2,634.3,10457.9,47763.6,0.0,0,0.0,1513.5,0,7845.7,5282.5,0
CHN_G0047,2015-10-01,12.854866,80.117576,404250.0,1421250.0,2.35,2.43,3.18,30.97,2.28,28.94,0.91,0.852,0.522,0.0,0.402,50,42.0,10054.5,8241.6,9358.8,896.3,12728.4,47902.8,0.0,0,0.0,2069.4,0,9970.5,7769.5,0
CHN_G0225,2015-10-01,12.8731,80.163592,409250.0,1423250.0,2.2,2.28,3.08,31.08,2.13,10.18,2.41,0.694,0.085,0.0,0.904,10,309.0,4807.1,8825.2,4154.3,31.4,8026.8,49345.0,0.0,4,447.1,1841.6,0,8452.6,3383.9,0
CHN_G1755,2015-11-15,13.036107,80.246047,418250.0,1441250.0,14.27,18.05,159.73,419.16,10.49,11.34,4.39,0.657,0.802,0.0,0.198,50,37.0,36.8,3948.0,164.0,1131.6,1689.6,42883.9,3884.8,81,15962.4,141.8,24,1297.6,735.8,1
CHN_G0048,2015-10-01,12.854881,80.122184,404750.0,1421250.0,2.34,2.42,3.18,30.97,2.27,40.38,6.38,0.09,0.209,0.0,0.784,10,77.0,9567.8,8414.1,8870.3,845.5,12228.5,48186.0,0.0,0,0.0,1595.2,0,9893.9,7659.9,0
CHN_G0167,2015-10-01,12.864413,80.283427,422250.0,1422250.0,2.45,2.52,3.25,30.9,2.37,0.0,0.0,0.582,0.0,1.0,0.0,80,103.0,4375.6,7826.3,8098.8,5824.1,4646.5,58689.3,0.0,0,0.0,6459.3,0,13830.0,7209.4,0
CHN_G1608,2015-11-15,13.022245,80.149262,407750.0,1439750.0,13.53,21.81,145.86,412.58,5.25,16.55,2.81,0.617,0.885,0.0,0.113,50,230.0,52.8,609.7,518.6,1074.2,10770.8,36009.9,10657.7,0,0.0,273.7,2,3758.1,1779.8,1
CHN_G0143,2015-10-01,12.864088,80.172838,410250.0,1422250.0,2.24,2.32,3.11,31.05,2.16,7.58,0.3,0.727,0.115,0.0,0.883,40,303.0,3999.0,8867.3,3293.1,496.2,6832.4,50754.7,0.0,6,919.8,3020.7,0,9773.8,3842.9,0
CHN_G1612,2015-11-15,13.022304,80.167705,409750.0,1439750.0,13.53,21.83,145.62,412.57,5.23,18.25,0.8,0.437,0.932,0.0,0.057,50,89.0,53.3,2146.7,352.0,1676.1,8776.5,37388.7,16517.4,0,0.0,95.2,1,3301.0,230.8,1
CHN_G0198,2015-10-01,12.868791,80.232726,416750.0,1422750.0,2.29,2.37,3.14,31.01,2.22,1.56,0.57,0.768,0.062,0.001,0.885,30,53.0,806.1,5682.6,2722.8,866.1,636.8,54712.0,0.0,4,1968.8,1032.6,0,11963.9,3464.1,0
CHN_G0038,2015-10-01,12.850812,80.269642,420750.0,1420750.0,2.43,2.51,3.24,30.91,2.36,0.0,0.0,0.582,0.0,1.0,0.0,80,208.0,3506.3,8473.2,7194.9,4172.4,3696.8,58809.7,0.0,0,0.0,5473.1,0,14665.5,7077.0,0
CHN_G1452,2015-11-15,13.004337,80.204649,413750.0,1437750.0,14.25,18.88,149.35,415.01,9.62,17.43,1.11,0.483,0.946,0.0,0.051,50,21.0,26.2,4485.1,414.5,1835.5,4683.7,41648.7,20880.6,0,0.0,158.0,10,3931.1,747.7,1
CHN_G0119,2015-10-01,12.859815,80.255792,419250.0,1421750.0,2.38,2.45,3.2,30.95,2.3,0.0,0.0,0.692,0.0,1.0,0.0,80,103.0,1706.2,6998.8,5411.4,2796.5,2027.4,57075.4,0.0,0,0.0,3711.4,0,13299.4,5370.5,0
CHN_G1287,2015-11-15,12.986295,80.218536,415250.0,1435750.0,14.56,17.65,150.48,415.47,11.47,13.06,2.18,0.469,0.854,0.0,0.146,50,44.0,38.5,5769.4,478.7,74.3,3563.4,44114.2,5285.7,0,0.0,75.4,8,1436.7,290.2,1
CHN_G1591,2015-11-15,13.018076,80.264545,420250.0,1439250.0,14.85,16.58,156.0,409.24,13.12,6.95,3.21,0.651,0.211,0.072,0.7,10,60.0,297.7,6718.2,2777.7,202.1,981.1,45678.8,249.6,520,87514.2,488.2,12,3098.7,889.3,1
CHN_G1866,2015-11-15,13.049459,80.176837,410750.0,1442750.0,13.82,20.09,153.4,417.6,7.56,17.55,1.85,0.5,0.893,0.0,0.105,50,278.0,15.8,1312.1,2565.9,1926.5,8511.2,36068.5,11649.3,5,2340.3,559.8,12,6041.6,662.4,1
CHN_G0193,2015-10-01,12.868722,80.209686,414250.0,1422750.0,2.25,2.33,3.11,31.04,2.17,3.92,0.14,0.602,0.148,0.0,0.824,40,325.0,396.2,6307.9,780.1,60.4,3071.3,53079.2,0.0,30,3156.9,1498.4,0,11695.8,3936.7,0
CHN_G1289,2015-11-15,12.986322,80.227757,416250.0,1435750.0,14.76,16.86,151.18,415.96,12.66,12.16,2.8,0.533,0.532,0.0,0.462,50,167.0,27.5,6524.2,1412.8,600.0,2593.7,44840.5,2369.7,0,0.0,145.2,9,1047.4,760.7,1
CHN_G0158,2015-10-01,12.864296,80.241955,417750.0,1422250.0,2.33,2.41,3.17,30.98,2.25,10.25,2.43,0.192,0.417,0.0,0.577,50,307.0,566.7,6204.4,3840.8,1774.1,454.0,55731.0,0.0,0,0.0,2130.3,0,12544.7,4215.5,0
CHN_G1422,2015-11-15,12.999979,80.259987,419750.0,1437250.0,14.87,16.4,153.44,414.05,13.34,8.94,2.37,0.61,0.816,0.0,0.184,50,157.0,31.7,8193.6,3441.4,1468.9,1170.7,46503.7,9974.1,536,83461.2,199.1,28,4342.1,521.3,1
CHN_G1737,2015-11-15,13.035852,80.163049,409250.0,1441250.0,13.68,21.02,148.79,414.42,6.35,18.97,2.21,0.485,0.969,0.0,0.026,50,107.0,16.3,2624.8,1148.0,2897.3,9474.1,35977.7,24298.0,355,42206.5,156.2,6,4805.2,354.4,1
CHN_G1761,2015-11-15,13.036186,80.273713,421250.0,1441250.0,15.24,15.78,157.82,393.59,14.7,13.36,0.78,0.238,0.9,0.0,0.099,50,57.0,332.2,6026.7,3014.0,1359.4,507.6,45348.7,0.0,569,83701.4,105.3,10,864.0,387.9,1
CHN_G1876,2015-11-15,13.049602,80.222949,415750.0,1442750.0,13.59,19.88,163.99,428.32,7.3,14.7,0.66,0.582,0.917,0.0,0.083,50,5.0,36.6,1461.5,558.2,2119.8,4403.2,39980.0,10274.0,0,0.0,283.4,13,1796.0,864.5,1
CHN_G0056,2015-10-01,12.855002,80.159044,408750.0,1421250.0,2.29,2.36,3.14,31.02,2.21,14.99,0.39,0.628,0.048,0.212,0.728,30,281.0,5748.1,10478.6,5044.8,989.9,8229.3,50572.6,0.0,0,0.0,2099.3,0,10184.1,5342.2,0
CHN_G0049,2015-10-01,12.854896,80.126791,405250.0,1421250.0,2.33,2.41,3.17,30.98,2.26,37.02,6.1,0.24,0.001,0.0,0.999,10,334.0,9082.5,8597.8,8383.2,714.2,11728.5,48472.7,0.0,0,0.0,1143.2,0,9842.1,7581.7,0
CHN_G0102,2015-10-01,12.859581,80.17746,410750.0,1421750.0,2.26,2.34,3.12,31.04,2.18,8.33,1.14,0.657,0.146,0.0,0.853,40,309.0,3703.8,8972.3,3022.8,587.9,6266.1,51459.7,0.0,0,0.0,3212.7,0,10443.6,4234.0,0
CHN_G0137,2015-10-01,12.863999,80.145191,407250.0,1422250.0,2.27,2.34,3.12,31.03,2.19,21.41,0.69,0.416,0.331,0.0,0.668,10,313.0,6913.7,8752.7,6226.4,575.4,9800.6,48859.6,0.0,192,27817.2,1097.6,0,8897.0,5478.4,0
CHN_G0146,2015-10-01,12.864131,80.186661,411750.0,1422250.0,2.24,2.32,3.11,31.05,2.16,5.19,0.23,0.743,0.02,0.028,0.951,40,328.0,2589.2,8001.0,1905.9,98.9,5359.3,51741.5,0.0,7,1419.0,2469.5,0,10510.1,3727.7,0
CHN_G0035,2015-10-01,12.850773,80.255819,419250.0,1420750.0,2.4,2.48,3.22,30.93,2.33,0.0,0.0,0.686,0.0,1.0,0.0,80,208.0,2454.3,7959.9,5881.2,2674.2,2261.2,57842.5,0.0,0,0.0,4142.7,0,14275.1,6219.5,0
CHN_G1454,2015-11-15,13.004365,80.213869,414750.0,1437750.0,14.67,17.17,150.83,416.3,12.17,10.9,1.32,0.772,0.196,0.0,0.804,30,307.0,204.8,5440.9,944.3,1448.7,3683.8,42381.8,599.5,0,0.0,762.5,5,3389.2,650.5,1
CHN_G0053,2015-10-01,12.854957,80.145221,407250.0,1421250.0,2.3,2.38,3.15,31.0,2.22,28.35,1.64,0.2,0.501,0.003,0.496,50,319.0,7161.2,9561.6,6454.6,400.3,9728.9,49653.3,0.0,0,0.0,709.1,2,9888.4,6197.7,0
CHN_G1824,2015-11-15,13.044938,80.176852,410750.0,1442250.0,13.82,20.21,152.42,416.93,7.43,13.17,2.58,0.779,0.555,0.0,0.443,50,278.0,38.7,1705.3,2232.6,2411.1,8318.7,36398.0,12211.9,317,39440.6,298.7,17,5916.9,892.3,1
CHN_G0169,2015-10-01,12.868366,80.099097,402250.0,1422750.0,2.36,2.44,3.19,30.96,2.29,41.2,1.66,0.279,0.008,0.0,0.991,10,301.0,11344.2,6327.1,11162.9,1154.9,14824.7,45544.4,0.0,0,0.0,4093.3,0,9127.5,6485.0,0
CHN_G1802,2015-11-15,13.040694,80.269089,420750.0,1441750.0,15.15,16.01,158.22,395.6,14.28,9.57,0.26,0.618,0.912,0.0,0.084,50,57.0,77.5,5331.6,2424.4,1796.4,101.9,44655.7,6533.8,213,18415.5,120.2,23,968.2,453.0,1
CHN_G1502,2015-11-15,13.008968,80.241518,417750.0,1438250.0,15.16,15.35,150.7,417.25,14.97,11.42,1.84,0.623,0.314,0.0,0.686,10,236.0,103.5,6385.9,1462.2,1069.3,713.2,44320.9,4703.3,0,0.0,360.1,7,3122.7,1596.5,1
CHN_G0171,2015-10-01,12.868397,80.108313,403250.0,1422750.0,2.33,2.41,3.17,30.98,2.26,29.71,1.12,0.649,0.71,0.0,0.289,50,69.0,10442.3,6513.1,10163.8,1107.3,13831.8,46100.1,0.0,74,7625.8,3127.3,0,8761.8,6325.9,0
CHN_G0040,2015-10-01,12.850837,80.278857,421750.0,1420750.0,2.46,2.53,3.26,30.89,2.39,0.0,0.0,0.582,0.0,1.0,0.0,80,103.0,4355.9,8880.0,8101.7,5171.8,4669.9,59466.8,0.0,0,0.0,6401.8,0,15003.7,7757.9,0
CHN_G0195,2015-10-01,12.86875,80.218902,415250.0,1422750.0,2.26,2.34,3.12,31.03,2.19,3.63,0.19,0.636,0.704,0.0,0.281,50,76.0,883.8,5947.8,1418.6,96.0,2094.4,53780.4,0.0,26,15805.2,523.0,1,11993.2,3549.4,0
CHN_G0127,2015-10-01,12.863845,80.099113,402250.0,1422250.0,2.38,2.45,3.2,30.95,2.3,37.79,1.64,0.425,0.03,0.0,0.97,10,300.0,11560.3,6824.3,11194.1,751.9,14775.7,45963.4,0.0,0,0.0,4010.1,0,9585.1,6972.1,0
CHN_G0042,2015-10-01,12.850862,80.288073,422750.0,1420750.0,2.48,2.55,3.27,30.87,2.41,0.0,0.0,0.582,0.0,1.0,0.0,80,103.0,5258.7,9359.4,9025.2,6171.3,5597.8,60133.4,0.0,0,0.0,7349.3,0,15399.5,8502.1,0
CHN_G0106,2015-10-01,12.859638,80.195891,412750.0,1421750.0,2.27,2.35,3.13,31.03,2.19,5.18,3.77,0.708,0.13,0.026,0.815,30,319.0,2015.1,7901.0,1587.9,538.4,4284.5,52782.1,0.0,0,0.0,3047.4,0,11488.3,4445.6,0
CHN_G0045,2015-10-01,12.854834,80.108361,403250.0,1421250.0,2.38,2.45,3.2,30.95,2.3,27.35,0.19,0.985,0.0,0.0,1.0,40,295.0,11031.5,7971.0,10339.0,380.3,13728.3,47347.1,0.0,0,0.0,3042.6,0,10195.8,7821.8,0
CHN_G0147,2015-10-01,12.864145,80.191269,412250.0,1422250.0,2.25,2.32,3.11,31.05,2.17,8.65,2.55,0.483,0.15,0.0,0.844,10,330.0,2130.6,7737.8,1492.8,217.4,4871.9,52075.8,0.0,0,0.0,2467.7,0,10790.8,3821.6,0
CHN_G0091,2015-10-01,12.859417,80.126775,405250.0,1421750.0,2.32,2.39,3.16,30.99,2.24,43.91,8.89,0.0,0.0,0.0,1.0,10,338.0,8972.0,8140.3,8281.4,1023.3,11747.7,48065.1,0.0,0,0.0,990.5,1,9343.7,7085.8,0
CHN_G1371,2015-11-15,12.995337,80.218508,415250.0,1436750.0,14.72,16.99,150.77,416.15,12.45,12.91,1.29,0.64,0.257,0.0,0.742,10,318.0,141.3,5761.2,123.2,951.5,3319.9,43427.2,5050.4,0,0.0,841.1,2,2271.2,1170.2,1
CHN_G1718,2015-11-15,13.031652,80.269115,420750.0,1440750.0,15.03,16.26,157.97,399.36,13.8,12.34,1.58,0.38,0.84,0.0,0.139,50,213.0,86.2,5941.6,2669.1,796.4,419.2,45215.0,5503.3,177,19329.0,399.1,14,1558.4,399.6,1
CHN_G0058,2015-10-01,12.855031,80.16826,409750.0,1421250.0,2.28,2.36,3.14,31.02,2.2,14.32,0.53,0.418,0.422,0.001,0.575,50,315.0,4820.0,9963.1,4140.3,644.9,7229.6,51200.7,0.0,0,0.0,3077.1,0,10496.3,4945.4,0
CHN_G0183,2015-10-01,12.868579,80.163607,409250.0,1422750.0,2.23,2.3,3.1,31.06,2.15,11.96,1.15,0.597,0.013,0.0,0.982,40,305.0,4858.2,9168.1,4178.0,489.9,7908.6,49727.0,0.0,2,142.1,2240.2,0,8916.8,3794.8,0
CHN_G0238,2015-10-01,12.873284,80.223496,415750.0,1423250.0,2.26,2.33,3.12,31.04,2.18,2.68,0.27,0.674,0.469,0.0,0.45,50,72.0,380.9,5334.2,1604.9,440.7,1745.0,53696.9,0.0,29,2207.4,306.5,1,11463.0,2954.5,0
CHN_G0232,2015-10-01,12.873201,80.195848,412750.0,1423250.0,2.21,2.29,3.09,31.07,2.13,4.23,0.22,0.726,0.034,0.0,0.949,40,328.0,1323.6,6622.5,656.1,27.7,4642.8,51680.9,0.0,159,13521.0,1633.7,0,10310.0,3068.5,0
CHN_G0173,2015-10-01,12.868428,80.117529,404250.0,1422750.0,2.31,2.38,3.15,31.0,2.23,22.91,0.98,0.895,0.064,0.05,0.747,40,307.0,9559.8,6833.7,9164.9,381.0,12839.9,46670.6,0.0,45,5188.7,2192.0,0,8498.5,6322.8,0
CHN_G1837,2015-11-15,13.045122,80.236797,417250.0,1442250.0,13.58,19.83,164.92,428.62,7.33,14.11,1.81,0.565,0.711,0.0,0.282,50,20.0,116.3,2610.2,1061.1,2127.0,3070.5,41488.2,13932.3,0,0.0,179.5,23,1284.1,1377.2,1
CHN_G0062,2015-10-01,12.855089,80.18669,411750.0,1421250.0,2.28,2.36,3.14,31.02,2.2,8.21,1.2,0.649,0.19,0.0,0.808,40,310.0,3094.3,8853.7,2554.7,816.0,5230.7,52491.6,0.0,0,0.0,3465.6,0,11361.6,4721.7,0
CHN_G1675,2015-11-15,13.027118,80.264518,420250.0,1440250.0,14.86,16.62,157.49,405.48,13.11,11.43,3.53,0.458,0.867,0.0,0.129,50,213.0,107.2,5939.6,2357.0,472.2,426.0,45092.0,4649.9,0,0.0,148.1,22,2260.7,803.7,1
CHN_G1545,2015-11-15,13.013502,80.246115,418250.0,1438750.0,15.07,15.65,151.54,416.79,14.48,11.11,2.55,0.561,0.776,0.0,0.218,50,325.0,88.0,6168.5,1321.5,567.4,225.3,44395.4,8242.3,304,88183.2,555.3,6,2918.8,1856.7,1
CHN_G1754,2015-11-15,13.036094,80.241436,417750.0,1441250.0,14.23,18.12,159.49,420.7,10.34,13.68,1.16,0.53,0.882,0.0,0.118,50,168.0,95.9,3725.2,234.2,1072.9,1975.1,42479.8,7855.5,35,29500.3,228.1,21,1169.8,556.8,1
CHN_G0009,2015-10-01,12.850406,80.136022,406250.0,1420750.0,2.33,2.41,3.17,30.98,2.26,23.66,1.09,0.919,0.104,0.0,0.896,10,327.0,8267.3,9477.9,7560.9,958.0,10730.5,49460.8,0.0,0,0.0,421.1,2,10314.4,7241.7,0
CHN_G1836,2015-11-15,13.045108,80.232186,416750.0,1442250.0,13.63,19.71,164.18,428.1,7.55,16.26,1.38,0.455,0.822,0.0,0.165,50,5.0,29.3,2431.9,1192.8,2275.6,3387.4,41082.5,6708.2,0,0.0,195.5,17,1107.5,1160.9,1
CHN_G1380,2015-11-15,12.995458,80.260001,419750.0,1436750.0,14.85,16.49,153.35,414.13,13.21,12.59,3.91,0.39,0.879,0.0,0.121,50,30.0,126.1,8103.5,3804.2,1968.8,1041.0,46818.6,7992.6,300,70229.7,57.0,33,4069.0,532.6,1
CHN_G1420,2015-11-15,12.999953,80.250767,418750.0,1437250.0,14.98,16.01,152.08,415.92,13.94,9.65,1.9,0.642,0.818,0.006,0.173,50,279.0,36.6,7723.2,2805.2,1569.9,199.7,45728.6,12781.6,616,98493.0,178.7,22,3580.6,586.7,1
CHN_G0100,2015-10-01,12.859552,80.168245,409750.0,1421750.0,2.26,2.34,3.12,31.03,2.18,18.84,2.11,0.124,0.134,0.0,0.865,40,303.0,4634.6,9570.5,3930.1,1048.7,7260.7,50815.1,0.0,0,0.0,3201.7,0,10030.5,4473.0,0
CHN_G1825,2015-11-15,13.044953,80.181463,411250.0,1442250.0,13.84,20.04,153.17,417.52,7.65,22.47,3.53,0.214,0.772,0.0,0.226,50,278.0,57.3,1496.4,2237.8,2329.1,7854.2,36773.8,10176.4,119,41991.4,94.0,22,5438.7,516.0,1
CHN_G0153,2015-10-01,12.864229,80.218916,415250.0,1422250.0,2.28,2.36,3.14,31.02,2.2,5.39,3.97,0.55,0.242,0.0,0.757,40,329.0,1031.7,6427.8,1736.7,204.1,1996.2,54135.7,0.0,0,0.0,846.9,1,12491.5,4033.4,0
CHN_G0148,2015-10-01,12.864159,80.195877,412750.0,1422250.0,2.25,2.33,3.11,31.04,2.17,4.94,1.17,0.667,0.047,0.0,0.914,40,322.0,1695.6,7478.7,1150.8,50.1,4387.3,52412.8,0.0,0,0.0,2565.3,0,11086.9,3976.7,0
CHN_G1463,2015-11-15,13.004487,80.255364,419250.0,1437750.0,14.94,16.15,152.81,415.08,13.72,11.55,1.35,0.475,0.848,0.0,0.152,50,157.0,87.6,7533.1,2734.5,995.4,803.0,45800.8,13178.2,306,46857.1,212.0,21,4287.7,739.0,1
CHN_G0036,2015-10-01,12.850786,80.260427,419750.0,1420750.0,2.41,2.49,3.23,30.92,2.34,0.0,0.0,0.612,0.0,1.0,0.0,80,208.0,2759.3,8103.8,6314.4,3173.4,2738.7,58162.4,0.0,0,0.0,4574.6,0,14389.1,6479.4,0
CHN_G0162,2015-10-01,12.864349,80.260387,419750.0,1422250.0,2.38,2.45,3.2,30.95,2.3,0.0,0.0,0.628,0.0,1.0,0.0,80,103.0,1922.3,6697.6,5691.9,3438.6,2245.6,57020.9,0.0,0,0.0,4073.7,0,12939.7,5288.9,0
CHN_G1338,2015-11-15,12.990937,80.260014,419750.0,1436250.0,14.82,16.6,153.32,414.13,13.04,13.3,4.67,0.294,0.898,0.0,0.102,50,30.0,106.2,7620.9,4195.3,2468.7,919.2,47136.6,4888.3,0,0.0,174.6,34,3841.8,586.5,1
CHN_G0121,2015-10-01,12.859841,80.265008,420250.0,1421750.0,2.4,2.48,3.22,30.93,2.33,0.0,0.0,0.582,0.0,1.0,0.0,80,103.0,2567.4,7355.8,6332.7,3762.8,2915.0,57726.3,0.0,71,22853.2,4669.4,0,13561.2,5995.3,0
CHN_G0076,2015-10-01,12.855281,80.251198,418750.0,1421250.0,2.38,2.45,3.2,30.95,2.3,0.0,0.0,0.736,0.001,0.909,0.046,80,100.0,1768.4,7356.0,5199.3,2194.7,1635.9,57138.6,0.0,0,0.0,3457.5,0,13686.1,5541.8,0
CHN_G1540,2015-11-15,13.013434,80.223062,415750.0,1438750.0,15.0,15.91,151.25,417.23,14.09,16.5,0.99,0.387,0.782,0.0,0.218,50,12.0,110.9,5345.0,187.6,296.5,2717.2,42467.3,5043.5,364,89055.5,143.5,9,2538.2,465.1,1
CHN_G0203,2015-10-01,12.868857,80.255766,419250.0,1422750.0,2.35,2.43,3.19,30.97,2.28,0.0,0.0,0.709,0.0,1.0,0.0,80,42.0,1341.3,6050.4,5068.3,3238.7,1608.8,56315.6,0.0,0,0.0,3519.6,0,12327.5,4582.8,0
CHN_G1039,2015-11-15,12.959224,80.23706,417250.0,1432750.0,14.46,17.98,151.75,414.38,10.95,8.02,0.5,0.441,0.952,0.0,0.032,50,220.0,13.4,3752.4,2287.4,891.8,1385.1,47641.5,13133.5,337,70148.6,585.0,2,2201.5,1376.3,1
CHN_G0211,2015-10-01,12.872886,80.099081,402250.0,1423250.0,2.35,2.43,3.18,30.97,2.27,37.58,1.26,0.544,0.042,0.0,0.943,10,298.0,11146.3,5830.4,11154.1,1613.2,14890.3,45127.0,0.0,0,0.0,4234.3,0,8674.7,6000.1,0
CHN_G1198,2015-11-15,12.977183,80.195515,412750.0,1434750.0,13.73,21.09,145.82,412.46,6.37,11.27,1.89,0.65,0.978,0.0,0.02,50,327.0,1.8,3593.7,243.3,2237.5,6184.3,43075.0,27803.1,550,68961.2,599.2,12,2871.2,604.0,1
CHN_G0034,2015-10-01,12.85076,80.251211,418750.0,1420750.0,2.39,2.47,3.21,30.94,2.32,0.0,0.0,0.744,0.0,0.988,0.0,80,208.0,2221.1,7844.7,5448.9,2175.4,1767.4,57525.2,0.0,0,0.0,3728.0,0,14177.9,5990.1,0
CHN_G1247,2015-11-15,12.981801,80.227771,416250.0,1435250.0,14.67,17.19,151.17,415.6,12.15,12.26,0.8,0.434,0.923,0.0,0.076,50,167.0,164.0,6024.8,1592.6,174.9,2700.6,45182.9,4250.2,109,14812.6,216.8,12,547.5,748.7,1
CHN_G1870,2015-11-15,13.049517,80.195282,412750.0,1442750.0,13.88,19.57,156.88,420.62,8.18,14.62,0.85,0.648,0.895,0.0,0.101,50,37.0,80.0,1235.4,1444.4,2285.4,6724.9,37602.1,7616.8,92,19376.6,168.8,38,4146.2,433.3,1
CHN_G1741,2015-11-15,13.035911,80.181493,411250.0,1441250.0,13.82,20.32,150.95,416.0,7.31,16.69,2.72,0.548,0.814,0.0,0.183,50,64.0,102.4,2472.3,1246.7,1563.8,7530.5,37437.7,9500.0,201,24228.1,105.7,17,5085.5,531.1,1
CHN_G0134,2015-10-01,12.863954,80.131368,405750.0,1422250.0,2.29,2.37,3.14,31.01,2.21,25.47,2.07,0.572,0.22,0.0,0.778,10,311.0,8393.6,7920.4,7712.4,671.0,11290.8,47954.4,0.0,60,3781.3,646.3,1,8816.0,6537.9,0
CHN_G1660,2015-11-15,13.026913,80.195355,412750.0,1440250.0,14.01,19.57,151.36,416.34,8.46,8.83,0.43,0.896,0.162,0.092,0.708,10,291.0,314.1,3602.6,318.2,163.6,5847.2,39221.7,0.0,442,97482.8,564.1,3,3933.3,659.1,1
CHN_G0697,2015-11-15,12.922974,80.209516,414250.0,1428750.0,14.1,19.45,150.27,413.52,8.74,4.01,0.61,0.728,0.719,0.002,0.274,50,308.0,157.7,1602.0,1207.2,2798.4,3570.3,48507.0,727.3,61,14768.9,727.3,7,6274.5,1683.7,1
CHN_G0949,2015-11-15,12.950099,80.20943,414250.0,1431750.0,14.09,19.53,149.34,413.6,8.65,2.62,1.71,0.694,0.639,0.0,0.324,50,12.0,88.1,3004.3,140.1,186.6,4171.4,46286.6,3459.5,0,0.0,99.8,1,3557.1,1706.2,1
CHN_G0871,2015-11-15,12.94114,80.237115,417250.0,1430750.0,14.34,18.46,151.74,413.88,10.22,7.55,2.71,0.405,0.768,0.0,0.222,50,208.0,92.2,1868.8,2938.5,2876.7,1040.5,49071.5,6504.1,49,10370.3,190.6,11,4081.4,867.1,1
CHN_G1700,2015-11-15,13.031405,80.186118,411750.0,1440750.0,13.85,20.23,150.6,415.79,7.48,16.0,2.11,0.537,0.962,0.0,0.035,50,64.0,41.2,2937.7,775.5,856.7,6925.0,38144.0,11737.1,472,86696.4,407.9,16,4822.9,772.2,1
CHN_G1589,2015-11-15,13.01805,80.255323,419250.0,1439250.0,14.87,16.38,154.31,413.92,13.35,8.56,0.45,0.653,0.266,0.029,0.702,10,126.0,161.1,6181.9,1871.9,480.3,477.1,44878.3,2007.1,587,88127.5,496.7,9,3271.5,1683.2,1
CHN_G0149,2015-10-01,12.864173,80.200485,413250.0,1422250.0,2.25,2.33,3.12,31.04,2.18,4.52,0.52,0.666,0.114,0.0,0.871,30,319.0,1308.0,7215.6,959.4,60.9,3904.5,52752.4,0.0,0,0.0,2580.8,0,11397.3,4186.1,0
CHN_G0093,2015-10-01,12.859448,80.135991,406250.0,1421750.0,2.3,2.38,3.15,31.01,2.22,22.45,4.0,0.788,0.298,0.234,0.464,50,322.0,7993.5,8603.3,7298.9,674.8,10749.7,48653.7,0.0,0,0.0,76.8,2,9314.6,6560.8,0
CHN_G1822,2015-11-15,13.044909,80.16763,409750.0,1442250.0,13.77,20.49,151.24,416.0,7.05,17.36,0.64,0.554,0.939,0.0,0.058,50,278.0,46.4,2397.1,2126.7,2127.4,9258.9,35655.2,21745.2,28,9547.3,712.8,5,5798.6,1427.0,1
CHN_G1284,2015-11-15,12.986253,80.204706,413750.0,1435750.0,14.06,19.68,147.98,413.84,8.45,12.09,0.17,0.528,0.928,0.0,0.071,50,17.0,47.4,4278.6,827.1,1410.2,5013.4,43045.5,11670.3,0,0.0,496.2,8,2695.3,457.2,1
CHN_G1117,2015-11-15,12.968183,80.209373,414250.0,1433750.0,14.12,19.44,148.86,413.83,8.8,5.77,3.85,0.642,0.982,0.0,0.017,50,20.0,199.9,4809.3,540.8,868.0,4520.9,44830.3,2120.1,0,0.0,335.7,3,2200.5,492.6,1
CHN_G1867,2015-11-15,13.049474,80.181448,411250.0,1442750.0,13.84,19.95,154.15,418.23,7.73,15.95,1.2,0.588,0.939,0.0,0.058,50,278.0,0.3,1026.0,2498.0,2115.3,8055.6,36447.6,21730.8,37,6605.4,244.9,21,5560.9,187.5,1
CHN_G0235,2015-10-01,12.873243,80.209672,414250.0,1423250.0,2.23,2.31,3.1,31.06,2.15,6.26,1.45,0.465,0.616,0.0,0.37,50,218.0,26.2,5858.7,324.1,108.8,3181.3,52721.5,11961.6,54,2667.7,1517.0,0,11346.0,3511.0,0
CHN_G0129,2015-10-01,12.863876,80.108329,403250.0,1422250.0,2.35,2.42,3.18,30.97,2.27,30.7,3.56,0.596,0.324,0.0,0.676,10,297.0,10676.6,6997.1,10198.1,676.7,13779.2,46514.1,0.0,9,740.1,3017.6,0,9237.4,6824.3,0
CHN_G1717,2015-11-15,13.031639,80.264504,420250.0,1440750.0,14.89,16.6,158.11,403.53,13.17,9.46,1.38,0.649,0.65,0.0,0.35,50,213.0,36.5,5576.8,2203.5,896.7,149.9,44804.0,6295.3,157,37462.5,301.5,25,1901.3,346.9,1
CHN_G1000,2015-11-15,12.954743,80.250902,418750.0,1432250.0,14.5,17.82,152.62,413.96,11.19,3.21,1.78,0.788,0.607,0.0,0.392,50,71.0,25.0,3501.5,3863.6,2150.2,182.8,49063.1,4808.9,0,0.0,244.9,5,3514.1,1278.4,1
CHN_G0249,2015-10-01,12.87343,80.274185,421250.0,1423250.0,2.4,2.47,3.22,30.93,2.33,0.0,0.0,0.582,0.0,1.0,0.0,80,42.0,3369.5,6444.0,6906.4,5220.2,3554.4,57276.2,0.0,31,6036.7,5071.5,0,12503.2,5833.9,0
CHN_G0172,2015-10-01,12.868413,80.112921,403750.0,1422750.0,2.32,2.4,3.16,30.99,2.24,25.91,1.83,0.79,0.334,0.0,0.664,40,306.0,9998.3,6660.6,9664.3,860.7,13335.7,46383.5,0.0,47,13304.7,2653.7,0,8616.7,6304.6,0
CHN_G1780,2015-11-15,13.040388,80.167645,409750.0,1441750.0,13.74,20.68,150.22,415.36,6.81,17.94,0.21,0.534,0.856,0.0,0.137,50,46.0,71.4,2726.3,1627.0,2609.2,9109.7,35994.7,8293.6,0,0.0,399.0,6,5298.9,1054.3,1
CHN_G0033,2015-10-01,12.850747,80.246604,418250.0,1420750.0,2.38,2.46,3.2,30.95,2.31,4.45,1.45,0.497,0.646,0.005,0.309,50,208.0,2084.1,7755.6,5023.8,1677.3,1267.5,57210.5,0.0,291,36149.0,3336.8,0,14097.7,5794.9,0
CHN_G0005,2015-10-01,12.850345,80.117592,404250.0,1420750.0,2.37,2.44,3.19,30.96,2.29,33.43,0.58,0.66,0.226,0.0,0.74,10,276.0,10177.8,8715.7,9475.4,728.1,12730.2,48316.9,0.0,0,0.0,2260.1,0,10462.9,8254.6,0
CHN_G0163,2015-10-01,12.864362,80.264995,420250.0,1422250.0,2.39,2.47,3.21,30.94,2.32,0.0,0.0,0.582,0.0,1.0,0.0,80,103.0,2405.3,6904.3,6168.0,3904.2,2711.5,57349.8,0.0,0,0.0,4567.2,0,13084.5,5636.8,0
CHN_G0534,2015-11-15,12.904959,80.232616,416750.0,1426750.0,14.22,18.93,151.81,413.55,9.5,9.38,0.83,0.29,0.874,0.006,0.119,50,78.0,118.3,1701.1,1944.0,2923.9,731.9,51660.3,3712.4,215,32866.1,322.9,6,7969.5,674.5,1
CHN_G0007,2015-10-01,12.850376,80.126807,405250.0,1420750.0,2.35,2.42,3.18,30.97,2.27,28.77,1.78,0.83,0.108,0.034,0.856,10,319.0,9218.6,9059.8,8513.2,221.1,11730.3,48881.9,0.0,0,0.0,1410.1,0,10340.7,7970.2,0
CHN_G0199,2015-10-01,12.868804,80.237334,417250.0,1422750.0,2.3,2.38,3.15,31.0,2.23,1.19,1.54,0.796,0.012,0.193,0.766,30,114.0,371.7,5673.0,3177.4,1333.7,176.0,55027.3,0.0,12,1377.4,1526.6,0,11995.9,3577.7,0
CHN_G1296,2015-11-15,12.986416,80.260028,419750.0,1435750.0,14.78,16.73,153.31,414.09,12.83,9.9,3.2,0.449,0.866,0.027,0.103,50,79.0,42.5,7140.8,4607.5,2968.6,809.2,47457.8,5094.5,643,68552.7,14.5,27,3669.1,235.9,1
CHN_G1829,2015-11-15,13.045011,80.199908,413250.0,1442250.0,13.93,19.37,156.82,420.63,8.49,16.57,2.55,0.532,0.846,0.0,0.144,50,44.0,78.9,1768.2,737.4,1778.7,6043.6,38305.3,11636.0,365,79977.4,250.8,36,3502.7,459.1,1
CHN_G0180,2015-10-01,12.868535,80.149783,407750.0,1422750.0,2.24,2.32,3.11,31.05,2.16,19.75,1.17,0.338,0.322,0.0,0.678,10,310.0,6344.7,8693.6,5671.6,214.9,9381.1,48776.4,0.0,116,7065.5,1772.4,0,8489.6,4772.1,0
CHN_G1792,2015-11-15,13.04056,80.222978,415750.0,1441750.0,14.0,18.8,159.92,423.52,9.2,15.81,1.93,0.499,0.951,0.0,0.048,50,333.0,28.1,2408.0,1375.1,2153.4,3688.0,40579.1,17321.2,0,0.0,226.6,19,1018.6,728.0,1
CHN_G1701,2015-11-15,13.031419,80.190729,412250.0,1440750.0,13.93,19.87,151.53,416.45,7.98,14.21,1.31,0.629,0.875,0.0,0.123,50,64.0,13.8,2993.5,699.1,532.1,6437.6,38515.7,2794.9,575,101854.5,23.8,17,4346.5,1190.6,1
CHN_G1292,2015-11-15,12.986363,80.241587,417750.0,1435750.0,14.85,16.48,151.83,415.85,13.23,6.24,0.32,0.773,0.55,0.0,0.448,50,131.0,1.1,6763.1,2813.3,1196.0,1138.2,45948.5,4987.0,72,4272.1,978.3,1,1842.9,1560.5,1
CHN_G0043,2015-10-01,12.854803,80.099146,402250.0,1421250.0,2.4,2.47,3.22,30.93,2.33,30.86,0.11,0.843,0.12,0.0,0.88,10,302.0,12012.4,7819.8,11322.6,704.3,14728.2,46806.2,0.0,0,0.0,4029.0,0,10511.8,7951.1,0
CHN_G1795,2015-11-15,13.040601,80.236811,417250.0,1441750.0,13.91,18.99,162.03,424.67,8.82,16.79,0.9,0.389,0.886,0.0,0.111,50,333.0,19.1,3080.7,941.2,1639.7,2681.0,41781.0,12455.9,299,35678.2,269.3,22,897.2,1012.4,1
CHN_G1167,2015-11-15,12.972814,80.246238,418250.0,1434250.0,14.66,17.2,152.36,414.77,12.12,6.89,2.53,0.617,0.991,0.0,0.009,50,58.0,17.8,5363.1,3168.2,1306.5,690.1,47327.0,17083.4,0,0.0,723.1,3,2066.7,1931.1,1
CHN_G1072,2015-11-15,12.96362,80.195559,412750.0,1433250.0,13.82,20.7,146.84,412.76,6.93,13.38,3.44,0.379,0.921,0.021,0.05,50,26.0,20.3,4450.5,1237.6,1356.5,5897.8,44166.1,13067.0,262,38679.5,111.8,6,3774.3,1149.1,1
CHN_G0917,2015-11-15,12.945714,80.255538,419250.0,1431250.0,14.46,17.98,152.83,413.66,10.93,11.52,0.65,0.161,0.796,0.002,0.196,50,71.0,352.0,2807.5,4680.2,3206.5,845.3,50118.8,0.0,413,63480.3,523.3,3,4584.8,1523.8,1
CHN_G0018,2015-10-01,12.850539,80.17749,410750.0,1420750.0,2.3,2.37,3.15,31.01,2.22,8.53,1.92,0.732,0.003,0.0,0.997,30,312.0,4193.9,9803.7,3609.9,687.9,6231.3,52223.4,0.0,0,0.0,4030.9,0,11344.2,5227.3,0
CHN_G0078,2015-10-01,12.855307,80.260413,419750.0,1421250.0,2.4,2.48,3.22,30.93,2.33,0.0,0.0,0.615,0.0,1.0,0.0,80,103.0,2409.9,7631.1,6076.9,3186.7,2611.0,57780.1,0.0,47,3466.2,4356.9,0,13904.8,6067.4,0
CHN_G1757,2015-11-15,13.036134,80.255269,419250.0,1441250.0,14.49,17.54,159.52,412.59,11.44,13.35,4.0,0.502,0.777,0.0,0.212,50,37.0,10.6,4528.3,1091.1,1663.1,908.2,43698.1,10366.9,509,90298.8,142.2,33,1417.8,327.1,1
CHN_G0197,2015-10-01,12.868777,80.228118,416250.0,1422750.0,2.28,2.36,3.14,31.02,2.21,6.17,1.12,0.46,0.328,0.008,0.65,10,131.0,722.9,5730.8,2283.9,368.8,1120.1,54399.3,0.0,184,18463.8,549.5,1,11952.8,3420.4,0
CHN_G0866,2015-11-15,12.941071,80.214068,414750.0,1430750.0,14.14,19.31,150.04,413.67,8.97,2.37,1.12,0.698,0.892,0.008,0.097,50,47.0,2.3,1893.7,939.1,876.6,3492.5,47357.5,9225.2,0,0.0,694.3,3,4222.0,2803.3,1
CHN_G0175,2015-10-01,12.868459,80.126744,405250.0,1422750.0,2.28,2.36,3.14,31.02,2.21,25.44,1.8,0.525,0.27,0.092,0.611,10,316.0,8702.9,7242.2,8166.2,212.6,11849.5,47255.4,0.0,2,222.2,1352.6,0,8347.6,6096.1,0
CHN_G1834,2015-11-15,13.045081,80.222963,415750.0,1442250.0,13.78,19.38,162.07,425.94,8.19,14.55,2.03,0.591,0.978,0.0,0.022,50,5.0,16.8,1928.1,1014.8,2550.1,4030.5,40277.5,11076.5,0,0.0,153.9,13,1371.7,623.5,1
CHN_G0011,2015-10-01,12.850436,80.145237,407250.0,1420750.0,2.32,2.39,3.16,30.99,2.24,24.18,3.56,0.533,0.181,0.0,0.797,10,324.0,7327.0,9979.1,6622.6,801.7,9730.7,50052.9,0.0,0,0.0,531.7,2,10384.7,6584.9,0
CHN_G0039,2015-10-01,12.850825,80.27425,421250.0,1420750.0,2.45,2.52,3.25,30.9,2.37,0.0,0.0,0.582,0.0,1.0,0.0,80,103.0,3922.2,8673.7,7646.2,4672.1,4181.8,59137.1,0.0,0,0.0,5934.6,0,14827.1,7408.4,0
CHN_G1668,2015-11-15,13.027025,80.232242,416750.0,1440250.0,14.76,16.59,153.83,418.17,12.93,21.47,2.52,0.005,0.748,0.0,0.251,50,83.0,81.7,4153.1,374.1,759.7,2014.8,42288.4,10031.2,0,0.0,364.2,15,912.2,841.1,1
CHN_G0176,2015-10-01,12.868474,80.131352,405750.0,1422750.0,2.27,2.35,3.13,31.03,2.2,26.08,9.89,0.419,0.346,0.0,0.644,50,308.0,8286.5,7488.4,7667.0,322.3,11354.9,47552.9,0.0,73,18011.0,1044.9,0,8316.3,6039.1,0
CHN_G1571,2015-11-15,13.017798,80.172331,410250.0,1439250.0,13.48,22.08,144.71,412.07,4.89,12.17,0.51,0.709,0.855,0.0,0.14,50,89.0,30.5,2201.2,521.1,1079.7,8237.0,38095.8,9848.2,76,23641.0,557.1,2,2880.1,727.0,1
CHN_G1168,2015-11-15,12.972827,80.250848,418750.0,1434250.0,14.67,17.17,152.66,414.53,12.16,9.75,1.13,0.46,0.894,0.0,0.088,50,58.0,59.0,5441.6,3662.8,1762.5,199.3,47695.9,10508.2,0,0.0,469.7,10,2556.9,1709.7,1
CHN_G1544,2015-11-15,13.013489,80.241505,417750.0,1438750.0,15.14,15.4,150.84,417.23,14.89,12.79,2.84,0.508,0.187,0.0,0.813,10,325.0,108.6,5932.8,1004.6,778.9,720.9,44005.2,4118.1,233,39009.8,213.8,5,2665.3,1550.1,1
CHN_G1496,2015-11-15,13.008886,80.213855,414750.0,1438250.0,14.69,17.07,151.14,416.57,12.32,10.62,2.23,0.776,0.606,0.0,0.386,50,84.0,16.5,5595.1,834.6,975.6,3709.2,42045.9,3242.2,0,0.0,714.0,4,3429.2,346.9,1
CHN_G0227,2015-10-01,12.873129,80.172808,410250.0,1423250.0,2.2,2.28,3.08,31.08,2.12,10.62,0.55,0.536,0.001,0.0,0.998,10,307.0,3808.7,8111.2,3154.4,338.1,7064.7,49998.5,0.0,332,34969.4,2124.3,0,8882.8,2893.0,0
CHN_G0618,2015-11-15,12.914001,80.232588,416750.0,1427750.0,14.23,18.89,151.7,413.59,9.57,9.81,0.96,0.216,0.825,0.012,0.156,50,63.0,33.2,728.0,1345.6,3504.6,921.8,50917.9,2930.2,38,3370.3,59.3,3,6971.9,1536.1,1
CHN_G0077,2015-10-01,12.855294,80.255806,419250.0,1421250.0,2.39,2.46,3.21,30.94,2.31,0.0,0.0,0.688,0.0,1.0,0.0,80,100.0,2053.6,7478.1,5633.0,2690.0,2120.6,57458.1,0.0,58,3900.8,3901.1,0,13786.8,5789.0,0
CHN_G0214,2015-10-01,12.872934,80.112905,403750.0,1423250.0,2.31,2.38,3.15,31.0,2.23,24.61,0.57,0.784,0.085,0.0,0.895,40,297.0,9773.2,6190.7,9654.1,1072.8,13408.5,45973.8,0.0,0,0.0,2866.4,0,8135.4,5804.6,0
CHN_G1197,2015-11-15,12.977168,80.190905,412250.0,1434750.0,13.6,21.64,144.81,411.93,5.57,14.96,0.11,0.552,0.975,0.0,0.025,50,327.0,13.4,3149.8,180.8,1983.6,6675.1,42736.5,26565.8,190,29638.1,280.1,18,2431.5,491.9,1
CHN_G0051,2015-10-01,12.854927,80.136006,406250.0,1421250.0,2.32,2.39,3.16,30.99,2.24,24.6,1.01,0.779,0.268,0.014,0.698,10,318.0,8117.2,9037.4,7414.2,669.8,10728.7,49056.4,0.0,0,0.0,560.2,3,9814.5,6891.5,0
CHN_G0705,2015-11-15,12.923083,80.246387,418250.0,1428750.0,14.32,18.53,152.31,413.58,10.1,3.0,1.36,0.684,0.899,0.0,0.097,50,312.0,59.9,371.8,2730.8,4772.7,337.9,51214.3,5167.0,97,13896.6,1252.3,0,6285.0,2761.7,1
CHN_G1652,2015-11-15,13.026796,80.158468,408750.0,1440250.0,13.57,21.61,146.52,413.03,5.53,15.11,1.92,0.697,0.852,0.0,0.12,50,107.0,7.2,1535.5,692.7,2093.1,9812.9,36331.6,19175.4,408,100622.0,1012.1,0,3880.1,841.3,1
CHN_G0992,2015-11-15,12.954634,80.214026,414750.0,1432250.0,14.16,19.23,149.71,413.83,9.09,2.07,0.12,0.681,0.226,0.008,0.756,40,119.0,180.1,3229.1,134.9,795.2,3755.7,46268.6,1676.9,0,0.0,796.9,1,2866.5,1451.6,1
CHN_G0130,2015-10-01,12.863892,80.112937,403750.0,1422250.0,2.34,2.41,3.17,30.98,2.26,27.1,0.81,0.755,0.184,0.0,0.814,10,302.0,10242.8,7134.6,9700.3,911.4,13281.2,46795.0,0.0,49,11857.8,2523.5,0,9099.9,6804.6,0
CHN_G0219,2015-10-01,12.87301,80.135944,406250.0,1423250.0,2.25,2.32,3.11,31.05,2.17,18.65,0.11,0.642,0.142,0.0,0.823,40,316.0,7592.2,7351.4,7154.2,527.2,10947.8,47456.8,0.0,0,0.0,1424.2,0,7815.2,5523.3,0
CHN_G0154,2015-10-01,12.864243,80.223524,415750.0,1422250.0,2.29,2.37,3.14,31.01,2.21,3.32,0.56,0.649,0.176,0.0,0.824,10,325.0,558.6,6309.6,2113.8,186.5,1504.8,54484.0,0.0,0,0.0,693.9,1,12462.1,3945.7,0
CHN_G1796,2015-11-15,13.040615,80.241422,417750.0,1441750.0,13.92,18.96,162.34,423.99,8.87,13.84,2.56,0.559,0.827,0.0,0.173,50,168.0,31.5,3271.1,479.0,1570.9,2375.2,42185.9,10646.1,144,15315.4,275.3,24,1125.8,971.2,1
CHN_G0030,2015-10-01,12.850707,80.232781,416750.0,1420750.0,2.35,2.43,3.18,30.97,2.28,1.85,1.03,0.805,0.048,0.254,0.567,10,139.0,1320.0,7679.6,3857.8,236.7,232.3,56256.9,0.0,10,970.5,2416.9,0,13962.3,5447.9,0
CHN_G0185,2015-10-01,12.868608,80.172823,410250.0,1422750.0,2.22,2.3,3.09,31.06,2.14,13.46,2.16,0.375,0.108,0.0,0.892,10,301.0,3873.0,8483.0,3185.5,117.4,6933.4,50375.6,0.0,31,4222.8,2614.4,0,9325.5,3364.3,0
CHN_G0181,2015-10-01,12.86855,80.154391,408250.0,1422750.0,2.23,2.31,3.1,31.05,2.15,16.3,5.25,0.476,0.116,0.084,0.764,40,306.0,5848.4,9039.0,5173.3,259.2,8889.3,49090.2,0.0,72,6422.9,1890.3,0,8605.4,4413.8,0
CHN_G0088,2015-10-01,12.859371,80.112952,403750.0,1421750.0,2.35,2.43,3.18,30.97,2.27,25.18,0.08,0.962,0.0,0.0,1.0,40,307.0,10447.5,7611.9,9761.8,681.8,13245.4,47208.2,0.0,108,22111.5,2488.8,0,9584.9,7304.6,0
CHN_G1844,2015-11-15,13.045215,80.269076,420750.0,1442250.0,15.13,16.06,158.41,395.72,14.2,11.41,1.58,0.522,0.9,0.0,0.1,50,57.0,73.9,5068.5,2377.7,2134.0,463.6,44381.8,8428.2,0,0.0,240.5,28,970.4,932.7,1
CHN_G1786,2015-11-15,13.040475,80.195311,412750.0,1441750.0,13.96,19.47,154.74,418.86,8.44,17.58,1.54,0.461,0.885,0.0,0.114,50,291.0,37.9,2154.6,1000.5,1293.8,6277.7,38238.6,14857.7,0,0.0,114.6,24,3873.3,1046.6,1
CHN_G1791,2015-11-15,13.040546,80.218366,415250.0,1441750.0,14.03,18.79,159.11,422.78,9.26,15.08,0.82,0.552,0.93,0.0,0.069,50,83.0,32.1,2324.8,1389.2,1854.5,4081.4,40182.9,19357.5,0,0.0,292.1,20,1454.3,407.6,1
CHN_G0046,2015-10-01,12.85485,80.112968,403750.0,1421250.0,2.36,2.44,3.19,30.96,2.29,33.51,1.77,0.616,0.012,0.0,0.982,40,319.0,10542.5,8092.0,9848.4,506.6,13228.3,47623.1,0.0,0,0.0,2553.4,0,10071.4,7804.6,0
CHN_G0208,2015-10-01,12.868921,80.278806,421750.0,1422750.0,2.42,2.5,3.23,30.91,2.35,0.0,0.0,0.582,0.0,1.0,0.0,80,42.0,3840.5,7133.6,7498.5,5485.0,4078.7,57982.7,0.0,0,0.0,5763.8,0,13164.3,6519.5,0
CHN_G0002,2015-10-01,12.850298,80.103769,402750.0,1420750.0,2.4,2.47,3.22,30.93,2.33,35.24,1.89,0.597,0.0,0.0,0.998,10,297.0,11629.3,8374.5,10931.4,632.4,14229.9,47496.1,0.0,0,0.0,3649.8,0,10818.4,8366.9,0
CHN_G0239,2015-10-01,12.873298,80.228104,416250.0,1423250.0,2.27,2.34,3.13,31.03,2.19,10.05,3.94,0.227,0.687,0.004,0.297,50,83.0,448.5,5236.1,2061.9,619.9,1293.6,54008.9,0.0,20,1174.7,598.5,1,11452.8,2920.5,0
CHN_G0237,2015-10-01,12.873271,80.218888,415250.0,1423250.0,2.25,2.32,3.11,31.05,2.17,10.86,6.18,0.2,0.706,0.0,0.244,50,273.0,493.6,5471.4,1170.7,512.1,2216.9,53387.7,0.0,88,6088.7,574.2,1,11494.9,3070.6,0
CHN_G0054,2015-10-01,12.854972,80.149829,407750.0,1421250.0,2.3,2.37,3.15,31.01,2.22,20.94,0.58,0.529,0.062,0.0,0.921,40,307.0,6686.2,9851.4,5979.8,838.4,9229.0,49956.6,0.0,0,0.0,1160.1,0,9962.9,5883.9,0
CHN_G0101,2015-10-01,12.859567,80.172852,410250.0,1421750.0,2.26,2.34,3.12,31.04,2.18,11.56,1.88,0.489,0.265,0.0,0.735,40,301.0,4169.2,9262.7,3470.1,913.4,6763.2,51136.0,0.0,0,0.0,3439.5,0,10226.9,4326.4,0
CHN_G0020,2015-10-01,12.850568,80.186705,411750.0,1420750.0,2.3,2.38,3.15,31.01,2.22,10.4,1.71,0.592,0.146,0.005,0.812,40,308.0,3429.3,9281.4,2953.5,1310.4,5231.4,52869.8,0.0,9,623.5,3964.3,0,11796.1,5219.5,0
CHN_G1760,2015-11-15,13.036173,80.269102,420750.0,1441250.0,15.1,16.11,158.14,397.04,14.09,9.86,4.65,0.567,0.877,0.002,0.112,50,213.0,19.8,5623.0,2526.0,1296.4,43.8,44933.4,5153.3,610,102545.4,198.9,20,1197.1,114.6,1
CHN_G1665,2015-11-15,13.026983,80.218409,415250.0,1440250.0,14.55,17.33,154.02,418.45,11.78,13.45,0.93,0.544,0.957,0.0,0.043,50,83.0,49.9,3768.8,575.4,861.1,3409.7,41119.6,7375.5,0,0.0,320.3,20,1607.2,274.3,1
CHN_G1034,2015-11-15,12.959155,80.214012,414750.0,1432750.0,14.18,19.18,149.62,413.91,9.18,3.66,1.43,0.609,0.274,0.042,0.582,50,116.0,2.8,3700.6,357.5,1074.6,3839.1,45901.6,3882.2,428,55259.1,1044.5,0,2452.4,1090.9,1
CHN_G1798,2015-11-15,13.040641,80.250644,418750.0,1441750.0,14.12,18.48,161.83,419.05,9.76,12.44,0.76,0.604,0.774,0.0,0.226,50,37.0,8.1,3823.4,466.1,1780.4,1612.5,43001.7,8980.3,17,1426.4,137.2,28,770.6,74.7,1
CHN_G0152,2015-10-01,12.864215,80.214308,414750.0,1422250.0,2.27,2.35,3.13,31.03,2.19,3.34,0.21,0.675,0.235,0.0,0.765,30,328.0,934.6,6580.1,1436.7,17.3,2481.3,53786.2,0.0,0,0.0,1205.5,0,12402.9,4179.5,0
CHN_G1745,2015-11-15,13.035969,80.199937,413250.0,1441250.0,14.04,19.17,154.5,418.68,8.92,17.86,1.5,0.396,0.909,0.0,0.084,50,44.0,57.0,2758.9,389.5,779.6,5626.5,38943.1,9589.6,319,28441.6,198.4,19,3328.8,572.7,1
CHN_G0060,2015-10-01,12.85506,80.177475,410750.0,1421250.0,2.28,2.36,3.13,31.02,2.2,8.19,0.85,0.69,0.138,0.007,0.852,40,313.0,3924.7,9389.1,3291.6,979.0,6230.0,51840.5,0.0,0,0.0,3678.0,0,10891.7,4730.3,0
CHN_G0010,2015-10-01,12.850421,80.140629,406750.0,1420750.0,2.32,2.4,3.17,30.99,2.25,29.3,2.83,0.388,0.696,0.0,0.301,50,150.0,7795.3,9718.9,7089.7,749.6,10230.6,49755.2,0.0,0,0.0,44.6,2,10337.5,6903.0,0
CHN_G1334,2015-11-15,12.990884,80.241573,417750.0,1436250.0,14.93,16.19,151.65,416.2,13.67,9.58,2.0,0.665,0.349,0.008,0.637,10,258.0,134.9,7246.2,2672.7,1470.5,1017.0,45616.6,852.4,0,0.0,1150.4,0,2166.5,1602.6,1
CHN_G1120,2015-11-15,12.968225,80.223203,415750.0,1433750.0,14.4,18.27,150.64,414.61,10.52,2.99,0.76,0.725,0.478,0.081,0.396,50,20.0,50.9,4519.3,628.9,575.0,3048.5,45873.9,7286.2,0,0.0,763.5,6,1068.4,1428.2,1
CHN_G0140,2015-10-01,12.864044,80.159014,408750.0,1422250.0,2.25,2.33,3.11,31.04,2.17,12.91,0.98,0.653,0.08,0.0,0.92,40,303.0,5444.9,9746.1,4749.4,938.0,8314.0,49793.6,0.0,20,6488.5,2484.6,0,9224.6,4487.8,0
CHN_G0244,2015-11-15,12.873365,80.251144,418750.0,1423250.0,14.24,18.81,152.72,413.41,9.66,0.76,3.63,0.689,0.358,0.472,0.09,80,42.0,950.2,5418.2,4465.8,2912.2,1054.5,55610.4,0.0,0,0.0,3029.7,0,11726.0,3877.1,1
CHN_G0192,2015-10-01,12.868708,80.205078,413750.0,1422750.0,2.24,2.32,3.11,31.05,2.16,3.98,0.41,0.628,0.214,0.0,0.778,30,321.0,601.0,6534.9,565.2,287.4,3562.7,52732.2,0.0,20,4287.5,1995.2,0,11349.6,4035.2,0
CHN_G0233,2015-10-01,12.873215,80.200456,413250.0,1423250.0,2.22,2.3,3.09,31.07,2.14,3.58,0.51,0.729,0.104,0.0,0.862,40,329.0,837.1,6370.0,157.1,71.4,4155.6,52025.3,0.0,74,5560.4,1913.2,0,10643.0,3335.4,0
CHN_G1083,2015-11-15,12.963772,80.246265,418250.0,1433250.0,14.56,17.59,152.37,414.37,11.54,7.56,2.91,0.561,0.963,0.0,0.031,50,109.0,18.7,4371.2,3169.0,1210.5,499.1,48010.3,10875.7,615,79472.4,36.4,5,2485.3,1856.6,1
CHN_G0170,2015-10-01,12.868381,80.103705,402750.0,1422750.0,2.35,2.42,3.18,30.97,2.27,39.37,3.28,0.239,0.12,0.0,0.88,10,285.0,10891.1,6401.3,10663.4,1017.5,14328.1,45820.3,0.0,127,12807.1,3608.0,0,8932.5,6386.4,0
CHN_G1241,2015-11-15,12.981718,80.200111,413250.0,1435250.0,13.87,20.5,146.76,413.04,7.24,11.06,2.59,0.592,0.963,0.0,0.035,50,277.0,7.2,3887.2,224.1,1905.5,5624.9,43054.5,19906.7,533,82876.9,212.2,7,3033.3,872.7,1
CHN_G1779,2015-11-15,13.040373,80.163034,409250.0,1441750.0,13.72,20.79,149.82,415.05,6.66,17.24,1.73,0.575,0.604,0.0,0.385,50,46.0,203.1,3041.3,1643.7,2495.5,9591.6,35631.0,4641.6,0,0.0,273.6,6,5304.2,741.1,1
CHN_G0948,2015-11-15,12.950085,80.204821,413750.0,1431750.0,14.02,19.8,148.85,413.42,8.24,2.42,0.23,0.768,0.798,0.008,0.178,50,183.0,56.5,3294.0,126.8,164.0,4665.3,45944.0,4991.4,0,0.0,479.8,1,3858.3,1672.8,1
CHN_G0014,2015-10-01,12.850481,80.159059,408750.0,1420750.0,2.3,2.38,3.15,31.0,2.23,13.06,0.31,0.786,0.0,0.813,0.173,80,300.0,5936.8,10860.9,5258.1,650.3,8230.9,50965.0,0.0,0,0.0,2031.0,0,10666.7,5786.9,0
CHN_G0178,2015-10-01,12.868505,80.140568,406750.0,1422750.0,2.25,2.33,3.12,31.04,2.18,16.72,0.48,0.756,0.057,0.0,0.943,40,305.0,7338.7,8051.5,6669.0,755.5,10367.2,48158.2,0.0,38,6388.9,1056.7,0,8343.7,5554.7,0
CHN_G0117,2015-10-01,12.859789,80.246577,418250.0,1421750.0,2.35,2.43,3.19,30.97,2.28,4.09,1.42,0.505,0.413,0.0,0.586,50,249.0,1109.5,6768.0,4515.8,1866.1,1044.5,56434.8,0.0,20,2957.3,2783.2,0,13108.8,4872.5,0
CHN_G1278,2015-11-15,12.986167,80.177046,410750.0,1435750.0,13.26,23.14,141.66,410.35,3.38,18.23,0.32,0.612,0.394,0.0,0.605,10,191.0,49.8,1358.6,1942.7,1717.9,7929.2,40976.2,6596.6,0,0.0,970.6,2,635.6,1709.6,1
CHN_G0090,2015-10-01,12.859402,80.122168,404750.0,1421750.0,2.33,2.4,3.17,30.99,2.25,31.83,0.96,0.431,0.63,0.0,0.359,50,63.0,9463.0,7946.0,8774.1,843.9,12246.9,47776.0,0.0,0,0.0,1489.6,0,9398.3,7169.4,0
CHN_G0224,2015-10-01,12.873085,80.158984,408750.0,1423250.0,2.21,2.29,3.09,31.07,2.13,10.91,0.57,0.722,0.016,0.0,0.984,10,308.0,5306.5,9064.9,4654.3,10.0,8510.1,49022.6,0.0,0,0.0,1555.3,0,8274.6,3707.0,0
CHN_G1118,2015-11-15,12.968197,80.213983,414750.0,1433750.0,14.22,19.0,149.54,414.15,9.44,2.78,2.09,0.762,0.916,0.0,0.073,50,20.0,243.1,4661.3,212.4,368.0,4030.1,45175.3,535.5,0,0.0,691.8,5,1763.1,925.1,1
CHN_G0096,2015-10-01,12.859493,80.149814,407750.0,1421750.0,2.28,2.36,3.13,31.02,2.2,17.55,0.63,0.619,0.272,0.13,0.55,50,305.0,6537.8,9454.8,5836.2,735.0,9253.4,49561.3,0.0,0,0.0,1408.4,0,9470.9,5492.9,0
CHN_G0015,2015-10-01,12.850496,80.163667,409250.0,1420750.0,2.3,2.38,3.15,31.01,2.22,13.74,1.9,0.597,0.0,0.149,0.803,40,311.0,5484.7,10664.3,4821.1,291.4,7731.0,51275.2,0.0,0,0.0,2530.9,0,10805.4,5585.5,0
CHN_G1868,2015-11-15,13.049488,80.186059,411750.0,1442750.0,13.86,19.81,154.99,418.94,7.91,17.25,0.73,0.509,0.963,0.0,0.037,50,278.0,22.0,940.1,2259.1,2379.9,7605.0,36829.7,18712.0,35,8240.1,218.8,30,5083.9,362.7,1
CHN_G0702,2015-11-15,12.923042,80.232561,416750.0,1428750.0,14.25,18.82,151.6,413.65,9.67,0.52,1.4,0.759,0.376,0.109,0.384,50,156.0,267.8,36.2,1265.4,3663.8,1118.9,50184.4,307.7,477,69120.7,987.1,1,5975.1,2502.8,1
CHN_G0066,2015-10-01,12.855145,80.205121,413750.0,1421250.0,2.29,2.37,3.14,31.01,2.22,0.92,0.2,0.94,0.029,0.546,0.424,80,318.0,1962.8,7880.7,1977.5,1096.3,3233.0,53825.8,0.0,0,0.0,2610.0,0,12490.0,5303.9,0
CHN_G1253,2015-11-15,12.981882,80.255431,419250.0,1435250.0,14.76,16.82,152.93,414.52,12.7,13.11,1.36,0.28,0.632,0.0,0.364,50,79.0,79.9,6526.5,4392.1,2594.6,210.8,47403.9,10314.5,145,45849.6,151.4,26,3065.7,619.3,1
CHN_G0138,2015-10-01,12.864014,80.149799,407750.0,1422250.0,2.26,2.34,3.12,31.04,2.18,19.65,0.48,0.415,0.511,0.0,0.473,50,312.0,6422.5,9068.4,5732.7,676.9,9304.6,49167.8,0.0,41,4566.1,1570.7,0,8979.7,5120.8,0
CHN_G0024,2015-10-01,12.850624,80.205135,413750.0,1420750.0,2.31,2.39,3.16,31.0,2.23,4.46,0.08,0.774,0.086,0.822,0.09,80,238.0,2449.2,8341.0,2471.3,1465.8,3231.8,54194.7,0.0,18,2580.5,2959.1,0,12886.5,5751.5,0
CHN_G1678,2015-11-15,13.027157,80.278351,421750.0,1440250.0,15.11,16.1,157.69,397.59,14.11,5.87,2.43,0.494,0.566,0.232,0.069,50,213.0,254.8,7027.9,3782.3,635.9,1452.9,46322.5,1383.4,0,0.0,229.9,3,1746.8,479.3,1
CHN_G0079,2015-10-01,12.85532,80.265021,420250.0,1421250.0,2.41,2.49,3.23,30.92,2.34,0.0,0.0,0.582,0.0,1.0,0.0,80,103.0,2810.3,7813.2,6528.9,3684.3,3102.4,58104.6,0.0,259,19512.7,4821.5,0,14039.5,6372.8,0
CHN_G0243,2015-10-01,12.873352,80.246536,418250.0,1423250.0,2.32,2.39,3.16,30.99,2.24,8.86,5.47,0.233,0.529,0.0,0.47,50,319.0,559.2,5295.5,3976.4,2421.2,554.6,55284.7,0.0,0,0.0,2532.8,0,11628.9,3568.1,0
CHN_G1542,2015-11-15,13.013462,80.232283,416750.0,1438750.0,15.17,15.29,150.56,417.36,15.05,11.19,2.3,0.683,0.56,0.068,0.341,50,74.0,127.3,5567.2,963.9,231.4,1718.4,43231.5,1765.1,655,50776.9,235.4,4,2402.8,556.4,1
CHN_G0057,2015-10-01,12.855016,80.163652,409250.0,1421250.0,2.28,2.36,3.14,31.02,2.21,13.79,0.38,0.553,0.038,0.031,0.904,40,292.0,5281.7,10274.2,4587.6,684.6,7729.4,50885.2,0.0,0,0.0,2586.1,0,10329.3,5123.3,0
CHN_G0231,2015-10-01,12.873187,80.19124,412250.0,1423250.0,2.21,2.29,3.08,31.08,2.13,5.88,0.93,0.675,0.094,0.0,0.878,30,326.0,1817.4,6891.3,1155.2,45.0,5130.7,51339.1,0.0,205,11028.4,1475.7,0,9990.9,2864.7,0
CHN_G0070,2015-10-01,12.855201,80.223552,415750.0,1421250.0,2.32,2.4,3.16,30.99,2.24,5.52,3.58,0.537,0.098,0.045,0.857,10,329.0,907.5,7291.2,2824.0,70.8,1243.1,55200.3,0.0,0,0.0,1693.8,0,13461.4,4940.6,0
CHN_G1871,2015-11-15,13.049531,80.199893,413250.0,1442750.0,13.87,19.49,157.91,421.59,8.25,16.93,4.27,0.501,0.893,0.0,0.102,50,37.0,20.5,1276.6,1152.3,2278.3,6298.3,37992.3,9952.3,324,68480.6,194.6,45,3689.6,83.2,1
CHN_G1127,2015-11-15,12.968319,80.255471,419250.0,1433750.0,14.63,17.33,152.96,414.1,11.93,9.15,2.89,0.435,0.921,0.0,0.074,50,109.0,28.9,5082.5,4128.9,2153.0,387.0,48402.2,14510.4,59,12634.3,169.4,13,3163.4,1901.4,1
CHN_G0114,2015-10-01,12.859749,80.232753,416750.0,1421750.0,2.32,2.4,3.16,30.99,2.25,1.77,0.54,0.777,0.171,0.24,0.434,30,118.0,468.0,6680.9,3221.1,799.1,422.8,55493.7,0.0,0,0.0,1566.4,0,12963.0,4454.2,0
CHN_G1084,2015-11-15,12.963785,80.250875,418750.0,1433250.0,14.58,17.52,152.66,414.2,11.63,3.29,0.64,0.82,0.866,0.006,0.119,50,109.0,18.2,4464.9,3663.5,1692.6,8.3,48374.0,15634.4,591,73344.9,468.1,9,2905.7,2050.7,1
CHN_G0207,2015-10-01,12.868909,80.274198,421250.0,1422750.0,2.41,2.48,3.22,30.92,2.34,0.0,0.0,0.582,0.0,1.0,0.0,80,42.0,3340.6,6875.1,7012.9,5016.5,3581.3,57644.5,0.0,0,0.0,5499.9,0,12962.8,6099.5,0
CHN_G1707,2015-11-15,13.031504,80.218395,415250.0,1440750.0,14.39,17.8,155.51,419.52,10.98,11.77,3.83,0.685,0.89,0.0,0.108,50,83.0,1.7,3283.7,621.8,1095.6,3586.8,40803.6,13964.1,447,81440.3,264.6,23,1388.2,414.0,1
CHN_G0196,2015-10-01,12.868764,80.22351,415750.0,1422750.0,2.27,2.35,3.13,31.03,2.19,3.03,0.96,0.654,0.354,0.0,0.624,50,76.0,875.6,5821.1,1850.1,46.5,1607.2,54089.5,0.0,47,11845.1,194.3,1,11962.5,3449.5,0
CHN_G1744,2015-11-15,13.035954,80.195326,412750.0,1441250.0,13.99,19.46,153.61,417.98,8.51,15.97,3.09,0.528,0.794,0.0,0.201,50,291.0,135.1,2635.5,555.7,803.5,6096.7,38562.6,6432.2,126,15437.5,295.8,21,3828.7,876.3,1
CHN_G0247,2015-10-01,12.873404,80.264969,420250.0,1423250.0,2.37,2.45,3.2,30.95,2.3,0.0,0.0,0.587,0.0,1.0,0.0,80,42.0,2381.8,5981.8,5925.2,4348.8,2554.4,56602.5,0.0,38,5848.8,4524.6,0,12136.6,4993.3,0
CHN_G1742,2015-11-15,13.035926,80.186104,411750.0,1441250.0,13.87,20.06,151.79,416.61,7.69,16.49,1.76,0.534,0.972,0.0,0.026,50,64.0,48.6,2437.9,1257.8,1234.4,7049.5,37809.8,12933.3,28,8194.9,70.1,24,4828.4,896.1,1
CHN_G1698,2015-11-15,13.031376,80.176897,410750.0,1440750.0,13.73,20.81,149.01,414.69,6.65,16.21,0.96,0.576,0.92,0.0,0.077,50,230.0,10.5,3077.0,761.6,1615.4,7904.5,37408.1,16073.3,84,18375.3,359.3,12,4458.0,233.0,1
CHN_G1161,2015-11-15,12.972732,80.218579,415250.0,1434250.0,14.36,18.43,150.17,414.62,10.29,8.0,2.08,0.485,0.985,0.0,0.01,50,20.0,41.0,5058.9,488.5,86.9,3634.8,45166.8,11671.4,0,0.0,243.3,10,1082.7,943.1,1
CHN_G1076,2015-11-15,12.963676,80.213997,414750.0,1433250.0,14.2,19.1,149.57,414.02,9.29,4.24,0.95,0.62,0.908,0.0,0.083,50,116.0,123.1,4178.6,203.0,628.6,3934.6,45537.2,3785.3,645,77415.0,806.0,1,2076.4,879.2,1
CHN_G0095,2015-10-01,12.859478,80.145206,407250.0,1421750.0,2.28,2.36,3.14,31.02,2.21,22.56,2.49,0.433,0.39,0.002,0.597,50,308.0,7021.0,9152.4,6321.8,236.0,9752.0,49255.5,0.0,0,0.0,1015.2,0,9392.5,5827.7,0
CHN_G1843,2015-11-15,13.045202,80.264464,420250.0,1442250.0,14.83,16.8,159.59,402.38,12.85,11.21,0.28,0.608,0.798,0.0,0.202,50,57.0,75.4,4639.3,1877.8,1909.4,796.5,43963.0,7127.3,0,0.0,142.3,28,1458.8,757.1,1
CHN_G0003,2015-10-01,12.850314,80.108377,403250.0,1420750.0,2.39,2.46,3.21,30.94,2.31,29.09,0.66,0.946,0.001,0.001,0.991,10,41.0,11144.0,8460.3,10444.7,135.9,13730.0,47766.0,0.0,0,0.0,3175.4,0,10677.8,8320.8,0
CHN_G0780,2015-11-15,12.932002,80.204878,413750.0,1429750.0,14.05,19.66,149.65,413.44,8.44,9.84,3.46,0.483,0.874,0.001,0.121,50,152.0,134.7,2127.3,1872.0,1835.2,4257.4,47425.3,4326.1,0,0.0,167.3,17,5540.6,1934.9,1
CHN_G0064,2015-10-01,12.855117,80.195906,412750.0,1421250.0,2.29,2.36,3.14,31.02,2.21,6.85,0.53,0.684,0.178,0.227,0.526,30,327.0,2397.0,8331.8,2053.9,995.6,4231.6,53153.5,0.0,57,3015.1,3432.8,0,11897.2,4920.6,0
CHN_G0210,2015-10-01,12.868947,80.288022,422750.0,1422750.0,2.45,2.52,3.25,30.89,2.38,0.0,0.0,0.582,0.0,1.0,0.0,80,42.0,4840.4,7722.2,8474.5,6436.1,5074.9,58666.0,0.0,0,0.0,6377.0,0,13613.7,7389.5,0
CHN_G1662,2015-11-15,13.026941,80.204576,413750.0,1440250.0,14.23,18.61,153.04,417.57,9.86,13.38,3.82,0.603,0.748,0.106,0.143,50,44.0,287.2,3716.6,628.1,78.1,4864.6,39972.9,367.0,82,12534.4,490.0,8,2969.1,554.5,1
CHN_G0027,2015-10-01,12.850666,80.218958,415250.0,1420750.0,2.33,2.41,3.17,30.98,2.25,5.57,0.56,0.594,0.335,0.0,0.658,10,320.0,1606.8,7882.3,3004.5,621.0,1732.0,55215.1,0.0,55,5783.9,2246.9,0,13838.2,5502.6,0
CHN_G0194,2015-10-01,12.868736,80.214294,414750.0,1422750.0,2.26,2.33,3.12,31.04,2.18,4.93,2.25,0.554,0.367,0.0,0.622,50,325.0,486.4,6112.1,1029.8,407.6,2581.6,53428.6,0.0,136,6891.8,1004.7,0,12044.5,3714.6,0
CHN_G1746,2015-11-15,13.035983,80.204548,413750.0,1441250.0,14.1,18.89,155.33,419.36,9.3,13.26,3.0,0.663,0.554,0.0,0.445,50,44.0,11.2,2732.5,63.2,882.5,5161.8,39326.4,6908.9,551,53520.3,303.7,16,2829.1,619.0,1
CHN_G0136,2015-10-01,12.863984,80.140583,406750.0,1422250.0,2.27,2.35,3.13,31.03,2.2,18.4,0.39,0.752,0.097,0.0,0.89,40,306.0,7406.1,8454.8,6721.0,588.6,10297.1,48554.6,0.0,4,245.8,665.2,1,8841.9,5856.9,0
CHN_G0044,2015-10-01,12.854819,80.103753,402750.0,1421250.0,2.39,2.46,3.21,30.94,2.31,29.39,2.77,0.908,0.0,0.0,1.0,40,302.0,11521.5,7879.9,10830.4,392.8,14228.2,47074.8,0.0,0,0.0,3534.8,0,10342.9,7870.8,0
CHN_G0164,2015-10-01,12.864375,80.269603,420750.0,1422250.0,2.4,2.48,3.22,30.93,2.33,0.0,0.0,0.582,0.0,1.0,0.0,80,103.0,2894.0,7098.3,6647.6,4377.5,3187.7,57681.1,0.0,0,0.0,5062.0,0,13246.5,6006.1,0
CHN_G0094,2015-10-01,12.859463,80.140599,406750.0,1421750.0,2.29,2.37,3.14,31.01,2.21,19.41,0.27,0.787,0.088,0.161,0.748,10,309.0,7506.3,8868.0,6809.5,266.6,10250.8,48953.0,0.0,0,0.0,518.0,2,9340.3,6184.9,0
CHN_G0008,2015-10-01,12.850391,80.131414,405750.0,1420750.0,2.34,2.42,3.18,30.98,2.26,24.26,0.35,1.0,0.016,0.0,0.984,10,320.0,8742.4,9257.7,8035.6,483.0,11230.4,49169.7,0.0,0,0.0,912.6,2,10315.4,7598.2,0
CHN_G0059,2015-10-01,12.855046,80.172867,410250.0,1421250.0,2.28,2.36,3.13,31.02,2.2,9.97,0.79,0.605,0.329,0.002,0.65,50,319.0,4366.6,9667.8,3706.5,736.7,6729.8,51519.2,0.0,0,0.0,3570.6,0,10684.2,4813.2,0
CHN_G1623,2015-11-15,13.022462,80.218423,415250.0,1439750.0,14.69,16.93,152.87,417.75,12.45,14.65,0.92,0.458,0.984,0.0,0.014,50,12.0,47.3,4257.2,726.2,605.3,3299.4,41439.2,3412.8,0,0.0,336.4,13,1932.2,692.1,1
CHN_G1529,2015-11-15,13.013277,80.172346,410250.0,1438750.0,13.4,22.47,143.56,411.41,4.34,16.02,1.75,0.442,0.559,0.0,0.426,50,218.0,7.6,1800.8,24.7,991.0,8214.7,38452.7,9152.4,95,4323.6,641.4,1,2397.8,1025.6,1
CHN_G1628,2015-11-15,13.022531,80.241477,417750.0,1439750.0,14.94,16.05,152.69,417.08,13.83,12.32,2.21,0.503,0.683,0.004,0.312,50,184.0,35.1,5053.2,463.5,358.3,896.8,43384.2,8862.7,2,257.8,807.0,4,1819.3,853.3,1
CHN_G0110,2015-10-01,12.859694,80.214322,414750.0,1421750.0,2.29,2.37,3.14,31.01,2.21,3.55,0.16,0.692,0.107,0.0,0.893,40,327.0,1417.9,7052.5,1888.8,84.5,2326.0,54146.1,0.0,0,0.0,1548.2,0,12763.0,4651.7,0
CHN_G1295,2015-11-15,12.986403,80.255417,419250.0,1435750.0,14.81,16.65,152.88,414.69,12.97,7.99,3.35,0.621,0.81,0.0,0.184,50,79.0,5.8,7013.0,4246.0,2639.0,321.8,47077.1,14238.6,271,26758.8,281.6,25,3193.1,129.5,1
CHN_G0123,2015-10-01,12.859867,80.274224,421250.0,1421750.0,2.43,2.5,3.24,30.91,2.35,0.0,0.0,0.582,0.0,1.0,0.0,80,103.0,3503.1,7762.1,7273.0,4743.1,3823.1,58387.0,0.0,0,0.0,5642.0,0,13890.2,6711.5,0
CHN_G1250,2015-11-15,12.981842,80.241601,417750.0,1435250.0,14.78,16.76,151.96,415.51,12.79,8.92,0.96,0.553,0.945,0.0,0.054,50,60.0,43.9,6282.8,2989.7,1094.7,1241.3,46283.3,5958.2,42,12802.0,790.9,1,1612.2,1673.9,1
CHN_G0209,2015-10-01,12.868934,80.283414,422250.0,1422750.0,2.44,2.51,3.24,30.9,2.36,0.0,0.0,0.582,0.0,1.0,0.0,80,42.0,4340.5,7416.9,7985.8,5958.5,4576.6,58323.3,0.0,0,0.0,6057.5,0,13381.6,6950.2,0
CHN_G0081,2015-10-01,12.855346,80.274237,421250.0,1421250.0,2.44,2.51,3.24,30.9,2.36,0.0,0.0,0.582,0.0,1.0,0.0,80,103.0,3684.8,8215.3,7446.8,4681.1,4032.6,58761.1,0.0,18,3439.8,5768.5,0,14357.6,7050.8,0
CHN_G1793,2015-11-15,13.040574,80.227589,416250.0,1441750.0,13.97,18.86,160.71,424.17,9.08,15.98,0.93,0.477,0.978,0.0,0.016,50,333.0,15.9,2579.0,1164.5,2096.2,3323.5,40977.6,12145.4,478,56797.6,165.6,18,678.3,653.4,1
CHN_G0217,2015-10-01,12.87298,80.126729,405250.0,1423250.0,2.27,2.34,3.13,31.03,2.19,19.51,0.3,0.723,0.161,0.0,0.801,40,315.0,8443.4,6803.9,8154.2,319.2,11930.2,46853.2,0.0,0,0.0,1733.1,0,7849.8,5602.7,0
CHN_G1421,2015-11-15,12.999966,80.255377,419250.0,1437250.0,14.92,16.22,152.75,415.08,13.62,11.93,2.07,0.48,0.863,0.0,0.134,50,157.0,5.7,7968.7,3099.4,1495.3,685.6,46115.0,12854.0,373,58898.2,173.6,29,3948.1,240.8,1
CHN_G0250,2015-10-01,12.873442,80.278793,421750.0,1423250.0,2.41,2.49,3.23,30.92,2.34,0.0,0.0,0.582,0.0,1.0,0.0,80,42.0,3865.7,6719.1,7398.8,5671.8,4054.4,57616.6,0.0,35,33467.5,5356.5,0,12712.1,6271.7,0
CHN_G0746,2015-11-15,12.92759,80.241765,417750.0,1429250.0,14.31,18.56,152.06,413.66,10.06,7.53,0.97,0.452,0.659,0.072,0.213,50,71.0,10.6,342.7,2377.1,4076.2,245.3,50507.7,3717.5,111,16269.7,970.9,2,5659.7,2214.5,1
CHN_G1743,2015-11-15,13.03594,80.190715,412250.0,1441250.0,13.93,19.76,152.69,417.27,8.09,15.58,1.42,0.572,0.879,0.0,0.119,50,64.0,47.4,2504.9,883.0,948.8,6571.3,38184.8,8245.7,150,12884.0,165.9,19,4328.5,1087.9,1
CHN_G1207,2015-11-15,12.977308,80.237004,417250.0,1434750.0,14.69,17.12,151.75,415.32,12.26,3.19,1.74,0.845,0.51,0.092,0.327,50,114.0,389.3,5669.9,2350.7,788.6,1762.1,46253.8,0.0,308,80555.2,507.3,2,1017.6,1789.9,1
CHN_G1337,2015-11-15,12.990924,80.255404,419250.0,1436250.0,14.85,16.48,152.82,414.85,13.22,11.06,2.59,0.481,0.692,0.0,0.307,50,30.0,30.7,7501.3,3919.7,2495.2,434.1,46753.2,11430.1,0,0.0,165.2,30,3390.1,387.4,1
CHN_G0021,2015-10-01,12.850582,80.191312,412250.0,1420750.0,2.3,2.38,3.15,31.01,2.22,12.75,0.37,0.431,0.227,0.0,0.766,30,298.0,3097.7,9015.5,2705.4,1452.8,4731.5,53197.0,0.0,31,3049.2,3963.2,0,12046.9,5287.0,0
CHN_G0099,2015-10-01,12.859537,80.163637,409250.0,1421750.0,2.26,2.34,3.12,31.03,2.19,11.61,0.65,0.65,0.084,0.0,0.914,40,298.0,5105.1,9894.0,4398.8,1162.6,7758.5,50497.1,0.0,0,0.0,2733.2,0,9855.6,4668.9,0
CHN_G0186,2015-10-01,12.868623,80.177431,410750.0,1422750.0,2.22,2.3,3.09,31.06,2.14,7.2,1.51,0.709,0.047,0.0,0.805,30,309.0,3383.7,8164.8,2691.4,195.0,6448.6,50704.1,0.0,73,5887.2,2325.9,0,9562.6,3244.7,0
CHN_G1324,2015-11-15,12.990745,80.195471,412750.0,1436250.0,13.7,21.24,145.42,412.42,6.16,10.38,2.27,0.863,0.918,0.0,0.081,50,277.0,13.5,3243.8,264.1,2286.1,5867.7,41987.9,27024.1,377,70460.0,349.8,9,2592.6,720.3,1
