{
"type": "FeatureCollection",
"name": "mumbai_grid_500m",
"crs": { "type": "name", "properties": { "name": "urn:ogc:def:crs:OGC:1.3:CRS84" } },
"features": [
{ "type": "Feature", "properties": { "grid_id": "MUM_000001", "locality": "Colaba / Fort", "centroid_lat": 18.897702, "centroid_lon": 72.787306, "area_sqkm": 0.1781 }, "geometry": { "type": "Polygon", "coordinates": [ [ [ 72.789684767660205, 18.899572011126267 ], [ 72.789718251273044, 18.897022627790641 ], [ 72.785, 18.895 ], [ 72.785602970702428, 18.899523396048618 ], [ 72.789684767660205, 18.899572011126267 ] ] ] } },
{ "type": "Feature", "properties": { "grid_id": "MUM_000002", "locality": "Colaba / Fort", "centroid_lat": 18.901741, "centroid_lon": 72.787776, "area_sqkm": 0.1976 }, "geometry": { "type": "Polygon", "coordinates": [ [ [ 72.78962544773124, 18.904087521506906 ], [ 72.789684767660205, 18.899572011126267 ], [ 72.785602970702428, 18.899523396048618 ], [ 72.786205960346791, 18.904046791419031 ], [ 72.78962544773124, 18.904087521506906 ] ] ] } },
{ "type": "Feature", "properties": { "grid_id": "MUM_000003", "locality": "Colaba / Fort", "centroid_lat": 18.906246, "centroid_lon": 72.788047, "area_sqkm": 0.1627 }, "geometry": { "type": "Polygon", "coordinates": [ [ [ 72.789566110965623, 18.908603029515906 ], [ 72.78962544773124, 18.904087521506906 ], [ 72.786205960346791, 18.904046791419031 ], [ 72.786808968946119, 18.90857018610922 ], [ 72.789566110965623, 18.908603029515906 ] ] ] } },
{ "type": "Feature", "properties": { "grid_id": "MUM_000004", "locality": "Colaba / Fort", "centroid_lat": 18.910743, "centroid_lon": 72.788317, "area_sqkm": 0.1278 }, "geometry": { "type": "Polygon", "coordinates": [ [ [ 72.789506757361281, 18.913118535152762 ], [ 72.789566110965623, 18.908603029515906 ], [ 72.786808968946119, 18.90857018610922 ], [ 72.787411996513441, 18.913093580117192 ], [ 72.789506757361281, 18.913118535152762 ] ] ] } },
{ "type": "Feature", "properties": { "grid_id": "MUM_000005", "locality": "Colaba / Fort", "centroid_lat": 18.915224, "centroid_lon": 72.788587, "area_sqkm": 0.0929 }, "geometry": { "type": "Polygon", "coordinates": [ [ [ 72.789447386916123, 18.917634038416978 ], [ 72.789506757361281, 18.913118535152762 ], [ 72.787411996513441, 18.913093580117192 ], [ 72.788015043061833, 18.917616973440943 ], [ 72.789447386916123, 18.917634038416978 ] ] ] } },
{ "type": "Feature", "properties": { "grid_id": "MUM_000006", "locality": "Colaba / Fort", "centroid_lat": 18.919659, "centroid_lon": 72.788854, "area_sqkm": 0.058 }, "geometry": { "type": "Polygon", "coordinates": [ [ [ 72.789387999628062, 18.922149539308048 ], [ 72.789447386916123, 18.917634038416978 ], [ 72.788015043061833, 18.917616973440943 ], [ 72.788618108604339, 18.922140366078466 ], [ 72.789387999628062, 18.922149539308048 ] ] ] } },
{ "type": "Feature", "properties": { "grid_id": "MUM_000007", "locality": "Mumbai Central", "centroid_lat": null, "centroid_lon": null, "area_sqkm": 0.0867 }, "geometry": { "type": "Polygon", "coordinates": [ [ [ 72.789684767660205, 18.899572011126267 ], [ 72.794428982283435, 18.899628403049658 ], [ 72.794436626812484, 18.899045146812188 ], [ 72.789718251273044, 18.897022627790641 ], [ 72.789684767660205, 18.899572011126267 ] ] ] } },
{ "type": "Feature", "properties": { "grid_id": "MUM_000008", "locality": "Mumbai Central", "centroid_lat": null, "centroid_lon": null, "area_sqkm": 0.25 }, "geometry": { "type": "Polygon", "coordinates": [ [ [ 72.789684767660205, 18.899572011126267 ], [ 72.78962544773124, 18.904087521506906 ], [ 72.794369789426682, 18.904143927896751 ], [ 72.794428982283435, 18.899628403049658 ], [ 72.789684767660205, 18.899572011126267 ] ] ] } },
{ "type": "Feature", "properties": { "grid_id": "MUM_000009", "locality": "Colaba / Fort", "centroid_lat": 18.898708, "centroid_lon": 72.791572, "area_sqkm": 0.25 }, "geometry": { "type": "Polygon", "coordinates": [ [ [ 72.78962544773124, 18.904087521506906 ], [ 72.789566110965623, 18.908603029515906 ], [ 72.794310579769316, 18.908659450372959 ], [ 72.794369789426682, 18.904143927896751 ], [ 72.78962544773124, 18.904087521506906 ] ] ] } },
{ "type": "Feature", "properties": { "grid_id": "MUM_000010", "locality": "Colaba / Fort", "centroid_lat": 18.901858, "centroid_lon": 72.792027, "area_sqkm": 0.25 }, "geometry": { "type": "Polygon", "coordinates": [ [ [ 72.789566110965623, 18.908603029515906 ], [ 72.789506757361281, 18.913118535152762 ], [ 72.794251353309264, 18.913174970477762 ], [ 72.794310579769316, 18.908659450372959 ], [ 72.789566110965623, 18.908603029515906 ] ] ] } },
{ "type": "Feature", "properties": { "grid_id": "MUM_000011", "locality": "Colaba / Fort", "centroid_lat": 18.906373, "centroid_lon": 72.791968, "area_sqkm": 0.25 }, "geometry": { "type": "Polygon", "coordinates": [ [ [ 72.789506757361281, 18.913118535152762 ], [ 72.789447386916123, 18.917634038416978 ], [ 72.794192110044463, 18.917690488210674 ], [ 72.794251353309264, 18.913174970477762 ], [ 72.789506757361281, 18.913118535152762 ] ] ] } },
{ "type": "Feature", "properties": { "grid_id": "MUM_000012", "locality": "Colaba / Fort", "centroid_lat": 18.910889, "centroid_lon": 72.791909, "area_sqkm": 0.25 }, "geometry": { "type": "Polygon", "coordinates": [ [ [ 72.789447386916123, 18.917634038416978 ], [ 72.789387999628062, 18.922149539308048 ], [ 72.794132849972812, 18.922206003571205 ], [ 72.794192110044463, 18.917690488210674 ], [ 72.789447386916123, 18.917634038416978 ] ] ] } },
{ "type": "Feature", "properties": { "grid_id": "MUM_000013", "locality": "Colaba / Fort", "centroid_lat": 18.915405, "centroid_lon": 72.791849, "area_sqkm": 0.25 }, "geometry": { "type": "Polygon", "coordinates": [ [ [ 72.789387999628062, 18.922149539308048 ], [ 72.789328595495036, 18.926665037825472 ], [ 72.794073573092248, 18.926721516558825 ], [ 72.794132849972812, 18.922206003571205 ], [ 72.789387999628062, 18.922149539308048 ] ] ] } },
{ "type": "Feature", "properties": { "grid_id": "MUM_000014", "locality": "Colaba / Fort", "centroid_lat": 18.91992, "centroid_lon": 72.79179, "area_sqkm": 0.2377 }, "geometry": { "type": "Polygon", "coordinates": [ [ [ 72.794014279400713, 18.931237027173072 ], [ 72.794073573092248, 18.926721516558825 ], [ 72.789328595495036, 18.926665037825472 ], [ 72.789318963642074, 18.927397064986117 ], [ 72.789824296723808, 18.931187149286814 ], [ 72.794014279400713, 18.931237027173072 ] ] ] } },
{ "type": "Feature", "properties": { "grid_id": "MUM_000015", "locality": "Colaba / Fort", "centroid_lat": 18.924436, "centroid_lon": 72.791731, "area_sqkm": 0.2033 }, "geometry": { "type": "Polygon", "coordinates": [ [ [ 72.793954968896116, 18.935752535413421 ], [ 72.794014279400713, 18.931237027173072 ], [ 72.789824296723808, 18.931187149286814 ], [ 72.790427419326903, 18.935710539853623 ], [ 72.793954968896116, 18.935752535413421 ] ] ] } },
{ "type": "Feature", "properties": { "grid_id": "MUM_000016", "locality": "Colaba / Fort", "centroid_lat": 18.928901, "centroid_lon": 72.791785, "area_sqkm": 0.1684 }, "geometry": { "type": "Polygon", "coordinates": [ [ [ 72.793895641576356, 18.940268041279388 ], [ 72.793954968896116, 18.935752535413421 ], [ 72.790427419326903, 18.935710539853623 ], [ 72.791030560976282, 18.94023392972619 ], [ 72.793895641576356, 18.940268041279388 ] ] ] } },
{ "type": "Feature", "properties": { "grid_id": "MUM_000017", "locality": "Colaba / Fort", "centroid_lat": 18.933407, "centroid_lon": 72.792051, "area_sqkm": 0.1335 }, "geometry": { "type": "Polygon", "coordinates": [ [ [ 72.793836297439398, 18.944783544770459 ], [ 72.793895641576356, 18.940268041279388 ], [ 72.791030560976282, 18.94023392972619 ], [ 72.791633721685017, 18.944757318902504 ], [ 72.793836297439398, 18.944783544770459 ] ] ] } },
{ "type": "Feature", "properties": { "grid_id": "MUM_000018", "locality": "Marine Lines / Kalbadevi", "centroid_lat": 18.937913, "centroid_lon": 72.792322, "area_sqkm": 0.0986 }, "geometry": { "type": "Polygon", "coordinates": [ [ [ 72.793776936483127, 18.94929904588615 ], [ 72.793836297439398, 18.944783544770459 ], [ 72.791633721685017, 18.944757318902504 ], [ 72.792236901466168, 18.94928070738057 ], [ 72.793776936483127, 18.94929904588615 ] ] ] } },
{ "type": "Feature", "properties": { "grid_id": "MUM_000019", "locality": "Marine Lines / Kalbadevi", "centroid_lat": 18.942412, "centroid_lon": 72.792593, "area_sqkm": 0.0637 }, "geometry": { "type": "Polygon", "coordinates": [ [ [ 72.793717558705467, 18.953814544625949 ], [ 72.793776936483127, 18.94929904588615 ], [ 72.792236901466168, 18.94928070738057 ], [ 72.792840100332768, 18.953804095158375 ], [ 72.793717558705467, 18.953814544625949 ] ] ] } },
{ "type": "Feature", "properties": { "grid_id": "MUM_000020", "locality": "Marine Lines / Kalbadevi", "centroid_lat": 18.946897, "centroid_lon": 72.792863, "area_sqkm": 0.0288 }, "geometry": { "type": "Polygon", "coordinates": [ [ [ 72.793658164104357, 18.95833004098937 ], [ 72.793717558705467, 18.953814544625949 ], [ 72.792840100332768, 18.953804095158375 ], [ 72.793443318297918, 18.958327482233919 ], [ 72.793658164104357, 18.95833004098937 ] ] ] } },
{ "type": "Feature", "properties": { "grid_id": "MUM_000021", "locality": "Marine Lines / Kalbadevi", "centroid_lat": 18.951343, "centroid_lon": 72.79313, "area_sqkm": 0.2231 }, "geometry": { "type": "Polygon", "coordinates": [ [ [ 72.794428982283435, 18.899628403049658 ], [ 72.794369789426682, 18.904143927896751 ], [ 72.799114147922737, 18.90420021330592 ], [ 72.799155126605257, 18.901067557022639 ], [ 72.795836362327492, 18.89964510851788 ], [ 72.794428982283435, 18.899628403049658 ] ] ] } },
{ "type": "Feature", "properties": { "grid_id": "MUM_000022", "locality": "Marine Lines / Kalbadevi", "centroid_lat": 18.955612, "centroid_lon": 72.793387, "area_sqkm": 0.25 }, "geometry": { "type": "Polygon", "coordinates": [ [ [ 72.794369789426682, 18.904143927896751 ], [ 72.794310579769316, 18.908659450372959 ], [ 72.799055065375683, 18.90871575021831 ], [ 72.799114147922737, 18.90420021330592 ], [ 72.794369789426682, 18.904143927896751 ] ] ] } },
{ "type": "Feature", "properties": { "grid_id": "MUM_000023", "locality": "Mumbai Central", "centroid_lat": null, "centroid_lon": null, "area_sqkm": 0.25 }, "geometry": { "type": "Polygon", "coordinates": [ [ [ 72.794310579769316, 18.908659450372959 ], [ 72.794251353309264, 18.913174970477762 ], [ 72.798995966062009, 18.913231284760045 ], [ 72.799055065375683, 18.90871575021831 ], [ 72.794310579769316, 18.908659450372959 ] ] ] } },
{ "type": "Feature", "properties": { "grid_id": "MUM_000024", "locality": "Mumbai Central", "centroid_lat": null, "centroid_lon": null, "area_sqkm": 0.25 }, "geometry": { "type": "Polygon", "coordinates": [ [ [ 72.794251353309264, 18.913174970477762 ], [ 72.794192110044463, 18.917690488210674 ], [ 72.798936849979611, 18.917746816930634 ], [ 72.798995966062009, 18.913231284760045 ], [ 72.794251353309264, 18.913174970477762 ] ] ] } },
{ "type": "Feature", "properties": { "grid_id": "MUM_000025", "locality": "Colaba / Fort", "centroid_lat": 18.902129, "centroid_lon": 72.796617, "area_sqkm": 0.25 }, "geometry": { "type": "Polygon", "coordinates": [ [ [ 72.794192110044463, 18.917690488210674 ], [ 72.794132849972812, 18.922206003571205 ], [ 72.798877717126459, 18.922262346729589 ], [ 72.798936849979611, 18.917746816930634 ], [ 72.794192110044463, 18.917690488210674 ] ] ] } },
{ "type": "Feature", "properties": { "grid_id": "MUM_000026", "locality": "Colaba / Fort", "centroid_lat": 18.90643, "centroid_lon": 72.796712, "area_sqkm": 0.25 }, "geometry": { "type": "Polygon", "coordinates": [ [ [ 72.794132849972812, 18.922206003571205 ], [ 72.794073573092248, 18.926721516558825 ], [ 72.798818567500462, 18.926777874156393 ], [ 72.798877717126459, 18.922262346729589 ], [ 72.794132849972812, 18.922206003571205 ] ] ] } },
{ "type": "Feature", "properties": { "grid_id": "MUM_000027", "locality": "Colaba / Fort", "centroid_lat": 18.910945, "centroid_lon": 72.796653, "area_sqkm": 0.25 }, "geometry": { "type": "Polygon", "coordinates": [ [ [ 72.794073573092248, 18.926721516558825 ], [ 72.794014279400713, 18.931237027173072 ], [ 72.798759401099545, 18.931293399210563 ], [ 72.798818567500462, 18.926777874156393 ], [ 72.794073573092248, 18.926721516558825 ] ] ] } },
{ "type": "Feature", "properties": { "grid_id": "MUM_000028", "locality": "Colaba / Fort", "centroid_lat": 18.915461, "centroid_lon": 72.796594, "area_sqkm": 0.25 }, "geometry": { "type": "Polygon", "coordinates": [ [ [ 72.794014279400713, 18.931237027173072 ], [ 72.793954968896116, 18.935752535413421 ], [ 72.798700217921635, 18.935808921891585 ], [ 72.798759401099545, 18.931293399210563 ], [ 72.794014279400713, 18.931237027173072 ] ] ] } },
{ "type": "Feature", "properties": { "grid_id": "MUM_000029", "locality": "Colaba / Fort", "centroid_lat": 18.919976, "centroid_lon": 72.796535, "area_sqkm": 0.25 }, "geometry": { "type": "Polygon", "coordinates": [ [ [ 72.793954968896116, 18.935752535413421 ], [ 72.793895641576356, 18.940268041279388 ], [ 72.798641017964655, 18.940324442198968 ], [ 72.798700217921635, 18.935808921891585 ], [ 72.793954968896116, 18.935752535413421 ] ] ] } },
{ "type": "Feature", "properties": { "grid_id": "MUM_000030", "locality": "Colaba / Fort", "centroid_lat": 18.924492, "centroid_lon": 72.796476, "area_sqkm": 0.25 }, "geometry": { "type": "Polygon", "coordinates": [ [ [ 72.793895641576356, 18.940268041279388 ], [ 72.793836297439398, 18.944783544770459 ], [ 72.798581801226547, 18.944839960132217 ], [ 72.798641017964655, 18.940324442198968 ], [ 72.793895641576356, 18.940268041279388 ] ] ] } },
{ "type": "Feature", "properties": { "grid_id": "MUM_000031", "locality": "Colaba / Fort", "centroid_lat": 18.929007, "centroid_lon": 72.796416, "area_sqkm": 0.25 }, "geometry": { "type": "Polygon", "coordinates": [ [ [ 72.793836297439398, 18.944783544770459 ], [ 72.793776936483127, 18.94929904588615 ], [ 72.79852256770522, 18.949355475690822 ], [ 72.798581801226547, 18.944839960132217 ], [ 72.793836297439398, 18.944783544770459 ] ] ] } },
{ "type": "Feature", "properties": { "grid_id": "MUM_000032", "locality": "Marine Lines / Kalbadevi", "centroid_lat": 18.933523, "centroid_lon": 72.796357, "area_sqkm": 0.25 }, "geometry": { "type": "Polygon", "coordinates": [ [ [ 72.793776936483127, 18.94929904588615 ], [ 72.793717558705467, 18.953814544625949 ], [ 72.7984633173986, 18.953870988874296 ], [ 72.79852256770522, 18.949355475690822 ], [ 72.793776936483127, 18.94929904588615 ] ] ] } },
{ "type": "Feature", "properties": { "grid_id": "MUM_000033", "locality": "Marine Lines / Kalbadevi", "centroid_lat": 18.938039, "centroid_lon": 72.796298, "area_sqkm": 0.25 }, "geometry": { "type": "Polygon", "coordinates": [ [ [ 72.793717558705467, 18.953814544625949 ], [ 72.793658164104357, 18.95833004098937 ], [ 72.798404050304612, 18.958386499682135 ], [ 72.7984633173986, 18.953870988874296 ], [ 72.793717558705467, 18.953814544625949 ] ] ] } },
{ "type": "Feature", "properties": { "grid_id": "MUM_000034", "locality": "Marine Lines / Kalbadevi", "centroid_lat": 18.942554, "centroid_lon": 72.796239, "area_sqkm": 0.242 }, "geometry": { "type": "Polygon", "coordinates": [ [ [ 72.798344766421181, 18.962902008113844 ], [ 72.798404050304612, 18.958386499682135 ], [ 72.793658164104357, 18.95833004098937 ], [ 72.793638903050805, 18.95979409454927 ], [ 72.794046555374635, 18.962850868605205 ], [ 72.798344766421181, 18.962902008113844 ] ] ] } },
{ "type": "Feature", "properties": { "grid_id": "MUM_000035", "locality": "Marine Lines / Kalbadevi", "centroid_lat": 18.94707, "centroid_lon": 72.796179, "area_sqkm": 0.209 }, "geometry": { "type": "Polygon", "coordinates": [ [ [ 72.798285465746233, 18.967417514168922 ], [ 72.798344766421181, 18.962902008113844 ], [ 72.794046555374635, 18.962850868605205 ], [ 72.794649811576022, 18.967374254270201 ], [ 72.798285465746233, 18.967417514168922 ] ] ] } },
{ "type": "Feature", "properties": { "grid_id": "MUM_000036", "locality": "Marine Lines / Kalbadevi", "centroid_lat": 18.951585, "centroid_lon": 72.79612, "area_sqkm": 0.169 }, "geometry": { "type": "Polygon", "coordinates": [ [ [ 72.798226148277678, 18.971933017846869 ], [ 72.798285465746233, 18.967417514168922 ], [ 72.794649811576022, 18.967374254270201 ], [ 72.795, 18.97 ], [ 72.795713523590891, 18.971903121421558 ], [ 72.798226148277678, 18.971933017846869 ] ] ] } },
{ "type": "Feature", "properties": { "grid_id": "MUM_000037", "locality": "Marine Lines / Kalbadevi", "centroid_lat": 18.956101, "centroid_lon": 72.796061, "area_sqkm": 0.086 }, "geometry": { "type": "Polygon", "coordinates": [ [ [ 72.798166814013427, 18.976448519147187 ], [ 72.798226148277678, 18.971933017846869 ], [ 72.795713523590891, 18.971903121421558 ], [ 72.79741439995847, 18.976439568088864 ], [ 72.798166814013427, 18.976448519147187 ] ] ] } },
{ "type": "Feature", "properties": { "grid_id": "MUM_000038", "locality": "Marine Lines / Kalbadevi", "centroid_lat": 18.960576, "centroid_lon": 72.796075, "area_sqkm": 0.119 }, "geometry": { "type": "Polygon", "coordinates": [ [ [ 72.799114147922737, 18.90420021330592 ], [ 72.803858523183351, 18.904256377732562 ], [ 72.803873750638388, 18.903089858380028 ], [ 72.799155126605257, 18.901067557022639 ], [ 72.799114147922737, 18.90420021330592 ] ] ] } },
{ "type": "Feature", "properties": { "grid_id": "MUM_000039", "locality": "Marine Lines / Kalbadevi", "centroid_lat": 18.965073, "centroid_lon": 72.796328, "area_sqkm": 0.25 }, "geometry": { "type": "Polygon", "coordinates": [ [ [ 72.799114147922737, 18.90420021330592 ], [ 72.799055065375683, 18.90871575021831 ], [ 72.803799567748683, 18.908771929050108 ], [ 72.803858523183351, 18.904256377732562 ], [ 72.799114147922737, 18.90420021330592 ] ] ] } },
{ "type": "Feature", "properties": { "grid_id": "MUM_000040", "locality": "Marine Lines / Kalbadevi", "centroid_lat": 18.969529, "centroid_lon": 72.796638, "area_sqkm": 0.25 }, "geometry": { "type": "Polygon", "coordinates": [ [ [ 72.799055065375683, 18.90871575021831 ], [ 72.798995966062009, 18.913231284760045 ], [ 72.803740595583434, 18.913287477997752 ], [ 72.803799567748683, 18.908771929050108 ], [ 72.799055065375683, 18.90871575021831 ] ] ] } },
{ "type": "Feature", "properties": { "grid_id": "MUM_000041", "locality": "Marine Lines / Kalbadevi", "centroid_lat": 18.973774, "centroid_lon": 72.797306, "area_sqkm": 0.25 }, "geometry": { "type": "Polygon", "coordinates": [ [ [ 72.798995966062009, 18.913231284760045 ], [ 72.798936849979611, 18.917746816930634 ], [ 72.803681606685558, 18.917803024575004 ], [ 72.803740595583434, 18.913287477997752 ], [ 72.798995966062009, 18.913231284760045 ] ] ] } },
{ "type": "Feature", "properties": { "grid_id": "MUM_000042", "locality": "Mumbai Central", "centroid_lat": null, "centroid_lon": null, "area_sqkm": 0.25 }, "geometry": { "type": "Polygon", "coordinates": [ [ [ 72.798936849979611, 18.917746816930634 ], [ 72.798877717126459, 18.922262346729589 ], [ 72.803622601052965, 18.92231856878136 ], [ 72.803681606685558, 18.917803024575004 ], [ 72.798936849979611, 18.917746816930634 ] ] ] } },
{ "type": "Feature", "properties": { "grid_id": "MUM_000043", "locality": "Colaba / Fort", "centroid_lat": 18.903074, "centroid_lon": 72.80114, "area_sqkm": 0.25 }, "geometry": { "type": "Polygon", "coordinates": [ [ [ 72.798877717126459, 18.922262346729589 ], [ 72.798818567500462, 18.926777874156393 ], [ 72.80356357868358, 18.926834110616312 ], [ 72.803622601052965, 18.92231856878136 ], [ 72.798877717126459, 18.922262346729589 ] ] ] } },
{ "type": "Feature", "properties": { "grid_id": "MUM_000044", "locality": "Colaba / Fort", "centroid_lat": 18.906486, "centroid_lon": 72.801457, "area_sqkm": 0.25 }, "geometry": { "type": "Polygon", "coordinates": [ [ [ 72.798818567500462, 18.926777874156393 ], [ 72.798759401099545, 18.931293399210563 ], [ 72.803504539575357, 18.931349650079373 ], [ 72.80356357868358, 18.926834110616312 ], [ 72.798818567500462, 18.926777874156393 ] ] ] } },
{ "type": "Feature", "properties": { "grid_id": "MUM_000045", "locality": "Colaba / Fort", "centroid_lat": 18.911002, "centroid_lon": 72.801398, "area_sqkm": 0.25 }, "geometry": { "type": "Polygon", "coordinates": [ [ [ 72.798759401099545, 18.931293399210563 ], [ 72.798700217921635, 18.935808921891585 ], [ 72.803445483726222, 18.935865187170041 ], [ 72.803504539575357, 18.931349650079373 ], [ 72.798759401099545, 18.931293399210563 ] ] ] } },
{ "type": "Feature", "properties": { "grid_id": "MUM_000046", "locality": "Colaba / Fort", "centroid_lat": 18.915517, "centroid_lon": 72.801339, "area_sqkm": 0.25 }, "geometry": { "type": "Polygon", "coordinates": [ [ [ 72.798700217921635, 18.935808921891585 ], [ 72.798641017964655, 18.940324442198968 ], [ 72.803386411134085, 18.940380721887816 ], [ 72.803445483726222, 18.935865187170041 ], [ 72.798700217921635, 18.935808921891585 ] ] ] } },
{ "type": "Feature", "properties": { "grid_id": "MUM_000047", "locality": "Colaba / Fort", "centroid_lat": 18.920033, "centroid_lon": 72.80128, "area_sqkm": 0.25 }, "geometry": { "type": "Polygon", "coordinates": [ [ [ 72.798641017964655, 18.940324442198968 ], [ 72.798581801226547, 18.944839960132217 ], [ 72.803327321796914, 18.944896254232198 ], [ 72.803386411134085, 18.940380721887816 ], [ 72.798641017964655, 18.940324442198968 ] ] ] } },
{ "type": "Feature", "properties": { "grid_id": "MUM_000048", "locality": "Colaba / Fort", "centroid_lat": 18.924548, "centroid_lon": 72.801221, "area_sqkm": 0.25 }, "geometry": { "type": "Polygon", "coordinates": [ [ [ 72.798581801226547, 18.944839960132217 ], [ 72.79852256770522, 18.949355475690822 ], [ 72.803268215712592, 18.949411784202695 ], [ 72.803327321796914, 18.944896254232198 ], [ 72.798581801226547, 18.944839960132217 ] ] ] } },
{ "type": "Feature", "properties": { "grid_id": "MUM_000049", "locality": "Colaba / Fort", "centroid_lat": 18.929064, "centroid_lon": 72.801162, "area_sqkm": 0.25 }, "geometry": { "type": "Polygon", "coordinates": [ [ [ 72.79852256770522, 18.949355475690822 ], [ 72.7984633173986, 18.953870988874296 ], [ 72.803209092879101, 18.953927311798804 ], [ 72.803268215712592, 18.949411784202695 ], [ 72.79852256770522, 18.949355475690822 ] ] ] } },
{ "type": "Feature", "properties": { "grid_id": "MUM_000050", "locality": "Marine Lines / Kalbadevi", "centroid_lat": 18.933579, "centroid_lon": 72.801102, "area_sqkm": 0.25 }, "geometry": { "type": "Polygon", "coordinates": [ [ [ 72.7984633173986, 18.953870988874296 ], [ 72.798404050304612, 18.958386499682135 ], [ 72.803149953294323, 18.958442837020023 ], [ 72.803209092879101, 18.953927311798804 ], [ 72.7984633173986, 18.953870988874296 ] ] ] } },
{ "type": "Feature", "properties": { "grid_id": "MUM_000051", "locality": "Marine Lines / Kalbadevi", "centroid_lat": 18.938095, "centroid_lon": 72.801043, "area_sqkm": 0.25 }, "geometry": { "type": "Polygon", "coordinates": [ [ [ 72.798404050304612, 18.958386499682135 ], [ 72.798344766421181, 18.962902008113844 ], [ 72.803090796956198, 18.962958359865869 ], [ 72.803149953294323, 18.958442837020023 ], [ 72.798404050304612, 18.958386499682135 ] ] ] } },
{ "type": "Feature", "properties": { "grid_id": "MUM_000052", "locality": "Marine Lines / Kalbadevi", "centroid_lat": 18.94261, "centroid_lon": 72.800984, "area_sqkm": 0.25 }, "geometry": { "type": "Polygon", "coordinates": [ [ [ 72.798344766421181, 18.962902008113844 ], [ 72.798285465746233, 18.967417514168922 ], [ 72.803031623862665, 18.967473880335824 ], [ 72.803090796956198, 18.962958359865869 ], [ 72.798344766421181, 18.962902008113844 ] ] ] } },
{ "type": "Feature", "properties": { "grid_id": "MUM_000053", "locality": "Marine Lines / Kalbadevi", "centroid_lat": 18.947126, "centroid_lon": 72.800925, "area_sqkm": 0.25 }, "geometry": { "type": "Polygon", "coordinates": [ [ [ 72.798285465746233, 18.967417514168922 ], [ 72.798226148277678, 18.971933017846869 ], [ 72.802972434011622, 18.9719893984294 ], [ 72.803031623862665, 18.967473880335824 ], [ 72.798285465746233, 18.967417514168922 ] ] ] } },
{ "type": "Feature", "properties": { "grid_id": "MUM_000054", "locality": "Marine Lines / Kalbadevi", "centroid_lat": 18.951641, "centroid_lon": 72.800866, "area_sqkm": 0.25 }, "geometry": { "type": "Polygon", "coordinates": [ [ [ 72.798226148277678, 18.971933017846869 ], [ 72.798166814013427, 18.976448519147187 ], [ 72.802913227401021, 18.976504914146101 ], [ 72.802972434011622, 18.9719893984294 ], [ 72.798226148277678, 18.971933017846869 ] ] ] } },
{ "type": "Feature", "properties": { "grid_id": "MUM_000055", "locality": "Marine Lines / Kalbadevi", "centroid_lat": 18.956157, "centroid_lon": 72.800807, "area_sqkm": 0.2348 }, "geometry": { "type": "Polygon", "coordinates": [ [ [ 72.802854004028788, 18.981020427485422 ], [ 72.802913227401021, 18.976504914146101 ], [ 72.798166814013427, 18.976448519147187 ], [ 72.798141447050043, 18.978378624379499 ], [ 72.799115356530905, 18.980976006378075 ], [ 72.802854004028788, 18.981020427485422 ] ] ] } },
{ "type": "Feature", "properties": { "grid_id": "MUM_000056", "locality": "Marine Lines / Kalbadevi", "centroid_lat": 18.960672, "centroid_lon": 72.800747, "area_sqkm": 0.1506 }, "geometry": { "type": "Polygon", "coordinates": [ [ [ 72.802794763892834, 18.985535938446869 ], [ 72.802854004028788, 18.981020427485422 ], [ 72.799115356530905, 18.980976006378075 ], [ 72.800816393345343, 18.985512436276625 ], [ 72.802794763892834, 18.985535938446869 ] ] ] } },
{ "type": "Feature", "properties": { "grid_id": "MUM_000057", "locality": "Marine Lines / Kalbadevi", "centroid_lat": 18.965188, "centroid_lon": 72.800688, "area_sqkm": 0.0578 }, "geometry": { "type": "Polygon", "coordinates": [ [ [ 72.80273550699107, 18.990051447029948 ], [ 72.802794763892834, 18.985535938446869 ], [ 72.800816393345343, 18.985512436276625 ], [ 72.802517510438889, 18.990048857771935 ], [ 72.80273550699107, 18.990051447029948 ] ] ] } },
{ "type": "Feature", "properties": { "grid_id": "MUM_000058", "locality": "Marine Lines / Kalbadevi", "centroid_lat": 18.969703, "centroid_lon": 72.800629, "area_sqkm": 0.241 }, "geometry": { "type": "Polygon", "coordinates": [ [ [ 72.803858523183351, 18.904256377732562 ], [ 72.803799567748683, 18.908771929050108 ], [ 72.808544086852265, 18.90882798686652 ], [ 72.808592498898875, 18.905112050842362 ], [ 72.806673380022232, 18.904289643034396 ], [ 72.803858523183351, 18.904256377732562 ] ] ] } },
{ "type": "Feature", "properties": { "grid_id": "MUM_000059", "locality": "Marine Lines / Kalbadevi", "centroid_lat": 18.974219, "centroid_lon": 72.80057, "area_sqkm": 0.25 }, "geometry": { "type": "Polygon", "coordinates": [ [ [ 72.803799567748683, 18.908771929050108 ], [ 72.803740595583434, 18.913287477997752 ], [ 72.808485241837516, 18.913343550189051 ], [ 72.808544086852265, 18.90882798686652 ], [ 72.803799567748683, 18.908771929050108 ] ] ] } },
{ "type": "Feature", "properties": { "grid_id": "MUM_000060", "locality": "Worli / Prabhadevi", "centroid_lat": 18.978646, "centroid_lon": 72.800643, "area_sqkm": 0.25 }, "geometry": { "type": "Polygon", "coordinates": [ [ [ 72.803740595583434, 18.913287477997752 ], [ 72.803681606685558, 18.917803024575004 ], [ 72.808426380126207, 18.917859111141929 ], [ 72.808485241837516, 18.913343550189051 ], [ 72.803740595583434, 18.913287477997752 ] ] ] } },
{ "type": "Feature", "properties": { "grid_id": "MUM_000061", "locality": "Worli / Prabhadevi", "centroid_lat": 18.983029, "centroid_lon": 72.801353, "area_sqkm": 0.25 }, "geometry": { "type": "Polygon", "coordinates": [ [ [ 72.803681606685558, 18.917803024575004 ], [ 72.803622601052965, 18.92231856878136 ], [ 72.808367501716234, 18.922374669724665 ], [ 72.808426380126207, 18.917859111141929 ], [ 72.803681606685558, 18.917803024575004 ] ] ] } },
{ "type": "Feature", "properties": { "grid_id": "MUM_000062", "locality": "Worli / Prabhadevi", "centroid_lat": 18.987183, "centroid_lon": 72.802106, "area_sqkm": 0.25 }, "geometry": { "type": "Polygon", "coordinates": [ [ [ 72.803622601052965, 18.92231856878136 ], [ 72.80356357868358, 18.926834110616312 ], [ 72.80830860660555, 18.926890225936734 ], [ 72.808367501716234, 18.922374669724665 ], [ 72.803622601052965, 18.92231856878136 ] ] ] } },
{ "type": "Feature", "properties": { "grid_id": "MUM_000063", "locality": "Mumbai Central", "centroid_lat": null, "centroid_lon": null, "area_sqkm": 0.25 }, "geometry": { "type": "Polygon", "coordinates": [ [ [ 72.80356357868358, 18.926834110616312 ], [ 72.803504539575357, 18.931349650079373 ], [ 72.808249694792096, 18.931405779777666 ], [ 72.80830860660555, 18.926890225936734 ], [ 72.80356357868358, 18.926834110616312 ] ] ] } },
{ "type": "Feature", "properties": { "grid_id": "MUM_000064", "locality": "Mumbai Central", "centroid_lat": null, "centroid_lon": null, "area_sqkm": 0.25 }, "geometry": { "type": "Polygon", "coordinates": [ [ [ 72.803504539575357, 18.931349650079373 ], [ 72.803445483726222, 18.935865187170041 ], [ 72.808190766273796, 18.935921331246945 ], [ 72.808249694792096, 18.931405779777666 ], [ 72.803504539575357, 18.931349650079373 ] ] ] } },
{ "type": "Feature", "properties": { "grid_id": "MUM_000065", "locality": "Colaba / Fort", "centroid_lat": 18.906616, "centroid_lon": 72.806136, "area_sqkm": 0.25 }, "geometry": { "type": "Polygon", "coordinates": [ [ [ 72.803445483726222, 18.935865187170041 ], [ 72.803386411134085, 18.940380721887816 ], [ 72.808131821048576, 18.94043688034408 ], [ 72.808190766273796, 18.935921331246945 ], [ 72.803445483726222, 18.935865187170041 ] ] ] } },
{ "type": "Feature", "properties": { "grid_id": "MUM_000066", "locality": "Colaba / Fort", "centroid_lat": 18.911058, "centroid_lon": 72.806142, "area_sqkm": 0.25 }, "geometry": { "type": "Polygon", "coordinates": [ [ [ 72.803386411134085, 18.940380721887816 ], [ 72.803327321796914, 18.944896254232198 ], [ 72.808072859114404, 18.944952427068568 ], [ 72.808131821048576, 18.94043688034408 ], [ 72.803386411134085, 18.940380721887816 ] ] ] } },
{ "type": "Feature", "properties": { "grid_id": "MUM_000067", "locality": "Colaba / Fort", "centroid_lat": 18.915573, "centroid_lon": 72.806083, "area_sqkm": 0.25 }, "geometry": { "type": "Polygon", "coordinates": [ [ [ 72.803327321796914, 18.944896254232198 ], [ 72.803268215712592, 18.949411784202695 ], [ 72.808013880469176, 18.949467971419914 ], [ 72.808072859114404, 18.944952427068568 ], [ 72.803327321796914, 18.944896254232198 ] ] ] } },
{ "type": "Feature", "properties": { "grid_id": "MUM_000068", "locality": "Colaba / Fort", "centroid_lat": 18.920089, "centroid_lon": 72.806025, "area_sqkm": 0.25 }, "geometry": { "type": "Polygon", "coordinates": [ [ [ 72.803268215712592, 18.949411784202695 ], [ 72.803209092879101, 18.953927311798804 ], [ 72.80795488511086, 18.95398351339762 ], [ 72.808013880469176, 18.949467971419914 ], [ 72.803268215712592, 18.949411784202695 ] ] ] } },
{ "type": "Feature", "properties": { "grid_id": "MUM_000069", "locality": "Colaba / Fort", "centroid_lat": 18.924604, "centroid_lon": 72.805966, "area_sqkm": 0.25 }, "geometry": { "type": "Polygon", "coordinates": [ [ [ 72.803209092879101, 18.953927311798804 ], [ 72.803149953294323, 18.958442837020023 ], [ 72.807895873037367, 18.958499053001187 ], [ 72.80795488511086, 18.95398351339762 ], [ 72.803209092879101, 18.953927311798804 ] ] ] } },
{ "type": "Feature", "properties": { "grid_id": "MUM_000070", "locality": "Colaba / Fort", "centroid_lat": 18.92912, "centroid_lon": 72.805907, "area_sqkm": 0.25 }, "geometry": { "type": "Polygon", "coordinates": [ [ [ 72.803149953294323, 18.958442837020023 ], [ 72.803090796956198, 18.962958359865869 ], [ 72.807836844246637, 18.96301459023012 ], [ 72.807895873037367, 18.958499053001187 ], [ 72.803149953294323, 18.958442837020023 ] ] ] } },
{ "type": "Feature", "properties": { "grid_id": "MUM_000071", "locality": "Marine Lines / Kalbadevi", "centroid_lat": 18.933636, "centroid_lon": 72.805848, "area_sqkm": 0.25 }, "geometry": { "type": "Polygon", "coordinates": [ [ [ 72.803090796956198, 18.962958359865869 ], [ 72.803031623862665, 18.967473880335824 ], [ 72.807777798736581, 18.967530125083911 ], [ 72.807836844246637, 18.96301459023012 ], [ 72.803090796956198, 18.962958359865869 ] ] ] } },
{ "type": "Feature", "properties": { "grid_id": "MUM_000072", "locality": "Marine Lines / Kalbadevi", "centroid_lat": 18.938151, "centroid_lon": 72.805789, "area_sqkm": 0.25 }, "geometry": { "type": "Polygon", "coordinates": [ [ [ 72.803031623862665, 18.967473880335824 ], [ 72.802972434011622, 18.9719893984294 ], [ 72.807718736505137, 18.972045657562077 ], [ 72.807777798736581, 18.967530125083911 ], [ 72.803031623862665, 18.967473880335824 ] ] ] } },
{ "type": "Feature", "properties": { "grid_id": "MUM_000073", "locality": "Marine Lines / Kalbadevi", "centroid_lat": 18.942667, "centroid_lon": 72.80573, "area_sqkm": 0.25 }, "geometry": { "type": "Polygon", "coordinates": [ [ [ 72.802972434011622, 18.9719893984294 ], [ 72.802913227401021, 18.976504914146101 ], [ 72.807659657550261, 18.97656118766411 ], [ 72.807718736505137, 18.972045657562077 ], [ 72.802972434011622, 18.9719893984294 ] ] ] } },
{ "type": "Feature", "properties": { "grid_id": "MUM_000074", "locality": "Marine Lines / Kalbadevi", "centroid_lat": 18.947182, "centroid_lon": 72.805671, "area_sqkm": 0.25 }, "geometry": { "type": "Polygon", "coordinates": [ [ [ 72.802913227401021, 18.976504914146101 ], [ 72.802854004028788, 18.981020427485422 ], [ 72.807600561869862, 18.981076715389513 ], [ 72.807659657550261, 18.97656118766411 ], [ 72.802913227401021, 18.976504914146101 ] ] ] } },
{ "type": "Feature", "properties": { "grid_id": "MUM_000075", "locality": "Marine Lines / Kalbadevi", "centroid_lat": 18.951698, "centroid_lon": 72.805612, "area_sqkm": 0.25 }, "geometry": { "type": "Polygon", "coordinates": [ [ [ 72.802854004028788, 18.981020427485422 ], [ 72.802794763892834, 18.985535938446869 ], [ 72.807541449461851, 18.985592240737795 ], [ 72.807600561869862, 18.981076715389513 ], [ 72.802854004028788, 18.981020427485422 ] ] ] } },
{ "type": "Feature", "properties": { "grid_id": "MUM_000076", "locality": "Marine Lines / Kalbadevi", "centroid_lat": 18.956213, "centroid_lon": 72.805552, "area_sqkm": 0.25 }, "geometry": { "type": "Polygon", "coordinates": [ [ [ 72.802794763892834, 18.985535938446869 ], [ 72.80273550699107, 18.990051447029948 ], [ 72.807482320324183, 18.990107763708444 ], [ 72.807541449461851, 18.985592240737795 ], [ 72.802794763892834, 18.985535938446869 ] ] ] } },
{ "type": "Feature", "properties": { "grid_id": "MUM_000077", "locality": "Marine Lines / Kalbadevi", "centroid_lat": 18.960729, "centroid_lon": 72.805493, "area_sqkm": 0.2144 }, "geometry": { "type": "Polygon", "coordinates": [ [ [ 72.807423174454769, 18.994623284300978 ], [ 72.807482320324183, 18.990107763708444 ], [ 72.80273550699107, 18.990051447029948 ], [ 72.802728167951798, 18.990610609181427 ], [ 72.80421870784869, 18.994585270851449 ], [ 72.807423174454769, 18.994623284300978 ] ] ] } },
{ "type": "Feature", "properties": { "grid_id": "MUM_000078", "locality": "Marine Lines / Kalbadevi", "centroid_lat": 18.965244, "centroid_lon": 72.805434, "area_sqkm": 0.1224 }, "geometry": { "type": "Polygon", "coordinates": [ [ [ 72.807364011851547, 18.999138802514896 ], [ 72.807423174454769, 18.994623284300978 ], [ 72.80421870784869, 18.994585270851449 ], [ 72.805919985611879, 18.999121675502582 ], [ 72.807364011851547, 18.999138802514896 ] ] ] } },
{ "type": "Feature", "properties": { "grid_id": "MUM_000079", "locality": "Marine Lines / Kalbadevi", "centroid_lat": 18.96976, "centroid_lon": 72.805375, "area_sqkm": 0.0312 }, "geometry": { "type": "Polygon", "coordinates": [ [ [ 72.807364011851547, 18.999138802514896 ], [ 72.805919985611879, 18.999121675502582 ], [ 72.80731547282852, 19.002842532784708 ], [ 72.807364011851547, 18.999138802514896 ] ] ] } },
{ "type": "Feature", "properties": { "grid_id": "MUM_000080", "locality": "Marine Lines / Kalbadevi", "centroid_lat": 18.974275, "centroid_lon": 72.805316, "area_sqkm": 0.1513 }, "geometry": { "type": "Polygon", "coordinates": [ [ [ 72.808544086852265, 18.90882798686652 ], [ 72.813288622650376, 18.908883923665702 ], [ 72.813311371373672, 18.907134134367666 ], [ 72.808592498898875, 18.905112050842362 ], [ 72.808544086852265, 18.90882798686652 ] ] ] } },
{ "type": "Feature", "properties": { "grid_id": "MUM_000081", "locality": "Worli / Prabhadevi", "centroid_lat": 18.978791, "centroid_lon": 72.805257, "area_sqkm": 0.25 }, "geometry": { "type": "Polygon", "coordinates": [ [ [ 72.808544086852265, 18.90882798686652 ], [ 72.808485241837516, 18.913343550189051 ], [ 72.813229904788201, 18.913399501332094 ], [ 72.813288622650376, 18.908883923665702 ], [ 72.808544086852265, 18.90882798686652 ] ] ] } },
{ "type": "Feature", "properties": { "grid_id": "MUM_000082", "locality": "Worli / Prabhadevi", "centroid_lat": 18.983306, "centroid_lon": 72.805198, "area_sqkm": 0.25 }, "geometry": { "type": "Polygon", "coordinates": [ [ [ 72.808485241837516, 18.913343550189051 ], [ 72.808426380126207, 18.917859111141929 ], [ 72.813171170265505, 18.91791507662958 ], [ 72.813229904788201, 18.913399501332094 ], [ 72.808485241837516, 18.913343550189051 ] ] ] } },
{ "type": "Feature", "properties": { "grid_id": "MUM_000083", "locality": "Worli / Prabhadevi", "centroid_lat": 18.987822, "centroid_lon": 72.805139, "area_sqkm": 0.25 }, "geometry": { "type": "Polygon", "coordinates": [ [ [ 72.808426380126207, 18.917859111141929 ], [ 72.808367501716234, 18.922374669724665 ], [ 72.813112419080227, 18.922430649557661 ], [ 72.813171170265505, 18.91791507662958 ], [ 72.808426380126207, 18.917859111141929 ] ] ] } },
{ "type": "Feature", "properties": { "grid_id": "MUM_000084", "locality": "Worli / Prabhadevi", "centroid_lat": 18.992185, "centroid_lon": 72.80539, "area_sqkm": 0.25 }, "geometry": { "type": "Polygon", "coordinates": [ [ [ 72.808367501716234, 18.922374669724665 ], [ 72.80830860660555, 18.926890225936734 ], [ 72.813053651230305, 18.926946220115827 ], [ 72.813112419080227, 18.922430649557661 ], [ 72.808367501716234, 18.922374669724665 ] ] ] } },
{ "type": "Feature", "properties": { "grid_id": "MUM_000085", "locality": "Worli / Prabhadevi", "centroid_lat": 18.996582, "centroid_lon": 72.80618, "area_sqkm": 0.25 }, "geometry": { "type": "Polygon", "coordinates": [ [ [ 72.80830860660555, 18.926890225936734 ], [ 72.808249694792096, 18.931405779777666 ], [ 72.812994866713666, 18.931461788303594 ], [ 72.813053651230305, 18.926946220115827 ], [ 72.80830860660555, 18.926890225936734 ] ] ] } },
{ "type": "Feature", "properties": { "grid_id": "MUM_000086", "locality": "Worli / Prabhadevi", "centroid_lat": 19.000368, "centroid_lon": 72.806866, "area_sqkm": 0.25 }, "geometry": { "type": "Polygon", "coordinates": [ [ [ 72.808249694792096, 18.931405779777666 ], [ 72.808190766273796, 18.935921331246945 ], [ 72.812936065528262, 18.935977354120457 ], [ 72.812994866713666, 18.931461788303594 ], [ 72.808249694792096, 18.931405779777666 ] ] ] } },
{ "type": "Feature", "properties": { "grid_id": "MUM_000087", "locality": "Colaba / Fort", "centroid_lat": 18.907427, "centroid_lon": 72.81065, "area_sqkm": 0.25 }, "geometry": { "type": "Polygon", "coordinates": [ [ [ 72.808190766273796, 18.935921331246945 ], [ 72.808131821048576, 18.94043688034408 ], [ 72.812877247672048, 18.940492917565912 ], [ 72.812936065528262, 18.935977354120457 ], [ 72.808190766273796, 18.935921331246945 ] ] ] } },
{ "type": "Feature", "properties": { "grid_id": "MUM_000088", "locality": "Colaba / Fort", "centroid_lat": 18.911114, "centroid_lon": 72.810887, "area_sqkm": 0.25 }, "geometry": { "type": "Polygon", "coordinates": [ [ [ 72.808131821048576, 18.94043688034408 ], [ 72.808072859114404, 18.944952427068568 ], [ 72.812818413142935, 18.945008478639476 ], [ 72.812877247672048, 18.940492917565912 ], [ 72.808131821048576, 18.94043688034408 ] ] ] } },
{ "type": "Feature", "properties": { "grid_id": "MUM_000089", "locality": "Colaba / Fort", "centroid_lat": 18.915629, "centroid_lon": 72.810828, "area_sqkm": 0.25 }, "geometry": { "type": "Polygon", "coordinates": [ [ [ 72.808072859114404, 18.944952427068568 ], [ 72.808013880469176, 18.949467971419914 ], [ 72.812759561938861, 18.949524037340638 ], [ 72.812818413142935, 18.945008478639476 ], [ 72.808072859114404, 18.944952427068568 ] ] ] } },
{ "type": "Feature", "properties": { "grid_id": "MUM_000090", "locality": "Colaba / Fort", "centroid_lat": 18.920145, "centroid_lon": 72.810769, "area_sqkm": 0.25 }, "geometry": { "type": "Polygon", "coordinates": [ [ [ 72.808013880469176, 18.949467971419914 ], [ 72.80795488511086, 18.95398351339762 ], [ 72.81270069405781, 18.954039593668902 ], [ 72.812759561938861, 18.949524037340638 ], [ 72.808013880469176, 18.949467971419914 ] ] ] } },
{ "type": "Feature", "properties": { "grid_id": "MUM_000091", "locality": "Colaba / Fort", "centroid_lat": 18.92466, "centroid_lon": 72.810711, "area_sqkm": 0.25 }, "geometry": { "type": "Polygon", "coordinates": [ [ [ 72.80795488511086, 18.95398351339762 ], [ 72.807895873037367, 18.958499053001187 ], [ 72.812641809497649, 18.95855514762377 ], [ 72.81270069405781, 18.954039593668902 ], [ 72.80795488511086, 18.95398351339762 ] ] ] } },
{ "type": "Feature", "properties": { "grid_id": "MUM_000092", "locality": "Colaba / Fort", "centroid_lat": 18.929176, "centroid_lon": 72.810652, "area_sqkm": 0.25 }, "geometry": { "type": "Polygon", "coordinates": [ [ [ 72.807895873037367, 18.958499053001187 ], [ 72.807836844246637, 18.96301459023012 ], [ 72.81258290825636, 18.96307069920476 ], [ 72.812641809497649, 18.95855514762377 ], [ 72.807895873037367, 18.958499053001187 ] ] ] } },
{ "type": "Feature", "properties": { "grid_id": "MUM_000093", "locality": "Marine Lines / Kalbadevi", "centroid_lat": 18.933692, "centroid_lon": 72.810593, "area_sqkm": 0.25 }, "geometry": { "type": "Polygon", "coordinates": [ [ [ 72.807836844246637, 18.96301459023012 ], [ 72.807777798736581, 18.967530125083911 ], [ 72.812523990331883, 18.967586248411344 ], [ 72.81258290825636, 18.96307069920476 ], [ 72.807836844246637, 18.96301459023012 ] ] ] } },
{ "type": "Feature", "properties": { "grid_id": "MUM_000094", "locality": "Marine Lines / Kalbadevi", "centroid_lat": 18.938207, "centroid_lon": 72.810534, "area_sqkm": 0.25 }, "geometry": { "type": "Polygon", "coordinates": [ [ [ 72.807777798736581, 18.967530125083911 ], [ 72.807718736505137, 18.972045657562077 ], [ 72.812465055722129, 18.972101795243052 ], [ 72.812523990331883, 18.967586248411344 ], [ 72.807777798736581, 18.967530125083911 ] ] ] } },
{ "type": "Feature", "properties": { "grid_id": "MUM_000095", "locality": "Marine Lines / Kalbadevi", "centroid_lat": 18.942723, "centroid_lon": 72.810475, "area_sqkm": 0.25 }, "geometry": { "type": "Polygon", "coordinates": [ [ [ 72.807718736505137, 18.972045657562077 ], [ 72.807659657550261, 18.97656118766411 ], [ 72.812406104425023, 18.976617339699374 ], [ 72.812465055722129, 18.972101795243052 ], [ 72.807718736505137, 18.972045657562077 ] ] ] } },
{ "type": "Feature", "properties": { "grid_id": "MUM_000096", "locality": "Marine Lines / Kalbadevi", "centroid_lat": 18.947238, "centroid_lon": 72.810416, "area_sqkm": 0.25 }, "geometry": { "type": "Polygon", "coordinates": [ [ [ 72.807659657550261, 18.97656118766411 ], [ 72.807600561869862, 18.981076715389513 ], [ 72.812347136438518, 18.981132881779814 ], [ 72.812406104425023, 18.976617339699374 ], [ 72.807659657550261, 18.97656118766411 ] ] ] } },
{ "type": "Feature", "properties": { "grid_id": "MUM_000097", "locality": "Marine Lines / Kalbadevi", "centroid_lat": 18.951754, "centroid_lon": 72.810357, "area_sqkm": 0.25 }, "geometry": { "type": "Polygon", "coordinates": [ [ [ 72.807600561869862, 18.981076715389513 ], [ 72.807541449461851, 18.985592240737795 ], [ 72.812288151760555, 18.98564842148388 ], [ 72.812347136438518, 18.981132881779814 ], [ 72.807600561869862, 18.981076715389513 ] ] ] } },
{ "type": "Feature", "properties": { "grid_id": "MUM_000098", "locality": "Marine Lines / Kalbadevi", "centroid_lat": 18.956269, "centroid_lon": 72.810298, "area_sqkm": 0.25 }, "geometry": { "type": "Polygon", "coordinates": [ [ [ 72.807541449461851, 18.985592240737795 ], [ 72.807482320324183, 18.990107763708444 ], [ 72.812229150389044, 18.990163958811056 ], [ 72.812288151760555, 18.98564842148388 ], [ 72.807541449461851, 18.985592240737795 ] ] ] } },
{ "type": "Feature", "properties": { "grid_id": "MUM_000099", "locality": "Marine Lines / Kalbadevi", "centroid_lat": 18.960785, "centroid_lon": 72.810239, "area_sqkm": 0.25 }, "geometry": { "type": "Polygon", "coordinates": [ [ [ 72.807482320324183, 18.990107763708444 ], [ 72.807423174454769, 18.994623284300978 ], [ 72.812170132321924, 18.994679493760867 ], [ 72.812229150389044, 18.990163958811056 ], [ 72.807482320324183, 18.990107763708444 ] ] ] } },
{ "type": "Feature", "properties": { "grid_id": "MUM_000100", "locality": "Marine Lines / Kalbadevi", "centroid_lat": 18.9653, "centroid_lon": 72.81018, "area_sqkm": 0.25 }, "geometry": { "type": "Polygon", "coordinates": [ [ [ 72.807423174454769, 18.994623284300978 ], [ 72.807364011851547, 18.999138802514896 ], [ 72.812111097557136, 18.999195026332799 ], [ 72.812170132321924, 18.994679493760867 ], [ 72.807423174454769, 18.994623284300978 ] ] ] } },
{ "type": "Feature", "properties": { "grid_id": "MUM_000101", "locality": "Marine Lines / Kalbadevi", "centroid_lat": 18.969816, "centroid_lon": 72.810121, "area_sqkm": 0.2485 }, "geometry": { "type": "Polygon", "coordinates": [ [ [ 72.812052046092589, 19.003710556526375 ], [ 72.812111097557136, 18.999195026332799 ], [ 72.807364011851547, 18.999138802514896 ], [ 72.80731547282852, 19.002842532784708 ], [ 72.807621343765604, 19.003658071712778 ], [ 72.812052046092589, 19.003710556526375 ] ] ] } },
{ "type": "Feature", "properties": { "grid_id": "MUM_000102", "locality": "Marine Lines / Kalbadevi", "centroid_lat": 18.974332, "centroid_lon": 72.810062, "area_sqkm": 0.187 }, "geometry": { "type": "Polygon", "coordinates": [ [ [ 72.811992977926224, 19.008226084341068 ], [ 72.812052046092589, 19.003710556526375 ], [ 72.807621343765604, 19.003658071712778 ], [ 72.809322782347024, 19.008194459469447 ], [ 72.811992977926224, 19.008226084341068 ] ] ] } },
{ "type": "Feature", "properties": { "grid_id": "MUM_000103", "locality": "Worli / Prabhadevi", "centroid_lat": 18.978847, "centroid_lon": 72.810003, "area_sqkm": 0.1019 }, "geometry": { "type": "Polygon", "coordinates": [ [ [ 72.811933893055965, 19.012741609776402 ], [ 72.811992977926224, 19.008226084341068 ], [ 72.809322782347024, 19.008194459469447 ], [ 72.81, 19.01 ], [ 72.810544917826022, 19.012725160292721 ], [ 72.811933893055965, 19.012741609776402 ] ] ] } },
{ "type": "Feature", "properties": { "grid_id": "MUM_000104", "locality": "Worli / Prabhadevi", "centroid_lat": 18.983363, "centroid_lon": 72.809944, "area_sqkm": 0.0478 }, "geometry": { "type": "Polygon", "coordinates": [ [ [ 72.811874791479738, 19.017257132831883 ], [ 72.811933893055965, 19.012741609776402 ], [ 72.810544917826022, 19.012725160292721 ], [ 72.811450145817489, 19.01725210375913 ], [ 72.811874791479738, 19.017257132831883 ] ] ] } },
{ "type": "Feature", "properties": { "grid_id": "MUM_000105", "locality": "Worli / Prabhadevi", "centroid_lat": 18.987878, "centroid_lon": 72.809885, "area_sqkm": 0.0253 }, "geometry": { "type": "Polygon", "coordinates": [ [ [ 72.810629795622717, 19.112082566368706 ], [ 72.810689248504275, 19.107567093405109 ], [ 72.810487244690563, 19.107564690283091 ], [ 72.81, 19.11 ], [ 72.81020772692716, 19.112077543870306 ], [ 72.810629795622717, 19.112082566368706 ] ] ] } },
{ "type": "Feature", "properties": { "grid_id": "MUM_000106", "locality": "Worli / Prabhadevi", "centroid_lat": 18.992394, "centroid_lon": 72.809826, "area_sqkm": 0.0431 }, "geometry": { "type": "Polygon", "coordinates": [ [ [ 72.813288622650376, 18.908883923665702 ], [ 72.817511052926562, 18.908933603041007 ], [ 72.813311371373672, 18.907134134367666 ], [ 72.813288622650376, 18.908883923665702 ] ] ] } },
{ "type": "Feature", "properties": { "grid_id": "MUM_000107", "locality": "Worli / Prabhadevi", "centroid_lat": 18.996909, "centroid_lon": 72.809767, "area_sqkm": 0.2493 }, "geometry": { "type": "Polygon", "coordinates": [ [ [ 72.813288622650376, 18.908883923665702 ], [ 72.813229904788201, 18.913399501332094 ], [ 72.817974584399408, 18.913455331425041 ], [ 72.818030368049762, 18.909156108913976 ], [ 72.817511052926562, 18.908933603041007 ], [ 72.813288622650376, 18.908883923665702 ] ] ] } },
{ "type": "Feature", "properties": { "grid_id": "MUM_000108", "locality": "Worli / Prabhadevi", "centroid_lat": 19.001413, "centroid_lon": 72.809722, "area_sqkm": 0.25 }, "geometry": { "type": "Polygon", "coordinates": [ [ [ 72.813229904788201, 18.913399501332094 ], [ 72.813171170265505, 18.91791507662958 ], [ 72.817915977067386, 18.917970921036108 ], [ 72.817974584399408, 18.913455331425041 ], [ 72.813229904788201, 18.913399501332094 ] ] ] } },
{ "type": "Feature", "properties": { "grid_id": "MUM_000109", "locality": "Worli / Prabhadevi", "centroid_lat": 19.00576, "centroid_lon": 72.810213, "area_sqkm": 0.25 }, "geometry": { "type": "Polygon", "coordinates": [ [ [ 72.813171170265505, 18.91791507662958 ], [ 72.813112419080227, 18.922430649557661 ], [ 72.817857353108863, 18.922486508278514 ], [ 72.817915977067386, 18.917970921036108 ], [ 72.813171170265505, 18.91791507662958 ] ] ] } },
{ "type": "Feature", "properties": { "grid_id": "MUM_000110", "locality": "Worli / Prabhadevi", "centroid_lat": 19.01023, "centroid_lon": 72.810966, "area_sqkm": 0.25 }, "geometry": { "type": "Polygon", "coordinates": [ [ [ 72.813112419080227, 18.922430649557661 ], [ 72.813053651230305, 18.926946220115827 ], [ 72.81779871252175, 18.927002093151746 ], [ 72.817857353108863, 18.922486508278514 ], [ 72.813112419080227, 18.922430649557661 ] ] ] } },
{ "type": "Feature", "properties": { "grid_id": "MUM_000111", "locality": "Worli / Prabhadevi", "centroid_lat": 19.014593, "centroid_lon": 72.811413, "area_sqkm": 0.25 }, "geometry": { "type": "Polygon", "coordinates": [ [ [ 72.813053651230305, 18.926946220115827 ], [ 72.812994866713666, 18.931461788303594 ], [ 72.817740055304, 18.931517675655321 ], [ 72.81779871252175, 18.927002093151746 ], [ 72.813053651230305, 18.926946220115827 ] ] ] } },
{ "type": "Feature", "properties": { "grid_id": "MUM_000112", "locality": "Mumbai Central", "centroid_lat": null, "centroid_lon": null, "area_sqkm": 0.25 }, "geometry": { "type": "Polygon", "coordinates": [ [ [ 72.812994866713666, 18.931461788303594 ], [ 72.812936065528262, 18.935977354120457 ], [ 72.817681381453568, 18.936033255788729 ], [ 72.817740055304, 18.931517675655321 ], [ 72.812994866713666, 18.931461788303594 ] ] ] } },
{ "type": "Feature", "properties": { "grid_id": "MUM_000113", "locality": "Mumbai Central", "centroid_lat": null, "centroid_lon": null, "area_sqkm": 0.25 }, "geometry": { "type": "Polygon", "coordinates": [ [ [ 72.812936065528262, 18.935977354120457 ], [ 72.812877247672048, 18.940492917565912 ], [ 72.817622690968392, 18.940548833551485 ], [ 72.817681381453568, 18.936033255788729 ], [ 72.812936065528262, 18.935977354120457 ] ] ] } },
{ "type": "Feature", "properties": { "grid_id": "MUM_000114", "locality": "Andheri Subway / West", "centroid_lat": 19.110016, "centroid_lon": 72.810402, "area_sqkm": 0.25 }, "geometry": { "type": "Polygon", "coordinates": [ [ [ 72.812877247672048, 18.940492917565912 ], [ 72.812818413142935, 18.945008478639476 ], [ 72.817563983846412, 18.945064408943075 ], [ 72.817622690968392, 18.940548833551485 ], [ 72.812877247672048, 18.940492917565912 ] ] ] } },
{ "type": "Feature", "properties": { "grid_id": "MUM_000115", "locality": "Mumbai Central", "centroid_lat": null, "centroid_lon": null, "area_sqkm": 0.25 }, "geometry": { "type": "Polygon", "coordinates": [ [ [ 72.812818413142935, 18.945008478639476 ], [ 72.812759561938861, 18.949524037340638 ], [ 72.817505260085582, 18.949579981963019 ], [ 72.817563983846412, 18.945064408943075 ], [ 72.812818413142935, 18.945008478639476 ] ] ] } },
{ "type": "Feature", "properties": { "grid_id": "MUM_000116", "locality": "Colaba / Fort", "centroid_lat": 18.908317, "centroid_lon": 72.814704, "area_sqkm": 0.25 }, "geometry": { "type": "Polygon", "coordinates": [ [ [ 72.812759561938861, 18.949524037340638 ], [ 72.81270069405781, 18.954039593668902 ], [ 72.817446519683827, 18.954095552610806 ], [ 72.817505260085582, 18.949579981963019 ], [ 72.812759561938861, 18.949524037340638 ] ] ] } },
{ "type": "Feature", "properties": { "grid_id": "MUM_000117", "locality": "Colaba / Fort", "centroid_lat": 18.911175, "centroid_lon": 72.815626, "area_sqkm": 0.25 }, "geometry": { "type": "Polygon", "coordinates": [ [ [ 72.81270069405781, 18.954039593668902 ], [ 72.812641809497649, 18.95855514762377 ], [ 72.817387762639086, 18.958611120885941 ], [ 72.817446519683827, 18.954095552610806 ], [ 72.81270069405781, 18.954039593668902 ] ] ] } },
{ "type": "Feature", "properties": { "grid_id": "MUM_000118", "locality": "Colaba / Fort", "centroid_lat": 18.915685, "centroid_lon": 72.815573, "area_sqkm": 0.25 }, "geometry": { "type": "Polygon", "coordinates": [ [ [ 72.812641809497649, 18.95855514762377 ], [ 72.81258290825636, 18.96307069920476 ], [ 72.817328988949313, 18.963126686787938 ], [ 72.817387762639086, 18.958611120885941 ], [ 72.812641809497649, 18.95855514762377 ] ] ] } },
{ "type": "Feature", "properties": { "grid_id": "MUM_000119", "locality": "Colaba / Fort", "centroid_lat": 18.920201, "centroid_lon": 72.815514, "area_sqkm": 0.25 }, "geometry": { "type": "Polygon", "coordinates": [ [ [ 72.81258290825636, 18.96307069920476 ], [ 72.812523990331883, 18.967586248411344 ], [ 72.817270198612448, 18.967642250316281 ], [ 72.817328988949313, 18.963126686787938 ], [ 72.81258290825636, 18.96307069920476 ] ] ] } },
{ "type": "Feature", "properties": { "grid_id": "MUM_000120", "locality": "Colaba / Fort", "centroid_lat": 18.924716, "centroid_lon": 72.815456, "area_sqkm": 0.25 }, "geometry": { "type": "Polygon", "coordinates": [ [ [ 72.812523990331883, 18.967586248411344 ], [ 72.812465055722129, 18.972101795243052 ], [ 72.817211391626415, 18.972157811470485 ], [ 72.817270198612448, 18.967642250316281 ], [ 72.812523990331883, 18.967586248411344 ] ] ] } },
{ "type": "Feature", "properties": { "grid_id": "MUM_000121", "locality": "Colaba / Fort", "centroid_lat": 18.929232, "centroid_lon": 72.815397, "area_sqkm": 0.25 }, "geometry": { "type": "Polygon", "coordinates": [ [ [ 72.812465055722129, 18.972101795243052 ], [ 72.812406104425023, 18.976617339699374 ], [ 72.817152567989183, 18.976673370250047 ], [ 72.817211391626415, 18.972157811470485 ], [ 72.812465055722129, 18.972101795243052 ] ] ] } },
{ "type": "Feature", "properties": { "grid_id": "MUM_000122", "locality": "Marine Lines / Kalbadevi", "centroid_lat": 18.933748, "centroid_lon": 72.815338, "area_sqkm": 0.25 }, "geometry": { "type": "Polygon", "coordinates": [ [ [ 72.812406104425023, 18.976617339699374 ], [ 72.812347136438518, 18.981132881779814 ], [ 72.817093727698648, 18.981188926654475 ], [ 72.817152567989183, 18.976673370250047 ], [ 72.812406104425023, 18.976617339699374 ] ] ] } },
{ "type": "Feature", "properties": { "grid_id": "MUM_000123", "locality": "Marine Lines / Kalbadevi", "centroid_lat": 18.938263, "centroid_lon": 72.815279, "area_sqkm": 0.25 }, "geometry": { "type": "Polygon", "coordinates": [ [ [ 72.812347136438518, 18.981132881779814 ], [ 72.812288151760555, 18.98564842148388 ], [ 72.817034870752778, 18.985704480683268 ], [ 72.817093727698648, 18.981188926654475 ], [ 72.812347136438518, 18.981132881779814 ] ] ] } },
{ "type": "Feature", "properties": { "grid_id": "MUM_000124", "locality": "Marine Lines / Kalbadevi", "centroid_lat": 18.942779, "centroid_lon": 72.815221, "area_sqkm": 0.25 }, "geometry": { "type": "Polygon", "coordinates": [ [ [ 72.812288151760555, 18.98564842148388 ], [ 72.812229150389044, 18.990163958811056 ], [ 72.816975997149513, 18.99022003233593 ], [ 72.817034870752778, 18.985704480683268 ], [ 72.812288151760555, 18.98564842148388 ] ] ] } },
{ "type": "Feature", "properties": { "grid_id": "MUM_000125", "locality": "Marine Lines / Kalbadevi", "centroid_lat": 18.947294, "centroid_lon": 72.815162, "area_sqkm": 0.25 }, "geometry": { "type": "Polygon", "coordinates": [ [ [ 72.812229150389044, 18.990163958811056 ], [ 72.812170132321924, 18.994679493760867 ], [ 72.816917106886763, 18.994735581611959 ], [ 72.816975997149513, 18.99022003233593 ], [ 72.812229150389044, 18.990163958811056 ] ] ] } },
{ "type": "Feature", "properties": { "grid_id": "MUM_000126", "locality": "Marine Lines / Kalbadevi", "centroid_lat": 18.95181, "centroid_lon": 72.815103, "area_sqkm": 0.25 }, "geometry": { "type": "Polygon", "coordinates": [ [ [ 72.812170132321924, 18.994679493760867 ], [ 72.812111097557136, 18.999195026332799 ], [ 72.816858199962454, 18.999251128510867 ], [ 72.816917106886763, 18.994735581611959 ], [ 72.812170132321924, 18.994679493760867 ] ] ] } },
{ "type": "Feature", "properties": { "grid_id": "MUM_000127", "locality": "Marine Lines / Kalbadevi", "centroid_lat": 18.956325, "centroid_lon": 72.815044, "area_sqkm": 0.25 }, "geometry": { "type": "Polygon", "coordinates": [ [ [ 72.812111097557136, 18.999195026332799 ], [ 72.812052046092589, 19.003710556526375 ], [ 72.816799276374567, 19.003766673032153 ], [ 72.816858199962454, 18.999251128510867 ], [ 72.812111097557136, 18.999195026332799 ] ] ] } },
{ "type": "Feature", "properties": { "grid_id": "MUM_000128", "locality": "Marine Lines / Kalbadevi", "centroid_lat": 18.960841, "centroid_lon": 72.814985, "area_sqkm": 0.25 }, "geometry": { "type": "Polygon", "coordinates": [ [ [ 72.812052046092589, 19.003710556526375 ], [ 72.811992977926224, 19.008226084341068 ], [ 72.816740336120986, 19.00828221517531 ], [ 72.816799276374567, 19.003766673032153 ], [ 72.812052046092589, 19.003710556526375 ] ] ] } },
{ "type": "Feature", "properties": { "grid_id": "MUM_000129", "locality": "Marine Lines / Kalbadevi", "centroid_lat": 18.965356, "centroid_lon": 72.814927, "area_sqkm": 0.25 }, "geometry": { "type": "Polygon", "coordinates": [ [ [ 72.811992977926224, 19.008226084341068 ], [ 72.811933893055965, 19.012741609776402 ], [ 72.816681379199679, 19.012797754939854 ], [ 72.816740336120986, 19.00828221517531 ], [ 72.811992977926224, 19.008226084341068 ] ] ] } },
{ "type": "Feature", "properties": { "grid_id": "MUM_000130", "locality": "Marine Lines / Kalbadevi", "centroid_lat": 18.969872, "centroid_lon": 72.814868, "area_sqkm": 0.25 }, "geometry": { "type": "Polygon", "coordinates": [ [ [ 72.811933893055965, 19.012741609776402 ], [ 72.811874791479738, 19.017257132831883 ], [ 72.81662240560857, 19.017313292325287 ], [ 72.816681379199679, 19.012797754939854 ], [ 72.811933893055965, 19.012741609776402 ] ] ] } },
{ "type": "Feature", "properties": { "grid_id": "MUM_000131", "locality": "Marine Lines / Kalbadevi", "centroid_lat": 18.974388, "centroid_lon": 72.814809, "area_sqkm": 0.242 }, "geometry": { "type": "Polygon", "coordinates": [ [ [ 72.81656341534557, 19.021828827331102 ], [ 72.81662240560857, 19.017313292325287 ], [ 72.811874791479738, 19.017257132831883 ], [ 72.811848761634039, 19.019245479113938 ], [ 72.812355409788523, 19.021779045650245 ], [ 72.81656341534557, 19.021828827331102 ] ] ] } },
{ "type": "Feature", "properties": { "grid_id": "MUM_000132", "locality": "Worli / Prabhadevi", "centroid_lat": 18.978903, "centroid_lon": 72.81475, "area_sqkm": 0.1962 }, "geometry": { "type": "Polygon", "coordinates": [ [ [ 72.816504408408633, 19.026344359956809 ], [ 72.81656341534557, 19.021828827331102 ], [ 72.812355409788523, 19.021779045650245 ], [ 72.813260709759106, 19.026305985962182 ], [ 72.816504408408633, 19.026344359956809 ] ] ] } },
{ "type": "Feature", "properties": { "grid_id": "MUM_000133", "locality": "Worli / Prabhadevi", "centroid_lat": 18.983419, "centroid_lon": 72.814691, "area_sqkm": 0.1454 }, "geometry": { "type": "Polygon", "coordinates": [ [ [ 72.816445384795671, 19.030859890201913 ], [ 72.816504408408633, 19.026344359956809 ], [ 72.813260709759106, 19.026305985962182 ], [ 72.81416604574909, 19.030832924691019 ], [ 72.816445384795671, 19.030859890201913 ] ] ] } },
{ "type": "Feature", "properties": { "grid_id": "MUM_000134", "locality": "Worli / Prabhadevi", "centroid_lat": 18.987934, "centroid_lon": 72.814632, "area_sqkm": 0.0946 }, "geometry": { "type": "Polygon", "coordinates": [ [ [ 72.816386344504608, 19.035375418065914 ], [ 72.816445384795671, 19.030859890201913 ], [ 72.81416604574909, 19.030832924691019 ], [ 72.815071417778427, 19.03535986183287 ], [ 72.816386344504608, 19.035375418065914 ] ] ] } },
{ "type": "Feature", "properties": { "grid_id": "MUM_000135", "locality": "Worli / Prabhadevi", "centroid_lat": 18.99245, "centroid_lon": 72.814573, "area_sqkm": 0.0438 }, "geometry": { "type": "Polygon", "coordinates": [ [ [ 72.816327287533412, 19.039890943548315 ], [ 72.816386344504608, 19.035375418065914 ], [ 72.815071417778427, 19.03535986183287 ], [ 72.815976825867054, 19.039886797383822 ], [ 72.816327287533412, 19.039890943548315 ] ] ] } },
{ "type": "Feature", "properties": { "grid_id": "MUM_000136", "locality": "Worli / Prabhadevi", "centroid_lat": 18.996965, "centroid_lon": 72.814514, "area_sqkm": 0.0612 }, "geometry": { "type": "Polygon", "coordinates": [ [ [ 72.815676559366295, 19.089561566527152 ], [ 72.815735799956201, 19.085046067275119 ], [ 72.814993532458118, 19.085037265020166 ], [ 72.814092398494907, 19.089542772703226 ], [ 72.815676559366295, 19.089561566527152 ] ] ] } },
{ "type": "Feature", "properties": { "grid_id": "MUM_000137", "locality": "Worli / Prabhadevi", "centroid_lat": 19.001481, "centroid_lon": 72.814455, "area_sqkm": 0.1055 }, "geometry": { "type": "Polygon", "coordinates": [ [ [ 72.815617302071288, 19.09407706339163 ], [ 72.815676559366295, 19.089561566527152 ], [ 72.814092398494907, 19.089542772703226 ], [ 72.813191202757508, 19.094048269074861 ], [ 72.815617302071288, 19.09407706339163 ] ] ] } },
{ "type": "Feature", "properties": { "grid_id": "MUM_000138", "locality": "Worli / Prabhadevi", "centroid_lat": 19.005996, "centroid_lon": 72.814396, "area_sqkm": 0.1499 }, "geometry": { "type": "Polygon", "coordinates": [ [ [ 72.815558028069134, 19.098592557868049 ], [ 72.815617302071288, 19.09407706339163 ], [ 72.813191202757508, 19.094048269074861 ], [ 72.812289945224961, 19.098553754131263 ], [ 72.815558028069134, 19.098592557868049 ] ] ] } },
{ "type": "Feature", "properties": { "grid_id": "MUM_000139", "locality": "Worli / Prabhadevi", "centroid_lat": 19.010512, "centroid_lon": 72.814337, "area_sqkm": 0.1942 }, "geometry": { "type": "Polygon", "coordinates": [ [ [ 72.815498737357728, 19.103108049955928 ], [ 72.815558028069134, 19.098592557868049 ], [ 72.812289945224961, 19.098553754131263 ], [ 72.811388625876305, 19.103059227868609 ], [ 72.815498737357728, 19.103108049955928 ] ] ] } },
{ "type": "Feature", "properties": { "grid_id": "MUM_000140", "locality": "Worli / Prabhadevi", "centroid_lat": 19.015027, "centroid_lon": 72.814278, "area_sqkm": 0.2372 }, "geometry": { "type": "Polygon", "coordinates": [ [ [ 72.810689248504275, 19.107567093405109 ], [ 72.815439429935026, 19.107623539654753 ], [ 72.815498737357728, 19.103108049955928 ], [ 72.811388625876305, 19.103059227868609 ], [ 72.810703509965421, 19.106483739466672 ], [ 72.810689248504275, 19.107567093405109 ] ] ] } },
{ "type": "Feature", "properties": { "grid_id": "MUM_000141", "locality": "Worli / Prabhadevi", "centroid_lat": 19.019497, "centroid_lon": 72.814292, "area_sqkm": 0.25 }, "geometry": { "type": "Polygon", "coordinates": [ [ [ 72.810689248504275, 19.107567093405109 ], [ 72.810629795622717, 19.112082566368706 ], [ 72.815380105798894, 19.112139026964044 ], [ 72.815439429935026, 19.107623539654753 ], [ 72.810689248504275, 19.107567093405109 ] ] ] } },
{ "type": "Feature", "properties": { "grid_id": "MUM_000142", "locality": "Worli / Prabhadevi", "centroid_lat": 19.023967, "centroid_lon": 72.814662, "area_sqkm": 0.2496 }, "geometry": { "type": "Polygon", "coordinates": [ [ [ 72.815320764947273, 19.11665451188329 ], [ 72.815380105798894, 19.112139026964044 ], [ 72.810629795622717, 19.112082566368706 ], [ 72.810580731798922, 19.115808026073406 ], [ 72.810659831197924, 19.116599102145567 ], [ 72.815320764947273, 19.11665451188329 ] ] ] } },
{ "type": "Feature", "properties": { "grid_id": "MUM_000143", "locality": "Worli / Prabhadevi", "centroid_lat": 19.028454, "centroid_lon": 72.815082, "area_sqkm": 0.2318 }, "geometry": { "type": "Polygon", "coordinates": [ [ [ 72.815261407378074, 19.121169994412014 ], [ 72.815320764947273, 19.11665451188329 ], [ 72.810659831197924, 19.116599102145567 ], [ 72.811111946651152, 19.121120659702758 ], [ 72.815261407378074, 19.121169994412014 ] ] ] } },
{ "type": "Feature", "properties": { "grid_id": "MUM_000144", "locality": "Worli / Prabhadevi", "centroid_lat": 19.032905, "centroid_lon": 72.815498, "area_sqkm": 0.2049 }, "geometry": { "type": "Polygon", "coordinates": [ [ [ 72.815202033089221, 19.125685474549694 ], [ 72.815261407378074, 19.121169994412014 ], [ 72.811111946651152, 19.121120659702758 ], [ 72.811564073296495, 19.125642216540538 ], [ 72.815202033089221, 19.125685474549694 ] ] ] } },
{ "type": "Feature", "properties": { "grid_id": "MUM_000145", "locality": "Bandra West", "centroid_lat": 19.037192, "centroid_lon": 72.8159, "area_sqkm": 0.178 }, "geometry": { "type": "Polygon", "coordinates": [ [ [ 72.815142642078612, 19.130200952295855 ], [ 72.815202033089221, 19.125685474549694 ], [ 72.811564073296495, 19.125642216540538 ], [ 72.8120162111436, 19.130163772657575 ], [ 72.815142642078612, 19.130200952295855 ] ] ] } },
{ "type": "Feature", "properties": { "grid_id": "MUM_000146", "locality": "Mumbai Central", "centroid_lat": null, "centroid_lon": null, "area_sqkm": 0.1511 }, "geometry": { "type": "Polygon", "coordinates": [ [ [ 72.815083234344172, 19.134716427650005 ], [ 72.815142642078612, 19.130200952295855 ], [ 72.8120162111436, 19.130163772657575 ], [ 72.812468360202132, 19.134685328052534 ], [ 72.815083234344172, 19.134716427650005 ] ] ] } },
{ "type": "Feature", "properties": { "grid_id": "MUM_000147", "locality": "Mumbai Central", "centroid_lat": null, "centroid_lon": null, "area_sqkm": 0.1241 }, "geometry": { "type": "Polygon", "coordinates": [ [ [ 72.815023809883812, 19.13923190061162 ], [ 72.815083234344172, 19.134716427650005 ], [ 72.812468360202132, 19.134685328052534 ], [ 72.812920520481725, 19.139206882724068 ], [ 72.815023809883812, 19.13923190061162 ] ] ] } },
{ "type": "Feature", "properties": { "grid_id": "MUM_000148", "locality": "Santacruz / Milan Subway", "centroid_lat": 19.087569, "centroid_lon": 72.815096, "area_sqkm": 0.0972 }, "geometry": { "type": "Polygon", "coordinates": [ [ [ 72.814964368695428, 19.143747371180233 ], [ 72.815023809883812, 19.13923190061162 ], [ 72.812920520481725, 19.139206882724068 ], [ 72.813372691992072, 19.143728436670845 ], [ 72.814964368695428, 19.143747371180233 ] ] ] } },
{ "type": "Feature", "properties": { "grid_id": "MUM_000149", "locality": "Santacruz / Milan Subway", "centroid_lat": 19.091965, "centroid_lon": 72.814628, "area_sqkm": 0.0703 }, "geometry": { "type": "Polygon", "coordinates": [ [ [ 72.81490491077696, 19.148262839355333 ], [ 72.814964368695428, 19.143747371180233 ], [ 72.813372691992072, 19.143728436670845 ], [ 72.813824874742807, 19.148249989891532 ], [ 72.81490491077696, 19.148262839355333 ] ] ] } },
{ "type": "Feature", "properties": { "grid_id": "MUM_000150", "locality": "Santacruz / Milan Subway", "centroid_lat": 19.096429, "centroid_lon": 72.814152, "area_sqkm": 0.0434 }, "geometry": { "type": "Polygon", "coordinates": [ [ [ 72.814845436126291, 19.152778305136426 ], [ 72.81490491077696, 19.148262839355333 ], [ 72.813824874742807, 19.148249989891532 ], [ 72.814277068743607, 19.152771542384787 ], [ 72.814845436126291, 19.152778305136426 ] ] ] } },
{ "type": "Feature", "properties": { "grid_id": "MUM_000151", "locality": "Santacruz / Milan Subway", "centroid_lat": 19.100914, "centroid_lon": 72.813675, "area_sqkm": 0.1263 }, "geometry": { "type": "Polygon", "coordinates": [ [ [ 72.817974584399408, 18.913455331425041 ], [ 72.821749353081159, 18.913499662086785 ], [ 72.82, 18.91 ], [ 72.818030368049762, 18.909156108913976 ], [ 72.817974584399408, 18.913455331425041 ] ] ] } },
{ "type": "Feature", "properties": { "grid_id": "MUM_000152", "locality": "Andheri Subway / West", "centroid_lat": 19.105399, "centroid_lon": 72.81321, "area_sqkm": 0.2394 }, "geometry": { "type": "Polygon", "coordinates": [ [ [ 72.817974584399408, 18.913455331425041 ], [ 72.817915977067386, 18.917970921036108 ], [ 72.822660800495811, 18.918026644359685 ], [ 72.822694932308053, 18.915391277423733 ], [ 72.821749353081159, 18.913499662086785 ], [ 72.817974584399408, 18.913455331425041 ] ] ] } },
{ "type": "Feature", "properties": { "grid_id": "MUM_000153", "locality": "Andheri Subway / West", "centroid_lat": 19.109853, "centroid_lon": 72.813035, "area_sqkm": 0.25 }, "geometry": { "type": "Polygon", "coordinates": [ [ [ 72.817915977067386, 18.917970921036108 ], [ 72.817857353108863, 18.922486508278514 ], [ 72.822602303766075, 18.922542245885385 ], [ 72.822660800495811, 18.918026644359685 ], [ 72.817915977067386, 18.917970921036108 ] ] ] } },
{ "type": "Feature", "properties": { "grid_id": "MUM_000154", "locality": "Andheri Subway / West", "centroid_lat": 19.114365, "centroid_lon": 72.812979, "area_sqkm": 0.25 }, "geometry": { "type": "Polygon", "coordinates": [ [ [ 72.817857353108863, 18.922486508278514 ], [ 72.81779871252175, 18.927002093151746 ], [ 72.822543790443831, 18.927057845042654 ], [ 72.822602303766075, 18.922542245885385 ], [ 72.817857353108863, 18.922486508278514 ] ] ] } },
{ "type": "Feature", "properties": { "grid_id": "MUM_000155", "locality": "Andheri Subway / West", "centroid_lat": 19.118842, "centroid_lon": 72.813087, "area_sqkm": 0.25 }, "geometry": { "type": "Polygon", "coordinates": [ [ [ 72.81779871252175, 18.927002093151746 ], [ 72.817740055304, 18.931517675655321 ], [ 72.822485260527031, 18.931573441831006 ], [ 72.822543790443831, 18.927057845042654 ], [ 72.81779871252175, 18.927002093151746 ] ] ] } },
{ "type": "Feature", "properties": { "grid_id": "MUM_000156", "locality": "Andheri Subway / West", "centroid_lat": 19.123355, "centroid_lon": 72.813283, "area_sqkm": 0.25 }, "geometry": { "type": "Polygon", "coordinates": [ [ [ 72.817740055304, 18.931517675655321 ], [ 72.817681381453568, 18.936033255788729 ], [ 72.822426714013616, 18.936089036249935 ], [ 72.822485260527031, 18.931573441831006 ], [ 72.817740055304, 18.931517675655321 ] ] ] } },
{ "type": "Feature", "properties": { "grid_id": "MUM_000157", "locality": "Andheri Subway / West", "centroid_lat": 19.127866, "centroid_lon": 72.813479, "area_sqkm": 0.25 }, "geometry": { "type": "Polygon", "coordinates": [ [ [ 72.817681381453568, 18.936033255788729 ], [ 72.817622690968392, 18.940548833551485 ], [ 72.822368150901539, 18.940604628298946 ], [ 72.822426714013616, 18.936089036249935 ], [ 72.817681381453568, 18.936033255788729 ] ] ] } },
{ "type": "Feature", "properties": { "grid_id": "MUM_000158", "locality": "Andheri Subway / West", "centroid_lat": 19.132375, "centroid_lon": 72.813675, "area_sqkm": 0.25 }, "geometry": { "type": "Polygon", "coordinates": [ [ [ 72.817622690968392, 18.940548833551485 ], [ 72.817563983846412, 18.945064408943075 ], [ 72.822309571188754, 18.945120217977536 ], [ 72.822368150901539, 18.940604628298946 ], [ 72.817622690968392, 18.940548833551485 ] ] ] } },
{ "type": "Feature", "properties": { "grid_id": "MUM_000159", "locality": "Andheri Subway / West", "centroid_lat": 19.136878, "centroid_lon": 72.81387, "area_sqkm": 0.25 }, "geometry": { "type": "Polygon", "coordinates": [ [ [ 72.817563983846412, 18.945064408943075 ], [ 72.817505260085582, 18.949579981963019 ], [ 72.822250974873199, 18.949635805285222 ], [ 72.822309571188754, 18.945120217977536 ], [ 72.817563983846412, 18.945064408943075 ] ] ] } },
{ "type": "Feature", "properties": { "grid_id": "MUM_000160", "locality": "Goregaon West", "centroid_lat": 19.141374, "centroid_lon": 72.814066, "area_sqkm": 0.25 }, "geometry": { "type": "Polygon", "coordinates": [ [ [ 72.817505260085582, 18.949579981963019 ], [ 72.817446519683827, 18.954095552610806 ], [ 72.822192361952816, 18.954151390221494 ], [ 72.822250974873199, 18.949635805285222 ], [ 72.817505260085582, 18.949579981963019 ] ] ] } },
{ "type": "Feature", "properties": { "grid_id": "MUM_000161", "locality": "Goregaon West", "centroid_lat": 19.145853, "centroid_lon": 72.81426, "area_sqkm": 0.25 }, "geometry": { "type": "Polygon", "coordinates": [ [ [ 72.817446519683827, 18.954095552610806 ], [ 72.817387762639086, 18.958611120885941 ], [ 72.822133732425542, 18.958666972785856 ], [ 72.822192361952816, 18.954151390221494 ], [ 72.817446519683827, 18.954095552610806 ] ] ] } },
{ "type": "Feature", "properties": { "grid_id": "MUM_000162", "locality": "Goregaon West", "centroid_lat": 19.150282, "centroid_lon": 72.814453, "area_sqkm": 0.25 }, "geometry": { "type": "Polygon", "coordinates": [ [ [ 72.817387762639086, 18.958611120885941 ], [ 72.817328988949313, 18.963126686787938 ], [ 72.822075086289345, 18.96318255297782 ], [ 72.822133732425542, 18.958666972785856 ], [ 72.817387762639086, 18.958611120885941 ] ] ] } },
{ "type": "Feature", "properties": { "grid_id": "MUM_000163", "locality": "Mumbai Central", "centroid_lat": null, "centroid_lon": null, "area_sqkm": 0.25 }, "geometry": { "type": "Polygon", "coordinates": [ [ [ 72.817328988949313, 18.963126686787938 ], [ 72.817270198612448, 18.967642250316281 ], [ 72.822016423542166, 18.967698130796869 ], [ 72.822075086289345, 18.96318255297782 ], [ 72.817328988949313, 18.963126686787938 ] ] ] } },
{ "type": "Feature", "properties": { "grid_id": "MUM_000164", "locality": "Mumbai Central", "centroid_lat": null, "centroid_lon": null, "area_sqkm": 0.25 }, "geometry": { "type": "Polygon", "coordinates": [ [ [ 72.817270198612448, 18.967642250316281 ], [ 72.817211391626415, 18.972157811470485 ], [ 72.821957744181944, 18.972213706242535 ], [ 72.822016423542166, 18.967698130796869 ], [ 72.817270198612448, 18.967642250316281 ] ] ] } },
{ "type": "Feature", "properties": { "grid_id": "MUM_000165", "locality": "Colaba / Fort", "centroid_lat": 18.911749, "centroid_lon": 72.81942, "area_sqkm": 0.25 }, "geometry": { "type": "Polygon", "coordinates": [ [ [ 72.817211391626415, 18.972157811470485 ], [ 72.817152567989183, 18.976673370250047 ], [ 72.821899048206632, 18.976729279314288 ], [ 72.821957744181944, 18.972213706242535 ], [ 72.817211391626415, 18.972157811470485 ] ] ] } },
{ "type": "Feature", "properties": { "grid_id": "MUM_000166", "locality": "Colaba / Fort", "centroid_lat": 18.915812, "centroid_lon": 72.820226, "area_sqkm": 0.25 }, "geometry": { "type": "Polygon", "coordinates": [ [ [ 72.817152567989183, 18.976673370250047 ], [ 72.817093727698648, 18.981188926654475 ], [ 72.821840335614141, 18.981244850011656 ], [ 72.821899048206632, 18.976729279314288 ], [ 72.817152567989183, 18.976673370250047 ] ] ] } },
{ "type": "Feature", "properties": { "grid_id": "MUM_000167", "locality": "Colaba / Fort", "centroid_lat": 18.920257, "centroid_lon": 72.820259, "area_sqkm": 0.25 }, "geometry": { "type": "Polygon", "coordinates": [ [ [ 72.817093727698648, 18.981188926654475 ], [ 72.817034870752778, 18.985704480683268 ], [ 72.821781606402439, 18.985760418334127 ], [ 72.821840335614141, 18.981244850011656 ], [ 72.817093727698648, 18.981188926654475 ] ] ] } },
{ "type": "Feature", "properties": { "grid_id": "MUM_000168", "locality": "Colaba / Fort", "centroid_lat": 18.924772, "centroid_lon": 72.820201, "area_sqkm": 0.25 }, "geometry": { "type": "Polygon", "coordinates": [ [ [ 72.817034870752778, 18.985704480683268 ], [ 72.816975997149513, 18.99022003233593 ], [ 72.821722860569452, 18.990275984281222 ], [ 72.821781606402439, 18.985760418334127 ], [ 72.817034870752778, 18.985704480683268 ] ] ] } },
{ "type": "Feature", "properties": { "grid_id": "MUM_000169", "locality": "Colaba / Fort", "centroid_lat": 18.929288, "centroid_lon": 72.820142, "area_sqkm": 0.25 }, "geometry": { "type": "Polygon", "coordinates": [ [ [ 72.816975997149513, 18.99022003233593 ], [ 72.816917106886763, 18.994735581611959 ], [ 72.821664098113132, 18.994791547852419 ], [ 72.821722860569452, 18.990275984281222 ], [ 72.816975997149513, 18.99022003233593 ] ] ] } },
{ "type": "Feature", "properties": { "grid_id": "MUM_000170", "locality": "Marine Lines / Kalbadevi", "centroid_lat": 18.933803, "centroid_lon": 72.820083, "area_sqkm": 0.25 }, "geometry": { "type": "Polygon", "coordinates": [ [ [ 72.816917106886763, 18.994735581611959 ], [ 72.816858199962454, 18.999251128510867 ], [ 72.821605319031406, 18.999307109047237 ], [ 72.821664098113132, 18.994791547852419 ], [ 72.816917106886763, 18.994735581611959 ] ] ] } },
{ "type": "Feature", "properties": { "grid_id": "MUM_000171", "locality": "Marine Lines / Kalbadevi", "centroid_lat": 18.938319, "centroid_lon": 72.820025, "area_sqkm": 0.25 }, "geometry": { "type": "Polygon", "coordinates": [ [ [ 72.816858199962454, 18.999251128510867 ], [ 72.816799276374567, 19.003766673032153 ], [ 72.821546523322212, 19.003822667865187 ], [ 72.821605319031406, 18.999307109047237 ], [ 72.816858199962454, 18.999251128510867 ] ] ] } },
{ "type": "Feature", "properties": { "grid_id": "MUM_000172", "locality": "Marine Lines / Kalbadevi", "centroid_lat": 18.942835, "centroid_lon": 72.819966, "area_sqkm": 0.25 }, "geometry": { "type": "Polygon", "coordinates": [ [ [ 72.816799276374567, 19.003766673032153 ], [ 72.816740336120986, 19.00828221517531 ], [ 72.821487710983504, 19.008338224305742 ], [ 72.821546523322212, 19.003822667865187 ], [ 72.816799276374567, 19.003766673032153 ] ] ] } },
{ "type": "Feature", "properties": { "grid_id": "MUM_000173", "locality": "Marine Lines / Kalbadevi", "centroid_lat": 18.94735, "centroid_lon": 72.819907, "area_sqkm": 0.25 }, "geometry": { "type": "Polygon", "coordinates": [ [ [ 72.816740336120986, 19.00828221517531 ], [ 72.816681379199679, 19.012797754939854 ], [ 72.821428882013223, 19.012853778368434 ], [ 72.821487710983504, 19.008338224305742 ], [ 72.816740336120986, 19.00828221517531 ] ] ] } },
{ "type": "Feature", "properties": { "grid_id": "MUM_000174", "locality": "Marine Lines / Kalbadevi", "centroid_lat": 18.951866, "centroid_lon": 72.819849, "area_sqkm": 0.25 }, "geometry": { "type": "Polygon", "coordinates": [ [ [ 72.816681379199679, 19.012797754939854 ], [ 72.81662240560857, 19.017313292325287 ], [ 72.821370036409263, 19.017369330052759 ], [ 72.821428882013223, 19.012853778368434 ], [ 72.816681379199679, 19.012797754939854 ] ] ] } },
{ "type": "Feature", "properties": { "grid_id": "MUM_000175", "locality": "Marine Lines / Kalbadevi", "centroid_lat": 18.956381, "centroid_lon": 72.81979, "area_sqkm": 0.25 }, "geometry": { "type": "Polygon", "coordinates": [ [ [ 72.81662240560857, 19.017313292325287 ], [ 72.81656341534557, 19.021828827331102 ], [ 72.821311174169608, 19.021884879358215 ], [ 72.821370036409263, 19.017369330052759 ], [ 72.81662240560857, 19.017313292325287 ] ] ] } },
{ "type": "Feature", "properties": { "grid_id": "MUM_000176", "locality": "Marine Lines / Kalbadevi", "centroid_lat": 18.960897, "centroid_lon": 72.819731, "area_sqkm": 0.25 }, "geometry": { "type": "Polygon", "coordinates": [ [ [ 72.81656341534557, 19.021828827331102 ], [ 72.816504408408633, 19.026344359956809 ], [ 72.821252295292169, 19.026400426284312 ], [ 72.821311174169608, 19.021884879358215 ], [ 72.81656341534557, 19.021828827331102 ] ] ] } },
{ "type": "Feature", "properties": { "grid_id": "MUM_000177", "locality": "Marine Lines / Kalbadevi", "centroid_lat": 18.965412, "centroid_lon": 72.819673, "area_sqkm": 0.25 }, "geometry": { "type": "Polygon", "coordinates": [ [ [ 72.816504408408633, 19.026344359956809 ], [ 72.816445384795671, 19.030859890201913 ], [ 72.821193399774884, 19.030915970830545 ], [ 72.821252295292169, 19.026400426284312 ], [ 72.816504408408633, 19.026344359956809 ] ] ] } },
{ "type": "Feature", "properties": { "grid_id": "MUM_000178", "locality": "Marine Lines / Kalbadevi", "centroid_lat": 18.969928, "centroid_lon": 72.819614, "area_sqkm": 0.25 }, "geometry": { "type": "Polygon", "coordinates": [ [ [ 72.816445384795671, 19.030859890201913 ], [ 72.816386344504608, 19.035375418065914 ], [ 72.82113448761568, 19.035431512996421 ], [ 72.821193399774884, 19.030915970830545 ], [ 72.816445384795671, 19.030859890201913 ] ] ] } },
{ "type": "Feature", "properties": { "grid_id": "MUM_000179", "locality": "Marine Lines / Kalbadevi", "centroid_lat": 18.974444, "centroid_lon": 72.819555, "area_sqkm": 0.25 }, "geometry": { "type": "Polygon", "coordinates": [ [ [ 72.816386344504608, 19.035375418065914 ], [ 72.816327287533412, 19.039890943548315 ], [ 72.82107555881251, 19.039947052781443 ], [ 72.82113448761568, 19.035431512996421 ], [ 72.816386344504608, 19.035375418065914 ] ] ] } },
{ "type": "Feature", "properties": { "grid_id": "MUM_000180", "locality": "Worli / Prabhadevi", "centroid_lat": 18.978959, "centroid_lon": 72.819496, "area_sqkm": 0.2397 }, "geometry": { "type": "Polygon", "coordinates": [ [ [ 72.82101661336327, 19.044462590185116 ], [ 72.82107555881251, 19.039947052781443 ], [ 72.816327287533412, 19.039890943548315 ], [ 72.816305824425157, 19.041531706987733 ], [ 72.816882270034895, 19.044413731339976 ], [ 72.82101661336327, 19.044462590185116 ] ] ] } },
{ "type": "Feature", "properties": { "grid_id": "MUM_000181", "locality": "Worli / Prabhadevi", "centroid_lat": 18.983475, "centroid_lon": 72.819438, "area_sqkm": 0.1923 }, "geometry": { "type": "Polygon", "coordinates": [ [ [ 72.820957651265928, 19.048978125206947 ], [ 72.82101661336327, 19.044462590185116 ], [ 72.816882270034895, 19.044413731339976 ], [ 72.817787750301861, 19.048940663697429 ], [ 72.820957651265928, 19.048978125206947 ] ] ] } },
{ "type": "Feature", "properties": { "grid_id": "MUM_000182", "locality": "Worli / Prabhadevi", "centroid_lat": 18.98799, "centroid_lon": 72.819379, "area_sqkm": 0.1415 }, "geometry": { "type": "Polygon", "coordinates": [ [ [ 72.820898672518396, 19.053493657846428 ], [ 72.820957651265928, 19.048978125206947 ], [ 72.817787750301861, 19.048940663697429 ], [ 72.818693266687902, 19.053467594452272 ], [ 72.820898672518396, 19.053493657846428 ] ] ] } },
{ "type": "Feature", "properties": { "grid_id": "MUM_000183", "locality": "Worli / Prabhadevi", "centroid_lat": 18.992506, "centroid_lon": 72.81932, "area_sqkm": 0.0907 }, "geometry": { "type": "Polygon", "coordinates": [ [ [ 72.820839677118613, 19.058009188103082 ], [ 72.820898672518396, 19.053493657846428 ], [ 72.818693266687902, 19.053467594452272 ], [ 72.81959881921297, 19.057994523600616 ], [ 72.820839677118613, 19.058009188103082 ] ] ] } },
{ "type": "Feature", "properties": { "grid_id": "MUM_000184", "locality": "Worli / Prabhadevi", "centroid_lat": 18.997021, "centroid_lon": 72.819261, "area_sqkm": 0.0547 }, "geometry": { "type": "Polygon", "coordinates": [ [ [ 72.82078066506449, 19.062524715976387 ], [ 72.820839677118613, 19.058009188103082 ], [ 72.81959881921297, 19.057994523600616 ], [ 72.82, 19.06 ], [ 72.819498276394228, 19.062509557067063 ], [ 72.82078066506449, 19.062524715976387 ] ] ] } },
{ "type": "Feature", "properties": { "grid_id": "MUM_000185", "locality": "Worli / Prabhadevi", "centroid_lat": 19.001537, "centroid_lon": 72.819202, "area_sqkm": 0.0897 }, "geometry": { "type": "Polygon", "coordinates": [ [ [ 72.820721636353966, 19.067040241465868 ], [ 72.82078066506449, 19.062524715976387 ], [ 72.819498276394228, 19.062509557067063 ], [ 72.818597450987852, 19.067015121250016 ], [ 72.820721636353966, 19.067040241465868 ] ] ] } },
{ "type": "Feature", "properties": { "grid_id": "MUM_000186", "locality": "Worli / Prabhadevi", "centroid_lat": 19.006052, "centroid_lon": 72.819143, "area_sqkm": 0.134 }, "geometry": { "type": "Polygon", "coordinates": [ [ [ 72.820662590984981, 19.071555764571027 ], [ 72.820721636353966, 19.067040241465868 ], [ 72.818597450987852, 19.067015121250016 ], [ 72.817696563911994, 19.071520674140618 ], [ 72.820662590984981, 19.071555764571027 ] ] ] } },
{ "type": "Feature", "properties": { "grid_id": "MUM_000187", "locality": "Worli / Prabhadevi", "centroid_lat": 19.010568, "centroid_lon": 72.819085, "area_sqkm": 0.1783 }, "geometry": { "type": "Polygon", "coordinates": [ [ [ 72.820603528955445, 19.076071285291349 ], [ 72.820662590984981, 19.071555764571027 ], [ 72.817696563911994, 19.071520674140618 ], [ 72.816795615145708, 19.076026215735045 ], [ 72.820603528955445, 19.076071285291349 ] ] ] } },
{ "type": "Feature", "properties": { "grid_id": "MUM_000188", "locality": "Worli / Prabhadevi", "centroid_lat": 19.015084, "centroid_lon": 72.819026, "area_sqkm": 0.2226 }, "geometry": { "type": "Polygon", "coordinates": [ [ [ 72.820544450263299, 19.08058680362636 ], [ 72.820603528955445, 19.076071285291349 ], [ 72.816795615145708, 19.076026215735045 ], [ 72.815894604668074, 19.080531746029504 ], [ 72.820544450263299, 19.08058680362636 ] ] ] } },
{ "type": "Feature", "properties": { "grid_id": "MUM_000189", "locality": "Worli / Prabhadevi", "centroid_lat": 19.019599, "centroid_lon": 72.818967, "area_sqkm": 0.2497 }, "geometry": { "type": "Polygon", "coordinates": [ [ [ 72.815735799956201, 19.085046067275119 ], [ 72.820485354906452, 19.085102319575558 ], [ 72.820544450263299, 19.08058680362636 ], [ 72.815894604668074, 19.080531746029504 ], [ 72.815788019054708, 19.081064709467373 ], [ 72.815735799956201, 19.085046067275119 ] ] ] } },
{ "type": "Feature", "properties": { "grid_id": "MUM_000190", "locality": "Worli / Prabhadevi", "centroid_lat": 19.024115, "centroid_lon": 72.818908, "area_sqkm": 0.25 }, "geometry": { "type": "Polygon", "coordinates": [ [ [ 72.815735799956201, 19.085046067275119 ], [ 72.815676559366295, 19.089561566527152 ], [ 72.820426242882832, 19.089617833138437 ], [ 72.820485354906452, 19.085102319575558 ], [ 72.815735799956201, 19.085046067275119 ] ] ] } },
{ "type": "Feature", "properties": { "grid_id": "MUM_000191", "locality": "Worli / Prabhadevi", "centroid_lat": 19.02863, "centroid_lon": 72.818849, "area_sqkm": 0.25 }, "geometry": { "type": "Polygon", "coordinates": [ [ [ 72.815676559366295, 19.089561566527152 ], [ 72.815617302071288, 19.09407706339163 ], [ 72.820367114190375, 19.09413334431451 ], [ 72.820426242882832, 19.089617833138437 ], [ 72.815676559366295, 19.089561566527152 ] ] ] } },
{ "type": "Feature", "properties": { "grid_id": "MUM_000192", "locality": "Worli / Prabhadevi", "centroid_lat": 19.033146, "centroid_lon": 72.81879, "area_sqkm": 0.25 }, "geometry": { "type": "Polygon", "coordinates": [ [ [ 72.815617302071288, 19.09407706339163 ], [ 72.815558028069134, 19.098592557868049 ], [ 72.820307968826995, 19.098648853103278 ], [ 72.820367114190375, 19.09413334431451 ], [ 72.815617302071288, 19.09407706339163 ] ] ] } },
{ "type": "Feature", "properties": { "grid_id": "MUM_000193", "locality": "Bandra West", "centroid_lat": 19.037661, "centroid_lon": 72.818731, "area_sqkm": 0.25 }, "geometry": { "type": "Polygon", "coordinates": [ [ [ 72.815558028069134, 19.098592557868049 ], [ 72.815498737357728, 19.103108049955928 ], [ 72.820248806790616, 19.103164359504248 ], [ 72.820307968826995, 19.098648853103278 ], [ 72.815558028069134, 19.098592557868049 ] ] ] } },
{ "type": "Feature", "properties": { "grid_id": "MUM_000194", "locality": "Bandra West", "centroid_lat": 19.042122, "centroid_lon": 72.818766, "area_sqkm": 0.25 }, "geometry": { "type": "Polygon", "coordinates": [ [ [ 72.815498737357728, 19.103108049955928 ], [ 72.815439429935026, 19.107623539654753 ], [ 72.820189628079163, 19.107679863516918 ], [ 72.820248806790616, 19.103164359504248 ], [ 72.815498737357728, 19.103108049955928 ] ] ] } },
{ "type": "Feature", "properties": { "grid_id": "MUM_000195", "locality": "Bandra West", "centroid_lat": 19.046599, "centroid_lon": 72.819152, "area_sqkm": 0.25 }, "geometry": { "type": "Polygon", "coordinates": [ [ [ 72.815439429935026, 19.107623539654753 ], [ 72.815380105798894, 19.112139026964044 ], [ 72.820130432690547, 19.112195365140799 ], [ 72.820189628079163, 19.107679863516918 ], [ 72.815439429935026, 19.107623539654753 ] ] ] } },
{ "type": "Feature", "properties": { "grid_id": "MUM_000196", "locality": "Bandra West", "centroid_lat": 19.051085, "centroid_lon": 72.819572, "area_sqkm": 0.25 }, "geometry": { "type": "Polygon", "coordinates": [ [ [ 72.815380105798894, 19.112139026964044 ], [ 72.815320764947273, 19.11665451188329 ], [ 72.820071220622708, 19.116710864375396 ], [ 72.820130432690547, 19.112195365140799 ], [ 72.815380105798894, 19.112139026964044 ] ] ] } },
{ "type": "Feature", "properties": { "grid_id": "MUM_000197", "locality": "Bandra West", "centroid_lat": 19.05553, "centroid_lon": 72.819988, "area_sqkm": 0.25 }, "geometry": { "type": "Polygon", "coordinates": [ [ [ 72.815320764947273, 19.11665451188329 ], [ 72.815261407378074, 19.121169994412014 ], [ 72.820011991873542, 19.121226361220206 ], [ 72.820071220622708, 19.116710864375396 ], [ 72.815320764947273, 19.11665451188329 ] ] ] } },
{ "type": "Feature", "properties": { "grid_id": "MUM_000198", "locality": "Bandra West", "centroid_lat": 19.060294, "centroid_lon": 72.820282, "area_sqkm": 0.25 }, "geometry": { "type": "Polygon", "coordinates": [ [ [ 72.815261407378074, 19.121169994412014 ], [ 72.815202033089221, 19.125685474549694 ], [ 72.819952746440975, 19.125741855674736 ], [ 72.820011991873542, 19.121226361220206 ], [ 72.815261407378074, 19.121169994412014 ] ] ] } },
{ "type": "Feature", "properties": { "grid_id": "MUM_000199", "locality": "Bandra West", "centroid_lat": 19.064958, "centroid_lon": 72.81988, "area_sqkm": 0.25 }, "geometry": { "type": "Polygon", "coordinates": [ [ [ 72.815202033089221, 19.125685474549694 ], [ 72.815142642078612, 19.130200952295855 ], [ 72.819893484322961, 19.130257347738496 ], [ 72.819952746440975, 19.125741855674736 ], [ 72.815202033089221, 19.125685474549694 ] ] ] } },
{ "type": "Feature", "properties": { "grid_id": "MUM_000200", "locality": "Bandra West", "centroid_lat": 19.069407, "centroid_lon": 72.819406, "area_sqkm": 0.25 }, "geometry": { "type": "Polygon", "coordinates": [ [ [ 72.815142642078612, 19.130200952295855 ], [ 72.815083234344172, 19.134716427650005 ], [ 72.819834205517353, 19.134772837410978 ], [ 72.819893484322961, 19.130257347738496 ], [ 72.815142642078612, 19.130200952295855 ] ] ] } },
{ "type": "Feature", "properties": { "grid_id": "MUM_000201", "locality": "Bandra West", "centroid_lat": 19.073887, "centroid_lon": 72.81893, "area_sqkm": 0.25 }, "geometry": { "type": "Polygon", "coordinates": [ [ [ 72.815083234344172, 19.134716427650005 ], [ 72.815023809883812, 19.13923190061162 ], [ 72.819774910022105, 19.139288324691698 ], [ 72.819834205517353, 19.134772837410978 ], [ 72.815083234344172, 19.134716427650005 ] ] ] } },
{ "type": "Feature", "properties": { "grid_id": "MUM_000202", "locality": "Santacruz / Milan Subway", "centroid_lat": 19.078379, "centroid_lon": 72.818452, "area_sqkm": 0.25 }, "geometry": { "type": "Polygon", "coordinates": [ [ [ 72.815023809883812, 19.13923190061162 ], [ 72.814964368695428, 19.143747371180233 ], [ 72.819715597835142, 19.143803809580159 ], [ 72.819774910022105, 19.139288324691698 ], [ 72.815023809883812, 19.13923190061162 ] ] ] } },
{ "type": "Feature", "properties": { "grid_id": "MUM_000203", "locality": "Santacruz / Milan Subway", "centroid_lat": 19.082819, "centroid_lon": 72.818143, "area_sqkm": 0.25 }, "geometry": { "type": "Polygon", "coordinates": [ [ [ 72.814964368695428, 19.143747371180233 ], [ 72.81490491077696, 19.148262839355333 ], [ 72.819656268954361, 19.148319292075861 ], [ 72.819715597835142, 19.143803809580159 ], [ 72.814964368695428, 19.143747371180233 ] ] ] } },
{ "type": "Feature", "properties": { "grid_id": "MUM_000204", "locality": "Santacruz / Milan Subway", "centroid_lat": 19.087332, "centroid_lon": 72.818081, "area_sqkm": 0.25 }, "geometry": { "type": "Polygon", "coordinates": [ [ [ 72.81490491077696, 19.148262839355333 ], [ 72.814845436126291, 19.152778305136426 ], [ 72.819596923377688, 19.152834772178309 ], [ 72.819656268954361, 19.148319292075861 ], [ 72.81490491077696, 19.148262839355333 ] ] ] } },
{ "type": "Feature", "properties": { "grid_id": "MUM_000205", "locality": "Santacruz / Milan Subway", "centroid_lat": 19.091847, "centroid_lon": 72.818022, "area_sqkm": 0.25 }, "geometry": { "type": "Polygon", "coordinates": [ [ [ 72.814845436126291, 19.152778305136426 ], [ 72.814785944741359, 19.157293768523022 ], [ 72.819537561103019, 19.15735024988701 ], [ 72.819596923377688, 19.152834772178309 ], [ 72.814845436126291, 19.152778305136426 ] ] ] } },
{ "type": "Feature", "properties": { "grid_id": "MUM_000206", "locality": "Santacruz / Milan Subway", "centroid_lat": 19.096363, "centroid_lon": 72.817963, "area_sqkm": 0.2374 }, "geometry": { "type": "Polygon", "coordinates": [ [ [ 72.819478182128293, 19.161865725201476 ], [ 72.819537561103019, 19.15735024988701 ], [ 72.814785944741359, 19.157293768523022 ], [ 72.81477935520256, 19.157793843692431 ], [ 72.815, 19.16 ], [ 72.815363283084253, 19.161816808410489 ], [ 72.819478182128293, 19.161865725201476 ] ] ] } },
{ "type": "Feature", "properties": { "grid_id": "MUM_000207", "locality": "Santacruz / Milan Subway", "centroid_lat": 19.100878, "centroid_lon": 72.817903, "area_sqkm": 0.1911 }, "geometry": { "type": "Polygon", "coordinates": [ [ [ 72.819418786451408, 19.166381198121194 ], [ 72.819478182128293, 19.161865725201476 ], [ 72.815363283084253, 19.161816808410489 ], [ 72.816268500935792, 19.166343748191697 ], [ 72.819418786451408, 19.166381198121194 ] ] ] } },
{ "type": "Feature", "properties": { "grid_id": "MUM_000208", "locality": "Andheri Subway / West", "centroid_lat": 19.105394, "centroid_lon": 72.817844, "area_sqkm": 0.1404 }, "geometry": { "type": "Polygon", "coordinates": [ [ [ 72.819359374070274, 19.170896668645678 ], [ 72.819418786451408, 19.166381198121194 ], [ 72.816268500935792, 19.166343748191697 ], [ 72.817173755209225, 19.17087068633418 ], [ 72.819359374070274, 19.170896668645678 ] ] ] } },
{ "type": "Feature", "properties": { "grid_id": "MUM_000209", "locality": "Andheri Subway / West", "centroid_lat": 19.109909, "centroid_lon": 72.817785, "area_sqkm": 0.0896 }, "geometry": { "type": "Polygon", "coordinates": [ [ [ 72.819299944982802, 19.17541213677444 ], [ 72.819359374070274, 19.170896668645678 ], [ 72.817173755209225, 19.17087068633418 ], [ 72.818079045924492, 19.175397622834051 ], [ 72.819299944982802, 19.17541213677444 ] ] ] } },
{ "type": "Feature", "properties": { "grid_id": "MUM_000210", "locality": "Andheri Subway / West", "centroid_lat": 19.114425, "centroid_lon": 72.817726, "area_sqkm": 0.0389 }, "geometry": { "type": "Polygon", "coordinates": [ [ [ 72.819240499186904, 19.179927602506975 ], [ 72.819299944982802, 19.17541213677444 ], [ 72.818079045924492, 19.175397622834051 ], [ 72.8189843731016, 19.179924557687404 ], [ 72.819240499186904, 19.179927602506975 ] ] ] } },
{ "type": "Feature", "properties": { "grid_id": "MUM_000211", "locality": "Andheri Subway / West", "centroid_lat": 19.11894, "centroid_lon": 72.817666, "area_sqkm": 0.133 }, "geometry": { "type": "Polygon", "coordinates": [ [ [ 72.822660800495811, 18.918026644359685 ], [ 72.822602303766075, 18.922542245885385 ], [ 72.826291364755008, 18.92258549643083 ], [ 72.824020302755613, 18.918042588034961 ], [ 72.822660800495811, 18.918026644359685 ] ] ] } },
{ "type": "Feature", "properties": { "grid_id": "MUM_000212", "locality": "Andheri Subway / West", "centroid_lat": 19.123456, "centroid_lon": 72.817607, "area_sqkm": 0.2374 }, "geometry": { "type": "Polygon", "coordinates": [ [ [ 72.822602303766075, 18.922542245885385 ], [ 72.822543790443831, 18.927057845042654 ], [ 72.827288884960481, 18.927113475786729 ], [ 72.827320808360355, 18.924644659381649 ], [ 72.826291364755008, 18.92258549643083 ], [ 72.822602303766075, 18.922542245885385 ] ] ] } },
{ "type": "Feature", "properties": { "grid_id": "MUM_000213", "locality": "Andheri Subway / West", "centroid_lat": 19.127971, "centroid_lon": 72.817548, "area_sqkm": 0.25 }, "geometry": { "type": "Polygon", "coordinates": [ [ [ 72.822543790443831, 18.927057845042654 ], [ 72.822485260527031, 18.931573441831006 ], [ 72.827230482346678, 18.931629086828821 ], [ 72.827288884960481, 18.927113475786729 ], [ 72.822543790443831, 18.927057845042654 ] ] ] } },
{ "type": "Feature", "properties": { "grid_id": "MUM_000214", "locality": "Andheri Subway / West", "centroid_lat": 19.132487, "centroid_lon": 72.817488, "area_sqkm": 0.25 }, "geometry": { "type": "Polygon", "coordinates": [ [ [ 72.822485260527031, 18.931573441831006 ], [ 72.822426714013616, 18.936089036249935 ], [ 72.827172063172327, 18.936144695502239 ], [ 72.827230482346678, 18.931629086828821 ], [ 72.822485260527031, 18.931573441831006 ] ] ] } },
{ "type": "Feature", "properties": { "grid_id": "MUM_000215", "locality": "Andheri Subway / West", "centroid_lat": 19.137002, "centroid_lon": 72.817429, "area_sqkm": 0.25 }, "geometry": { "type": "Polygon", "coordinates": [ [ [ 72.822426714013616, 18.936089036249935 ], [ 72.822368150901539, 18.940604628298946 ], [ 72.827113627435409, 18.940660301806471 ], [ 72.827172063172327, 18.936144695502239 ], [ 72.822426714013616, 18.936089036249935 ] ] ] } },
{ "type": "Feature", "properties": { "grid_id": "MUM_000216", "locality": "Goregaon West", "centroid_lat": 19.141518, "centroid_lon": 72.81737, "area_sqkm": 0.25 }, "geometry": { "type": "Polygon", "coordinates": [ [ [ 72.822368150901539, 18.940604628298946 ], [ 72.822309571188754, 18.945120217977536 ], [ 72.82705517513385, 18.945175905741028 ], [ 72.827113627435409, 18.940660301806471 ], [ 72.822368150901539, 18.940604628298946 ] ] ] } },
{ "type": "Feature", "properties": { "grid_id": "MUM_000217", "locality": "Goregaon West", "centroid_lat": 19.146033, "centroid_lon": 72.81731, "area_sqkm": 0.25 }, "geometry": { "type": "Polygon", "coordinates": [ [ [ 72.822309571188754, 18.945120217977536 ], [ 72.822250974873199, 18.949635805285222 ], [ 72.826996706265632, 18.949691507305413 ], [ 72.82705517513385, 18.945175905741028 ], [ 72.822309571188754, 18.945120217977536 ] ] ] } },
{ "type": "Feature", "properties": { "grid_id": "MUM_000218", "locality": "Goregaon West", "centroid_lat": 19.150549, "centroid_lon": 72.817251, "area_sqkm": 0.25 }, "geometry": { "type": "Polygon", "coordinates": [ [ [ 72.822250974873199, 18.949635805285222 ], [ 72.822192361952816, 18.954151390221494 ], [ 72.82693822082868, 18.954207106499133 ], [ 72.826996706265632, 18.949691507305413 ], [ 72.822250974873199, 18.949635805285222 ] ] ] } },
{ "type": "Feature", "properties": { "grid_id": "MUM_000219", "locality": "Goregaon West", "centroid_lat": 19.155064, "centroid_lon": 72.817191, "area_sqkm": 0.25 }, "geometry": { "type": "Polygon", "coordinates": [ [ [ 72.822192361952816, 18.954151390221494 ], [ 72.822133732425542, 18.958666972785856 ], [ 72.826879718820948, 18.958722703321676 ], [ 72.82693822082868, 18.954207106499133 ], [ 72.822192361952816, 18.954151390221494 ] ] ] } },
{ "type": "Feature", "properties": { "grid_id": "MUM_000220", "locality": "Goregaon West", "centroid_lat": 19.159527, "centroid_lon": 72.817248, "area_sqkm": 0.25 }, "geometry": { "type": "Polygon", "coordinates": [ [ [ 72.822133732425542, 18.958666972785856 ], [ 72.822075086289345, 18.96318255297782 ], [ 72.826821200240374, 18.963238297772563 ], [ 72.826879718820948, 18.958722703321676 ], [ 72.822133732425542, 18.958666972785856 ] ] ] } },
{ "type": "Feature", "properties": { "grid_id": "MUM_000221", "locality": "Goregaon West", "centroid_lat": 19.164002, "centroid_lon": 72.817623, "area_sqkm": 0.25 }, "geometry": { "type": "Polygon", "coordinates": [ [ [ 72.822075086289345, 18.96318255297782 ], [ 72.822016423542166, 18.967698130796869 ], [ 72.826762665084942, 18.967753889851284 ], [ 72.826821200240374, 18.963238297772563 ], [ 72.822075086289345, 18.96318255297782 ] ] ] } },
{ "type": "Feature", "properties": { "grid_id": "MUM_000222", "locality": "Goregaon West", "centroid_lat": 19.168487, "centroid_lon": 72.818042, "area_sqkm": 0.25 }, "geometry": { "type": "Polygon", "coordinates": [ [ [ 72.822016423542166, 18.967698130796869 ], [ 72.821957744181944, 18.972213706242535 ], [ 72.826704113352591, 18.972269479557355 ], [ 72.826762665084942, 18.967753889851284 ], [ 72.822016423542166, 18.967698130796869 ] ] ] } },
{ "type": "Feature", "properties": { "grid_id": "MUM_000223", "locality": "Malad West", "centroid_lat": 19.172931, "centroid_lon": 72.818458, "area_sqkm": 0.25 }, "geometry": { "type": "Polygon", "coordinates": [ [ [ 72.821957744181944, 18.972213706242535 ], [ 72.821899048206632, 18.976729279314288 ], [ 72.826645545041231, 18.976785066890262 ], [ 72.826704113352591, 18.972269479557355 ], [ 72.821957744181944, 18.972213706242535 ] ] ] } },
{ "type": "Feature", "properties": { "grid_id": "MUM_000224", "locality": "Malad West", "centroid_lat": 19.177173, "centroid_lon": 72.818855, "area_sqkm": 0.25 }, "geometry": { "type": "Polygon", "coordinates": [ [ [ 72.821899048206632, 18.976729279314288 ], [ 72.821840335614141, 18.981244850011656 ], [ 72.82658696014883, 18.981300651849512 ], [ 72.826645545041231, 18.976785066890262 ], [ 72.821899048206632, 18.976729279314288 ] ] ] } },
{ "type": "Feature", "properties": { "grid_id": "MUM_000225", "locality": "Mumbai Central", "centroid_lat": null, "centroid_lon": null, "area_sqkm": 0.25 }, "geometry": { "type": "Polygon", "coordinates": [ [ [ 72.821840335614141, 18.981244850011656 ], [ 72.821781606402439, 18.985760418334127 ], [ 72.826528358673357, 18.985816234434626 ], [ 72.82658696014883, 18.981300651849512 ], [ 72.821840335614141, 18.981244850011656 ] ] ] } },
{ "type": "Feature", "properties": { "grid_id": "MUM_000226", "locality": "Mumbai Central", "centroid_lat": null, "centroid_lon": null, "area_sqkm": 0.25 }, "geometry": { "type": "Polygon", "coordinates": [ [ [ 72.821781606402439, 18.985760418334127 ], [ 72.821722860569452, 18.990275984281222 ], [ 72.826469740612723, 18.990331814645092 ], [ 72.826528358673357, 18.985816234434626 ], [ 72.821781606402439, 18.985760418334127 ] ] ] } },
{ "type": "Feature", "properties": { "grid_id": "MUM_000227", "locality": "Colaba / Fort", "centroid_lat": 18.920648, "centroid_lon": 72.823979, "area_sqkm": 0.25 }, "geometry": { "type": "Polygon", "coordinates": [ [ [ 72.821722860569452, 18.990275984281222 ], [ 72.821664098113132, 18.994791547852419 ], [ 72.826411105964894, 18.994847392480409 ], [ 72.826469740612723, 18.990331814645092 ], [ 72.821722860569452, 18.990275984281222 ] ] ] } },
{ "type": "Feature", "properties": { "grid_id": "MUM_000228", "locality": "Colaba / Fort", "centroid_lat": 18.92491, "centroid_lon": 72.824837, "area_sqkm": 0.25 }, "geometry": { "type": "Polygon", "coordinates": [ [ [ 72.821664098113132, 18.994791547852419 ], [ 72.821605319031406, 18.999307109047237 ], [ 72.826352454727811, 18.999362967940083 ], [ 72.826411105964894, 18.994847392480409 ], [ 72.821664098113132, 18.994791547852419 ] ] ] } },
{ "type": "Feature", "properties": { "grid_id": "MUM_000229", "locality": "Colaba / Fort", "centroid_lat": 18.929343, "centroid_lon": 72.824887, "area_sqkm": 0.25 }, "geometry": { "type": "Polygon", "coordinates": [ [ [ 72.821605319031406, 18.999307109047237 ], [ 72.821546523322212, 19.003822667865187 ], [ 72.826293786899399, 19.003878541023628 ], [ 72.826352454727811, 18.999362967940083 ], [ 72.821605319031406, 18.999307109047237 ] ] ] } },
{ "type": "Feature", "properties": { "grid_id": "MUM_000230", "locality": "Marine Lines / Kalbadevi", "centroid_lat": 18.933859, "centroid_lon": 72.824829, "area_sqkm": 0.25 }, "geometry": { "type": "Polygon", "coordinates": [ [ [ 72.821546523322212, 19.003822667865187 ], [ 72.821487710983504, 19.008338224305742 ], [ 72.826235102477611, 19.008394111730535 ], [ 72.826293786899399, 19.003878541023628 ], [ 72.821546523322212, 19.003822667865187 ] ] ] } },
{ "type": "Feature", "properties": { "grid_id": "MUM_000231", "locality": "Marine Lines / Kalbadevi", "centroid_lat": 18.938375, "centroid_lon": 72.82477, "area_sqkm": 0.25 }, "geometry": { "type": "Polygon", "coordinates": [ [ [ 72.821487710983504, 19.008338224305742 ], [ 72.821428882013223, 19.012853778368434 ], [ 72.826176401460387, 19.012909680060314 ], [ 72.826235102477611, 19.008394111730535 ], [ 72.821487710983504, 19.008338224305742 ] ] ] } },
{ "type": "Feature", "properties": { "grid_id": "MUM_000232", "locality": "Marine Lines / Kalbadevi", "centroid_lat": 18.94289, "centroid_lon": 72.824712, "area_sqkm": 0.25 }, "geometry": { "type": "Polygon", "coordinates": [ [ [ 72.821428882013223, 19.012853778368434 ], [ 72.821370036409263, 19.017369330052759 ], [ 72.826117683845695, 19.017425246012476 ], [ 72.826176401460387, 19.012909680060314 ], [ 72.821428882013223, 19.012853778368434 ] ] ] } },
{ "type": "Feature", "properties": { "grid_id": "MUM_000233", "locality": "Marine Lines / Kalbadevi", "centroid_lat": 18.947406, "centroid_lon": 72.824653, "area_sqkm": 0.25 }, "geometry": { "type": "Polygon", "coordinates": [ [ [ 72.821370036409263, 19.017369330052759 ], [ 72.821311174169608, 19.021884879358215 ], [ 72.826058949631431, 19.0219408095865 ], [ 72.826117683845695, 19.017425246012476 ], [ 72.821370036409263, 19.017369330052759 ] ] ] } },
{ "type": "Feature", "properties": { "grid_id": "MUM_000234", "locality": "Marine Lines / Kalbadevi", "centroid_lat": 18.951921, "centroid_lon": 72.824595, "area_sqkm": 0.25 }, "geometry": { "type": "Polygon", "coordinates": [ [ [ 72.821311174169608, 19.021884879358215 ], [ 72.821252295292169, 19.026400426284312 ], [ 72.826000198815549, 19.026456370781915 ], [ 72.826058949631431, 19.0219408095865 ], [ 72.821311174169608, 19.021884879358215 ] ] ] } },
{ "type": "Feature", "properties": { "grid_id": "MUM_000235", "locality": "Marine Lines / Kalbadevi", "centroid_lat": 18.956437, "centroid_lon": 72.824536, "area_sqkm": 0.25 }, "geometry": { "type": "Polygon", "coordinates": [ [ [ 72.821252295292169, 19.026400426284312 ], [ 72.821193399774884, 19.030915970830545 ], [ 72.825941431396018, 19.030971929598206 ], [ 72.826000198815549, 19.026456370781915 ], [ 72.821252295292169, 19.026400426284312 ] ] ] } },
{ "type": "Feature", "properties": { "grid_id": "MUM_000236", "locality": "Marine Lines / Kalbadevi", "centroid_lat": 18.960953, "centroid_lon": 72.824477, "area_sqkm": 0.25 }, "geometry": { "type": "Polygon", "coordinates": [ [ [ 72.821193399774884, 19.030915970830545 ], [ 72.82113448761568, 19.035431512996421 ], [ 72.825882647370719, 19.035487486034892 ], [ 72.825941431396018, 19.030971929598206 ], [ 72.821193399774884, 19.030915970830545 ] ] ] } },
{ "type": "Feature", "properties": { "grid_id": "MUM_000237", "locality": "Marine Lines / Kalbadevi", "centroid_lat": 18.965468, "centroid_lon": 72.824419, "area_sqkm": 0.25 }, "geometry": { "type": "Polygon", "coordinates": [ [ [ 72.82113448761568, 19.035431512996421 ], [ 72.82107555881251, 19.039947052781443 ], [ 72.825823846737649, 19.04000304009147 ], [ 72.825882647370719, 19.035487486034892 ], [ 72.82113448761568, 19.035431512996421 ] ] ] } },
{ "type": "Feature", "properties": { "grid_id": "MUM_000238", "locality": "Marine Lines / Kalbadevi", "centroid_lat": 18.969984, "centroid_lon": 72.82436, "area_sqkm": 0.25 }, "geometry": { "type": "Polygon", "coordinates": [ [ [ 72.82107555881251, 19.039947052781443 ], [ 72.82101661336327, 19.044462590185116 ], [ 72.82576502949469, 19.044518591767442 ], [ 72.825823846737649, 19.04000304009147 ], [ 72.82107555881251, 19.039947052781443 ] ] ] } },
{ "type": "Feature", "properties": { "grid_id": "MUM_000239", "locality": "Marine Lines / Kalbadevi", "centroid_lat": 18.974499, "centroid_lon": 72.824302, "area_sqkm": 0.25 }, "geometry": { "type": "Polygon", "coordinates": [ [ [ 72.82101661336327, 19.044462590185116 ], [ 72.820957651265928, 19.048978125206947 ], [ 72.82570619563981, 19.049034141062307 ], [ 72.82576502949469, 19.044518591767442 ], [ 72.82101661336327, 19.044462590185116 ] ] ] } },
{ "type": "Feature", "properties": { "grid_id": "MUM_000240", "locality": "Worli / Prabhadevi", "centroid_lat": 18.979015, "centroid_lon": 72.824243, "area_sqkm": 0.25 }, "geometry": { "type": "Polygon", "coordinates": [ [ [ 72.820957651265928, 19.048978125206947 ], [ 72.820898672518396, 19.053493657846428 ], [ 72.82564734517095, 19.053549687975586 ], [ 72.82570619563981, 19.049034141062307 ], [ 72.820957651265928, 19.048978125206947 ] ] ] } },
{ "type": "Feature", "properties": { "grid_id": "MUM_000241", "locality": "Worli / Prabhadevi", "centroid_lat": 18.983531, "centroid_lon": 72.824184, "area_sqkm": 0.25 }, "geometry": { "type": "Polygon", "coordinates": [ [ [ 72.820898672518396, 19.053493657846428 ], [ 72.820839677118613, 19.058009188103082 ], [ 72.825588478086033, 19.058065232506774 ], [ 72.82564734517095, 19.053549687975586 ], [ 72.820898672518396, 19.053493657846428 ] ] ] } },
{ "type": "Feature", "properties": { "grid_id": "MUM_000242", "locality": "Worli / Prabhadevi", "centroid_lat": 18.988046, "centroid_lon": 72.824126, "area_sqkm": 0.25 }, "geometry": { "type": "Polygon", "coordinates": [ [ [ 72.820839677118613, 19.058009188103082 ], [ 72.82078066506449, 19.062524715976387 ], [ 72.825529594382985, 19.062580774655359 ], [ 72.825588478086033, 19.058065232506774 ], [ 72.820839677118613, 19.058009188103082 ] ] ] } },
{ "type": "Feature", "properties": { "grid_id": "MUM_000243", "locality": "Worli / Prabhadevi", "centroid_lat": 18.992562, "centroid_lon": 72.824067, "area_sqkm": 0.25 }, "geometry": { "type": "Polygon", "coordinates": [ [ [ 72.82078066506449, 19.062524715976387 ], [ 72.820721636353966, 19.067040241465868 ], [ 72.825470694059732, 19.067096314420859 ], [ 72.825529594382985, 19.062580774655359 ], [ 72.82078066506449, 19.062524715976387 ] ] ] } },
{ "type": "Feature", "properties": { "grid_id": "MUM_000244", "locality": "Worli / Prabhadevi", "centroid_lat": 18.997077, "centroid_lon": 72.824008, "area_sqkm": 0.25 }, "geometry": { "type": "Polygon", "coordinates": [ [ [ 72.820721636353966, 19.067040241465868 ], [ 72.820662590984981, 19.071555764571027 ], [ 72.82541177711424, 19.071611851802789 ], [ 72.825470694059732, 19.067096314420859 ], [ 72.820721636353966, 19.067040241465868 ] ] ] } },
{ "type": "Feature", "properties": { "grid_id": "MUM_000245", "locality": "Worli / Prabhadevi", "centroid_lat": 19.001593, "centroid_lon": 72.82395, "area_sqkm": 0.25 }, "geometry": { "type": "Polygon", "coordinates": [ [ [ 72.820662590984981, 19.071555764571027 ], [ 72.820603528955445, 19.076071285291349 ], [ 72.825352843544408, 19.076127386800636 ], [ 72.82541177711424, 19.071611851802789 ], [ 72.820662590984981, 19.071555764571027 ] ] ] } },
{ "type": "Feature", "properties": { "grid_id": "MUM_000246", "locality": "Worli / Prabhadevi", "centroid_lat": 19.006108, "centroid_lon": 72.823891, "area_sqkm": 0.25 }, "geometry": { "type": "Polygon", "coordinates": [ [ [ 72.820603528955445, 19.076071285291349 ], [ 72.820544450263299, 19.08058680362636 ], [ 72.825293893348174, 19.080642919413911 ], [ 72.825352843544408, 19.076127386800636 ], [ 72.820603528955445, 19.076071285291349 ] ] ] } },
{ "type": "Feature", "properties": { "grid_id": "MUM_000247", "locality": "Worli / Prabhadevi", "centroid_lat": 19.010624, "centroid_lon": 72.823832, "area_sqkm": 0.25 }, "geometry": { "type": "Polygon", "coordinates": [ [ [ 72.820544450263299, 19.08058680362636 ], [ 72.820485354906452, 19.085102319575558 ], [ 72.825234926523478, 19.085158449642112 ], [ 72.825293893348174, 19.080642919413911 ], [ 72.820544450263299, 19.08058680362636 ] ] ] } },
{ "type": "Feature", "properties": { "grid_id": "MUM_000248", "locality": "Worli / Prabhadevi", "centroid_lat": 19.01514, "centroid_lon": 72.823773, "area_sqkm": 0.25 }, "geometry": { "type": "Polygon", "coordinates": [ [ [ 72.820485354906452, 19.085102319575558 ], [ 72.820426242882832, 19.089617833138437 ], [ 72.825175943068231, 19.08967397748475 ], [ 72.825234926523478, 19.085158449642112 ], [ 72.820485354906452, 19.085102319575558 ] ] ] } },
{ "type": "Feature", "properties": { "grid_id": "MUM_000249", "locality": "Worli / Prabhadevi", "centroid_lat": 19.019655, "centroid_lon": 72.823714, "area_sqkm": 0.25 }, "geometry": { "type": "Polygon", "coordinates": [ [ [ 72.820426242882832, 19.089617833138437 ], [ 72.820367114190375, 19.09413334431451 ], [ 72.825116942980387, 19.094189502941333 ], [ 72.825175943068231, 19.08967397748475 ], [ 72.820426242882832, 19.089617833138437 ] ] ] } },
{ "type": "Feature", "properties": { "grid_id": "MUM_000250", "locality": "Worli / Prabhadevi", "centroid_lat": 19.024171, "centroid_lon": 72.823656, "area_sqkm": 0.25 }, "geometry": { "type": "Polygon", "coordinates": [ [ [ 72.820367114190375, 19.09413334431451 ], [ 72.820307968826995, 19.098648853103278 ], [ 72.825057926257855, 19.098705026011356 ], [ 72.825116942980387, 19.094189502941333 ], [ 72.820367114190375, 19.09413334431451 ] ] ] } },
{ "type": "Feature", "properties": { "grid_id": "MUM_000251", "locality": "Worli / Prabhadevi", "centroid_lat": 19.028686, "centroid_lon": 72.823597, "area_sqkm": 0.25 }, "geometry": { "type": "Polygon", "coordinates": [ [ [ 72.820307968826995, 19.098648853103278 ], [ 72.820248806790616, 19.103164359504248 ], [ 72.824998892898577, 19.10322054669432 ], [ 72.825057926257855, 19.098705026011356 ], [ 72.820307968826995, 19.098648853103278 ] ] ] } },
{ "type": "Feature", "properties": { "grid_id": "MUM_000252", "locality": "Worli / Prabhadevi", "centroid_lat": 19.033202, "centroid_lon": 72.823538, "area_sqkm": 0.25 }, "geometry": { "type": "Polygon", "coordinates": [ [ [ 72.820248806790616, 19.103164359504248 ], [ 72.820189628079163, 19.107679863516918 ], [ 72.824939842900463, 19.107736064989741 ], [ 72.824998892898577, 19.10322054669432 ], [ 72.820248806790616, 19.103164359504248 ] ] ] } },
{ "type": "Feature", "properties": { "grid_id": "MUM_000253", "locality": "Bandra West", "centroid_lat": 19.037717, "centroid_lon": 72.823479, "area_sqkm": 0.25 }, "geometry": { "type": "Polygon", "coordinates": [ [ [ 72.820189628079163, 19.107679863516918 ], [ 72.820130432690547, 19.112195365140799 ], [ 72.824880776261452, 19.112251580897123 ], [ 72.824939842900463, 19.107736064989741 ], [ 72.820189628079163, 19.107679863516918 ] ] ] } },
{ "type": "Feature", "properties": { "grid_id": "MUM_000254", "locality": "Bandra West", "centroid_lat": 19.042233, "centroid_lon": 72.82342, "area_sqkm": 0.25 }, "geometry": { "type": "Polygon", "coordinates": [ [ [ 72.820130432690547, 19.112195365140799 ], [ 72.820071220622708, 19.116710864375396 ], [ 72.824821692979455, 19.116767094415966 ], [ 72.824880776261452, 19.112251580897123 ], [ 72.820130432690547, 19.112195365140799 ] ] ] } },
{ "type": "Feature", "properties": { "grid_id": "MUM_000255", "locality": "Bandra West", "centroid_lat": 19.046748, "centroid_lon": 72.823361, "area_sqkm": 0.25 }, "geometry": { "type": "Polygon", "coordinates": [ [ [ 72.820071220622708, 19.116710864375396 ], [ 72.820011991873542, 19.121226361220206 ], [ 72.824762593052412, 19.121282605545769 ], [ 72.824821692979455, 19.116767094415966 ], [ 72.820071220622708, 19.116710864375396 ] ] ] } },
{ "type": "Feature", "properties": { "grid_id": "MUM_000256", "locality": "Bandra West", "centroid_lat": 19.051264, "centroid_lon": 72.823302, "area_sqkm": 0.25 }, "geometry": { "type": "Polygon", "coordinates": [ [ [ 72.820011991873542, 19.121226361220206 ], [ 72.819952746440975, 19.125741855674736 ], [ 72.824703476478234, 19.125798114286042 ], [ 72.824762593052412, 19.121282605545769 ], [ 72.820011991873542, 19.121226361220206 ] ] ] } },
{ "type": "Feature", "properties": { "grid_id": "MUM_000257", "locality": "Bandra West", "centroid_lat": 19.055779, "centroid_lon": 72.823244, "area_sqkm": 0.25 }, "geometry": { "type": "Polygon", "coordinates": [ [ [ 72.819952746440975, 19.125741855674736 ], [ 72.819893484322961, 19.130257347738496 ], [ 72.82464434325486, 19.13031362063629 ], [ 72.824703476478234, 19.125798114286042 ], [ 72.819952746440975, 19.125741855674736 ] ] ] } },
{ "type": "Feature", "properties": { "grid_id": "MUM_000258", "locality": "Bandra West", "centroid_lat": 19.060295, "centroid_lon": 72.823185, "area_sqkm": 0.25 }, "geometry": { "type": "Polygon", "coordinates": [ [ [ 72.819893484322961, 19.130257347738496 ], [ 72.819834205517353, 19.134772837410978 ], [ 72.824585193380173, 19.134829124596028 ], [ 72.82464434325486, 19.13031362063629 ], [ 72.819893484322961, 19.130257347738496 ] ] ] } },
{ "type": "Feature", "properties": { "grid_id": "MUM_000259", "locality": "Bandra West", "centroid_lat": 19.064811, "centroid_lon": 72.823126, "area_sqkm": 0.25 }, "geometry": { "type": "Polygon", "coordinates": [ [ [ 72.819834205517353, 19.134772837410978 ], [ 72.819774910022105, 19.139288324691698 ], [ 72.824526026852141, 19.139344626164736 ], [ 72.824585193380173, 19.134829124596028 ], [ 72.819834205517353, 19.134772837410978 ] ] ] } },
{ "type": "Feature", "properties": { "grid_id": "MUM_000260", "locality": "Bandra West", "centroid_lat": 19.069326, "centroid_lon": 72.823067, "area_sqkm": 0.25 }, "geometry": { "type": "Polygon", "coordinates": [ [ [ 72.819774910022105, 19.139288324691698 ], [ 72.819715597835142, 19.143803809580159 ], [ 72.824466843668674, 19.143860125341938 ], [ 72.824526026852141, 19.139344626164736 ], [ 72.819774910022105, 19.139288324691698 ] ] ] } },
{ "type": "Feature", "properties": { "grid_id": "MUM_000261", "locality": "Bandra West", "centroid_lat": 19.073842, "centroid_lon": 72.823008, "area_sqkm": 0.25 }, "geometry": { "type": "Polygon", "coordinates": [ [ [ 72.819715597835142, 19.143803809580159 ], [ 72.819656268954361, 19.148319292075861 ], [ 72.824407643827669, 19.148375622127134 ], [ 72.824466843668674, 19.143860125341938 ], [ 72.819715597835142, 19.143803809580159 ] ] ] } },
{ "type": "Feature", "properties": { "grid_id": "MUM_000262", "locality": "Santacruz / Milan Subway", "centroid_lat": 19.078357, "centroid_lon": 72.822949, "area_sqkm": 0.25 }, "geometry": { "type": "Polygon", "coordinates": [ [ [ 72.819656268954361, 19.148319292075861 ], [ 72.819596923377688, 19.152834772178309 ], [ 72.824348427327067, 19.152891116519825 ], [ 72.824407643827669, 19.148375622127134 ], [ 72.819656268954361, 19.148319292075861 ] ] ] } },
{ "type": "Feature", "properties": { "grid_id": "MUM_000263", "locality": "Santacruz / Milan Subway", "centroid_lat": 19.082873, "centroid_lon": 72.82289, "area_sqkm": 0.25 }, "geometry": { "type": "Polygon", "coordinates": [ [ [ 72.819596923377688, 19.152834772178309 ], [ 72.819537561103019, 19.15735024988701 ], [ 72.824289194164777, 19.157406608519523 ], [ 72.824348427327067, 19.152891116519825 ], [ 72.819596923377688, 19.152834772178309 ] ] ] } },
{ "type": "Feature", "properties": { "grid_id": "MUM_000264", "locality": "Santacruz / Milan Subway", "centroid_lat": 19.087388, "centroid_lon": 72.822831, "area_sqkm": 0.25 }, "geometry": { "type": "Polygon", "coordinates": [ [ [ 72.819537561103019, 19.15735024988701 ], [ 72.819478182128293, 19.161865725201476 ], [ 72.824229944338711, 19.161922098125721 ], [ 72.824289194164777, 19.157406608519523 ], [ 72.819537561103019, 19.15735024988701 ] ] ] } },
{ "type": "Feature", "properties": { "grid_id": "MUM_000265", "locality": "Santacruz / Milan Subway", "centroid_lat": 19.091904, "centroid_lon": 72.822772, "area_sqkm": 0.25 }, "geometry": { "type": "Polygon", "coordinates": [ [ [ 72.819478182128293, 19.161865725201476 ], [ 72.819418786451408, 19.166381198121194 ], [ 72.824170677846794, 19.166437585337945 ], [ 72.824229944338711, 19.161922098125721 ], [ 72.819478182128293, 19.161865725201476 ] ] ] } },
{ "type": "Feature", "properties": { "grid_id": "MUM_000266", "locality": "Santacruz / Milan Subway", "centroid_lat": 19.096419, "centroid_lon": 72.822712, "area_sqkm": 0.25 }, "geometry": { "type": "Polygon", "coordinates": [ [ [ 72.819418786451408, 19.166381198121194 ], [ 72.819359374070274, 19.170896668645678 ], [ 72.824111394686952, 19.170953070155676 ], [ 72.824170677846794, 19.166437585337945 ], [ 72.819418786451408, 19.166381198121194 ] ] ] } },
{ "type": "Feature", "properties": { "grid_id": "MUM_000267", "locality": "Santacruz / Milan Subway", "centroid_lat": 19.100935, "centroid_lon": 72.822653, "area_sqkm": 0.25 }, "geometry": { "type": "Polygon", "coordinates": [ [ [ 72.819359374070274, 19.170896668645678 ], [ 72.819299944982802, 19.17541213677444 ], [ 72.82405209485708, 19.175468552578433 ], [ 72.824111394686952, 19.170953070155676 ], [ 72.819359374070274, 19.170896668645678 ] ] ] } },
{ "type": "Feature", "properties": { "grid_id": "MUM_000268", "locality": "Andheri Subway / West", "centroid_lat": 19.10545, "centroid_lon": 72.822594, "area_sqkm": 0.25 }, "geometry": { "type": "Polygon", "coordinates": [ [ [ 72.819299944982802, 19.17541213677444 ], [ 72.819240499186904, 19.179927602506975 ], [ 72.82399277835512, 19.179984032605724 ], [ 72.82405209485708, 19.175468552578433 ], [ 72.819299944982802, 19.17541213677444 ] ] ] } },
{ "type": "Feature", "properties": { "grid_id": "MUM_000269", "locality": "Andheri Subway / West", "centroid_lat": 19.109966, "centroid_lon": 72.822535, "area_sqkm": 0.2363 }, "geometry": { "type": "Polygon", "coordinates": [ [ [ 72.823933445178966, 19.184499510237046 ], [ 72.82399277835512, 19.179984032605724 ], [ 72.819240499186904, 19.179927602506975 ], [ 72.819224715374276, 19.181126317504976 ], [ 72.81988973676053, 19.184451490890339 ], [ 72.823933445178966, 19.184499510237046 ] ] ] } },
{ "type": "Feature", "properties": { "grid_id": "MUM_000270", "locality": "Andheri Subway / West", "centroid_lat": 19.114481, "centroid_lon": 72.822476, "area_sqkm": 0.1873 }, "geometry": { "type": "Polygon", "coordinates": [ [ [ 72.823874095326531, 19.189014985471896 ], [ 72.823933445178966, 19.184499510237046 ], [ 72.81988973676053, 19.184451490890339 ], [ 72.820795136921248, 19.188978422438961 ], [ 72.823874095326531, 19.189014985471896 ] ] ] } },
{ "type": "Feature", "properties": { "grid_id": "MUM_000271", "locality": "Andheri Subway / West", "centroid_lat": 19.118997, "centroid_lon": 72.822417, "area_sqkm": 0.1366 }, "geometry": { "type": "Polygon", "coordinates": [ [ [ 72.823814728795725, 19.193530458309802 ], [ 72.823874095326531, 19.189014985471896 ], [ 72.820795136921248, 19.188978422438961 ], [ 72.821700573603778, 19.19350535232936 ], [ 72.823814728795725, 19.193530458309802 ] ] ] } },
{ "type": "Feature", "properties": { "grid_id": "MUM_000272", "locality": "Andheri Subway / West", "centroid_lat": 19.123512, "centroid_lon": 72.822358, "area_sqkm": 0.0858 }, "geometry": { "type": "Polygon", "coordinates": [ [ [ 72.823755345584473, 19.198045928750254 ], [ 72.823814728795725, 19.193530458309802 ], [ 72.821700573603778, 19.19350535232936 ], [ 72.822606046828099, 19.198032280557644 ], [ 72.823755345584473, 19.198045928750254 ] ] ] } },
{ "type": "Feature", "properties": { "grid_id": "MUM_000273", "locality": "Andheri Subway / West", "centroid_lat": 19.128028, "centroid_lon": 72.822299, "area_sqkm": 0.0351 }, "geometry": { "type": "Polygon", "coordinates": [ [ [ 72.823695945690687, 19.202561396792756 ], [ 72.823755345584473, 19.198045928750254 ], [ 72.822606046828099, 19.198032280557644 ], [ 72.823511556614193, 19.202559207119911 ], [ 72.823695945690687, 19.202561396792756 ] ] ] } },
{ "type": "Feature", "properties": { "grid_id": "MUM_000274", "locality": "Andheri Subway / West", "centroid_lat": 19.132543, "centroid_lon": 72.822239, "area_sqkm": 0.1285 }, "geometry": { "type": "Polygon", "coordinates": [ [ [ 72.827288884960481, 18.927113475786729 ], [ 72.827230482346678, 18.931629086828821 ], [ 72.830833825921729, 18.931671260477348 ], [ 72.828562539127617, 18.927128387252306 ], [ 72.827288884960481, 18.927113475786729 ] ] ] } },
{ "type": "Feature", "properties": { "grid_id": "MUM_000275", "locality": "Andheri Subway / West", "centroid_lat": 19.137059, "centroid_lon": 72.82218, "area_sqkm": 0.2353 }, "geometry": { "type": "Polygon", "coordinates": [ [ [ 72.827230482346678, 18.931629086828821 ], [ 72.827172063172327, 18.936144695502239 ], [ 72.831917428893618, 18.936200233543804 ], [ 72.831947150728524, 18.93389796838375 ], [ 72.830833825921729, 18.931671260477348 ], [ 72.827230482346678, 18.931629086828821 ] ] ] } },
{ "type": "Feature", "properties": { "grid_id": "MUM_000276", "locality": "Goregaon West", "centroid_lat": 19.141574, "centroid_lon": 72.822121, "area_sqkm": 0.25 }, "geometry": { "type": "Polygon", "coordinates": [ [ [ 72.827172063172327, 18.936144695502239 ], [ 72.827113627435409, 18.940660301806471 ], [ 72.831859120533906, 18.940715854072227 ], [ 72.831917428893618, 18.936200233543804 ], [ 72.827172063172327, 18.936144695502239 ] ] ] } },
{ "type": "Feature", "properties": { "grid_id": "MUM_000277", "locality": "Goregaon West", "centroid_lat": 19.14609, "centroid_lon": 72.822062, "area_sqkm": 0.25 }, "geometry": { "type": "Polygon", "coordinates": [ [ [ 72.827113627435409, 18.940660301806471 ], [ 72.82705517513385, 18.945175905741028 ], [ 72.831800795645648, 18.945231472231718 ], [ 72.831859120533906, 18.940715854072227 ], [ 72.827113627435409, 18.940660301806471 ] ] ] } },
{ "type": "Feature", "properties": { "grid_id": "MUM_000278", "locality": "Goregaon West", "centroid_lat": 19.150605, "centroid_lon": 72.822002, "area_sqkm": 0.25 }, "geometry": { "type": "Polygon", "coordinates": [ [ [ 72.82705517513385, 18.945175905741028 ], [ 72.826996706265632, 18.949691507305413 ], [ 72.831742454226799, 18.949747088021766 ], [ 72.831800795645648, 18.945231472231718 ], [ 72.82705517513385, 18.945175905741028 ] ] ] } },
{ "type": "Feature", "properties": { "grid_id": "MUM_000279", "locality": "Goregaon West", "centroid_lat": 19.155121, "centroid_lon": 72.821943, "area_sqkm": 0.25 }, "geometry": { "type": "Polygon", "coordinates": [ [ [ 72.826996706265632, 18.949691507305413 ], [ 72.82693822082868, 18.954207106499133 ], [ 72.831684096275325, 18.954262701441888 ], [ 72.831742454226799, 18.949747088021766 ], [ 72.826996706265632, 18.949691507305413 ] ] ] } },
{ "type": "Feature", "properties": { "grid_id": "MUM_000280", "locality": "Goregaon West", "centroid_lat": 19.159636, "centroid_lon": 72.821884, "area_sqkm": 0.25 }, "geometry": { "type": "Polygon", "coordinates": [ [ [ 72.82693822082868, 18.954207106499133 ], [ 72.826879718820948, 18.958722703321676 ], [ 72.831625721789166, 18.958778312491582 ], [ 72.831684096275325, 18.954262701441888 ], [ 72.82693822082868, 18.954207106499133 ] ] ] } },
{ "type": "Feature", "properties": { "grid_id": "MUM_000281", "locality": "Goregaon West", "centroid_lat": 19.164152, "centroid_lon": 72.821824, "area_sqkm": 0.25 }, "geometry": { "type": "Polygon", "coordinates": [ [ [ 72.826879718820948, 18.958722703321676 ], [ 72.826821200240374, 18.963238297772563 ], [ 72.831567330766305, 18.963293921170351 ], [ 72.831625721789166, 18.958778312491582 ], [ 72.826879718820948, 18.958722703321676 ] ] ] } },
{ "type": "Feature", "properties": { "grid_id": "MUM_000282", "locality": "Goregaon West", "centroid_lat": 19.168667, "centroid_lon": 72.821765, "area_sqkm": 0.25 }, "geometry": { "type": "Polygon", "coordinates": [ [ [ 72.826821200240374, 18.963238297772563 ], [ 72.826762665084942, 18.967753889851284 ], [ 72.831508923204652, 18.967809527477694 ], [ 72.831567330766305, 18.963293921170351 ], [ 72.826821200240374, 18.963238297772563 ] ] ] } },
{ "type": "Feature", "properties": { "grid_id": "MUM_000283", "locality": "Malad West", "centroid_lat": 19.173183, "centroid_lon": 72.821706, "area_sqkm": 0.25 }, "geometry": { "type": "Polygon", "coordinates": [ [ [ 72.826762665084942, 18.967753889851284 ], [ 72.826704113352591, 18.972269479557355 ], [ 72.831450499102189, 18.972325131413118 ], [ 72.831508923204652, 18.967809527477694 ], [ 72.826762665084942, 18.967753889851284 ] ] ] } },
{ "type": "Feature", "properties": { "grid_id": "MUM_000284", "locality": "Malad West", "centroid_lat": 19.177698, "centroid_lon": 72.821646, "area_sqkm": 0.25 }, "geometry": { "type": "Polygon", "coordinates": [ [ [ 72.826704113352591, 18.972269479557355 ], [ 72.826645545041231, 18.976785066890262 ], [ 72.831392058456871, 18.976840732976132 ], [ 72.831450499102189, 18.972325131413118 ], [ 72.826704113352591, 18.972269479557355 ] ] ] } },
{ "type": "Feature", "properties": { "grid_id": "MUM_000285", "locality": "Malad West", "centroid_lat": 19.182148, "centroid_lon": 72.821712, "area_sqkm": 0.25 }, "geometry": { "type": "Polygon", "coordinates": [ [ [ 72.826645545041231, 18.976785066890262 ], [ 72.82658696014883, 18.981300651849512 ], [ 72.831333601266621, 18.981356332166229 ], [ 72.831392058456871, 18.976840732976132 ], [ 72.826645545041231, 18.976785066890262 ] ] ] } },
{ "type": "Feature", "properties": { "grid_id": "MUM_000286", "locality": "Malad West", "centroid_lat": 19.186634, "centroid_lon": 72.822114, "area_sqkm": 0.25 }, "geometry": { "type": "Polygon", "coordinates": [ [ [ 72.82658696014883, 18.981300651849512 ], [ 72.826528358673357, 18.985816234434626 ], [ 72.831275127529437, 18.98587192898292 ], [ 72.831333601266621, 18.981356332166229 ], [ 72.82658696014883, 18.981300651849512 ] ] ] } },
{ "type": "Feature", "properties": { "grid_id": "MUM_000287", "locality": "Malad West", "centroid_lat": 19.191117, "centroid_lon": 72.822533, "area_sqkm": 0.25 }, "geometry": { "type": "Polygon", "coordinates": [ [ [ 72.826528358673357, 18.985816234434626 ], [ 72.826469740612723, 18.990331814645092 ], [ 72.831216637243216, 18.990387523425699 ], [ 72.831275127529437, 18.98587192898292 ], [ 72.826528358673357, 18.985816234434626 ] ] ] } },
{ "type": "Feature", "properties": { "grid_id": "MUM_000288", "locality": "Malad West", "centroid_lat": 19.195556, "centroid_lon": 72.822948, "area_sqkm": 0.25 }, "geometry": { "type": "Polygon", "coordinates": [ [ [ 72.826469740612723, 18.990331814645092 ], [ 72.826411105964894, 18.994847392480409 ], [ 72.831158130405925, 18.994903115494083 ], [ 72.831216637243216, 18.990387523425699 ], [ 72.826469740612723, 18.990331814645092 ] ] ] } },
{ "type": "Feature", "properties": { "grid_id": "MUM_000289", "locality": "Kandivali West", "centroid_lat": 19.199755, "centroid_lon": 72.823341, "area_sqkm": 0.25 }, "geometry": { "type": "Polygon", "coordinates": [ [ [ 72.826411105964894, 18.994847392480409 ], [ 72.826352454727811, 18.999362967940083 ], [ 72.831099607015517, 18.999418705187569 ], [ 72.831158130405925, 18.994903115494083 ], [ 72.826411105964894, 18.994847392480409 ] ] ] } },
{ "type": "Feature", "properties": { "grid_id": "MUM_000290", "locality": "Mumbai Central", "centroid_lat": null, "centroid_lon": null, "area_sqkm": 0.25 }, "geometry": { "type": "Polygon", "coordinates": [ [ [ 72.826352454727811, 18.999362967940083 ], [ 72.826293786899399, 19.003878541023628 ], [ 72.831041067069947, 19.003934292505651 ], [ 72.831099607015517, 18.999418705187569 ], [ 72.826352454727811, 18.999362967940083 ] ] ] } },
{ "type": "Feature", "properties": { "grid_id": "MUM_000291", "locality": "Mumbai Central", "centroid_lat": null, "centroid_lon": null, "area_sqkm": 0.25 }, "geometry": { "type": "Polygon", "coordinates": [ [ [ 72.826293786899399, 19.003878541023628 ], [ 72.826235102477611, 19.008394111730535 ], [ 72.830982510567154, 19.008449877447845 ], [ 72.831041067069947, 19.003934292505651 ], [ 72.826293786899399, 19.003878541023628 ] ] ] } },
{ "type": "Feature", "properties": { "grid_id": "MUM_000292", "locality": "Colaba / Fort", "centroid_lat": 18.929746, "centroid_lon": 72.828567, "area_sqkm": 0.25 }, "geometry": { "type": "Polygon", "coordinates": [ [ [ 72.826235102477611, 19.008394111730535 ], [ 72.826176401460387, 19.012909680060314 ], [ 72.830923937505077, 19.012965460013653 ], [ 72.830982510567154, 19.008449877447845 ], [ 72.826235102477611, 19.008394111730535 ] ] ] } },
{ "type": "Feature", "properties": { "grid_id": "MUM_000293", "locality": "Marine Lines / Kalbadevi", "centroid_lat": 18.934008, "centroid_lon": 72.829448, "area_sqkm": 0.25 }, "geometry": { "type": "Polygon", "coordinates": [ [ [ 72.826176401460387, 19.012909680060314 ], [ 72.826117683845695, 19.017425246012476 ], [ 72.830865347881669, 19.017481040202583 ], [ 72.830923937505077, 19.012965460013653 ], [ 72.826176401460387, 19.012909680060314 ] ] ] } },
{ "type": "Feature", "properties": { "grid_id": "MUM_000294", "locality": "Marine Lines / Kalbadevi", "centroid_lat": 18.93843, "centroid_lon": 72.829516, "area_sqkm": 0.25 }, "geometry": { "type": "Polygon", "coordinates": [ [ [ 72.826117683845695, 19.017425246012476 ], [ 72.826058949631431, 19.0219408095865 ], [ 72.830806741694857, 19.021996618014121 ], [ 72.830865347881669, 19.017481040202583 ], [ 72.826117683845695, 19.017425246012476 ] ] ] } },
{ "type": "Feature", "properties": { "grid_id": "MUM_000295", "locality": "Marine Lines / Kalbadevi", "centroid_lat": 18.942946, "centroid_lon": 72.829457, "area_sqkm": 0.25 }, "geometry": { "type": "Polygon", "coordinates": [ [ [ 72.826058949631431, 19.0219408095865 ], [ 72.826000198815549, 19.026456370781915 ], [ 72.830748118942623, 19.026512193447786 ], [ 72.830806741694857, 19.021996618014121 ], [ 72.826058949631431, 19.0219408095865 ] ] ] } },
{ "type": "Feature", "properties": { "grid_id": "MUM_000296", "locality": "Marine Lines / Kalbadevi", "centroid_lat": 18.947462, "centroid_lon": 72.829399, "area_sqkm": 0.25 }, "geometry": { "type": "Polygon", "coordinates": [ [ [ 72.826000198815549, 19.026456370781915 ], [ 72.825941431396018, 19.030971929598206 ], [ 72.830689479622876, 19.03102776650308 ], [ 72.830748118942623, 19.026512193447786 ], [ 72.826000198815549, 19.026456370781915 ] ] ] } },
{ "type": "Feature", "properties": { "grid_id": "MUM_000297", "locality": "Marine Lines / Kalbadevi", "centroid_lat": 18.951977, "centroid_lon": 72.82934, "area_sqkm": 0.25 }, "geometry": { "type": "Polygon", "coordinates": [ [ [ 72.825941431396018, 19.030971929598206 ], [ 72.825882647370719, 19.035487486034892 ], [ 72.830630823733571, 19.035543337179501 ], [ 72.830689479622876, 19.03102776650308 ], [ 72.825941431396018, 19.030971929598206 ] ] ] } },
{ "type": "Feature", "properties": { "grid_id": "MUM_000298", "locality": "Marine Lines / Kalbadevi", "centroid_lat": 18.956493, "centroid_lon": 72.829282, "area_sqkm": 0.25 }, "geometry": { "type": "Polygon", "coordinates": [ [ [ 72.825882647370719, 19.035487486034892 ], [ 72.825823846737649, 19.04000304009147 ], [ 72.830572151272648, 19.04005890547656 ], [ 72.830630823733571, 19.035543337179501 ], [ 72.825882647370719, 19.035487486034892 ] ] ] } },
{ "type": "Feature", "properties": { "grid_id": "MUM_000299", "locality": "Marine Lines / Kalbadevi", "centroid_lat": 18.961008, "centroid_lon": 72.829223, "area_sqkm": 0.25 }, "geometry": { "type": "Polygon", "coordinates": [ [ [ 72.825823846737649, 19.04000304009147 ], [ 72.82576502949469, 19.044518591767442 ], [ 72.830513462238045, 19.044574471393755 ], [ 72.830572151272648, 19.04005890547656 ], [ 72.825823846737649, 19.04000304009147 ] ] ] } },
{ "type": "Feature", "properties": { "grid_id": "MUM_000300", "locality": "Marine Lines / Kalbadevi", "centroid_lat": 18.965524, "centroid_lon": 72.829165, "area_sqkm": 0.25 }, "geometry": { "type": "Polygon", "coordinates": [ [ [ 72.82576502949469, 19.044518591767442 ], [ 72.82570619563981, 19.049034141062307 ], [ 72.830454756627702, 19.049090034930593 ], [ 72.830513462238045, 19.044574471393755 ], [ 72.82576502949469, 19.044518591767442 ] ] ] } },
{ "type": "Feature", "properties": { "grid_id": "MUM_000301", "locality": "Marine Lines / Kalbadevi", "centroid_lat": 18.97004, "centroid_lon": 72.829107, "area_sqkm": 0.25 }, "geometry": { "type": "Polygon", "coordinates": [ [ [ 72.82570619563981, 19.049034141062307 ], [ 72.82564734517095, 19.053549687975586 ], [ 72.830396034439573, 19.053605596086584 ], [ 72.830454756627702, 19.049090034930593 ], [ 72.82570619563981, 19.049034141062307 ] ] ] } },
{ "type": "Feature", "properties": { "grid_id": "MUM_000302", "locality": "Marine Lines / Kalbadevi", "centroid_lat": 18.974555, "centroid_lon": 72.829048, "area_sqkm": 0.25 }, "geometry": { "type": "Polygon", "coordinates": [ [ [ 72.82564734517095, 19.053549687975586 ], [ 72.825588478086033, 19.058065232506774 ], [ 72.830337295671569, 19.058121154861226 ], [ 72.830396034439573, 19.053605596086584 ], [ 72.82564734517095, 19.053549687975586 ] ] ] } },
{ "type": "Feature", "properties": { "grid_id": "MUM_000303", "locality": "Worli / Prabhadevi", "centroid_lat": 18.979071, "centroid_lon": 72.82899, "area_sqkm": 0.25 }, "geometry": { "type": "Polygon", "coordinates": [ [ [ 72.825588478086033, 19.058065232506774 ], [ 72.825529594382985, 19.062580774655359 ], [ 72.830278540321657, 19.062636711254012 ], [ 72.830337295671569, 19.058121154861226 ], [ 72.825588478086033, 19.058065232506774 ] ] ] } },
{ "type": "Feature", "properties": { "grid_id": "MUM_000304", "locality": "Worli / Prabhadevi", "centroid_lat": 18.983586, "centroid_lon": 72.828931, "area_sqkm": 0.25 }, "geometry": { "type": "Polygon", "coordinates": [ [ [ 72.825529594382985, 19.062580774655359 ], [ 72.825470694059732, 19.067096314420859 ], [ 72.830219768387749, 19.067152265264461 ], [ 72.830278540321657, 19.062636711254012 ], [ 72.825529594382985, 19.062580774655359 ] ] ] } },
{ "type": "Feature", "properties": { "grid_id": "MUM_000305", "locality": "Worli / Prabhadevi", "centroid_lat": 18.988102, "centroid_lon": 72.828872, "area_sqkm": 0.25 }, "geometry": { "type": "Polygon", "coordinates": [ [ [ 72.825470694059732, 19.067096314420859 ], [ 72.82541177711424, 19.071611851802789 ], [ 72.830160979867799, 19.071667816892077 ], [ 72.830219768387749, 19.067152265264461 ], [ 72.825470694059732, 19.067096314420859 ] ] ] } },
{ "type": "Feature", "properties": { "grid_id": "MUM_000306", "locality": "Worli / Prabhadevi", "centroid_lat": 18.992617, "centroid_lon": 72.828814, "area_sqkm": 0.25 }, "geometry": { "type": "Polygon", "coordinates": [ [ [ 72.82541177711424, 19.071611851802789 ], [ 72.825352843544408, 19.076127386800636 ], [ 72.830102174759745, 19.076183366136359 ], [ 72.830160979867799, 19.071667816892077 ], [ 72.82541177711424, 19.071611851802789 ] ] ] } },
{ "type": "Feature", "properties": { "grid_id": "MUM_000307", "locality": "Worli / Prabhadevi", "centroid_lat": 18.997133, "centroid_lon": 72.828755, "area_sqkm": 0.25 }, "geometry": { "type": "Polygon", "coordinates": [ [ [ 72.825352843544408, 19.076127386800636 ], [ 72.825293893348174, 19.080642919413911 ], [ 72.830043353061512, 19.080698912996809 ], [ 72.830102174759745, 19.076183366136359 ], [ 72.825352843544408, 19.076127386800636 ] ] ] } },
{ "type": "Feature", "properties": { "grid_id": "MUM_000308", "locality": "Worli / Prabhadevi", "centroid_lat": 19.001649, "centroid_lon": 72.828697, "area_sqkm": 0.25 }, "geometry": { "type": "Polygon", "coordinates": [ [ [ 72.825293893348174, 19.080642919413911 ], [ 72.825234926523478, 19.085158449642112 ], [ 72.829984514771027, 19.085214457472937 ], [ 72.830043353061512, 19.080698912996809 ], [ 72.825293893348174, 19.080642919413911 ] ] ] } },
{ "type": "Feature", "properties": { "grid_id": "MUM_000309", "locality": "Worli / Prabhadevi", "centroid_lat": 19.006164, "centroid_lon": 72.828638, "area_sqkm": 0.25 }, "geometry": { "type": "Polygon", "coordinates": [ [ [ 72.825234926523478, 19.085158449642112 ], [ 72.825175943068231, 19.08967397748475 ], [ 72.829925659886243, 19.089729999564252 ], [ 72.829984514771027, 19.085214457472937 ], [ 72.825234926523478, 19.085158449642112 ] ] ] } },
{ "type": "Feature", "properties": { "grid_id": "MUM_000310", "locality": "Worli / Prabhadevi", "centroid_lat": 19.01068, "centroid_lon": 72.828579, "area_sqkm": 0.25 }, "geometry": { "type": "Polygon", "coordinates": [ [ [ 72.825175943068231, 19.08967397748475 ], [ 72.825116942980387, 19.094189502941333 ], [ 72.829866788405084, 19.094245539270243 ], [ 72.829925659886243, 19.089729999564252 ], [ 72.825175943068231, 19.08967397748475 ] ] ] } },
{ "type": "Feature", "properties": { "grid_id": "MUM_000311", "locality": "Worli / Prabhadevi", "centroid_lat": 19.015195, "centroid_lon": 72.828521, "area_sqkm": 0.25 }, "geometry": { "type": "Polygon", "coordinates": [ [ [ 72.825116942980387, 19.094189502941333 ], [ 72.825057926257855, 19.098705026011356 ], [ 72.829807900325477, 19.098761076590428 ], [ 72.829866788405084, 19.094245539270243 ], [ 72.825116942980387, 19.094189502941333 ] ] ] } },
{ "type": "Feature", "properties": { "grid_id": "MUM_000312", "locality": "Worli / Prabhadevi", "centroid_lat": 19.019711, "centroid_lon": 72.828462, "area_sqkm": 0.25 }, "geometry": { "type": "Polygon", "coordinates": [ [ [ 72.825057926257855, 19.098705026011356 ], [ 72.824998892898577, 19.10322054669432 ], [ 72.82974899564536, 19.103276611524308 ], [ 72.829807900325477, 19.098761076590428 ], [ 72.825057926257855, 19.098705026011356 ] ] ] } },
{ "type": "Feature", "properties": { "grid_id": "MUM_000313", "locality": "Worli / Prabhadevi", "centroid_lat": 19.024227, "centroid_lon": 72.828404, "area_sqkm": 0.25 }, "geometry": { "type": "Polygon", "coordinates": [ [ [ 72.824998892898577, 19.10322054669432 ], [ 72.824939842900463, 19.107736064989741 ], [ 72.829690074362674, 19.107792144071386 ], [ 72.82974899564536, 19.103276611524308 ], [ 72.824998892898577, 19.10322054669432 ] ] ] } },
{ "type": "Feature", "properties": { "grid_id": "MUM_000314", "locality": "Worli / Prabhadevi", "centroid_lat": 19.028742, "centroid_lon": 72.828345, "area_sqkm": 0.25 }, "geometry": { "type": "Polygon", "coordinates": [ [ [ 72.824939842900463, 19.107736064989741 ], [ 72.824880776261452, 19.112251580897123 ], [ 72.829631136475328, 19.112307674231165 ], [ 72.829690074362674, 19.107792144071386 ], [ 72.824939842900463, 19.107736064989741 ] ] ] } },
{ "type": "Feature", "properties": { "grid_id": "MUM_000315", "locality": "Dharavi / Mahim", "centroid_lat": 19.033258, "centroid_lon": 72.828286, "area_sqkm": 0.25 }, "geometry": { "type": "Polygon", "coordinates": [ [ [ 72.824880776261452, 19.112251580897123 ], [ 72.824821692979455, 19.116767094415966 ], [ 72.829572181981263, 19.11682320200315 ], [ 72.829631136475328, 19.112307674231165 ], [ 72.824880776261452, 19.112251580897123 ] ] ] } },
{ "type": "Feature", "properties": { "grid_id": "MUM_000316", "locality": "Bandra West", "centroid_lat": 19.037773, "centroid_lon": 72.828227, "area_sqkm": 0.25 }, "geometry": { "type": "Polygon", "coordinates": [ [ [ 72.824821692979455, 19.116767094415966 ], [ 72.824762593052412, 19.121282605545769 ], [ 72.829513210878417, 19.121338727386856 ], [ 72.829572181981263, 19.11682320200315 ], [ 72.824821692979455, 19.116767094415966 ] ] ] } },
{ "type": "Feature", "properties": { "grid_id": "MUM_000317", "locality": "Bandra West", "centroid_lat": 19.042289, "centroid_lon": 72.828169, "area_sqkm": 0.25 }, "geometry": { "type": "Polygon", "coordinates": [ [ [ 72.824762593052412, 19.121282605545769 ], [ 72.824703476478234, 19.125798114286042 ], [ 72.829454223164689, 19.125854250381774 ], [ 72.829513210878417, 19.121338727386856 ], [ 72.824762593052412, 19.121282605545769 ] ] ] } },
{ "type": "Feature", "properties": { "grid_id": "MUM_000318", "locality": "Bandra West", "centroid_lat": 19.046804, "centroid_lon": 72.82811, "area_sqkm": 0.25 }, "geometry": { "type": "Polygon", "coordinates": [ [ [ 72.824703476478234, 19.125798114286042 ], [ 72.82464434325486, 19.13031362063629 ], [ 72.829395218838044, 19.130369770987414 ], [ 72.829454223164689, 19.125854250381774 ], [ 72.824703476478234, 19.125798114286042 ] ] ] } },
{ "type": "Feature", "properties": { "grid_id": "MUM_000319", "locality": "Bandra West", "centroid_lat": 19.05132, "centroid_lon": 72.828051, "area_sqkm": 0.25 }, "geometry": { "type": "Polygon", "coordinates": [ [ [ 72.82464434325486, 19.13031362063629 ], [ 72.824585193380173, 19.134829124596028 ], [ 72.829336197896367, 19.134885289203282 ], [ 72.829395218838044, 19.130369770987414 ], [ 72.82464434325486, 19.13031362063629 ] ] ] } },
{ "type": "Feature", "properties": { "grid_id": "MUM_000320", "locality": "Bandra West", "centroid_lat": 19.055835, "centroid_lon": 72.827992, "area_sqkm": 0.25 }, "geometry": { "type": "Polygon", "coordinates": [ [ [ 72.824585193380173, 19.134829124596028 ], [ 72.824526026852141, 19.139344626164736 ], [ 72.829277160337611, 19.139400805028878 ], [ 72.829336197896367, 19.134885289203282 ], [ 72.824585193380173, 19.134829124596028 ] ] ] } },
{ "type": "Feature", "properties": { "grid_id": "MUM_000321", "locality": "Bandra West", "centroid_lat": 19.060351, "centroid_lon": 72.827933, "area_sqkm": 0.25 }, "geometry": { "type": "Polygon", "coordinates": [ [ [ 72.824526026852141, 19.139344626164736 ], [ 72.824466843668674, 19.143860125341938 ], [ 72.829218106159715, 19.143916318463717 ], [ 72.829277160337611, 19.139400805028878 ], [ 72.824526026852141, 19.139344626164736 ] ] ] } },
{ "type": "Feature", "properties": { "grid_id": "MUM_000322", "locality": "Bandra West", "centroid_lat": 19.064867, "centroid_lon": 72.827875, "area_sqkm": 0.25 }, "geometry": { "type": "Polygon", "coordinates": [ [ [ 72.824466843668674, 19.143860125341938 ], [ 72.824407643827669, 19.148375622127134 ], [ 72.829159035360576, 19.148431829507295 ], [ 72.829218106159715, 19.143916318463717 ], [ 72.824466843668674, 19.143860125341938 ] ] ] } },
{ "type": "Feature", "properties": { "grid_id": "MUM_000323", "locality": "Bandra West", "centroid_lat": 19.069382, "centroid_lon": 72.827816, "area_sqkm": 0.25 }, "geometry": { "type": "Polygon", "coordinates": [ [ [ 72.824407643827669, 19.148375622127134 ], [ 72.824348427327067, 19.152891116519825 ], [ 72.829099947938118, 19.152947338159127 ], [ 72.829159035360576, 19.148431829507295 ], [ 72.824407643827669, 19.148375622127134 ] ] ] } },
{ "type": "Feature", "properties": { "grid_id": "MUM_000324", "locality": "Santacruz / Milan Subway", "centroid_lat": 19.073898, "centroid_lon": 72.827757, "area_sqkm": 0.25 }, "geometry": { "type": "Polygon", "coordinates": [ [ [ 72.824348427327067, 19.152891116519825 ], [ 72.824289194164777, 19.157406608519523 ], [ 72.829040843890283, 19.157462844418699 ], [ 72.829099947938118, 19.152947338159127 ], [ 72.824348427327067, 19.152891116519825 ] ] ] } },
{ "type": "Feature", "properties": { "grid_id": "MUM_000325", "locality": "Santacruz / Milan Subway", "centroid_lat": 19.078413, "centroid_lon": 72.827698, "area_sqkm": 0.25 }, "geometry": { "type": "Polygon", "coordinates": [ [ [ 72.824289194164777, 19.157406608519523 ], [ 72.824229944338711, 19.161922098125721 ], [ 72.828981723214966, 19.161978348285533 ], [ 72.829040843890283, 19.157462844418699 ], [ 72.824289194164777, 19.157406608519523 ] ] ] } },
{ "type": "Feature", "properties": { "grid_id": "MUM_000326", "locality": "Santacruz / Milan Subway", "centroid_lat": 19.082929, "centroid_lon": 72.827639, "area_sqkm": 0.25 }, "geometry": { "type": "Polygon", "coordinates": [ [ [ 72.824229944338711, 19.161922098125721 ], [ 72.824170677846794, 19.166437585337945 ], [ 72.828922585910135, 19.166493849759132 ], [ 72.828981723214966, 19.161978348285533 ], [ 72.824229944338711, 19.161922098125721 ] ] ] } },
{ "type": "Feature", "properties": { "grid_id": "MUM_000327", "locality": "Santacruz / Milan Subway", "centroid_lat": 19.087444, "centroid_lon": 72.82758, "area_sqkm": 0.25 }, "geometry": { "type": "Polygon", "coordinates": [ [ [ 72.824170677846794, 19.166437585337945 ], [ 72.824111394686952, 19.170953070155676 ], [ 72.828863431973659, 19.171009348839 ], [ 72.828922585910135, 19.166493849759132 ], [ 72.824170677846794, 19.166437585337945 ] ] ] } },
{ "type": "Feature", "properties": { "grid_id": "MUM_000328", "locality": "Santacruz / Milan Subway", "centroid_lat": 19.09196, "centroid_lon": 72.827521, "area_sqkm": 0.25 }, "geometry": { "type": "Polygon", "coordinates": [ [ [ 72.824111394686952, 19.170953070155676 ], [ 72.82405209485708, 19.175468552578433 ], [ 72.828804261403477, 19.175524845524642 ], [ 72.828863431973659, 19.171009348839 ], [ 72.824111394686952, 19.170953070155676 ] ] ] } },
{ "type": "Feature", "properties": { "grid_id": "MUM_000329", "locality": "Santacruz / Milan Subway", "centroid_lat": 19.096475, "centroid_lon": 72.827462, "area_sqkm": 0.25 }, "geometry": { "type": "Polygon", "coordinates": [ [ [ 72.82405209485708, 19.175468552578433 ], [ 72.82399277835512, 19.179984032605724 ], [ 72.828745074197514, 19.180040339815552 ], [ 72.828804261403477, 19.175524845524642 ], [ 72.82405209485708, 19.175468552578433 ] ] ] } },
{ "type": "Feature", "properties": { "grid_id": "MUM_000330", "locality": "Santacruz / Milan Subway", "centroid_lat": 19.100991, "centroid_lon": 72.827403, "area_sqkm": 0.25 }, "geometry": { "type": "Polygon", "coordinates": [ [ [ 72.82399277835512, 19.179984032605724 ], [ 72.823933445178966, 19.184499510237046 ], [ 72.828685870353709, 19.184555831711251 ], [ 72.828745074197514, 19.180040339815552 ], [ 72.82399277835512, 19.179984032605724 ] ] ] } },
{ "type": "Feature", "properties": { "grid_id": "MUM_000331", "locality": "Andheri Subway / West", "centroid_lat": 19.105506, "centroid_lon": 72.827344, "area_sqkm": 0.25 }, "geometry": { "type": "Polygon", "coordinates": [ [ [ 72.823933445178966, 19.184499510237046 ], [ 72.823874095326531, 19.189014985471896 ], [ 72.828626649869932, 19.189071321211244 ], [ 72.828685870353709, 19.184555831711251 ], [ 72.823933445178966, 19.184499510237046 ] ] ] } },
{ "type": "Feature", "properties": { "grid_id": "MUM_000332", "locality": "Andheri Subway / West", "centroid_lat": 19.110022, "centroid_lon": 72.827285, "area_sqkm": 0.25 }, "geometry": { "type": "Polygon", "coordinates": [ [ [ 72.823874095326531, 19.189014985471896 ], [ 72.823814728795725, 19.193530458309802 ], [ 72.828567412744135, 19.193586808315018 ], [ 72.828626649869932, 19.189071321211244 ], [ 72.823874095326531, 19.189014985471896 ] ] ] } },
{ "type": "Feature", "properties": { "grid_id": "MUM_000333", "locality": "Andheri Subway / West", "centroid_lat": 19.114537, "centroid_lon": 72.827226, "area_sqkm": 0.25 }, "geometry": { "type": "Polygon", "coordinates": [ [ [ 72.823814728795725, 19.193530458309802 ], [ 72.823755345584473, 19.198045928750254 ], [ 72.82850815897423, 19.19810229302211 ], [ 72.828567412744135, 19.193586808315018 ], [ 72.823814728795725, 19.193530458309802 ] ] ] } },
{ "type": "Feature", "properties": { "grid_id": "MUM_000334", "locality": "Andheri Subway / West", "centroid_lat": 19.119053, "centroid_lon": 72.827167, "area_sqkm": 0.25 }, "geometry": { "type": "Polygon", "coordinates": [ [ [ 72.823755345584473, 19.198045928750254 ], [ 72.823695945690687, 19.202561396792756 ], [ 72.828448888558114, 19.202617775331998 ], [ 72.82850815897423, 19.19810229302211 ], [ 72.823755345584473, 19.198045928750254 ] ] ] } },
{ "type": "Feature", "properties": { "grid_id": "MUM_000335", "locality": "Andheri Subway / West", "centroid_lat": 19.123568, "centroid_lon": 72.827108, "area_sqkm": 0.2334 }, "geometry": { "type": "Polygon", "coordinates": [ [ [ 72.828389601493726, 19.207133255244194 ], [ 72.828448888558114, 19.202617775331998 ], [ 72.823695945690687, 19.202561396792756 ], [ 72.823684593163279, 19.203424249935853 ], [ 72.824417102982096, 19.207086132012254 ], [ 72.828389601493726, 19.207133255244194 ] ] ] } },
{ "type": "Feature", "properties": { "grid_id": "MUM_000336", "locality": "Andheri Subway / West", "centroid_lat": 19.128084, "centroid_lon": 72.827049, "area_sqkm": 0.1805 }, "geometry": { "type": "Polygon", "coordinates": [ [ [ 72.828330297778976, 19.211648732758217 ], [ 72.828389601493726, 19.207133255244194 ], [ 72.824417102982096, 19.207086132012254 ], [ 72.825, 19.21 ], [ 72.825646584485227, 19.211616899820342 ], [ 72.828330297778976, 19.211648732758217 ] ] ] } },
{ "type": "Feature", "properties": { "grid_id": "MUM_000337", "locality": "Andheri Subway / West", "centroid_lat": 19.132599, "centroid_lon": 72.82699, "area_sqkm": 0.0919 }, "geometry": { "type": "Polygon", "coordinates": [ [ [ 72.828270977411762, 19.216164207873554 ], [ 72.828330297778976, 19.211648732758217 ], [ 72.825646584485227, 19.211616899820342 ], [ 72.82746123675615, 19.216154605086821 ], [ 72.828270977411762, 19.216164207873554 ] ] ] } },
{ "type": "Feature", "properties": { "grid_id": "MUM_000338", "locality": "Andheri Subway / West", "centroid_lat": 19.137115, "centroid_lon": 72.826931, "area_sqkm": 0.1239 }, "geometry": { "type": "Polygon", "coordinates": [ [ [ 72.831917428893618, 18.936200233543804 ], [ 72.831859120533906, 18.940715854072227 ], [ 72.835376736967689, 18.940756954049817 ], [ 72.833105225185648, 18.936214116083871 ], [ 72.831917428893618, 18.936200233543804 ] ] ] } },
{ "type": "Feature", "properties": { "grid_id": "MUM_000339", "locality": "Goregaon West", "centroid_lat": 19.14163, "centroid_lon": 72.826872, "area_sqkm": 0.233 }, "geometry": { "type": "Polygon", "coordinates": [ [ [ 72.831859120533906, 18.940715854072227 ], [ 72.831800795645648, 18.945231472231718 ], [ 72.83654643268801, 18.945286917447778 ], [ 72.83657395982074, 18.943151204243563 ], [ 72.835376736967689, 18.940756954049817 ], [ 72.831859120533906, 18.940715854072227 ] ] ] } },
{ "type": "Feature", "properties": { "grid_id": "MUM_000340", "locality": "Goregaon West", "centroid_lat": 19.146146, "centroid_lon": 72.826813, "area_sqkm": 0.25 }, "geometry": { "type": "Polygon", "coordinates": [ [ [ 72.831800795645648, 18.945231472231718 ], [ 72.831742454226799, 18.949747088021766 ], [ 72.836488218720589, 18.949802547432451 ], [ 72.83654643268801, 18.945286917447778 ], [ 72.831800795645648, 18.945231472231718 ] ] ] } },
{ "type": "Feature", "properties": { "grid_id": "MUM_000341", "locality": "Goregaon West", "centroid_lat": 19.150661, "centroid_lon": 72.826754, "area_sqkm": 0.25 }, "geometry": { "type": "Polygon", "coordinates": [ [ [ 72.831742454226799, 18.949747088021766 ], [ 72.831684096275325, 18.954262701441888 ], [ 72.83642998825664, 18.954318175047938 ], [ 72.836488218720589, 18.949802547432451 ], [ 72.831742454226799, 18.949747088021766 ] ] ] } },
{ "type": "Feature", "properties": { "grid_id": "MUM_000342", "locality": "Goregaon West", "centroid_lat": 19.155177, "centroid_lon": 72.826695, "area_sqkm": 0.25 }, "geometry": { "type": "Polygon", "coordinates": [ [ [ 72.831684096275325, 18.954262701441888 ], [ 72.831625721789166, 18.958778312491582 ], [ 72.836371741294116, 18.958833800293736 ], [ 72.83642998825664, 18.954318175047938 ], [ 72.831684096275325, 18.954262701441888 ] ] ] } },
{ "type": "Feature", "properties": { "grid_id": "MUM_000343", "locality": "Goregaon West", "centroid_lat": 19.159692, "centroid_lon": 72.826635, "area_sqkm": 0.25 }, "geometry": { "type": "Polygon", "coordinates": [ [ [ 72.831625721789166, 18.958778312491582 ], [ 72.831567330766305, 18.963293921170351 ], [ 72.83631347783097, 18.963349423169344 ], [ 72.836371741294116, 18.958833800293736 ], [ 72.831625721789166, 18.958778312491582 ] ] ] } },
{ "type": "Feature", "properties": { "grid_id": "MUM_000344", "locality": "Goregaon West", "centroid_lat": 19.164208, "centroid_lon": 72.826576, "area_sqkm": 0.25 }, "geometry": { "type": "Polygon", "coordinates": [ [ [ 72.831567330766305, 18.963293921170351 ], [ 72.831508923204652, 18.967809527477694 ], [ 72.836255197865171, 18.967865043674259 ], [ 72.83631347783097, 18.963349423169344 ], [ 72.831567330766305, 18.963293921170351 ] ] ] } },
{ "type": "Feature", "properties": { "grid_id": "MUM_000345", "locality": "Goregaon West", "centroid_lat": 19.168723, "centroid_lon": 72.826517, "area_sqkm": 0.25 }, "geometry": { "type": "Polygon", "coordinates": [ [ [ 72.831508923204652, 18.967809527477694 ], [ 72.831450499102189, 18.972325131413118 ], [ 72.836196901394672, 18.972380661808003 ], [ 72.836255197865171, 18.967865043674259 ], [ 72.831508923204652, 18.967809527477694 ] ] ] } },
{ "type": "Feature", "properties": { "grid_id": "MUM_000346", "locality": "Malad West", "centroid_lat": 19.173239, "centroid_lon": 72.826458, "area_sqkm": 0.25 }, "geometry": { "type": "Polygon", "coordinates": [ [ [ 72.831450499102189, 18.972325131413118 ], [ 72.831392058456871, 18.976840732976132 ], [ 72.836138588417413, 18.97689627757007 ], [ 72.836196901394672, 18.972380661808003 ], [ 72.831450499102189, 18.972325131413118 ] ] ] } },
{ "type": "Feature", "properties": { "grid_id": "MUM_000347", "locality": "Malad West", "centroid_lat": 19.177754, "centroid_lon": 72.826399, "area_sqkm": 0.25 }, "geometry": { "type": "Polygon", "coordinates": [ [ [ 72.831392058456871, 18.976840732976132 ], [ 72.831333601266621, 18.981356332166229 ], [ 72.836080258931389, 18.981411890959958 ], [ 72.836138588417413, 18.97689627757007 ], [ 72.831392058456871, 18.976840732976132 ] ] ] } },
{ "type": "Feature", "properties": { "grid_id": "MUM_000348", "locality": "Malad West", "centroid_lat": 19.18227, "centroid_lon": 72.826339, "area_sqkm": 0.25 }, "geometry": { "type": "Polygon", "coordinates": [ [ [ 72.831333601266621, 18.981356332166229 ], [ 72.831275127529437, 18.98587192898292 ], [ 72.836021912934513, 18.98592750197718 ], [ 72.836080258931389, 18.981411890959958 ], [ 72.831333601266621, 18.981356332166229 ] ] ] } },
{ "type": "Feature", "properties": { "grid_id": "MUM_000349", "locality": "Malad West", "centroid_lat": 19.186785, "centroid_lon": 72.82628, "area_sqkm": 0.25 }, "geometry": { "type": "Polygon", "coordinates": [ [ [ 72.831275127529437, 18.98587192898292 ], [ 72.831216637243216, 18.990387523425699 ], [ 72.835963550424765, 18.990443110621225 ], [ 72.836021912934513, 18.98592750197718 ], [ 72.831275127529437, 18.98587192898292 ] ] ] } },
{ "type": "Feature", "properties": { "grid_id": "MUM_000350", "locality": "Malad West", "centroid_lat": 19.191301, "centroid_lon": 72.826221, "area_sqkm": 0.25 }, "geometry": { "type": "Polygon", "coordinates": [ [ [ 72.831216637243216, 18.990387523425699 ], [ 72.831158130405925, 18.994903115494083 ], [ 72.835905171400071, 18.99495871689162 ], [ 72.835963550424765, 18.990443110621225 ], [ 72.831216637243216, 18.990387523425699 ] ] ] } },
{ "type": "Feature", "properties": { "grid_id": "MUM_000351", "locality": "Malad West", "centroid_lat": 19.195816, "centroid_lon": 72.826161, "area_sqkm": 0.25 }, "geometry": { "type": "Polygon", "coordinates": [ [ [ 72.831158130405925, 18.994903115494083 ], [ 72.831099607015517, 18.999418705187569 ], [ 72.835846775858414, 18.999474320787851 ], [ 72.835905171400071, 18.99495871689162 ], [ 72.831158130405925, 18.994903115494083 ] ] ] } },
{ "type": "Feature", "properties": { "grid_id": "MUM_000352", "locality": "Kandivali West", "centroid_lat": 19.200332, "centroid_lon": 72.826102, "area_sqkm": 0.25 }, "geometry": { "type": "Polygon", "coordinates": [ [ [ 72.831099607015517, 18.999418705187569 ], [ 72.831041067069947, 19.003934292505651 ], [ 72.835788363797718, 19.003989922309426 ], [ 72.835846775858414, 18.999474320787851 ], [ 72.831099607015517, 18.999418705187569 ] ] ] } },
{ "type": "Feature", "properties": { "grid_id": "MUM_000353", "locality": "Kandivali West", "centroid_lat": 19.204775, "centroid_lon": 72.826194, "area_sqkm": 0.25 }, "geometry": { "type": "Polygon", "coordinates": [ [ [ 72.831041067069947, 19.003934292505651 ], [ 72.830982510567154, 19.008449877447845 ], [ 72.835729935215966, 19.008505521455845 ], [ 72.835788363797718, 19.003989922309426 ], [ 72.831041067069947, 19.003934292505651 ] ] ] } },
{ "type": "Feature", "properties": { "grid_id": "MUM_000354", "locality": "Kandivali West", "centroid_lat": 19.209236, "centroid_lon": 72.826627, "area_sqkm": 0.25 }, "geometry": { "type": "Polygon", "coordinates": [ [ [ 72.830982510567154, 19.008449877447845 ], [ 72.830923937505077, 19.012965460013653 ], [ 72.835671490111082, 19.013021118226618 ], [ 72.835729935215966, 19.008505521455845 ], [ 72.830982510567154, 19.008449877447845 ] ] ] } },
{ "type": "Feature", "properties": { "grid_id": "MUM_000355", "locality": "Kandivali West", "centroid_lat": 19.213491, "centroid_lon": 72.827349, "area_sqkm": 0.25 }, "geometry": { "type": "Polygon", "coordinates": [ [ [ 72.830923937505077, 19.012965460013653 ], [ 72.830865347881669, 19.017481040202583 ], [ 72.835613028481021, 19.017536712621251 ], [ 72.835671490111082, 19.013021118226618 ], [ 72.830923937505077, 19.012965460013653 ] ] ] } },
{ "type": "Feature", "properties": { "grid_id": "MUM_000356", "locality": "Mumbai Central", "centroid_lat": null, "centroid_lon": null, "area_sqkm": 0.25 }, "geometry": { "type": "Polygon", "coordinates": [ [ [ 72.830865347881669, 19.017481040202583 ], [ 72.830806741694857, 19.021996618014121 ], [ 72.835554550323749, 19.022052304639239 ], [ 72.835613028481021, 19.017536712621251 ], [ 72.830865347881669, 19.017481040202583 ] ] ] } },
{ "type": "Feature", "properties": { "grid_id": "MUM_000357", "locality": "Mumbai Central", "centroid_lat": null, "centroid_lon": null, "area_sqkm": 0.25 }, "geometry": { "type": "Polygon", "coordinates": [ [ [ 72.830806741694857, 19.021996618014121 ], [ 72.830748118942623, 19.026512193447786 ], [ 72.835496055637194, 19.026567894280092 ], [ 72.835554550323749, 19.022052304639239 ], [ 72.830806741694857, 19.021996618014121 ] ] ] } },
{ "type": "Feature", "properties": { "grid_id": "MUM_000358", "locality": "Marine Lines / Kalbadevi", "centroid_lat": 18.938846, "centroid_lon": 72.833156, "area_sqkm": 0.25 }, "geometry": { "type": "Polygon", "coordinates": [ [ [ 72.830748118942623, 19.026512193447786 ], [ 72.830689479622876, 19.03102776650308 ], [ 72.835437544419293, 19.031083481543316 ], [ 72.835496055637194, 19.026567894280092 ], [ 72.830748118942623, 19.026512193447786 ] ] ] } },
{ "type": "Feature", "properties": { "grid_id": "MUM_000359", "locality": "Marine Lines / Kalbadevi", "centroid_lat": 18.943107, "centroid_lon": 72.834058, "area_sqkm": 0.25 }, "geometry": { "type": "Polygon", "coordinates": [ [ [ 72.830689479622876, 19.03102776650308 ], [ 72.830630823733571, 19.035543337179501 ], [ 72.835379016668028, 19.035599066428407 ], [ 72.835437544419293, 19.031083481543316 ], [ 72.830689479622876, 19.03102776650308 ] ] ] } },
{ "type": "Feature", "properties": { "grid_id": "MUM_000360", "locality": "Marine Lines / Kalbadevi", "centroid_lat": 18.947517, "centroid_lon": 72.834144, "area_sqkm": 0.25 }, "geometry": { "type": "Polygon", "coordinates": [ [ [ 72.830630823733571, 19.035543337179501 ], [ 72.830572151272648, 19.04005890547656 ], [ 72.835320472381312, 19.040114648934878 ], [ 72.835379016668028, 19.035599066428407 ], [ 72.830630823733571, 19.035543337179501 ] ] ] } },
{ "type": "Feature", "properties": { "grid_id": "MUM_000361", "locality": "Marine Lines / Kalbadevi", "centroid_lat": 18.952033, "centroid_lon": 72.834086, "area_sqkm": 0.25 }, "geometry": { "type": "Polygon", "coordinates": [ [ [ 72.830572151272648, 19.04005890547656 ], [ 72.830513462238045, 19.044574471393755 ], [ 72.835261911557126, 19.044630229062228 ], [ 72.835320472381312, 19.040114648934878 ], [ 72.830572151272648, 19.04005890547656 ] ] ] } },
{ "type": "Feature", "properties": { "grid_id": "MUM_000362", "locality": "Marine Lines / Kalbadevi", "centroid_lat": 18.956548, "centroid_lon": 72.834028, "area_sqkm": 0.25 }, "geometry": { "type": "Polygon", "coordinates": [ [ [ 72.830513462238045, 19.044574471393755 ], [ 72.830454756627702, 19.049090034930593 ], [ 72.83520333419338, 19.04914580680996 ], [ 72.835261911557126, 19.044630229062228 ], [ 72.830513462238045, 19.044574471393755 ] ] ] } },
{ "type": "Feature", "properties": { "grid_id": "MUM_000363", "locality": "Marine Lines / Kalbadevi", "centroid_lat": 18.961064, "centroid_lon": 72.83397, "area_sqkm": 0.25 }, "geometry": { "type": "Polygon", "coordinates": [ [ [ 72.830454756627702, 19.049090034930593 ], [ 72.830396034439573, 19.053605596086584 ], [ 72.835144740288044, 19.053661382177584 ], [ 72.83520333419338, 19.04914580680996 ], [ 72.830454756627702, 19.049090034930593 ] ] ] } },
{ "type": "Feature", "properties": { "grid_id": "MUM_000364", "locality": "Marine Lines / Kalbadevi", "centroid_lat": 18.965579, "centroid_lon": 72.833911, "area_sqkm": 0.25 }, "geometry": { "type": "Polygon", "coordinates": [ [ [ 72.830396034439573, 19.053605596086584 ], [ 72.830337295671569, 19.058121154861226 ], [ 72.835086129839027, 19.058176955164601 ], [ 72.835144740288044, 19.053661382177584 ], [ 72.830396034439573, 19.053605596086584 ] ] ] } },
{ "type": "Feature", "properties": { "grid_id": "MUM_000365", "locality": "Marine Lines / Kalbadevi", "centroid_lat": 18.970095, "centroid_lon": 72.833853, "area_sqkm": 0.25 }, "geometry": { "type": "Polygon", "coordinates": [ [ [ 72.830337295671569, 19.058121154861226 ], [ 72.830278540321657, 19.062636711254012 ], [ 72.835027502844312, 19.062692525770512 ], [ 72.835086129839027, 19.058176955164601 ], [ 72.830337295671569, 19.058121154861226 ] ] ] } },
{ "type": "Feature", "properties": { "grid_id": "MUM_000366", "locality": "Marine Lines / Kalbadevi", "centroid_lat": 18.974611, "centroid_lon": 72.833795, "area_sqkm": 0.25 }, "geometry": { "type": "Polygon", "coordinates": [ [ [ 72.830278540321657, 19.062636711254012 ], [ 72.830219768387749, 19.067152265264461 ], [ 72.834968859301824, 19.067208093994825 ], [ 72.835027502844312, 19.062692525770512 ], [ 72.830278540321657, 19.062636711254012 ] ] ] } },
{ "type": "Feature", "properties": { "grid_id": "MUM_000367", "locality": "Marine Lines / Kalbadevi", "centroid_lat": 18.979126, "centroid_lon": 72.833736, "area_sqkm": 0.25 }, "geometry": { "type": "Polygon", "coordinates": [ [ [ 72.830219768387749, 19.067152265264461 ], [ 72.830160979867799, 19.071667816892077 ], [ 72.834910199209489, 19.071723659837051 ], [ 72.834968859301824, 19.067208093994825 ], [ 72.830219768387749, 19.067152265264461 ] ] ] } },
{ "type": "Feature", "properties": { "grid_id": "MUM_000368", "locality": "Worli / Prabhadevi", "centroid_lat": 18.983642, "centroid_lon": 72.833678, "area_sqkm": 0.25 }, "geometry": { "type": "Polygon", "coordinates": [ [ [ 72.830160979867799, 19.071667816892077 ], [ 72.830102174759745, 19.076183366136359 ], [ 72.834851522565273, 19.076239223296682 ], [ 72.834910199209489, 19.071723659837051 ], [ 72.830160979867799, 19.071667816892077 ] ] ] } },
{ "type": "Feature", "properties": { "grid_id": "MUM_000369", "locality": "Worli / Prabhadevi", "centroid_lat": 18.988158, "centroid_lon": 72.833619, "area_sqkm": 0.25 }, "geometry": { "type": "Polygon", "coordinates": [ [ [ 72.830102174759745, 19.076183366136359 ], [ 72.830043353061512, 19.080698912996809 ], [ 72.834792829367089, 19.080754784373234 ], [ 72.834851522565273, 19.076239223296682 ], [ 72.830102174759745, 19.076183366136359 ] ] ] } },
{ "type": "Feature", "properties": { "grid_id": "MUM_000370", "locality": "Worli / Prabhadevi", "centroid_lat": 18.992673, "centroid_lon": 72.833561, "area_sqkm": 0.25 }, "geometry": { "type": "Polygon", "coordinates": [ [ [ 72.830043353061512, 19.080698912996809 ], [ 72.829984514771027, 19.085214457472937 ], [ 72.834734119612889, 19.085270343066195 ], [ 72.834792829367089, 19.080754784373234 ], [ 72.830043353061512, 19.080698912996809 ] ] ] } },
{ "type": "Feature", "properties": { "grid_id": "MUM_000371", "locality": "Worli / Prabhadevi", "centroid_lat": 18.997189, "centroid_lon": 72.833502, "area_sqkm": 0.25 }, "geometry": { "type": "Polygon", "coordinates": [ [ [ 72.829984514771027, 19.085214457472937 ], [ 72.829925659886243, 19.089729999564252 ], [ 72.834675393300628, 19.089785899375087 ], [ 72.834734119612889, 19.085270343066195 ], [ 72.829984514771027, 19.085214457472937 ] ] ] } },
{ "type": "Feature", "properties": { "grid_id": "MUM_000372", "locality": "Worli / Prabhadevi", "centroid_lat": 19.001704, "centroid_lon": 72.833444, "area_sqkm": 0.25 }, "geometry": { "type": "Polygon", "coordinates": [ [ [ 72.829925659886243, 19.089729999564252 ], [ 72.829866788405084, 19.094245539270243 ], [ 72.834616650428217, 19.094301453299412 ], [ 72.834675393300628, 19.089785899375087 ], [ 72.829925659886243, 19.089729999564252 ] ] ] } },
{ "type": "Feature", "properties": { "grid_id": "MUM_000373", "locality": "Worli / Prabhadevi", "centroid_lat": 19.00622, "centroid_lon": 72.833385, "area_sqkm": 0.25 }, "geometry": { "type": "Polygon", "coordinates": [ [ [ 72.829866788405084, 19.094245539270243 ], [ 72.829807900325477, 19.098761076590428 ], [ 72.834557890993608, 19.098817004838661 ], [ 72.834616650428217, 19.094301453299412 ], [ 72.829866788405084, 19.094245539270243 ] ] ] } },
{ "type": "Feature", "properties": { "grid_id": "MUM_000374", "locality": "Worli / Prabhadevi", "centroid_lat": 19.010736, "centroid_lon": 72.833327, "area_sqkm": 0.25 }, "geometry": { "type": "Polygon", "coordinates": [ [ [ 72.829807900325477, 19.098761076590428 ], [ 72.82974899564536, 19.103276611524308 ], [ 72.834499114994742, 19.103332553992356 ], [ 72.834557890993608, 19.098817004838661 ], [ 72.829807900325477, 19.098761076590428 ] ] ] } },
{ "type": "Feature", "properties": { "grid_id": "MUM_000375", "locality": "Dadar East / Hindmata", "centroid_lat": 19.015251, "centroid_lon": 72.833268, "area_sqkm": 0.25 }, "geometry": { "type": "Polygon", "coordinates": [ [ [ 72.82974899564536, 19.103276611524308 ], [ 72.829690074362674, 19.107792144071386 ], [ 72.834440322429529, 19.107848100759995 ], [ 72.834499114994742, 19.103332553992356 ], [ 72.82974899564536, 19.103276611524308 ] ] ] } },
{ "type": "Feature", "properties": { "grid_id": "MUM_000376", "locality": "Dadar East / Hindmata", "centroid_lat": 19.019767, "centroid_lon": 72.83321, "area_sqkm": 0.25 }, "geometry": { "type": "Polygon", "coordinates": [ [ [ 72.829690074362674, 19.107792144071386 ], [ 72.829631136475328, 19.112307674231165 ], [ 72.834381513295924, 19.112363645141077 ], [ 72.834440322429529, 19.107848100759995 ], [ 72.829690074362674, 19.107792144071386 ] ] ] } },
{ "type": "Feature", "properties": { "grid_id": "MUM_000377", "locality": "Dadar East / Hindmata", "centroid_lat": 19.024282, "centroid_lon": 72.833151, "area_sqkm": 0.25 }, "geometry": { "type": "Polygon", "coordinates": [ [ [ 72.829631136475328, 19.112307674231165 ], [ 72.829572181981263, 19.11682320200315 ], [ 72.834322687591865, 19.116879187135115 ], [ 72.834381513295924, 19.112363645141077 ], [ 72.829631136475328, 19.112307674231165 ] ] ] } },
{ "type": "Feature", "properties": { "grid_id": "MUM_000378", "locality": "Dadar East / Hindmata", "centroid_lat": 19.028798, "centroid_lon": 72.833093, "area_sqkm": 0.25 }, "geometry": { "type": "Polygon", "coordinates": [ [ [ 72.829572181981263, 19.11682320200315 ], [ 72.829513210878417, 19.121338727386856 ], [ 72.834263845315277, 19.121394726741617 ], [ 72.834322687591865, 19.116879187135115 ], [ 72.829572181981263, 19.11682320200315 ] ] ] } },
{ "type": "Feature", "properties": { "grid_id": "MUM_000379", "locality": "Dharavi / Mahim", "centroid_lat": 19.033313, "centroid_lon": 72.833034, "area_sqkm": 0.25 }, "geometry": { "type": "Polygon", "coordinates": [ [ [ 72.829513210878417, 19.121338727386856 ], [ 72.829454223164689, 19.125854250381774 ], [ 72.834204986464087, 19.125910263960073 ], [ 72.834263845315277, 19.121394726741617 ], [ 72.829513210878417, 19.121338727386856 ] ] ] } },
{ "type": "Feature", "properties": { "grid_id": "MUM_000380", "locality": "Dharavi / Mahim", "centroid_lat": 19.037829, "centroid_lon": 72.832976, "area_sqkm": 0.25 }, "geometry": { "type": "Polygon", "coordinates": [ [ [ 72.829454223164689, 19.125854250381774 ], [ 72.829395218838044, 19.130369770987414 ], [ 72.834146111036233, 19.130425798790004 ], [ 72.834204986464087, 19.125910263960073 ], [ 72.829454223164689, 19.125854250381774 ] ] ] } },
{ "type": "Feature", "properties": { "grid_id": "MUM_000381", "locality": "Bandra West", "centroid_lat": 19.042345, "centroid_lon": 72.832917, "area_sqkm": 0.25 }, "geometry": { "type": "Polygon", "coordinates": [ [ [ 72.829395218838044, 19.130369770987414 ], [ 72.829336197896367, 19.134885289203282 ], [ 72.834087219029655, 19.134941331230912 ], [ 72.834146111036233, 19.130425798790004 ], [ 72.829395218838044, 19.130369770987414 ] ] ] } },
{ "type": "Feature", "properties": { "grid_id": "MUM_000382", "locality": "Bandra West", "centroid_lat": 19.04686, "centroid_lon": 72.832858, "area_sqkm": 0.25 }, "geometry": { "type": "Polygon", "coordinates": [ [ [ 72.829336197896367, 19.134885289203282 ], [ 72.829277160337611, 19.139400805028878 ], [ 72.834028310442264, 19.139456861282287 ], [ 72.834087219029655, 19.134941331230912 ], [ 72.829336197896367, 19.134885289203282 ] ] ] } },
{ "type": "Feature", "properties": { "grid_id": "MUM_000383", "locality": "Bandra West", "centroid_lat": 19.051376, "centroid_lon": 72.8328, "area_sqkm": 0.25 }, "geometry": { "type": "Polygon", "coordinates": [ [ [ 72.829277160337611, 19.139400805028878 ], [ 72.829218106159715, 19.143916318463717 ], [ 72.833969385271999, 19.143972388943652 ], [ 72.834028310442264, 19.139456861282287 ], [ 72.829277160337611, 19.139400805028878 ] ] ] } },
{ "type": "Feature", "properties": { "grid_id": "MUM_000384", "locality": "Bandra West", "centroid_lat": 19.055891, "centroid_lon": 72.832741, "area_sqkm": 0.25 }, "geometry": { "type": "Polygon", "coordinates": [ [ [ 72.829218106159715, 19.143916318463717 ], [ 72.829159035360576, 19.148431829507295 ], [ 72.833910443516785, 19.148487914214506 ], [ 72.833969385271999, 19.143972388943652 ], [ 72.829218106159715, 19.143916318463717 ] ] ] } },
{ "type": "Feature", "properties": { "grid_id": "MUM_000385", "locality": "Bandra West", "centroid_lat": 19.060407, "centroid_lon": 72.832682, "area_sqkm": 0.25 }, "geometry": { "type": "Polygon", "coordinates": [ [ [ 72.829159035360576, 19.148431829507295 ], [ 72.829099947938118, 19.152947338159127 ], [ 72.833851485174563, 19.153003437094352 ], [ 72.833910443516785, 19.148487914214506 ], [ 72.829159035360576, 19.148431829507295 ] ] ] } },
{ "type": "Feature", "properties": { "grid_id": "MUM_000386", "locality": "Bandra West", "centroid_lat": 19.064922, "centroid_lon": 72.832624, "area_sqkm": 0.25 }, "geometry": { "type": "Polygon", "coordinates": [ [ [ 72.829099947938118, 19.152947338159127 ], [ 72.829040843890283, 19.157462844418699 ], [ 72.833792510243256, 19.157518957582699 ], [ 72.833851485174563, 19.153003437094352 ], [ 72.829099947938118, 19.152947338159127 ] ] ] } },
{ "type": "Feature", "properties": { "grid_id": "MUM_000387", "locality": "Bandra West", "centroid_lat": 19.069438, "centroid_lon": 72.832565, "area_sqkm": 0.25 }, "geometry": { "type": "Polygon", "coordinates": [ [ [ 72.829040843890283, 19.157462844418699 ], [ 72.828981723214966, 19.161978348285533 ], [ 72.833733518720791, 19.162034475679047 ], [ 72.833792510243256, 19.157518957582699 ], [ 72.829040843890283, 19.157462844418699 ] ] ] } },
{ "type": "Feature", "properties": { "grid_id": "MUM_000388", "locality": "Santacruz / Milan Subway", "centroid_lat": 19.073954, "centroid_lon": 72.832506, "area_sqkm": 0.25 }, "geometry": { "type": "Polygon", "coordinates": [ [ [ 72.828981723214966, 19.161978348285533 ], [ 72.828922585910135, 19.166493849759132 ], [ 72.833674510605078, 19.166549991382912 ], [ 72.833733518720791, 19.162034475679047 ], [ 72.828981723214966, 19.161978348285533 ] ] ] } },
{ "type": "Feature", "properties": { "grid_id": "MUM_000389", "locality": "Santacruz / Milan Subway", "centroid_lat": 19.078469, "centroid_lon": 72.832447, "area_sqkm": 0.25 }, "geometry": { "type": "Polygon", "coordinates": [ [ [ 72.828922585910135, 19.166493849759132 ], [ 72.828863431973659, 19.171009348839 ], [ 72.833615485894057, 19.171065504693786 ], [ 72.833674510605078, 19.166549991382912 ], [ 72.828922585910135, 19.166493849759132 ] ] ] } },
{ "type": "Feature", "properties": { "grid_id": "MUM_000390", "locality": "Santacruz / Milan Subway", "centroid_lat": 19.082985, "centroid_lon": 72.832389, "area_sqkm": 0.25 }, "geometry": { "type": "Polygon", "coordinates": [ [ [ 72.828863431973659, 19.171009348839 ], [ 72.828804261403477, 19.175524845524642 ], [ 72.833556444585653, 19.17558101561119 ], [ 72.833615485894057, 19.171065504693786 ], [ 72.828863431973659, 19.171009348839 ] ] ] } },
{ "type": "Feature", "properties": { "grid_id": "MUM_000391", "locality": "Santacruz / Milan Subway", "centroid_lat": 19.0875, "centroid_lon": 72.83233, "area_sqkm": 0.25 }, "geometry": { "type": "Polygon", "coordinates": [ [ [ 72.828804261403477, 19.175524845524642 ], [ 72.828745074197514, 19.180040339815552 ], [ 72.833497386677791, 19.180096524134608 ], [ 72.833556444585653, 19.17558101561119 ], [ 72.828804261403477, 19.175524845524642 ] ] ] } },
{ "type": "Feature", "properties": { "grid_id": "MUM_000392", "locality": "Santacruz / Milan Subway", "centroid_lat": 19.092016, "centroid_lon": 72.832271, "area_sqkm": 0.25 }, "geometry": { "type": "Polygon", "coordinates": [ [ [ 72.828745074197514, 19.180040339815552 ], [ 72.828685870353709, 19.184555831711251 ], [ 72.833438312168383, 19.184612030263573 ], [ 72.833497386677791, 19.180096524134608 ], [ 72.828745074197514, 19.180040339815552 ] ] ] } },
{ "type": "Feature", "properties": { "grid_id": "MUM_000393", "locality": "Santacruz / Milan Subway", "centroid_lat": 19.096531, "centroid_lon": 72.832212, "area_sqkm": 0.25 }, "geometry": { "type": "Polygon", "coordinates": [ [ [ 72.828685870353709, 19.184555831711251 ], [ 72.828626649869932, 19.189071321211244 ], [ 72.833379221055367, 19.189127533997567 ], [ 72.833438312168383, 19.184612030263573 ], [ 72.828685870353709, 19.184555831711251 ] ] ] } },
{ "type": "Feature", "properties": { "grid_id": "MUM_000394", "locality": "Santacruz / Milan Subway", "centroid_lat": 19.101047, "centroid_lon": 72.832153, "area_sqkm": 0.25 }, "geometry": { "type": "Polygon", "coordinates": [ [ [ 72.828626649869932, 19.189071321211244 ], [ 72.828567412744135, 19.193586808315018 ], [ 72.833320113336654, 19.193643035336105 ], [ 72.833379221055367, 19.189127533997567 ], [ 72.828626649869932, 19.189071321211244 ] ] ] } },
{ "type": "Feature", "properties": { "grid_id": "MUM_000395", "locality": "Andheri Subway / West", "centroid_lat": 19.105562, "centroid_lon": 72.832095, "area_sqkm": 0.25 }, "geometry": { "type": "Polygon", "coordinates": [ [ [ 72.828567412744135, 19.193586808315018 ], [ 72.82850815897423, 19.19810229302211 ], [ 72.833260989010171, 19.198158534278697 ], [ 72.833320113336654, 19.193643035336105 ], [ 72.828567412744135, 19.193586808315018 ] ] ] } },
{ "type": "Feature", "properties": { "grid_id": "MUM_000396", "locality": "Andheri Subway / West", "centroid_lat": 19.110078, "centroid_lon": 72.832036, "area_sqkm": 0.25 }, "geometry": { "type": "Polygon", "coordinates": [ [ [ 72.82850815897423, 19.19810229302211 ], [ 72.828448888558114, 19.202617775331998 ], [ 72.833201848073841, 19.202674030824838 ], [ 72.833260989010171, 19.198158534278697 ], [ 72.82850815897423, 19.19810229302211 ] ] ] } },
{ "type": "Feature", "properties": { "grid_id": "MUM_000397", "locality": "Andheri Subway / West", "centroid_lat": 19.114593, "centroid_lon": 72.831977, "area_sqkm": 0.25 }, "geometry": { "type": "Polygon", "coordinates": [ [ [ 72.828448888558114, 19.202617775331998 ], [ 72.828389601493726, 19.207133255244194 ], [ 72.833142690525563, 19.207189524974044 ], [ 72.833201848073841, 19.202674030824838 ], [ 72.828448888558114, 19.202617775331998 ] ] ] } },
{ "type": "Feature", "properties": { "grid_id": "MUM_000398", "locality": "Andheri Subway / West", "centroid_lat": 19.119109, "centroid_lon": 72.831918, "area_sqkm": 0.25 }, "geometry": { "type": "Polygon", "coordinates": [ [ [ 72.828389601493726, 19.207133255244194 ], [ 72.828330297778976, 19.211648732758217 ], [ 72.833083516363274, 19.211705016725816 ], [ 72.833142690525563, 19.207189524974044 ], [ 72.828389601493726, 19.207133255244194 ] ] ] } },
{ "type": "Feature", "properties": { "grid_id": "MUM_000399", "locality": "Andheri Subway / West", "centroid_lat": 19.123625, "centroid_lon": 72.831859, "area_sqkm": 0.25 }, "geometry": { "type": "Polygon", "coordinates": [ [ [ 72.828330297778976, 19.211648732758217 ], [ 72.828270977411762, 19.216164207873554 ], [ 72.833024325584887, 19.216220506079662 ], [ 72.833083516363274, 19.211705016725816 ], [ 72.828330297778976, 19.211648732758217 ] ] ] } },
{ "type": "Feature", "properties": { "grid_id": "MUM_000400", "locality": "Andheri Subway / West", "centroid_lat": 19.12814, "centroid_lon": 72.8318, "area_sqkm": 0.2341 }, "geometry": { "type": "Polygon", "coordinates": [ [ [ 72.832965118188341, 19.220735993035088 ], [ 72.833024325584887, 19.216220506079662 ], [ 72.828270977411762, 19.216164207873554 ], [ 72.828245341047079, 19.218115258782746 ], [ 72.829275977152506, 19.220692300057234 ], [ 72.832965118188341, 19.220735993035088 ] ] ] } },
{ "type": "Feature", "properties": { "grid_id": "MUM_000401", "locality": "Andheri Subway / West", "centroid_lat": 19.132656, "centroid_lon": 72.831741, "area_sqkm": 0.1447 }, "geometry": { "type": "Polygon", "coordinates": [ [ [ 72.832905894171518, 19.225251477591595 ], [ 72.832965118188341, 19.220735993035088 ], [ 72.829275977152506, 19.220692300057234 ], [ 72.83109080571397, 19.225229984717345 ], [ 72.832905894171518, 19.225251477591595 ] ] ] } },
{ "type": "Feature", "properties": { "grid_id": "MUM_000402", "locality": "Andheri Subway / West", "centroid_lat": 19.137171, "centroid_lon": 72.831682, "area_sqkm": 0.0462 }, "geometry": { "type": "Polygon", "coordinates": [ [ [ 72.832905894171518, 19.225251477591595 ], [ 72.83109080571397, 19.225229984717345 ], [ 72.832848520858391, 19.22962464646978 ], [ 72.832905894171518, 19.225251477591595 ] ] ] } },
{ "type": "Feature", "properties": { "grid_id": "MUM_000403", "locality": "Goregaon West", "centroid_lat": 19.141687, "centroid_lon": 72.831623, "area_sqkm": 0.1194 }, "geometry": { "type": "Polygon", "coordinates": [ [ [ 72.83654643268801, 18.945286917447778 ], [ 72.836488218720589, 18.949802547432451 ], [ 72.83992009827935, 18.949842576971701 ], [ 72.837648361316155, 18.945299774353117 ], [ 72.83654643268801, 18.945286917447778 ] ] ] } },
{ "type": "Feature", "properties": { "grid_id": "MUM_000404", "locality": "Goregaon West", "centroid_lat": 19.146202, "centroid_lon": 72.831564, "area_sqkm": 0.2305 }, "geometry": { "type": "Polygon", "coordinates": [ [ [ 72.836488218720589, 18.949802547432451 ], [ 72.83642998825664, 18.954318175047938 ], [ 72.841175896736544, 18.954373527315468 ], [ 72.841201236045293, 18.95240436677458 ], [ 72.83992009827935, 18.949842576971701 ], [ 72.836488218720589, 18.949802547432451 ] ] ] } },
{ "type": "Feature", "properties": { "grid_id": "MUM_000405", "locality": "Goregaon West", "centroid_lat": 19.150718, "centroid_lon": 72.831505, "area_sqkm": 0.25 }, "geometry": { "type": "Polygon", "coordinates": [ [ [ 72.83642998825664, 18.954318175047938 ], [ 72.836371741294116, 18.958833800293736 ], [ 72.841117777299672, 18.958889166726319 ], [ 72.841175896736544, 18.954373527315468 ], [ 72.83642998825664, 18.954318175047938 ] ] ] } },
{ "type": "Feature", "properties": { "grid_id": "MUM_000406", "locality": "Goregaon West", "centroid_lat": 19.155233, "centroid_lon": 72.831446, "area_sqkm": 0.25 }, "geometry": { "type": "Polygon", "coordinates": [ [ [ 72.836371741294116, 18.958833800293736 ], [ 72.83631347783097, 18.963349423169344 ], [ 72.841059641398317, 18.963404803767727 ], [ 72.841117777299672, 18.958889166726319 ], [ 72.836371741294116, 18.958833800293736 ] ] ] } },
{ "type": "Feature", "properties": { "grid_id": "MUM_000407", "locality": "Goregaon West", "centroid_lat": 19.159749, "centroid_lon": 72.831387, "area_sqkm": 0.25 }, "geometry": { "type": "Polygon", "coordinates": [ [ [ 72.83631347783097, 18.963349423169344 ], [ 72.836255197865171, 18.967865043674259 ], [ 72.84100148903039, 18.967920438439172 ], [ 72.841059641398317, 18.963404803767727 ], [ 72.83631347783097, 18.963349423169344 ] ] ] } },
{ "type": "Feature", "properties": { "grid_id": "MUM_000408", "locality": "Goregaon West", "centroid_lat": 19.164264, "centroid_lon": 72.831328, "area_sqkm": 0.25 }, "geometry": { "type": "Polygon", "coordinates": [ [ [ 72.836255197865171, 18.967865043674259 ], [ 72.836196901394672, 18.972380661808003 ], [ 72.840943320193901, 18.972436070740184 ], [ 72.84100148903039, 18.967920438439172 ], [ 72.836255197865171, 18.967865043674259 ] ] ] } },
{ "type": "Feature", "properties": { "grid_id": "MUM_000409", "locality": "Goregaon West", "centroid_lat": 19.16878, "centroid_lon": 72.831269, "area_sqkm": 0.25 }, "geometry": { "type": "Polygon", "coordinates": [ [ [ 72.836196901394672, 18.972380661808003 ], [ 72.836138588417413, 18.97689627757007 ], [ 72.840885134886776, 18.976951700670252 ], [ 72.840943320193901, 18.972436070740184 ], [ 72.836196901394672, 18.972380661808003 ] ] ] } },
{ "type": "Feature", "properties": { "grid_id": "MUM_000410", "locality": "Malad West", "centroid_lat": 19.173295, "centroid_lon": 72.83121, "area_sqkm": 0.25 }, "geometry": { "type": "Polygon", "coordinates": [ [ [ 72.836138588417413, 18.97689627757007 ], [ 72.836080258931389, 18.981411890959958 ], [ 72.840826933106982, 18.981467328228877 ], [ 72.840885134886776, 18.976951700670252 ], [ 72.836138588417413, 18.97689627757007 ] ] ] } },
{ "type": "Feature", "properties": { "grid_id": "MUM_000411", "locality": "Malad West", "centroid_lat": 19.177811, "centroid_lon": 72.831151, "area_sqkm": 0.25 }, "geometry": { "type": "Polygon", "coordinates": [ [ [ 72.836080258931389, 18.981411890959958 ], [ 72.836021912934513, 18.98592750197718 ], [ 72.840768714852487, 18.985982953415579 ], [ 72.840826933106982, 18.981467328228877 ], [ 72.836080258931389, 18.981411890959958 ] ] ] } },
{ "type": "Feature", "properties": { "grid_id": "MUM_000412", "locality": "Malad West", "centroid_lat": 19.182326, "centroid_lon": 72.831092, "area_sqkm": 0.25 }, "geometry": { "type": "Polygon", "coordinates": [ [ [ 72.836021912934513, 18.98592750197718 ], [ 72.835963550424765, 18.990443110621225 ], [ 72.840710480121231, 18.99049857622985 ], [ 72.840768714852487, 18.985982953415579 ], [ 72.836021912934513, 18.98592750197718 ] ] ] } },
{ "type": "Feature", "properties": { "grid_id": "MUM_000413", "locality": "Malad West", "centroid_lat": 19.186842, "centroid_lon": 72.831033, "area_sqkm": 0.25 }, "geometry": { "type": "Polygon", "coordinates": [ [ [ 72.835963550424765, 18.990443110621225 ], [ 72.835905171400071, 18.99495871689162 ], [ 72.840652228911196, 18.995014196671185 ], [ 72.840710480121231, 18.99049857622985 ], [ 72.835963550424765, 18.990443110621225 ] ] ] } },
{ "type": "Feature", "properties": { "grid_id": "MUM_000414", "locality": "Malad West", "centroid_lat": 19.191357, "centroid_lon": 72.830973, "area_sqkm": 0.25 }, "geometry": { "type": "Polygon", "coordinates": [ [ [ 72.835905171400071, 18.99495871689162 ], [ 72.835846775858414, 18.999474320787851 ], [ 72.840593961220335, 18.999529814739109 ], [ 72.840652228911196, 18.995014196671185 ], [ 72.835905171400071, 18.99495871689162 ] ] ] } },
{ "type": "Feature", "properties": { "grid_id": "MUM_000415", "locality": "Malad West", "centroid_lat": 19.195873, "centroid_lon": 72.830914, "area_sqkm": 0.25 }, "geometry": { "type": "Polygon", "coordinates": [ [ [ 72.835846775858414, 18.999474320787851 ], [ 72.835788363797718, 19.003989922309426 ], [ 72.840535677046574, 19.004045430433116 ], [ 72.840593961220335, 18.999529814739109 ], [ 72.835846775858414, 18.999474320787851 ] ] ] } },
{ "type": "Feature", "properties": { "grid_id": "MUM_000416", "locality": "Kandivali West", "centroid_lat": 19.200388, "centroid_lon": 72.830855, "area_sqkm": 0.25 }, "geometry": { "type": "Polygon", "coordinates": [ [ [ 72.835788363797718, 19.003989922309426 ], [ 72.835729935215966, 19.008505521455845 ], [ 72.840477376387895, 19.0085610437527 ], [ 72.840535677046574, 19.004045430433116 ], [ 72.835788363797718, 19.003989922309426 ] ] ] } },
{ "type": "Feature", "properties": { "grid_id": "MUM_000417", "locality": "Kandivali West", "centroid_lat": 19.204904, "centroid_lon": 72.830796, "area_sqkm": 0.25 }, "geometry": { "type": "Polygon", "coordinates": [ [ [ 72.835729935215966, 19.008505521455845 ], [ 72.835671490111082, 19.013021118226618 ], [ 72.840419059242265, 19.013076654697375 ], [ 72.840477376387895, 19.0085610437527 ], [ 72.835729935215966, 19.008505521455845 ] ] ] } },
{ "type": "Feature", "properties": { "grid_id": "MUM_000418", "locality": "Kandivali West", "centroid_lat": 19.209419, "centroid_lon": 72.830737, "area_sqkm": 0.25 }, "geometry": { "type": "Polygon", "coordinates": [ [ [ 72.835671490111082, 19.013021118226618 ], [ 72.835613028481021, 19.017536712621251 ], [ 72.84036072560761, 19.017592263266653 ], [ 72.840419059242265, 19.013076654697375 ], [ 72.835671490111082, 19.013021118226618 ] ] ] } },
{ "type": "Feature", "properties": { "grid_id": "MUM_000419", "locality": "Kandivali West", "centroid_lat": 19.213935, "centroid_lon": 72.830677, "area_sqkm": 0.25 }, "geometry": { "type": "Polygon", "coordinates": [ [ [ 72.835613028481021, 19.017536712621251 ], [ 72.835554550323749, 19.022052304639239 ], [ 72.840302375481897, 19.022107869460019 ], [ 72.84036072560761, 19.017592263266653 ], [ 72.835613028481021, 19.017536712621251 ] ] ] } },
{ "type": "Feature", "properties": { "grid_id": "MUM_000420", "locality": "Kandivali West", "centroid_lat": 19.218356, "centroid_lon": 72.830757, "area_sqkm": 0.25 }, "geometry": { "type": "Polygon", "coordinates": [ [ [ 72.835554550323749, 19.022052304639239 ], [ 72.835496055637194, 19.026567894280092 ], [ 72.840244008863081, 19.026623473276999 ], [ 72.840302375481897, 19.022107869460019 ], [ 72.835554550323749, 19.022052304639239 ] ] ] } },
{ "type": "Feature", "properties": { "grid_id": "MUM_000421", "locality": "Kandivali West", "centroid_lat": 19.222721, "centroid_lon": 72.83151, "area_sqkm": 0.25 }, "geometry": { "type": "Polygon", "coordinates": [ [ [ 72.835496055637194, 19.026567894280092 ], [ 72.835437544419293, 19.031083481543316 ], [ 72.8401856257491, 19.031139074717085 ], [ 72.840244008863081, 19.026623473276999 ], [ 72.835496055637194, 19.026567894280092 ] ] ] } },
{ "type": "Feature", "properties": { "grid_id": "MUM_000422", "locality": "Kandivali West", "centroid_lat": 19.226702, "centroid_lon": 72.832282, "area_sqkm": 0.25 }, "geometry": { "type": "Polygon", "coordinates": [ [ [ 72.835437544419293, 19.031083481543316 ], [ 72.835379016668028, 19.035599066428407 ], [ 72.840127226137923, 19.035654673779774 ], [ 72.8401856257491, 19.031139074717085 ], [ 72.835437544419293, 19.031083481543316 ] ] ] } },
{ "type": "Feature", "properties": { "grid_id": "MUM_000423", "locality": "Mumbai Central", "centroid_lat": null, "centroid_lon": null, "area_sqkm": 0.25 }, "geometry": { "type": "Polygon", "coordinates": [ [ [ 72.835379016668028, 19.035599066428407 ], [ 72.835320472381312, 19.040114648934878 ], [ 72.840068810027489, 19.040170270464586 ], [ 72.840127226137923, 19.035654673779774 ], [ 72.835379016668028, 19.035599066428407 ] ] ] } },
{ "type": "Feature", "properties": { "grid_id": "MUM_000424", "locality": "Marine Lines / Kalbadevi", "centroid_lat": 18.947946, "centroid_lon": 72.837746, "area_sqkm": 0.25 }, "geometry": { "type": "Polygon", "coordinates": [ [ [ 72.835320472381312, 19.040114648934878 ], [ 72.835261911557126, 19.044630229062228 ], [ 72.840010377415766, 19.044685864771015 ], [ 72.840068810027489, 19.040170270464586 ], [ 72.835320472381312, 19.040114648934878 ] ] ] } },
{ "type": "Feature", "properties": { "grid_id": "MUM_000425", "locality": "Marine Lines / Kalbadevi", "centroid_lat": 18.952205, "centroid_lon": 72.838667, "area_sqkm": 0.25 }, "geometry": { "type": "Polygon", "coordinates": [ [ [ 72.835261911557126, 19.044630229062228 ], [ 72.83520333419338, 19.04914580680996 ], [ 72.839951928300664, 19.049201456698572 ], [ 72.840010377415766, 19.044685864771015 ], [ 72.835261911557126, 19.044630229062228 ] ] ] } },
{ "type": "Feature", "properties": { "grid_id": "MUM_000426", "locality": "Marine Lines / Kalbadevi", "centroid_lat": 18.956604, "centroid_lon": 72.838774, "area_sqkm": 0.25 }, "geometry": { "type": "Polygon", "coordinates": [ [ [ 72.83520333419338, 19.04914580680996 ], [ 72.835144740288044, 19.053661382177584 ], [ 72.839893462680166, 19.053717046246753 ], [ 72.839951928300664, 19.049201456698572 ], [ 72.83520333419338, 19.04914580680996 ] ] ] } },
{ "type": "Feature", "properties": { "grid_id": "MUM_000427", "locality": "Marine Lines / Kalbadevi", "centroid_lat": 18.961119, "centroid_lon": 72.838716, "area_sqkm": 0.25 }, "geometry": { "type": "Polygon", "coordinates": [ [ [ 72.835144740288044, 19.053661382177584 ], [ 72.835086129839027, 19.058176955164601 ], [ 72.839834980552212, 19.058232633415077 ], [ 72.839893462680166, 19.053717046246753 ], [ 72.835144740288044, 19.053661382177584 ] ] ] } },
{ "type": "Feature", "properties": { "grid_id": "MUM_000428", "locality": "Marine Lines / Kalbadevi", "centroid_lat": 18.965635, "centroid_lon": 72.838657, "area_sqkm": 0.25 }, "geometry": { "type": "Polygon", "coordinates": [ [ [ 72.835086129839027, 19.058176955164601 ], [ 72.835027502844312, 19.062692525770512 ], [ 72.839776481914754, 19.062748218203023 ], [ 72.839834980552212, 19.058232633415077 ], [ 72.835086129839027, 19.058176955164601 ] ] ] } },
{ "type": "Feature", "properties": { "grid_id": "MUM_000429", "locality": "Marine Lines / Kalbadevi", "centroid_lat": 18.970151, "centroid_lon": 72.838599, "area_sqkm": 0.25 }, "geometry": { "type": "Polygon", "coordinates": [ [ [ 72.835027502844312, 19.062692525770512 ], [ 72.834968859301824, 19.067208093994825 ], [ 72.839717966765718, 19.067263800610128 ], [ 72.839776481914754, 19.062748218203023 ], [ 72.835027502844312, 19.062692525770512 ] ] ] } },
{ "type": "Feature", "properties": { "grid_id": "MUM_000430", "locality": "Marine Lines / Kalbadevi", "centroid_lat": 18.974666, "centroid_lon": 72.838541, "area_sqkm": 0.25 }, "geometry": { "type": "Polygon", "coordinates": [ [ [ 72.834968859301824, 19.067208093994825 ], [ 72.834910199209489, 19.071723659837051 ], [ 72.839659435103059, 19.071779380635874 ], [ 72.839717966765718, 19.067263800610128 ], [ 72.834968859301824, 19.067208093994825 ] ] ] } },
{ "type": "Feature", "properties": { "grid_id": "MUM_000431", "locality": "Marine Lines / Kalbadevi", "centroid_lat": 18.979182, "centroid_lon": 72.838483, "area_sqkm": 0.25 }, "geometry": { "type": "Polygon", "coordinates": [ [ [ 72.834910199209489, 19.071723659837051 ], [ 72.834851522565273, 19.076239223296682 ], [ 72.839600886924742, 19.076294958279767 ], [ 72.839659435103059, 19.071779380635874 ], [ 72.834910199209489, 19.071723659837051 ] ] ] } },
{ "type": "Feature", "properties": { "grid_id": "MUM_000432", "locality": "Dadar East / Hindmata", "centroid_lat": 18.983697, "centroid_lon": 72.838424, "area_sqkm": 0.25 }, "geometry": { "type": "Polygon", "coordinates": [ [ [ 72.834851522565273, 19.076239223296682 ], [ 72.834792829367089, 19.080754784373234 ], [ 72.839542322228681, 19.080810533541328 ], [ 72.839600886924742, 19.076294958279767 ], [ 72.834851522565273, 19.076239223296682 ] ] ] } },
{ "type": "Feature", "properties": { "grid_id": "MUM_000433", "locality": "Dadar East / Hindmata", "centroid_lat": 18.988213, "centroid_lon": 72.838366, "area_sqkm": 0.25 }, "geometry": { "type": "Polygon", "coordinates": [ [ [ 72.834792829367089, 19.080754784373234 ], [ 72.834734119612889, 19.085270343066195 ], [ 72.839483741012828, 19.085326106420045 ], [ 72.839542322228681, 19.080810533541328 ], [ 72.834792829367089, 19.080754784373234 ] ] ] } },
{ "type": "Feature", "properties": { "grid_id": "MUM_000434", "locality": "Dadar East / Hindmata", "centroid_lat": 18.992729, "centroid_lon": 72.838308, "area_sqkm": 0.25 }, "geometry": { "type": "Polygon", "coordinates": [ [ [ 72.834734119612889, 19.085270343066195 ], [ 72.834675393300628, 19.089785899375087 ], [ 72.83942514327515, 19.08984167691543 ], [ 72.839483741012828, 19.085326106420045 ], [ 72.834734119612889, 19.085270343066195 ] ] ] } },
{ "type": "Feature", "properties": { "grid_id": "MUM_000435", "locality": "Dadar East / Hindmata", "centroid_lat": 18.997244, "centroid_lon": 72.83825, "area_sqkm": 0.25 }, "geometry": { "type": "Polygon", "coordinates": [ [ [ 72.834675393300628, 19.089785899375087 ], [ 72.834616650428217, 19.094301453299412 ], [ 72.83936652901356, 19.094357245026984 ], [ 72.83942514327515, 19.08984167691543 ], [ 72.834675393300628, 19.089785899375087 ] ] ] } },
{ "type": "Feature", "properties": { "grid_id": "MUM_000436", "locality": "Dadar East / Hindmata", "centroid_lat": 19.00176, "centroid_lon": 72.838191, "area_sqkm": 0.25 }, "geometry": { "type": "Polygon", "coordinates": [ [ [ 72.834616650428217, 19.094301453299412 ], [ 72.834557890993608, 19.098817004838661 ], [ 72.839307898226011, 19.098872810754216 ], [ 72.83936652901356, 19.094357245026984 ], [ 72.834616650428217, 19.094301453299412 ] ] ] } },
{ "type": "Feature", "properties": { "grid_id": "MUM_000437", "locality": "Dadar East / Hindmata", "centroid_lat": 19.006275, "centroid_lon": 72.838133, "area_sqkm": 0.25 }, "geometry": { "type": "Polygon", "coordinates": [ [ [ 72.834557890993608, 19.098817004838661 ], [ 72.834499114994742, 19.103332553992356 ], [ 72.839249250910441, 19.103388374096639 ], [ 72.839307898226011, 19.098872810754216 ], [ 72.834557890993608, 19.098817004838661 ] ] ] } },
{ "type": "Feature", "properties": { "grid_id": "MUM_000438", "locality": "Dadar East / Hindmata", "centroid_lat": 19.010791, "centroid_lon": 72.838074, "area_sqkm": 0.25 }, "geometry": { "type": "Polygon", "coordinates": [ [ [ 72.834499114994742, 19.103332553992356 ], [ 72.834440322429529, 19.107848100759995 ], [ 72.839190587064792, 19.107903935053738 ], [ 72.839249250910441, 19.103388374096639 ], [ 72.834499114994742, 19.103332553992356 ] ] ] } },
{ "type": "Feature", "properties": { "grid_id": "MUM_000439", "locality": "Dadar East / Hindmata", "centroid_lat": 19.015307, "centroid_lon": 72.838016, "area_sqkm": 0.25 }, "geometry": { "type": "Polygon", "coordinates": [ [ [ 72.834440322429529, 19.107848100759995 ], [ 72.834381513295924, 19.112363645141077 ], [ 72.839131906686987, 19.112419493625026 ], [ 72.839190587064792, 19.107903935053738 ], [ 72.834440322429529, 19.107848100759995 ] ] ] } },
{ "type": "Feature", "properties": { "grid_id": "MUM_000440", "locality": "Dadar East / Hindmata", "centroid_lat": 19.019822, "centroid_lon": 72.837958, "area_sqkm": 0.25 }, "geometry": { "type": "Polygon", "coordinates": [ [ [ 72.834381513295924, 19.112363645141077 ], [ 72.834322687591865, 19.116879187135115 ], [ 72.839073209774995, 19.116935049810017 ], [ 72.839131906686987, 19.112419493625026 ], [ 72.834381513295924, 19.112363645141077 ] ] ] } },
{ "type": "Feature", "properties": { "grid_id": "MUM_000441", "locality": "Dadar East / Hindmata", "centroid_lat": 19.024338, "centroid_lon": 72.837899, "area_sqkm": 0.25 }, "geometry": { "type": "Polygon", "coordinates": [ [ [ 72.834322687591865, 19.116879187135115 ], [ 72.834263845315277, 19.121394726741617 ], [ 72.83901449632674, 19.121450603608213 ], [ 72.839073209774995, 19.116935049810017 ], [ 72.834322687591865, 19.116879187135115 ] ] ] } },
{ "type": "Feature", "properties": { "grid_id": "MUM_000442", "locality": "Dadar East / Hindmata", "centroid_lat": 19.028853, "centroid_lon": 72.837841, "area_sqkm": 0.25 }, "geometry": { "type": "Polygon", "coordinates": [ [ [ 72.834263845315277, 19.121394726741617 ], [ 72.834204986464087, 19.125910263960073 ], [ 72.838955766340149, 19.12596615501911 ], [ 72.83901449632674, 19.121450603608213 ], [ 72.834263845315277, 19.121394726741617 ] ] ] } },
{ "type": "Feature", "properties": { "grid_id": "MUM_000443", "locality": "Dharavi / Mahim", "centroid_lat": 19.033369, "centroid_lon": 72.837782, "area_sqkm": 0.25 }, "geometry": { "type": "Polygon", "coordinates": [ [ [ 72.834204986464087, 19.125910263960073 ], [ 72.834146111036233, 19.130425798790004 ], [ 72.83889701981316, 19.130481704042221 ], [ 72.838955766340149, 19.12596615501911 ], [ 72.834204986464087, 19.125910263960073 ] ] ] } },
{ "type": "Feature", "properties": { "grid_id": "MUM_000444", "locality": "Dharavi / Mahim", "centroid_lat": 19.037885, "centroid_lon": 72.837724, "area_sqkm": 0.25 }, "geometry": { "type": "Polygon", "coordinates": [ [ [ 72.834146111036233, 19.130425798790004 ], [ 72.834087219029655, 19.134941331230912 ], [ 72.838838256743728, 19.134997250677053 ], [ 72.83889701981316, 19.130481704042221 ], [ 72.834146111036233, 19.130425798790004 ] ] ] } },
{ "type": "Feature", "properties": { "grid_id": "MUM_000445", "locality": "Dharavi / Mahim", "centroid_lat": 19.0424, "centroid_lon": 72.837665, "area_sqkm": 0.25 }, "geometry": { "type": "Polygon", "coordinates": [ [ [ 72.834087219029655, 19.134941331230912 ], [ 72.834028310442264, 19.139456861282287 ], [ 72.838779477129776, 19.139512794923107 ], [ 72.838838256743728, 19.134997250677053 ], [ 72.834087219029655, 19.134941331230912 ] ] ] } },
{ "type": "Feature", "properties": { "grid_id": "MUM_000446", "locality": "Bandra West", "centroid_lat": 19.046916, "centroid_lon": 72.837607, "area_sqkm": 0.25 }, "geometry": { "type": "Polygon", "coordinates": [ [ [ 72.834028310442264, 19.139456861282287 ], [ 72.833969385271999, 19.143972388943652 ], [ 72.838720680969232, 19.14402833677989 ], [ 72.838779477129776, 19.139512794923107 ], [ 72.834028310442264, 19.139456861282287 ] ] ] } },
{ "type": "Feature", "properties": { "grid_id": "MUM_000447", "locality": "Bandra West", "centroid_lat": 19.051431, "centroid_lon": 72.837548, "area_sqkm": 0.25 }, "geometry": { "type": "Polygon", "coordinates": [ [ [ 72.833969385271999, 19.143972388943652 ], [ 72.833910443516785, 19.148487914214506 ], [ 72.838661868260033, 19.148543876246908 ], [ 72.838720680969232, 19.14402833677989 ], [ 72.833969385271999, 19.143972388943652 ] ] ] } },
{ "type": "Feature", "properties": { "grid_id": "MUM_000448", "locality": "Bandra West", "centroid_lat": 19.055947, "centroid_lon": 72.83749, "area_sqkm": 0.25 }, "geometry": { "type": "Polygon", "coordinates": [ [ [ 72.833910443516785, 19.148487914214506 ], [ 72.833851485174563, 19.153003437094352 ], [ 72.838603039000091, 19.153059413323668 ], [ 72.838661868260033, 19.148543876246908 ], [ 72.833910443516785, 19.148487914214506 ] ] ] } },
{ "type": "Feature", "properties": { "grid_id": "MUM_000449", "locality": "Bandra West", "centroid_lat": 19.060463, "centroid_lon": 72.837431, "area_sqkm": 0.25 }, "geometry": { "type": "Polygon", "coordinates": [ [ [ 72.833851485174563, 19.153003437094352 ], [ 72.833792510243256, 19.157518957582699 ], [ 72.838544193187388, 19.157574948009664 ], [ 72.838603039000091, 19.153059413323668 ], [ 72.833851485174563, 19.153003437094352 ] ] ] } },
{ "type": "Feature", "properties": { "grid_id": "MUM_000450", "locality": "Bandra West", "centroid_lat": 19.064978, "centroid_lon": 72.837373, "area_sqkm": 0.25 }, "geometry": { "type": "Polygon", "coordinates": [ [ [ 72.833792510243256, 19.157518957582699 ], [ 72.833733518720791, 19.162034475679047 ], [ 72.838485330819822, 19.162090480304418 ], [ 72.838544193187388, 19.157574948009664 ], [ 72.833792510243256, 19.157518957582699 ] ] ] } },
{ "type": "Feature", "properties": { "grid_id": "MUM_000451", "locality": "Santacruz / Milan Subway", "centroid_lat": 19.069494, "centroid_lon": 72.837314, "area_sqkm": 0.25 }, "geometry": { "type": "Polygon", "coordinates": [ [ [ 72.833733518720791, 19.162034475679047 ], [ 72.833674510605078, 19.166549991382912 ], [ 72.838426451895344, 19.166606010207431 ], [ 72.838485330819822, 19.162090480304418 ], [ 72.833733518720791, 19.162034475679047 ] ] ] } },
{ "type": "Feature", "properties": { "grid_id": "MUM_000452", "locality": "Santacruz / Milan Subway", "centroid_lat": 19.074009, "centroid_lon": 72.837256, "area_sqkm": 0.25 }, "geometry": { "type": "Polygon", "coordinates": [ [ [ 72.833674510605078, 19.166549991382912 ], [ 72.833615485894057, 19.171065504693786 ], [ 72.838367556411853, 19.1711215377182 ], [ 72.838426451895344, 19.166606010207431 ], [ 72.833674510605078, 19.166549991382912 ] ] ] } },
{ "type": "Feature", "properties": { "grid_id": "MUM_000453", "locality": "Santacruz / Milan Subway", "centroid_lat": 19.078525, "centroid_lon": 72.837197, "area_sqkm": 0.25 }, "geometry": { "type": "Polygon", "coordinates": [ [ [ 72.833615485894057, 19.171065504693786 ], [ 72.833556444585653, 19.17558101561119 ], [ 72.838308644367288, 19.175637062836238 ], [ 72.838367556411853, 19.1711215377182 ], [ 72.833615485894057, 19.171065504693786 ] ] ] } },
{ "type": "Feature", "properties": { "grid_id": "MUM_000454", "locality": "Santacruz / Milan Subway", "centroid_lat": 19.08304, "centroid_lon": 72.837138, "area_sqkm": 0.25 }, "geometry": { "type": "Polygon", "coordinates": [ [ [ 72.833556444585653, 19.17558101561119 ], [ 72.833497386677791, 19.180096524134608 ], [ 72.838249715759588, 19.180152585561046 ], [ 72.838308644367288, 19.175637062836238 ], [ 72.833556444585653, 19.17558101561119 ] ] ] } },
{ "type": "Feature", "properties": { "grid_id": "MUM_000455", "locality": "Santacruz / Milan Subway", "centroid_lat": 19.087556, "centroid_lon": 72.83708, "area_sqkm": 0.25 }, "geometry": { "type": "Polygon", "coordinates": [ [ [ 72.833497386677791, 19.180096524134608 ], [ 72.833438312168383, 19.184612030263573 ], [ 72.838190770586692, 19.184668105892143 ], [ 72.838249715759588, 19.180152585561046 ], [ 72.833497386677791, 19.180096524134608 ] ] ] } },
{ "type": "Feature", "properties": { "grid_id": "MUM_000456", "locality": "Santacruz / Milan Subway", "centroid_lat": 19.092072, "centroid_lon": 72.837021, "area_sqkm": 0.25 }, "geometry": { "type": "Polygon", "coordinates": [ [ [ 72.833438312168383, 19.184612030263573 ], [ 72.833379221055367, 19.189127533997567 ], [ 72.838131808846498, 19.189183623829024 ], [ 72.838190770586692, 19.184668105892143 ], [ 72.833438312168383, 19.184612030263573 ] ] ] } },
{ "type": "Feature", "properties": { "grid_id": "MUM_000457", "locality": "Santacruz / Milan Subway", "centroid_lat": 19.096587, "centroid_lon": 72.836962, "area_sqkm": 0.25 }, "geometry": { "type": "Polygon", "coordinates": [ [ [ 72.833379221055367, 19.189127533997567 ], [ 72.833320113336654, 19.193643035336105 ], [ 72.838072830536944, 19.193699139371187 ], [ 72.838131808846498, 19.189183623829024 ], [ 72.833379221055367, 19.189127533997567 ] ] ] } },
{ "type": "Feature", "properties": { "grid_id": "MUM_000458", "locality": "Santacruz / Milan Subway", "centroid_lat": 19.101103, "centroid_lon": 72.836904, "area_sqkm": 0.25 }, "geometry": { "type": "Polygon", "coordinates": [ [ [ 72.833320113336654, 19.193643035336105 ], [ 72.833260989010171, 19.198158534278697 ], [ 72.838013835655957, 19.198214652518161 ], [ 72.838072830536944, 19.193699139371187 ], [ 72.833320113336654, 19.193643035336105 ] ] ] } },
{ "type": "Feature", "properties": { "grid_id": "MUM_000459", "locality": "Andheri Subway / West", "centroid_lat": 19.105618, "centroid_lon": 72.836845, "area_sqkm": 0.25 }, "geometry": { "type": "Polygon", "coordinates": [ [ [ 72.833260989010171, 19.198158534278697 ], [ 72.833201848073841, 19.202674030824838 ], [ 72.837954824201475, 19.202730163269432 ], [ 72.838013835655957, 19.198214652518161 ], [ 72.833260989010171, 19.198158534278697 ] ] ] } },
{ "type": "Feature", "properties": { "grid_id": "MUM_000460", "locality": "Andheri Subway / West", "centroid_lat": 19.110134, "centroid_lon": 72.836786, "area_sqkm": 0.25 }, "geometry": { "type": "Polygon", "coordinates": [ [ [ 72.833201848073841, 19.202674030824838 ], [ 72.833142690525563, 19.207189524974044 ], [ 72.837895796171409, 19.207245671624513 ], [ 72.837954824201475, 19.202730163269432 ], [ 72.833201848073841, 19.202674030824838 ] ] ] } },
{ "type": "Feature", "properties": { "grid_id": "MUM_000461", "locality": "Andheri Subway / West", "centroid_lat": 19.114649, "centroid_lon": 72.836727, "area_sqkm": 0.25 }, "geometry": { "type": "Polygon", "coordinates": [ [ [ 72.833142690525563, 19.207189524974044 ], [ 72.833083516363274, 19.211705016725816 ], [ 72.837836751563671, 19.211761177582908 ], [ 72.837895796171409, 19.207245671624513 ], [ 72.833142690525563, 19.207189524974044 ] ] ] } },
{ "type": "Feature", "properties": { "grid_id": "MUM_000462", "locality": "Andheri Subway / West", "centroid_lat": 19.119165, "centroid_lon": 72.836669, "area_sqkm": 0.25 }, "geometry": { "type": "Polygon", "coordinates": [ [ [ 72.833083516363274, 19.211705016725816 ], [ 72.833024325584887, 19.216220506079662 ], [ 72.8377776903762, 19.216276681144123 ], [ 72.837836751563671, 19.211761177582908 ], [ 72.833083516363274, 19.211705016725816 ] ] ] } },
{ "type": "Feature", "properties": { "grid_id": "MUM_000463", "locality": "Andheri Subway / West", "centroid_lat": 19.12368, "centroid_lon": 72.83661, "area_sqkm": 0.25 }, "geometry": { "type": "Polygon", "coordinates": [ [ [ 72.833024325584887, 19.216220506079662 ], [ 72.832965118188341, 19.220735993035088 ], [ 72.83771861260692, 19.220792182307662 ], [ 72.8377776903762, 19.216276681144123 ], [ 72.833024325584887, 19.216220506079662 ] ] ] } },
{ "type": "Feature", "properties": { "grid_id": "MUM_000464", "locality": "Andheri Subway / West", "centroid_lat": 19.128196, "centroid_lon": 72.836551, "area_sqkm": 0.25 }, "geometry": { "type": "Polygon", "coordinates": [ [ [ 72.832965118188341, 19.220735993035088 ], [ 72.832905894171518, 19.225251477591595 ], [ 72.837659518253744, 19.225307681073044 ], [ 72.83771861260692, 19.220792182307662 ], [ 72.832965118188341, 19.220735993035088 ] ] ] } },
{ "type": "Feature", "properties": { "grid_id": "MUM_000465", "locality": "Andheri Subway / West", "centroid_lat": 19.132712, "centroid_lon": 72.836492, "area_sqkm": 0.25 }, "geometry": { "type": "Polygon", "coordinates": [ [ [ 72.837600407314596, 19.229823177439769 ], [ 72.837659518253744, 19.225307681073044 ], [ 72.832905894171518, 19.225251477591595 ], [ 72.832848520858391, 19.22962464646978 ], [ 72.83290572248022, 19.229767659052914 ], [ 72.837600407314596, 19.229823177439769 ] ] ] } },
{ "type": "Feature", "properties": { "grid_id": "MUM_000466", "locality": "Jogeshwari / JVLR", "centroid_lat": 19.137227, "centroid_lon": 72.836433, "area_sqkm": 0.1976 }, "geometry": { "type": "Polygon", "coordinates": [ [ [ 72.837541279787388, 19.234338671407329 ], [ 72.837600407314596, 19.229823177439769 ], [ 72.83290572248022, 19.229767659052914 ], [ 72.834720727490947, 19.234305323049696 ], [ 72.837541279787388, 19.234338671407329 ] ] ] } },
{ "type": "Feature", "properties": { "grid_id": "MUM_000467", "locality": "Jogeshwari / JVLR", "centroid_lat": 19.141743, "centroid_lon": 72.836374, "area_sqkm": 0.099 }, "geometry": { "type": "Polygon", "coordinates": [ [ [ 72.837482135670044, 19.238854162975255 ], [ 72.837541279787388, 19.234338671407329 ], [ 72.834720727490947, 19.234305323049696 ], [ 72.836535820785798, 19.238842976693455 ], [ 72.837482135670044, 19.238854162975255 ] ] ] } },
{ "type": "Feature", "properties": { "grid_id": "MUM_000468", "locality": "Goregaon West", "centroid_lat": 19.146258, "centroid_lon": 72.836316, "area_sqkm": 0.1149 }, "geometry": { "type": "Polygon", "coordinates": [ [ [ 72.841175896736544, 18.954373527315468 ], [ 72.841117777299672, 18.958889166726319 ], [ 72.844463910243334, 18.958928129066422 ], [ 72.842191947905647, 18.954385361883492 ], [ 72.841175896736544, 18.954373527315468 ] ] ] } },
{ "type": "Feature", "properties": { "grid_id": "MUM_000469", "locality": "Goregaon West", "centroid_lat": 19.150774, "centroid_lon": 72.836257, "area_sqkm": 0.2278 }, "geometry": { "type": "Polygon", "coordinates": [ [ [ 72.841117777299672, 18.958889166726319 ], [ 72.841059641398317, 18.963404803767727 ], [ 72.845805821432194, 18.963460062963669 ], [ 72.845828967574533, 18.961658408277163 ], [ 72.845, 18.96 ], [ 72.844463910243334, 18.958928129066422 ], [ 72.841117777299672, 18.958889166726319 ] ] ] } },
{ "type": "Feature", "properties": { "grid_id": "MUM_000470", "locality": "Goregaon West", "centroid_lat": 19.155289, "centroid_lon": 72.836198, "area_sqkm": 0.25 }, "geometry": { "type": "Polygon", "coordinates": [ [ [ 72.841059641398317, 18.963404803767727 ], [ 72.84100148903039, 18.967920438439172 ], [ 72.845747796664199, 18.967975711770602 ], [ 72.845805821432194, 18.963460062963669 ], [ 72.841059641398317, 18.963404803767727 ] ] ] } },
{ "type": "Feature", "properties": { "grid_id": "MUM_000471", "locality": "Goregaon West", "centroid_lat": 19.159805, "centroid_lon": 72.836139, "area_sqkm": 0.25 }, "geometry": { "type": "Polygon", "coordinates": [ [ [ 72.84100148903039, 18.967920438439172 ], [ 72.840943320193901, 18.972436070740184 ], [ 72.845689755463738, 18.972491358207833 ], [ 72.845747796664199, 18.967975711770602 ], [ 72.84100148903039, 18.967920438439172 ] ] ] } },
{ "type": "Feature", "properties": { "grid_id": "MUM_000472", "locality": "Goregaon West", "centroid_lat": 19.16432, "centroid_lon": 72.83608, "area_sqkm": 0.25 }, "geometry": { "type": "Polygon", "coordinates": [ [ [ 72.840943320193901, 18.972436070740184 ], [ 72.840885134886776, 18.976951700670252 ], [ 72.845631697828779, 18.977007002274856 ], [ 72.845689755463738, 18.972491358207833 ], [ 72.840943320193901, 18.972436070740184 ] ] ] } },
{ "type": "Feature", "properties": { "grid_id": "MUM_000473", "locality": "Goregaon West", "centroid_lat": 19.168836, "centroid_lon": 72.836021, "area_sqkm": 0.25 }, "geometry": { "type": "Polygon", "coordinates": [ [ [ 72.840885134886776, 18.976951700670252 ], [ 72.840826933106982, 18.981467328228877 ], [ 72.845573623757275, 18.981522643971179 ], [ 72.845631697828779, 18.977007002274856 ], [ 72.840885134886776, 18.976951700670252 ] ] ] } },
{ "type": "Feature", "properties": { "grid_id": "MUM_000474", "locality": "Malad West", "centroid_lat": 19.173351, "centroid_lon": 72.835962, "area_sqkm": 0.25 }, "geometry": { "type": "Polygon", "coordinates": [ [ [ 72.840826933106982, 18.981467328228877 ], [ 72.840768714852487, 18.985982953415579 ], [ 72.845515533247195, 18.986038283296303 ], [ 72.845573623757275, 18.981522643971179 ], [ 72.840826933106982, 18.981467328228877 ] ] ] } },
{ "type": "Feature", "properties": { "grid_id": "MUM_000475", "locality": "Malad West", "centroid_lat": 19.177867, "centroid_lon": 72.835903, "area_sqkm": 0.25 }, "geometry": { "type": "Polygon", "coordinates": [ [ [ 72.840768714852487, 18.985982953415579 ], [ 72.840710480121231, 18.99049857622985 ], [ 72.845457426296491, 18.990553920249727 ], [ 72.845515533247195, 18.986038283296303 ], [ 72.840768714852487, 18.985982953415579 ] ] ] } },
{ "type": "Feature", "properties": { "grid_id": "MUM_000476", "locality": "Malad West", "centroid_lat": 19.182382, "centroid_lon": 72.835844, "area_sqkm": 0.25 }, "geometry": { "type": "Polygon", "coordinates": [ [ [ 72.840710480121231, 18.99049857622985 ], [ 72.840652228911196, 18.995014196671185 ], [ 72.845399302903147, 18.995069554830973 ], [ 72.845457426296491, 18.990553920249727 ], [ 72.840710480121231, 18.99049857622985 ] ] ] } },
{ "type": "Feature", "properties": { "grid_id": "MUM_000477", "locality": "Malad West", "centroid_lat": 19.186898, "centroid_lon": 72.835785, "area_sqkm": 0.25 }, "geometry": { "type": "Polygon", "coordinates": [ [ [ 72.840652228911196, 18.995014196671185 ], [ 72.840593961220335, 18.999529814739109 ], [ 72.845341163065115, 18.999585187039521 ], [ 72.845399302903147, 18.995069554830973 ], [ 72.840652228911196, 18.995014196671185 ] ] ] } },
{ "type": "Feature", "properties": { "grid_id": "MUM_000478", "locality": "Malad West", "centroid_lat": 19.191413, "centroid_lon": 72.835726, "area_sqkm": 0.25 }, "geometry": { "type": "Polygon", "coordinates": [ [ [ 72.840593961220335, 18.999529814739109 ], [ 72.840535677046574, 19.004045430433116 ], [ 72.845283006780349, 19.004100816874896 ], [ 72.845341163065115, 18.999585187039521 ], [ 72.840593961220335, 18.999529814739109 ] ] ] } },
{ "type": "Feature", "properties": { "grid_id": "MUM_000479", "locality": "Malad West", "centroid_lat": 19.195929, "centroid_lon": 72.835667, "area_sqkm": 0.25 }, "geometry": { "type": "Polygon", "coordinates": [ [ [ 72.840535677046574, 19.004045430433116 ], [ 72.840477376387895, 19.0085610437527 ], [ 72.845224834046803, 19.008616444336585 ], [ 72.845283006780349, 19.004100816874896 ], [ 72.840535677046574, 19.004045430433116 ] ] ] } },
{ "type": "Feature", "properties": { "grid_id": "MUM_000480", "locality": "Kandivali West", "centroid_lat": 19.200444, "centroid_lon": 72.835608, "area_sqkm": 0.25 }, "geometry": { "type": "Polygon", "coordinates": [ [ [ 72.840477376387895, 19.0085610437527 ], [ 72.840419059242265, 19.013076654697375 ], [ 72.845166644862459, 19.013132069424106 ], [ 72.845224834046803, 19.008616444336585 ], [ 72.840477376387895, 19.0085610437527 ] ] ] } },
{ "type": "Feature", "properties": { "grid_id": "MUM_000481", "locality": "Kandivali West", "centroid_lat": 19.20496, "centroid_lon": 72.835549, "area_sqkm": 0.25 }, "geometry": { "type": "Polygon", "coordinates": [ [ [ 72.840419059242265, 19.013076654697375 ], [ 72.84036072560761, 19.017592263266653 ], [ 72.845108439225257, 19.017647692136965 ], [ 72.845166644862459, 19.013132069424106 ], [ 72.840419059242265, 19.013076654697375 ] ] ] } },
{ "type": "Feature", "properties": { "grid_id": "MUM_000482", "locality": "Kandivali West", "centroid_lat": 19.209475, "centroid_lon": 72.83549, "area_sqkm": 0.25 }, "geometry": { "type": "Polygon", "coordinates": [ [ [ 72.84036072560761, 19.017592263266653 ], [ 72.840302375481897, 19.022107869460019 ], [ 72.845050217133164, 19.02216331247465 ], [ 72.845108439225257, 19.017647692136965 ], [ 72.84036072560761, 19.017592263266653 ] ] ] } },
{ "type": "Feature", "properties": { "grid_id": "MUM_000483", "locality": "Kandivali West", "centroid_lat": 19.213991, "centroid_lon": 72.835431, "area_sqkm": 0.25 }, "geometry": { "type": "Polygon", "coordinates": [ [ [ 72.840302375481897, 19.022107869460019 ], [ 72.840244008863081, 19.026623473276999 ], [ 72.844991978584133, 19.026678930436685 ], [ 72.845050217133164, 19.02216331247465 ], [ 72.840302375481897, 19.022107869460019 ] ] ] } },
{ "type": "Feature", "properties": { "grid_id": "MUM_000484", "locality": "Kandivali West", "centroid_lat": 19.218506, "centroid_lon": 72.835371, "area_sqkm": 0.25 }, "geometry": { "type": "Polygon", "coordinates": [ [ [ 72.840244008863081, 19.026623473276999 ], [ 72.8401856257491, 19.031139074717085 ], [ 72.844933723576119, 19.031194546022558 ], [ 72.844991978584133, 19.026678930436685 ], [ 72.840244008863081, 19.026623473276999 ] ] ] } },
{ "type": "Feature", "properties": { "grid_id": "MUM_000485", "locality": "Kandivali West", "centroid_lat": 19.223022, "centroid_lon": 72.835312, "area_sqkm": 0.25 }, "geometry": { "type": "Polygon", "coordinates": [ [ [ 72.8401856257491, 19.031139074717085 ], [ 72.840127226137923, 19.035654673779774 ], [ 72.844875452107075, 19.035710159231783 ], [ 72.844933723576119, 19.031194546022558 ], [ 72.8401856257491, 19.031139074717085 ] ] ] } },
{ "type": "Feature", "properties": { "grid_id": "MUM_000486", "locality": "Kandivali West", "centroid_lat": 19.227537, "centroid_lon": 72.835254, "area_sqkm": 0.25 }, "geometry": { "type": "Polygon", "coordinates": [ [ [ 72.840127226137923, 19.035654673779774 ], [ 72.840068810027489, 19.040170270464586 ], [ 72.84481716417497, 19.040225770063859 ], [ 72.844875452107075, 19.035710159231783 ], [ 72.840127226137923, 19.035654673779774 ] ] ] } },
{ "type": "Feature", "properties": { "grid_id": "MUM_000487", "locality": "Kandivali West", "centroid_lat": 19.231871, "centroid_lon": 72.835656, "area_sqkm": 0.25 }, "geometry": { "type": "Polygon", "coordinates": [ [ [ 72.840068810027489, 19.040170270464586 ], [ 72.840010377415766, 19.044685864771015 ], [ 72.844758859777741, 19.0447413785183 ], [ 72.84481716417497, 19.040225770063859 ], [ 72.840068810027489, 19.040170270464586 ] ] ] } },
{ "type": "Feature", "properties": { "grid_id": "MUM_000488", "locality": "Kandivali West", "centroid_lat": 19.23621, "centroid_lon": 72.836497, "area_sqkm": 0.25 }, "geometry": { "type": "Polygon", "coordinates": [ [ [ 72.840010377415766, 19.044685864771015 ], [ 72.839951928300664, 19.049201456698572 ], [ 72.844700538913358, 19.049256984594596 ], [ 72.844758859777741, 19.0447413785183 ], [ 72.840010377415766, 19.044685864771015 ] ] ] } },
{ "type": "Feature", "properties": { "grid_id": "MUM_000489", "locality": "Mumbai Central", "centroid_lat": null, "centroid_lon": null, "area_sqkm": 0.25 }, "geometry": { "type": "Polygon", "coordinates": [ [ [ 72.839951928300664, 19.049201456698572 ], [ 72.839893462680166, 19.053717046246753 ], [ 72.844642201579759, 19.053772588292262 ], [ 72.844700538913358, 19.049256984594596 ], [ 72.839951928300664, 19.049201456698572 ] ] ] } },
{ "type": "Feature", "properties": { "grid_id": "MUM_000490", "locality": "Mumbai Central", "centroid_lat": null, "centroid_lon": null, "area_sqkm": 0.25 }, "geometry": { "type": "Polygon", "coordinates": [ [ [ 72.839893462680166, 19.053717046246753 ], [ 72.839834980552212, 19.058232633415077 ], [ 72.844583847774913, 19.058288189610813 ], [ 72.844642201579759, 19.053772588292262 ], [ 72.839893462680166, 19.053717046246753 ] ] ] } },
{ "type": "Feature", "properties": { "grid_id": "MUM_000491", "locality": "Marine Lines / Kalbadevi", "centroid_lat": 18.957047, "centroid_lon": 72.842336, "area_sqkm": 0.25 }, "geometry": { "type": "Polygon", "coordinates": [ [ [ 72.839834980552212, 19.058232633415077 ], [ 72.839776481914754, 19.062748218203023 ], [ 72.844525477496759, 19.062803788549722 ], [ 72.844583847774913, 19.058288189610813 ], [ 72.839834980552212, 19.058232633415077 ] ] ] } },
{ "type": "Feature", "properties": { "grid_id": "MUM_000492", "locality": "Marine Lines / Kalbadevi", "centroid_lat": 18.961304, "centroid_lon": 72.843275, "area_sqkm": 0.25 }, "geometry": { "type": "Polygon", "coordinates": [ [ [ 72.839776481914754, 19.062748218203023 ], [ 72.839717966765718, 19.067263800610128 ], [ 72.844467090743237, 19.067319385108519 ], [ 72.844525477496759, 19.062803788549722 ], [ 72.839776481914754, 19.062748218203023 ] ] ] } },
{ "type": "Feature", "properties": { "grid_id": "MUM_000493", "locality": "Marine Lines / Kalbadevi", "centroid_lat": 18.96569, "centroid_lon": 72.843404, "area_sqkm": 0.25 }, "geometry": { "type": "Polygon", "coordinates": [ [ [ 72.839717966765718, 19.067263800610128 ], [ 72.839659435103059, 19.071779380635874 ], [ 72.844408687512313, 19.071834979286717 ], [ 72.844467090743237, 19.067319385108519 ], [ 72.839717966765718, 19.067263800610128 ] ] ] } },
{ "type": "Feature", "properties": { "grid_id": "MUM_000494", "locality": "Marine Lines / Kalbadevi", "centroid_lat": 18.970206, "centroid_lon": 72.843346, "area_sqkm": 0.25 }, "geometry": { "type": "Polygon", "coordinates": [ [ [ 72.839659435103059, 19.071779380635874 ], [ 72.839600886924742, 19.076294958279767 ], [ 72.844350267801943, 19.076350571083793 ], [ 72.844408687512313, 19.071834979286717 ], [ 72.839659435103059, 19.071779380635874 ] ] ] } },
{ "type": "Feature", "properties": { "grid_id": "MUM_000495", "locality": "Marine Lines / Kalbadevi", "centroid_lat": 18.974722, "centroid_lon": 72.843287, "area_sqkm": 0.25 }, "geometry": { "type": "Polygon", "coordinates": [ [ [ 72.839600886924742, 19.076294958279767 ], [ 72.839542322228681, 19.080810533541328 ], [ 72.844291831610064, 19.080866160499269 ], [ 72.844350267801943, 19.076350571083793 ], [ 72.839600886924742, 19.076294958279767 ] ] ] } },
{ "type": "Feature", "properties": { "grid_id": "MUM_000496", "locality": "Dadar East / Hindmata", "centroid_lat": 18.979237, "centroid_lon": 72.843229, "area_sqkm": 0.25 }, "geometry": { "type": "Polygon", "coordinates": [ [ [ 72.839542322228681, 19.080810533541328 ], [ 72.839483741012828, 19.085326106420045 ], [ 72.844233378934618, 19.085381747532654 ], [ 72.844291831610064, 19.080866160499269 ], [ 72.839542322228681, 19.080810533541328 ] ] ] } },
{ "type": "Feature", "properties": { "grid_id": "MUM_000497", "locality": "Dadar East / Hindmata", "centroid_lat": 18.983753, "centroid_lon": 72.843171, "area_sqkm": 0.25 }, "geometry": { "type": "Polygon", "coordinates": [ [ [ 72.839483741012828, 19.085326106420045 ], [ 72.83942514327515, 19.08984167691543 ], [ 72.844174909773571, 19.08989733218344 ], [ 72.844233378934618, 19.085381747532654 ], [ 72.839483741012828, 19.085326106420045 ] ] ] } },
{ "type": "Feature", "properties": { "grid_id": "MUM_000498", "locality": "Dadar East / Hindmata", "centroid_lat": 18.988268, "centroid_lon": 72.843113, "area_sqkm": 0.25 }, "geometry": { "type": "Polygon", "coordinates": [ [ [ 72.83942514327515, 19.08984167691543 ], [ 72.83936652901356, 19.094357245026984 ], [ 72.844116424124863, 19.094412914451137 ], [ 72.844174909773571, 19.08989733218344 ], [ 72.83942514327515, 19.08984167691543 ] ] ] } },
{ "type": "Feature", "properties": { "grid_id": "MUM_000499", "locality": "Dadar East / Hindmata", "centroid_lat": 18.992784, "centroid_lon": 72.843055, "area_sqkm": 0.25 }, "geometry": { "type": "Polygon", "coordinates": [ [ [ 72.83936652901356, 19.094357245026984 ], [ 72.839307898226011, 19.098872810754216 ], [ 72.844057921986433, 19.098928494335254 ], [ 72.844116424124863, 19.094412914451137 ], [ 72.83936652901356, 19.094357245026984 ] ] ] } },
{ "type": "Feature", "properties": { "grid_id": "MUM_000500", "locality": "Dadar East / Hindmata", "centroid_lat": 18.9973, "centroid_lon": 72.842997, "area_sqkm": 0.25 }, "geometry": { "type": "Polygon", "coordinates": [ [ [ 72.839307898226011, 19.098872810754216 ], [ 72.839249250910441, 19.103388374096639 ], [ 72.843999403356207, 19.103444071835298 ], [ 72.844057921986433, 19.098928494335254 ], [ 72.839307898226011, 19.098872810754216 ] ] ] } },
{ "type": "Feature", "properties": { "grid_id": "MUM_000501", "locality": "Dadar East / Hindmata", "centroid_lat": 19.001815, "centroid_lon": 72.842938, "area_sqkm": 0.25 }, "geometry": { "type": "Polygon", "coordinates": [ [ [ 72.839249250910441, 19.103388374096639 ], [ 72.839190587064792, 19.107903935053738 ], [ 72.843940868232167, 19.107959646950768 ], [ 72.843999403356207, 19.103444071835298 ], [ 72.839249250910441, 19.103388374096639 ] ] ] } },
{ "type": "Feature", "properties": { "grid_id": "MUM_000502", "locality": "Dadar East / Hindmata", "centroid_lat": 19.006331, "centroid_lon": 72.84288, "area_sqkm": 0.25 }, "geometry": { "type": "Polygon", "coordinates": [ [ [ 72.839190587064792, 19.107903935053738 ], [ 72.839131906686987, 19.112419493625026 ], [ 72.843882316612252, 19.112475219681173 ], [ 72.843940868232167, 19.107959646950768 ], [ 72.839190587064792, 19.107903935053738 ] ] ] } },
{ "type": "Feature", "properties": { "grid_id": "MUM_000503", "locality": "Dadar East / Hindmata", "centroid_lat": 19.010847, "centroid_lon": 72.842822, "area_sqkm": 0.25 }, "geometry": { "type": "Polygon", "coordinates": [ [ [ 72.839131906686987, 19.112419493625026 ], [ 72.839073209774995, 19.116935049810017 ], [ 72.843823748494387, 19.116990790026012 ], [ 72.843882316612252, 19.112475219681173 ], [ 72.839131906686987, 19.112419493625026 ] ] ] } },
{ "type": "Feature", "properties": { "grid_id": "MUM_000504", "locality": "Dadar East / Hindmata", "centroid_lat": 19.015362, "centroid_lon": 72.842764, "area_sqkm": 0.25 }, "geometry": { "type": "Polygon", "coordinates": [ [ [ 72.839073209774995, 19.116935049810017 ], [ 72.83901449632674, 19.121450603608213 ], [ 72.843765163876512, 19.121506357984806 ], [ 72.843823748494387, 19.116990790026012 ], [ 72.839073209774995, 19.116935049810017 ] ] ] } },
{ "type": "Feature", "properties": { "grid_id": "MUM_000505", "locality": "Dadar East / Hindmata", "centroid_lat": 19.019878, "centroid_lon": 72.842705, "area_sqkm": 0.25 }, "geometry": { "type": "Polygon", "coordinates": [ [ [ 72.83901449632674, 19.121450603608213 ], [ 72.838955766340149, 19.12596615501911 ], [ 72.843706562756594, 19.126021923557037 ], [ 72.843765163876512, 19.121506357984806 ], [ 72.83901449632674, 19.121450603608213 ] ] ] } },
{ "type": "Feature", "properties": { "grid_id": "MUM_000506", "locality": "Dadar East / Hindmata", "centroid_lat": 19.024393, "centroid_lon": 72.842647, "area_sqkm": 0.25 }, "geometry": { "type": "Polygon", "coordinates": [ [ [ 72.838955766340149, 19.12596615501911 ], [ 72.83889701981316, 19.130481704042221 ], [ 72.843647945132545, 19.130537486742231 ], [ 72.843706562756594, 19.126021923557037 ], [ 72.838955766340149, 19.12596615501911 ] ] ] } },
{ "type": "Feature", "properties": { "grid_id": "MUM_000507", "locality": "Dadar East / Hindmata", "centroid_lat": 19.028909, "centroid_lon": 72.842589, "area_sqkm": 0.25 }, "geometry": { "type": "Polygon", "coordinates": [ [ [ 72.83889701981316, 19.130481704042221 ], [ 72.838838256743728, 19.134997250677053 ], [ 72.843589311002319, 19.135053047539891 ], [ 72.843647945132545, 19.130537486742231 ], [ 72.83889701981316, 19.130481704042221 ] ] ] } },
{ "type": "Feature", "properties": { "grid_id": "MUM_000508", "locality": "Dharavi / Mahim", "centroid_lat": 19.033425, "centroid_lon": 72.842531, "area_sqkm": 0.25 }, "geometry": { "type": "Polygon", "coordinates": [ [ [ 72.838838256743728, 19.134997250677053 ], [ 72.838779477129776, 19.139512794923107 ], [ 72.843530660363868, 19.139568605949503 ], [ 72.843589311002319, 19.135053047539891 ], [ 72.838838256743728, 19.134997250677053 ] ] ] } },
{ "type": "Feature", "properties": { "grid_id": "MUM_000509", "locality": "Dharavi / Mahim", "centroid_lat": 19.03794, "centroid_lon": 72.842472, "area_sqkm": 0.25 }, "geometry": { "type": "Polygon", "coordinates": [ [ [ 72.838779477129776, 19.139512794923107 ], [ 72.838720680969232, 19.14402833677989 ], [ 72.843471993215104, 19.144084161970596 ], [ 72.843530660363868, 19.139568605949503 ], [ 72.838779477129776, 19.139512794923107 ] ] ] } },
{ "type": "Feature", "properties": { "grid_id": "MUM_000510", "locality": "Dharavi / Mahim", "centroid_lat": 19.042456, "centroid_lon": 72.842414, "area_sqkm": 0.25 }, "geometry": { "type": "Polygon", "coordinates": [ [ [ 72.838720680969232, 19.14402833677989 ], [ 72.838661868260033, 19.148543876246908 ], [ 72.843413309553981, 19.148599715602668 ], [ 72.843471993215104, 19.144084161970596 ], [ 72.838720680969232, 19.14402833677989 ] ] ] } },
{ "type": "Feature", "properties": { "grid_id": "MUM_000511", "locality": "Dharavi / Mahim", "centroid_lat": 19.046971, "centroid_lon": 72.842355, "area_sqkm": 0.25 }, "geometry": { "type": "Polygon", "coordinates": [ [ [ 72.838661868260033, 19.148543876246908 ], [ 72.838603039000091, 19.153059413323668 ], [ 72.843354609378423, 19.153115266845216 ], [ 72.843413309553981, 19.148599715602668 ], [ 72.838661868260033, 19.148543876246908 ] ] ] } },
{ "type": "Feature", "properties": { "grid_id": "MUM_000512", "locality": "Dharavi / Mahim", "centroid_lat": 19.051487, "centroid_lon": 72.842297, "area_sqkm": 0.25 }, "geometry": { "type": "Polygon", "coordinates": [ [ [ 72.838603039000091, 19.153059413323668 ], [ 72.838544193187388, 19.157574948009664 ], [ 72.843295892686385, 19.157630815697765 ], [ 72.843354609378423, 19.153115266845216 ], [ 72.838603039000091, 19.153059413323668 ] ] ] } },
{ "type": "Feature", "properties": { "grid_id": "MUM_000513", "locality": "Bandra West", "centroid_lat": 19.056003, "centroid_lon": 72.842239, "area_sqkm": 0.25 }, "geometry": { "type": "Polygon", "coordinates": [ [ [ 72.838544193187388, 19.157574948009664 ], [ 72.838485330819822, 19.162090480304418 ], [ 72.843237159475791, 19.162146362159799 ], [ 72.843295892686385, 19.157630815697765 ], [ 72.838544193187388, 19.157574948009664 ] ] ] } },
{ "type": "Feature", "properties": { "grid_id": "MUM_000514", "locality": "Bandra West", "centroid_lat": 19.060518, "centroid_lon": 72.84218, "area_sqkm": 0.25 }, "geometry": { "type": "Polygon", "coordinates": [ [ [ 72.838485330819822, 19.162090480304418 ], [ 72.838426451895344, 19.166606010207431 ], [ 72.843178409744596, 19.166661906230836 ], [ 72.843237159475791, 19.162146362159799 ], [ 72.838485330819822, 19.162090480304418 ] ] ] } },
{ "type": "Feature", "properties": { "grid_id": "MUM_000515", "locality": "Bandra West", "centroid_lat": 19.065034, "centroid_lon": 72.842122, "area_sqkm": 0.25 }, "geometry": { "type": "Polygon", "coordinates": [ [ [ 72.838426451895344, 19.166606010207431 ], [ 72.838367556411853, 19.1711215377182 ], [ 72.843119643490709, 19.171177447910384 ], [ 72.843178409744596, 19.166661906230836 ], [ 72.838426451895344, 19.166606010207431 ] ] ] } },
{ "type": "Feature", "properties": { "grid_id": "MUM_000516", "locality": "Santacruz / Milan Subway", "centroid_lat": 19.069549, "centroid_lon": 72.842063, "area_sqkm": 0.25 }, "geometry": { "type": "Polygon", "coordinates": [ [ [ 72.838367556411853, 19.1711215377182 ], [ 72.838308644367288, 19.175637062836238 ], [ 72.843060860712058, 19.175692987197948 ], [ 72.843119643490709, 19.171177447910384 ], [ 72.838367556411853, 19.1711215377182 ] ] ] } },
{ "type": "Feature", "properties": { "grid_id": "MUM_000517", "locality": "Santacruz / Milan Subway", "centroid_lat": 19.074065, "centroid_lon": 72.842005, "area_sqkm": 0.25 }, "geometry": { "type": "Polygon", "coordinates": [ [ [ 72.838308644367288, 19.175637062836238 ], [ 72.838249715759588, 19.180152585561046 ], [ 72.843002061406608, 19.180208524093022 ], [ 72.843060860712058, 19.175692987197948 ], [ 72.838308644367288, 19.175637062836238 ] ] ] } },
{ "type": "Feature", "properties": { "grid_id": "MUM_000518", "locality": "Santacruz / Milan Subway", "centroid_lat": 19.078581, "centroid_lon": 72.841946, "area_sqkm": 0.25 }, "geometry": { "type": "Polygon", "coordinates": [ [ [ 72.838249715759588, 19.180152585561046 ], [ 72.838190770586692, 19.184668105892143 ], [ 72.842943245572272, 19.184724058595133 ], [ 72.843002061406608, 19.180208524093022 ], [ 72.838249715759588, 19.180152585561046 ] ] ] } },
{ "type": "Feature", "properties": { "grid_id": "MUM_000519", "locality": "Santacruz / Milan Subway", "centroid_lat": 19.083096, "centroid_lon": 72.841888, "area_sqkm": 0.25 }, "geometry": { "type": "Polygon", "coordinates": [ [ [ 72.838190770586692, 19.184668105892143 ], [ 72.838131808846498, 19.189183623829024 ], [ 72.842884413206974, 19.189239590703764 ], [ 72.842943245572272, 19.184724058595133 ], [ 72.838190770586692, 19.184668105892143 ] ] ] } },
{ "type": "Feature", "properties": { "grid_id": "MUM_000520", "locality": "Santacruz / Milan Subway", "centroid_lat": 19.087612, "centroid_lon": 72.841829, "area_sqkm": 0.25 }, "geometry": { "type": "Polygon", "coordinates": [ [ [ 72.838131808846498, 19.189183623829024 ], [ 72.838072830536944, 19.193699139371187 ], [ 72.842825564308669, 19.193755120418437 ], [ 72.842884413206974, 19.189239590703764 ], [ 72.838131808846498, 19.189183623829024 ] ] ] } },
{ "type": "Feature", "properties": { "grid_id": "MUM_000521", "locality": "Santacruz / Milan Subway", "centroid_lat": 19.092127, "centroid_lon": 72.841771, "area_sqkm": 0.25 }, "geometry": { "type": "Polygon", "coordinates": [ [ [ 72.838072830536944, 19.193699139371187 ], [ 72.838013835655957, 19.198214652518161 ], [ 72.842766698875266, 19.198270647738653 ], [ 72.842825564308669, 19.193755120418437 ], [ 72.838072830536944, 19.193699139371187 ] ] ] } },
{ "type": "Feature", "properties": { "grid_id": "MUM_000522", "locality": "Santacruz / Milan Subway", "centroid_lat": 19.096643, "centroid_lon": 72.841712, "area_sqkm": 0.25 }, "geometry": { "type": "Polygon", "coordinates": [ [ [ 72.838013835655957, 19.198214652518161 ], [ 72.837954824201475, 19.202730163269432 ], [ 72.842707816904706, 19.20278617266392 ], [ 72.842766698875266, 19.198270647738653 ], [ 72.838013835655957, 19.198214652518161 ] ] ] } },
{ "type": "Feature", "properties": { "grid_id": "MUM_000523", "locality": "Santacruz / Milan Subway", "centroid_lat": 19.101158, "centroid_lon": 72.841654, "area_sqkm": 0.25 }, "geometry": { "type": "Polygon", "coordinates": [ [ [ 72.837954824201475, 19.202730163269432 ], [ 72.837895796171409, 19.207245671624513 ], [ 72.842648918394914, 19.207301695193742 ], [ 72.842707816904706, 19.20278617266392 ], [ 72.837954824201475, 19.202730163269432 ] ] ] } },
{ "type": "Feature", "properties": { "grid_id": "MUM_000524", "locality": "Andheri Subway / West", "centroid_lat": 19.105674, "centroid_lon": 72.841595, "area_sqkm": 0.25 }, "geometry": { "type": "Polygon", "coordinates": [ [ [ 72.837895796171409, 19.207245671624513 ], [ 72.837836751563671, 19.211761177582908 ], [ 72.842590003343801, 19.211817215327628 ], [ 72.842648918394914, 19.207301695193742 ], [ 72.837895796171409, 19.207245671624513 ] ] ] } },
{ "type": "Feature", "properties": { "grid_id": "MUM_000525", "locality": "Andheri Subway / West", "centroid_lat": 19.11019, "centroid_lon": 72.841536, "area_sqkm": 0.25 }, "geometry": { "type": "Polygon", "coordinates": [ [ [ 72.837836751563671, 19.211761177582908 ], [ 72.8377776903762, 19.216276681144123 ], [ 72.84253107174932, 19.21633273306508 ], [ 72.842590003343801, 19.211817215327628 ], [ 72.837836751563671, 19.211761177582908 ] ] ] } },
{ "type": "Feature", "properties": { "grid_id": "MUM_000526", "locality": "Andheri Subway / West", "centroid_lat": 19.114705, "centroid_lon": 72.841478, "area_sqkm": 0.25 }, "geometry": { "type": "Polygon", "coordinates": [ [ [ 72.8377776903762, 19.216276681144123 ], [ 72.83771861260692, 19.220792182307662 ], [ 72.842472123609397, 19.220848248405606 ], [ 72.84253107174932, 19.21633273306508 ], [ 72.8377776903762, 19.216276681144123 ] ] ] } },
{ "type": "Feature", "properties": { "grid_id": "MUM_000527", "locality": "Andheri Subway / West", "centroid_lat": 19.119221, "centroid_lon": 72.841419, "area_sqkm": 0.25 }, "geometry": { "type": "Polygon", "coordinates": [ [ [ 72.83771861260692, 19.220792182307662 ], [ 72.837659518253744, 19.225307681073044 ], [ 72.842413158921943, 19.225363761348717 ], [ 72.842472123609397, 19.220848248405606 ], [ 72.83771861260692, 19.220792182307662 ] ] ] } },
{ "type": "Feature", "properties": { "grid_id": "MUM_000528", "locality": "Andheri Subway / West", "centroid_lat": 19.123736, "centroid_lon": 72.84136, "area_sqkm": 0.25 }, "geometry": { "type": "Polygon", "coordinates": [ [ [ 72.837659518253744, 19.225307681073044 ], [ 72.837600407314596, 19.229823177439769 ], [ 72.842354177684882, 19.229879271893918 ], [ 72.842413158921943, 19.225363761348717 ], [ 72.837659518253744, 19.225307681073044 ] ] ] } },
{ "type": "Feature", "properties": { "grid_id": "MUM_000529", "locality": "Andheri Subway / West", "centroid_lat": 19.128252, "centroid_lon": 72.841302, "area_sqkm": 0.25 }, "geometry": { "type": "Polygon", "coordinates": [ [ [ 72.837600407314596, 19.229823177439769 ], [ 72.837541279787388, 19.234338671407329 ], [ 72.842295179896155, 19.234394780040709 ], [ 72.842354177684882, 19.229879271893918 ], [ 72.837600407314596, 19.229823177439769 ] ] ] } },
{ "type": "Feature", "properties": { "grid_id": "MUM_000530", "locality": "Andheri Subway / West", "centroid_lat": 19.132767, "centroid_lon": 72.841243, "area_sqkm": 0.25 }, "geometry": { "type": "Polygon", "coordinates": [ [ [ 72.837541279787388, 19.234338671407329 ], [ 72.837482135670044, 19.238854162975255 ], [ 72.842236165553672, 19.238910285788609 ], [ 72.842295179896155, 19.234394780040709 ], [ 72.837541279787388, 19.234338671407329 ] ] ] } },
{ "type": "Feature", "properties": { "grid_id": "MUM_000531", "locality": "Jogeshwari / JVLR", "centroid_lat": 19.137283, "centroid_lon": 72.841184, "area_sqkm": 0.2379 }, "geometry": { "type": "Polygon", "coordinates": [ [ [ 72.842177134655373, 19.243425789137113 ], [ 72.842236165553672, 19.238910285788609 ], [ 72.837482135670044, 19.238854162975255 ], [ 72.837452268367898, 19.241133967646832 ], [ 72.838351002404508, 19.24338061996994 ], [ 72.842177134655373, 19.243425789137113 ] ] ] } },
{ "type": "Feature", "properties": { "grid_id": "MUM_000532", "locality": "Jogeshwari / JVLR", "centroid_lat": 19.141798, "centroid_lon": 72.841126, "area_sqkm": 0.1519 }, "geometry": { "type": "Polygon", "coordinates": [ [ [ 72.84211808719914, 19.247941290085731 ], [ 72.842177134655373, 19.243425789137113 ], [ 72.838351002404508, 19.24338061996994 ], [ 72.840166272386739, 19.247918252864917 ], [ 72.84211808719914, 19.247941290085731 ] ] ] } },
{ "type": "Feature", "properties": { "grid_id": "MUM_000533", "locality": "Goregaon West", "centroid_lat": 19.146314, "centroid_lon": 72.841067, "area_sqkm": 0.0534 }, "geometry": { "type": "Polygon", "coordinates": [ [ [ 72.842059023182941, 19.252456788633971 ], [ 72.84211808719914, 19.247941290085731 ], [ 72.840166272386739, 19.247918252864917 ], [ 72.84198163077221, 19.252455875364134 ], [ 72.842059023182941, 19.252456788633971 ] ] ] } },
{ "type": "Feature", "properties": { "grid_id": "MUM_000534", "locality": "Goregaon West", "centroid_lat": 19.15083, "centroid_lon": 72.841008, "area_sqkm": 0.1103 }, "geometry": { "type": "Polygon", "coordinates": [ [ [ 72.845805821432194, 18.963460062963669 ], [ 72.845747796664199, 18.967975711770602 ], [ 72.849005798231346, 18.968013582571253 ], [ 72.846734956698697, 18.963470866540391 ], [ 72.845805821432194, 18.963460062963669 ] ] ] } },
{ "type": "Feature", "properties": { "grid_id": "MUM_000535", "locality": "Goregaon West", "centroid_lat": 19.155345, "centroid_lon": 72.840949, "area_sqkm": 0.225 }, "geometry": { "type": "Polygon", "coordinates": [ [ [ 72.845747796664199, 18.967975711770602 ], [ 72.845689755463738, 18.972491358207833 ], [ 72.850436207168102, 18.972546524209147 ], [ 72.850457111109748, 18.970916741041105 ], [ 72.849005798231346, 18.968013582571253 ], [ 72.845747796664199, 18.967975711770602 ] ] ] } },
{ "type": "Feature", "properties": { "grid_id": "MUM_000536", "locality": "Goregaon West", "centroid_lat": 19.159861, "centroid_lon": 72.840891, "area_sqkm": 0.25 }, "geometry": { "type": "Polygon", "coordinates": [ [ [ 72.845689755463738, 18.972491358207833 ], [ 72.845631697828779, 18.977007002274856 ], [ 72.850378277207327, 18.97706218238207 ], [ 72.850436207168102, 18.972546524209147 ], [ 72.845689755463738, 18.972491358207833 ] ] ] } },
{ "type": "Feature", "properties": { "grid_id": "MUM_000537", "locality": "Goregaon West", "centroid_lat": 19.164376, "centroid_lon": 72.840832, "area_sqkm": 0.25 }, "geometry": { "type": "Polygon", "coordinates": [ [ [ 72.845631697828779, 18.977007002274856 ], [ 72.845573623757275, 18.981522643971179 ], [ 72.850320330846145, 18.981577838185025 ], [ 72.850378277207327, 18.97706218238207 ], [ 72.845631697828779, 18.977007002274856 ] ] ] } },
{ "type": "Feature", "properties": { "grid_id": "MUM_000538", "locality": "Goregaon West", "centroid_lat": 19.168892, "centroid_lon": 72.840773, "area_sqkm": 0.25 }, "geometry": { "type": "Polygon", "coordinates": [ [ [ 72.845573623757275, 18.981522643971179 ], [ 72.845515533247195, 18.986038283296303 ], [ 72.850262368082525, 18.986093491617524 ], [ 72.850320330846145, 18.981577838185025 ], [ 72.845573623757275, 18.981522643971179 ] ] ] } },
{ "type": "Feature", "properties": { "grid_id": "MUM_000539", "locality": "Goregaon West", "centroid_lat": 19.173407, "centroid_lon": 72.840714, "area_sqkm": 0.25 }, "geometry": { "type": "Polygon", "coordinates": [ [ [ 72.845515533247195, 18.986038283296303 ], [ 72.845457426296491, 18.990553920249727 ], [ 72.85020438891442, 18.990609142679059 ], [ 72.850262368082525, 18.986093491617524 ], [ 72.845515533247195, 18.986038283296303 ] ] ] } },
{ "type": "Feature", "properties": { "grid_id": "MUM_000540", "locality": "Malad West", "centroid_lat": 19.177923, "centroid_lon": 72.840655, "area_sqkm": 0.25 }, "geometry": { "type": "Polygon", "coordinates": [ [ [ 72.845457426296491, 18.990553920249727 ], [ 72.845399302903147, 18.995069554830973 ], [ 72.850146393339799, 18.995124791369143 ], [ 72.85020438891442, 18.990609142679059 ], [ 72.845457426296491, 18.990553920249727 ] ] ] } },
{ "type": "Feature", "properties": { "grid_id": "MUM_000541", "locality": "Malad West", "centroid_lat": 19.182438, "centroid_lon": 72.840596, "area_sqkm": 0.25 }, "geometry": { "type": "Polygon", "coordinates": [ [ [ 72.845399302903147, 18.995069554830973 ], [ 72.845341163065115, 18.999585187039521 ], [ 72.850088381356642, 18.999640437687269 ], [ 72.850146393339799, 18.995124791369143 ], [ 72.845399302903147, 18.995069554830973 ] ] ] } },
{ "type": "Feature", "properties": { "grid_id": "MUM_000542", "locality": "Malad West", "centroid_lat": 19.186954, "centroid_lon": 72.840538, "area_sqkm": 0.25 }, "geometry": { "type": "Polygon", "coordinates": [ [ [ 72.845341163065115, 18.999585187039521 ], [ 72.845283006780349, 19.004100816874896 ], [ 72.850030352962889, 19.004156081632956 ], [ 72.850088381356642, 18.999640437687269 ], [ 72.845341163065115, 18.999585187039521 ] ] ] } },
{ "type": "Feature", "properties": { "grid_id": "MUM_000543", "locality": "Malad West", "centroid_lat": 19.191469, "centroid_lon": 72.840479, "area_sqkm": 0.25 }, "geometry": { "type": "Polygon", "coordinates": [ [ [ 72.845283006780349, 19.004100816874896 ], [ 72.845224834046803, 19.008616444336585 ], [ 72.849972308156524, 19.008671723205694 ], [ 72.850030352962889, 19.004156081632956 ], [ 72.845283006780349, 19.004100816874896 ] ] ] } },
{ "type": "Feature", "properties": { "grid_id": "MUM_000544", "locality": "Malad West", "centroid_lat": 19.195985, "centroid_lon": 72.84042, "area_sqkm": 0.25 }, "geometry": { "type": "Polygon", "coordinates": [ [ [ 72.845224834046803, 19.008616444336585 ], [ 72.845166644862459, 19.013132069424106 ], [ 72.849914246935512, 19.013187362404988 ], [ 72.849972308156524, 19.008671723205694 ], [ 72.845224834046803, 19.008616444336585 ] ] ] } },
{ "type": "Feature", "properties": { "grid_id": "MUM_000545", "locality": "Kandivali West", "centroid_lat": 19.2005, "centroid_lon": 72.840361, "area_sqkm": 0.25 }, "geometry": { "type": "Polygon", "coordinates": [ [ [ 72.845166644862459, 19.013132069424106 ], [ 72.845108439225257, 19.017647692136965 ], [ 72.849856169297794, 19.017702999230366 ], [ 72.849914246935512, 19.013187362404988 ], [ 72.845166644862459, 19.013132069424106 ] ] ] } },
{ "type": "Feature", "properties": { "grid_id": "MUM_000546", "locality": "Kandivali West", "centroid_lat": 19.205016, "centroid_lon": 72.840302, "area_sqkm": 0.25 }, "geometry": { "type": "Polygon", "coordinates": [ [ [ 72.845108439225257, 19.017647692136965 ], [ 72.845050217133164, 19.02216331247465 ], [ 72.849798075241367, 19.022218633681302 ], [ 72.849856169297794, 19.017702999230366 ], [ 72.845108439225257, 19.017647692136965 ] ] ] } },
{ "type": "Feature", "properties": { "grid_id": "MUM_000547", "locality": "Kandivali West", "centroid_lat": 19.209531, "centroid_lon": 72.840243, "area_sqkm": 0.25 }, "geometry": { "type": "Polygon", "coordinates": [ [ [ 72.845050217133164, 19.02216331247465 ], [ 72.844991978584133, 19.026678930436685 ], [ 72.849739964764169, 19.026734265757323 ], [ 72.849798075241367, 19.022218633681302 ], [ 72.845050217133164, 19.02216331247465 ] ] ] } },
{ "type": "Feature", "properties": { "grid_id": "MUM_000548", "locality": "Kandivali West", "centroid_lat": 19.214047, "centroid_lon": 72.840184, "area_sqkm": 0.25 }, "geometry": { "type": "Polygon", "coordinates": [ [ [ 72.844991978584133, 19.026678930436685 ], [ 72.844933723576119, 19.031194546022558 ], [ 72.849681837864154, 19.031249895457918 ], [ 72.849739964764169, 19.026734265757323 ], [ 72.844991978584133, 19.026678930436685 ] ] ] } },
{ "type": "Feature", "properties": { "grid_id": "MUM_000549", "locality": "Kandivali West", "centroid_lat": 19.218562, "centroid_lon": 72.840125, "area_sqkm": 0.25 }, "geometry": { "type": "Polygon", "coordinates": [ [ [ 72.844933723576119, 19.031194546022558 ], [ 72.844875452107075, 19.035710159231783 ], [ 72.849623694539304, 19.035765522782601 ], [ 72.849681837864154, 19.031249895457918 ], [ 72.844933723576119, 19.031194546022558 ] ] ] } },
{ "type": "Feature", "properties": { "grid_id": "MUM_000550", "locality": "Kandivali West", "centroid_lat": 19.223078, "centroid_lon": 72.840066, "area_sqkm": 0.25 }, "geometry": { "type": "Polygon", "coordinates": [ [ [ 72.844875452107075, 19.035710159231783 ], [ 72.84481716417497, 19.040225770063859 ], [ 72.849565534787558, 19.040281147730873 ], [ 72.849623694539304, 19.035765522782601 ], [ 72.844875452107075, 19.035710159231783 ] ] ] } },
{ "type": "Feature", "properties": { "grid_id": "MUM_000551", "locality": "Kandivali West", "centroid_lat": 19.227593, "centroid_lon": 72.840007, "area_sqkm": 0.25 }, "geometry": { "type": "Polygon", "coordinates": [ [ [ 72.84481716417497, 19.040225770063859 ], [ 72.844758859777741, 19.0447413785183 ], [ 72.849507358606886, 19.044796770302245 ], [ 72.849565534787558, 19.040281147730873 ], [ 72.84481716417497, 19.040225770063859 ] ] ] } },
{ "type": "Feature", "properties": { "grid_id": "MUM_000552", "locality": "Kandivali West", "centroid_lat": 19.232109, "centroid_lon": 72.839948, "area_sqkm": 0.25 }, "geometry": { "type": "Polygon", "coordinates": [ [ [ 72.844758859777741, 19.0447413785183 ], [ 72.844700538913358, 19.049256984594596 ], [ 72.849449165995253, 19.049312390496215 ], [ 72.849507358606886, 19.044796770302245 ], [ 72.844758859777741, 19.0447413785183 ] ] ] } },
{ "type": "Feature", "properties": { "grid_id": "MUM_000553", "locality": "Borivali / Dahisar Subway", "centroid_lat": 19.236624, "centroid_lon": 72.839889, "area_sqkm": 0.25 }, "geometry": { "type": "Polygon", "coordinates": [ [ [ 72.844700538913358, 19.049256984594596 ], [ 72.844642201579759, 19.053772588292262 ], [ 72.8493909569506, 19.053828008312287 ], [ 72.849449165995253, 19.049312390496215 ], [ 72.844700538913358, 19.049256984594596 ] ] ] } },
{ "type": "Feature", "properties": { "grid_id": "MUM_000554", "locality": "Borivali / Dahisar Subway", "centroid_lat": 19.241064, "centroid_lon": 72.839936, "area_sqkm": 0.25 }, "geometry": { "type": "Polygon", "coordinates": [ [ [ 72.844642201579759, 19.053772588292262 ], [ 72.844583847774913, 19.058288189610813 ], [ 72.849332731470895, 19.05834362374998 ], [ 72.8493909569506, 19.053828008312287 ], [ 72.844642201579759, 19.053772588292262 ] ] ] } },
{ "type": "Feature", "properties": { "grid_id": "MUM_000555", "locality": "Borivali / Dahisar Subway", "centroid_lat": 19.245422, "centroid_lon": 72.840656, "area_sqkm": 0.25 }, "geometry": { "type": "Polygon", "coordinates": [ [ [ 72.844583847774913, 19.058288189610813 ], [ 72.844525477496759, 19.062803788549722 ], [ 72.849274489554091, 19.062859236808773 ], [ 72.849332731470895, 19.05834362374998 ], [ 72.844583847774913, 19.058288189610813 ] ] ] } },
{ "type": "Feature", "properties": { "grid_id": "MUM_000556", "locality": "Borivali / Dahisar Subway", "centroid_lat": 19.249496, "centroid_lon": 72.841446, "area_sqkm": 0.25 }, "geometry": { "type": "Polygon", "coordinates": [ [ [ 72.844525477496759, 19.062803788549722 ], [ 72.844467090743237, 19.067319385108519 ], [ 72.849216231198156, 19.067374847488193 ], [ 72.849274489554091, 19.062859236808773 ], [ 72.844525477496759, 19.062803788549722 ] ] ] } },
{ "type": "Feature", "properties": { "grid_id": "MUM_000557", "locality": "Mumbai Central", "centroid_lat": null, "centroid_lon": null, "area_sqkm": 0.25 }, "geometry": { "type": "Polygon", "coordinates": [ [ [ 72.844467090743237, 19.067319385108519 ], [ 72.844408687512313, 19.071834979286717 ], [ 72.849157956401015, 19.071890455787742 ], [ 72.849216231198156, 19.067374847488193 ], [ 72.844467090743237, 19.067319385108519 ] ] ] } },
{ "type": "Feature", "properties": { "grid_id": "MUM_000558", "locality": "Mumbai Central", "centroid_lat": null, "centroid_lon": null, "area_sqkm": 0.25 }, "geometry": { "type": "Polygon", "coordinates": [ [ [ 72.844408687512313, 19.071834979286717 ], [ 72.844350267801943, 19.076350571083793 ], [ 72.849099665160651, 19.076406061706916 ], [ 72.849157956401015, 19.071890455787742 ], [ 72.844408687512313, 19.071834979286717 ] ] ] } },
{ "type": "Feature", "properties": { "grid_id": "MUM_000559", "locality": "Marine Lines / Kalbadevi", "centroid_lat": 18.96615, "centroid_lon": 72.846926, "area_sqkm": 0.25 }, "geometry": { "type": "Polygon", "coordinates": [ [ [ 72.844350267801943, 19.076350571083793 ], [ 72.844291831610064, 19.080866160499269 ], [ 72.849041357475002, 19.080921665245235 ], [ 72.849099665160651, 19.076406061706916 ], [ 72.844350267801943, 19.076350571083793 ] ] ] } },
{ "type": "Feature", "properties": { "grid_id": "MUM_000560", "locality": "Marine Lines / Kalbadevi", "centroid_lat": 18.970403, "centroid_lon": 72.847881, "area_sqkm": 0.25 }, "geometry": { "type": "Polygon", "coordinates": [ [ [ 72.844291831610064, 19.080866160499269 ], [ 72.844233378934618, 19.085381747532654 ], [ 72.848983033342023, 19.085437266402188 ], [ 72.849041357475002, 19.080921665245235 ], [ 72.844291831610064, 19.080866160499269 ] ] ] } },
{ "type": "Feature", "properties": { "grid_id": "MUM_000561", "locality": "Marine Lines / Kalbadevi", "centroid_lat": 18.974777, "centroid_lon": 72.848034, "area_sqkm": 0.25 }, "geometry": { "type": "Polygon", "coordinates": [ [ [ 72.844233378934618, 19.085381747532654 ], [ 72.844174909773571, 19.08989733218344 ], [ 72.848924692759667, 19.089952865177288 ], [ 72.848983033342023, 19.085437266402188 ], [ 72.844233378934618, 19.085381747532654 ] ] ] } },
{ "type": "Feature", "properties": { "grid_id": "MUM_000562", "locality": "Dadar East / Hindmata", "centroid_lat": 18.979292, "centroid_lon": 72.847976, "area_sqkm": 0.25 }, "geometry": { "type": "Polygon", "coordinates": [ [ [ 72.844174909773571, 19.08989733218344 ], [ 72.844116424124863, 19.094412914451137 ], [ 72.848866335725873, 19.094468461570042 ], [ 72.848924692759667, 19.089952865177288 ], [ 72.844174909773571, 19.08989733218344 ] ] ] } },
{ "type": "Feature", "properties": { "grid_id": "MUM_000563", "locality": "Dadar East / Hindmata", "centroid_lat": 18.983808, "centroid_lon": 72.847918, "area_sqkm": 0.25 }, "geometry": { "type": "Polygon", "coordinates": [ [ [ 72.844116424124863, 19.094412914451137 ], [ 72.844057921986433, 19.098928494335254 ], [ 72.84880796223861, 19.098984055579947 ], [ 72.848866335725873, 19.094468461570042 ], [ 72.844116424124863, 19.094412914451137 ] ] ] } },
{ "type": "Feature", "properties": { "grid_id": "MUM_000564", "locality": "Dadar East / Hindmata", "centroid_lat": 18.988324, "centroid_lon": 72.84786, "area_sqkm": 0.25 }, "geometry": { "type": "Polygon", "coordinates": [ [ [ 72.844057921986433, 19.098928494335254 ], [ 72.843999403356207, 19.103444071835298 ], [ 72.84874957229583, 19.103499647206526 ], [ 72.84880796223861, 19.098984055579947 ], [ 72.844057921986433, 19.098928494335254 ] ] ] } },
{ "type": "Feature", "properties": { "grid_id": "MUM_000565", "locality": "Dadar East / Hindmata", "centroid_lat": 18.992839, "centroid_lon": 72.847802, "area_sqkm": 0.25 }, "geometry": { "type": "Polygon", "coordinates": [ [ [ 72.843999403356207, 19.103444071835298 ], [ 72.843940868232167, 19.107959646950768 ], [ 72.84869116589546, 19.108015236449265 ], [ 72.84874957229583, 19.103499647206526 ], [ 72.843999403356207, 19.103444071835298 ] ] ] } },
{ "type": "Feature", "properties": { "grid_id": "MUM_000566", "locality": "Dadar East / Hindmata", "centroid_lat": 18.997355, "centroid_lon": 72.847744, "area_sqkm": 0.25 }, "geometry": { "type": "Polygon", "coordinates": [ [ [ 72.843940868232167, 19.107959646950768 ], [ 72.843882316612252, 19.112475219681173 ], [ 72.848632743035452, 19.112530823307679 ], [ 72.84869116589546, 19.108015236449265 ], [ 72.843940868232167, 19.107959646950768 ] ] ] } },
{ "type": "Feature", "properties": { "grid_id": "MUM_000567", "locality": "Dadar East / Hindmata", "centroid_lat": 19.001871, "centroid_lon": 72.847686, "area_sqkm": 0.25 }, "geometry": { "type": "Polygon", "coordinates": [ [ [ 72.843882316612252, 19.112475219681173 ], [ 72.843823748494387, 19.116990790026012 ], [ 72.848574303713789, 19.117046407781277 ], [ 72.848632743035452, 19.112530823307679 ], [ 72.843882316612252, 19.112475219681173 ] ] ] } },
{ "type": "Feature", "properties": { "grid_id": "MUM_000568", "locality": "Dadar East / Hindmata", "centroid_lat": 19.006386, "centroid_lon": 72.847628, "area_sqkm": 0.25 }, "geometry": { "type": "Polygon", "coordinates": [ [ [ 72.843823748494387, 19.116990790026012 ], [ 72.843765163876512, 19.121506357984806 ], [ 72.848515847928368, 19.121561989869559 ], [ 72.848574303713789, 19.117046407781277 ], [ 72.843823748494387, 19.116990790026012 ] ] ] } },
{ "type": "Feature", "properties": { "grid_id": "MUM_000569", "locality": "Dadar East / Hindmata", "centroid_lat": 19.010902, "centroid_lon": 72.84757, "area_sqkm": 0.25 }, "geometry": { "type": "Polygon", "coordinates": [ [ [ 72.843765163876512, 19.121506357984806 ], [ 72.843706562756594, 19.126021923557037 ], [ 72.848457375677157, 19.126077569572026 ], [ 72.848515847928368, 19.121561989869559 ], [ 72.843765163876512, 19.121506357984806 ] ] ] } },
{ "type": "Feature", "properties": { "grid_id": "MUM_000570", "locality": "Dadar East / Hindmata", "centroid_lat": 19.015418, "centroid_lon": 72.847511, "area_sqkm": 0.25 }, "geometry": { "type": "Polygon", "coordinates": [ [ [ 72.843706562756594, 19.126021923557037 ], [ 72.843647945132545, 19.130537486742231 ], [ 72.848398886958108, 19.130593146888192 ], [ 72.848457375677157, 19.126077569572026 ], [ 72.843706562756594, 19.126021923557037 ] ] ] } },
{ "type": "Feature", "properties": { "grid_id": "MUM_000571", "locality": "Dadar East / Hindmata", "centroid_lat": 19.019933, "centroid_lon": 72.847453, "area_sqkm": 0.25 }, "geometry": { "type": "Polygon", "coordinates": [ [ [ 72.843647945132545, 19.130537486742231 ], [ 72.843589311002319, 19.135053047539891 ], [ 72.848340381769162, 19.135108721817566 ], [ 72.848398886958108, 19.130593146888192 ], [ 72.843647945132545, 19.130537486742231 ] ] ] } },
{ "type": "Feature", "properties": { "grid_id": "MUM_000572", "locality": "Dadar East / Hindmata", "centroid_lat": 19.024449, "centroid_lon": 72.847395, "area_sqkm": 0.25 }, "geometry": { "type": "Polygon", "coordinates": [ [ [ 72.843589311002319, 19.135053047539891 ], [ 72.843530660363868, 19.139568605949503 ], [ 72.848281860108258, 19.139624294359638 ], [ 72.848340381769162, 19.135108721817566 ], [ 72.843589311002319, 19.135053047539891 ] ] ] } },
{ "type": "Feature", "properties": { "grid_id": "MUM_000573", "locality": "Dharavi / Mahim", "centroid_lat": 19.028964, "centroid_lon": 72.847337, "area_sqkm": 0.25 }, "geometry": { "type": "Polygon", "coordinates": [ [ [ 72.843530660363868, 19.139568605949503 ], [ 72.843471993215104, 19.144084161970596 ], [ 72.848223321973336, 19.144139864513932 ], [ 72.848281860108258, 19.139624294359638 ], [ 72.843530660363868, 19.139568605949503 ] ] ] } },
{ "type": "Feature", "properties": { "grid_id": "MUM_000574", "locality": "Dharavi / Mahim", "centroid_lat": 19.03348, "centroid_lon": 72.847279, "area_sqkm": 0.25 }, "geometry": { "type": "Polygon", "coordinates": [ [ [ 72.843471993215104, 19.144084161970596 ], [ 72.843413309553981, 19.148599715602668 ], [ 72.848164767362348, 19.148655432279948 ], [ 72.848223321973336, 19.144139864513932 ], [ 72.843471993215104, 19.144084161970596 ] ] ] } },
{ "type": "Feature", "properties": { "grid_id": "MUM_000575", "locality": "Dharavi / Mahim", "centroid_lat": 19.037996, "centroid_lon": 72.84722, "area_sqkm": 0.25 }, "geometry": { "type": "Polygon", "coordinates": [ [ [ 72.843413309553981, 19.148599715602668 ], [ 72.843354609378423, 19.153115266845216 ], [ 72.848106196273235, 19.153170997657185 ], [ 72.848164767362348, 19.148655432279948 ], [ 72.843413309553981, 19.148599715602668 ] ] ] } },
{ "type": "Feature", "properties": { "grid_id": "MUM_000576", "locality": "Dharavi / Mahim", "centroid_lat": 19.042511, "centroid_lon": 72.847162, "area_sqkm": 0.25 }, "geometry": { "type": "Polygon", "coordinates": [ [ [ 72.843354609378423, 19.153115266845216 ], [ 72.843295892686385, 19.157630815697765 ], [ 72.848047608703936, 19.15768656064515 ], [ 72.848106196273235, 19.153170997657185 ], [ 72.843354609378423, 19.153115266845216 ] ] ] } },
{ "type": "Feature", "properties": { "grid_id": "MUM_000577", "locality": "Dharavi / Mahim", "centroid_lat": 19.047027, "centroid_lon": 72.847104, "area_sqkm": 0.25 }, "geometry": { "type": "Polygon", "coordinates": [ [ [ 72.843295892686385, 19.157630815697765 ], [ 72.843237159475791, 19.162146362159799 ], [ 72.847989004652391, 19.162202121243361 ], [ 72.848047608703936, 19.15768656064515 ], [ 72.843295892686385, 19.157630815697765 ] ] ] } },
{ "type": "Feature", "properties": { "grid_id": "MUM_000578", "locality": "Dharavi / Mahim", "centroid_lat": 19.051543, "centroid_lon": 72.847046, "area_sqkm": 0.25 }, "geometry": { "type": "Polygon", "coordinates": [ [ [ 72.843237159475791, 19.162146362159799 ], [ 72.843178409744596, 19.166661906230836 ], [ 72.847930384116538, 19.166717679451313 ], [ 72.847989004652391, 19.162202121243361 ], [ 72.843237159475791, 19.162146362159799 ] ] ] } },
{ "type": "Feature", "properties": { "grid_id": "MUM_000579", "locality": "Dharavi / Mahim", "centroid_lat": 19.056058, "centroid_lon": 72.846987, "area_sqkm": 0.25 }, "geometry": { "type": "Polygon", "coordinates": [ [ [ 72.843178409744596, 19.166661906230836 ], [ 72.843119643490709, 19.171177447910384 ], [ 72.847871747094302, 19.171233235268517 ], [ 72.847930384116538, 19.166717679451313 ], [ 72.843178409744596, 19.166661906230836 ] ] ] } },
{ "type": "Feature", "properties": { "grid_id": "MUM_000580", "locality": "Bandra West", "centroid_lat": 19.060574, "centroid_lon": 72.846929, "area_sqkm": 0.25 }, "geometry": { "type": "Polygon", "coordinates": [ [ [ 72.843119643490709, 19.171177447910384 ], [ 72.843060860712058, 19.175692987197948 ], [ 72.847813093583653, 19.175748788694477 ], [ 72.847871747094302, 19.171233235268517 ], [ 72.843119643490709, 19.171177447910384 ] ] ] } },
{ "type": "Feature", "properties": { "grid_id": "MUM_000581", "locality": "Santacruz / Milan Subway", "centroid_lat": 19.065089, "centroid_lon": 72.846871, "area_sqkm": 0.25 }, "geometry": { "type": "Polygon", "coordinates": [ [ [ 72.843060860712058, 19.175692987197948 ], [ 72.843002061406608, 19.180208524093022 ], [ 72.847754423582515, 19.180264339728694 ], [ 72.847813093583653, 19.175748788694477 ], [ 72.843060860712058, 19.175692987197948 ] ] ] } },
{ "type": "Feature", "properties": { "grid_id": "MUM_000582", "locality": "Santacruz / Milan Subway", "centroid_lat": 19.069605, "centroid_lon": 72.846812, "area_sqkm": 0.25 }, "geometry": { "type": "Polygon", "coordinates": [ [ [ 72.843002061406608, 19.180208524093022 ], [ 72.842943245572272, 19.184724058595133 ], [ 72.847695737088813, 19.184779888370691 ], [ 72.847754423582515, 19.180264339728694 ], [ 72.843002061406608, 19.180208524093022 ] ] ] } },
{ "type": "Feature", "properties": { "grid_id": "MUM_000583", "locality": "Santacruz / Milan Subway", "centroid_lat": 19.074121, "centroid_lon": 72.846754, "area_sqkm": 0.25 }, "geometry": { "type": "Polygon", "coordinates": [ [ [ 72.842943245572272, 19.184724058595133 ], [ 72.842884413206974, 19.189239590703764 ], [ 72.847637034100487, 19.189295434619954 ], [ 72.847695737088813, 19.184779888370691 ], [ 72.842943245572272, 19.184724058595133 ] ] ] } },
{ "type": "Feature", "properties": { "grid_id": "MUM_000584", "locality": "Santacruz / Milan Subway", "centroid_lat": 19.078636, "centroid_lon": 72.846696, "area_sqkm": 0.25 }, "geometry": { "type": "Polygon", "coordinates": [ [ [ 72.842884413206974, 19.189239590703764 ], [ 72.842825564308669, 19.193755120418437 ], [ 72.84757831461549, 19.193810978476002 ], [ 72.847637034100487, 19.189295434619954 ], [ 72.842884413206974, 19.189239590703764 ] ] ] } },
{ "type": "Feature", "properties": { "grid_id": "MUM_000585", "locality": "Santacruz / Milan Subway", "centroid_lat": 19.083152, "centroid_lon": 72.846637, "area_sqkm": 0.25 }, "geometry": { "type": "Polygon", "coordinates": [ [ [ 72.842825564308669, 19.193755120418437 ], [ 72.842766698875266, 19.198270647738653 ], [ 72.847519578631733, 19.198326519938337 ], [ 72.84757831461549, 19.193810978476002 ], [ 72.842825564308669, 19.193755120418437 ] ] ] } },
{ "type": "Feature", "properties": { "grid_id": "MUM_000586", "locality": "Santacruz / Milan Subway", "centroid_lat": 19.087667, "centroid_lon": 72.846579, "area_sqkm": 0.25 }, "geometry": { "type": "Polygon", "coordinates": [ [ [ 72.842766698875266, 19.198270647738653 ], [ 72.842707816904706, 19.20278617266392 ], [ 72.847460826147156, 19.202842059006471 ], [ 72.847519578631733, 19.198326519938337 ], [ 72.842766698875266, 19.198270647738653 ] ] ] } },
{ "type": "Feature", "properties": { "grid_id": "MUM_000587", "locality": "Santacruz / Milan Subway", "centroid_lat": 19.092183, "centroid_lon": 72.846521, "area_sqkm": 0.25 }, "geometry": { "type": "Polygon", "coordinates": [ [ [ 72.842707816904706, 19.20278617266392 ], [ 72.842648918394914, 19.207301695193742 ], [ 72.847402057159726, 19.207357595679902 ], [ 72.847460826147156, 19.202842059006471 ], [ 72.842707816904706, 19.20278617266392 ] ] ] } },
{ "type": "Feature", "properties": { "grid_id": "MUM_000588", "locality": "Santacruz / Milan Subway", "centroid_lat": 19.096698, "centroid_lon": 72.846462, "area_sqkm": 0.25 }, "geometry": { "type": "Polygon", "coordinates": [ [ [ 72.842648918394914, 19.207301695193742 ], [ 72.842590003343801, 19.211817215327628 ], [ 72.847343271667327, 19.211873129958143 ], [ 72.847402057159726, 19.207357595679902 ], [ 72.842648918394914, 19.207301695193742 ] ] ] } },
{ "type": "Feature", "properties": { "grid_id": "MUM_000589", "locality": "Santacruz / Milan Subway", "centroid_lat": 19.101214, "centroid_lon": 72.846404, "area_sqkm": 0.25 }, "geometry": { "type": "Polygon", "coordinates": [ [ [ 72.842590003343801, 19.211817215327628 ], [ 72.84253107174932, 19.21633273306508 ], [ 72.847284469667898, 19.216388661840693 ], [ 72.847343271667327, 19.211873129958143 ], [ 72.842590003343801, 19.211817215327628 ] ] ] } },
{ "type": "Feature", "properties": { "grid_id": "MUM_000590", "locality": "Andheri Subway / West", "centroid_lat": 19.10573, "centroid_lon": 72.846345, "area_sqkm": 0.25 }, "geometry": { "type": "Polygon", "coordinates": [ [ [ 72.84253107174932, 19.21633273306508 ], [ 72.842472123609397, 19.220848248405606 ], [ 72.847225651159405, 19.220904191327072 ], [ 72.847284469667898, 19.216388661840693 ], [ 72.84253107174932, 19.21633273306508 ] ] ] } },
{ "type": "Feature", "properties": { "grid_id": "MUM_000591", "locality": "Andheri Subway / West", "centroid_lat": 19.110245, "centroid_lon": 72.846287, "area_sqkm": 0.25 }, "geometry": { "type": "Polygon", "coordinates": [ [ [ 72.842472123609397, 19.220848248405606 ], [ 72.842413158921943, 19.225363761348717 ], [ 72.847166816139747, 19.22541971841677 ], [ 72.847225651159405, 19.220904191327072 ], [ 72.842472123609397, 19.220848248405606 ] ] ] } },
{ "type": "Feature", "properties": { "grid_id": "MUM_000592", "locality": "Andheri Subway / West", "centroid_lat": 19.114761, "centroid_lon": 72.846228, "area_sqkm": 0.25 }, "geometry": { "type": "Polygon", "coordinates": [ [ [ 72.842413158921943, 19.225363761348717 ], [ 72.842354177684882, 19.229879271893918 ], [ 72.847107964606863, 19.229935243109317 ], [ 72.847166816139747, 19.22541971841677 ], [ 72.842413158921943, 19.225363761348717 ] ] ] } },
{ "type": "Feature", "properties": { "grid_id": "MUM_000593", "locality": "Andheri Subway / West", "centroid_lat": 19.119276, "centroid_lon": 72.84617, "area_sqkm": 0.25 }, "geometry": { "type": "Polygon", "coordinates": [ [ [ 72.842354177684882, 19.229879271893918 ], [ 72.842295179896155, 19.234394780040709 ], [ 72.847049096558678, 19.234450765404187 ], [ 72.847107964606863, 19.229935243109317 ], [ 72.842354177684882, 19.229879271893918 ] ] ] } },
{ "type": "Feature", "properties": { "grid_id": "MUM_000594", "locality": "Andheri Subway / West", "centroid_lat": 19.123792, "centroid_lon": 72.846111, "area_sqkm": 0.25 }, "geometry": { "type": "Polygon", "coordinates": [ [ [ 72.842295179896155, 19.234394780040709 ], [ 72.842236165553672, 19.238910285788609 ], [ 72.846990211993116, 19.238966285300922 ], [ 72.847049096558678, 19.234450765404187 ], [ 72.842295179896155, 19.234394780040709 ] ] ] } },
{ "type": "Feature", "properties": { "grid_id": "MUM_000595", "locality": "Andheri Subway / West", "centroid_lat": 19.128308, "centroid_lon": 72.846053, "area_sqkm": 0.25 }, "geometry": { "type": "Polygon", "coordinates": [ [ [ 72.842236165553672, 19.238910285788609 ], [ 72.842177134655373, 19.243425789137113 ], [ 72.846931310908133, 19.243481802799007 ], [ 72.846990211993116, 19.238966285300922 ], [ 72.842236165553672, 19.238910285788609 ] ] ] } },
{ "type": "Feature", "properties": { "grid_id": "MUM_000596", "locality": "Jogeshwari / JVLR", "centroid_lat": 19.132823, "centroid_lon": 72.845994, "area_sqkm": 0.25 }, "geometry": { "type": "Polygon", "coordinates": [ [ [ 72.842177134655373, 19.243425789137113 ], [ 72.84211808719914, 19.247941290085731 ], [ 72.846872393301624, 19.247997317897944 ], [ 72.846931310908133, 19.243481802799007 ], [ 72.842177134655373, 19.243425789137113 ] ] ] } },
{ "type": "Feature", "properties": { "grid_id": "MUM_000597", "locality": "Jogeshwari / JVLR", "centroid_lat": 19.137339, "centroid_lon": 72.845936, "area_sqkm": 0.25 }, "geometry": { "type": "Polygon", "coordinates": [ [ [ 72.84211808719914, 19.247941290085731 ], [ 72.842059023182941, 19.252456788633971 ], [ 72.846813459171528, 19.252512830597265 ], [ 72.846872393301624, 19.247997317897944 ], [ 72.84211808719914, 19.247941290085731 ] ] ] } },
{ "type": "Feature", "properties": { "grid_id": "MUM_000598", "locality": "Jogeshwari / JVLR", "centroid_lat": 19.141854, "centroid_lon": 72.845877, "area_sqkm": 0.2047 }, "geometry": { "type": "Polygon", "coordinates": [ [ [ 72.846754508515772, 19.257028340896447 ], [ 72.846813459171528, 19.252512830597265 ], [ 72.842059023182941, 19.252456788633971 ], [ 72.842056584223286, 19.252643222081499 ], [ 72.843797077600655, 19.25699348745335 ], [ 72.846754508515772, 19.257028340896447 ] ] ] } },
{ "type": "Feature", "properties": { "grid_id": "MUM_000599", "locality": "Jogeshwari / JVLR", "centroid_lat": 19.14637, "centroid_lon": 72.845818, "area_sqkm": 0.0933 }, "geometry": { "type": "Polygon", "coordinates": [ [ [ 72.846754508515772, 19.257028340896447 ], [ 72.843797077600655, 19.25699348745335 ], [ 72.845, 19.26 ], [ 72.84669984296842, 19.261214486892829 ], [ 72.846754508515772, 19.257028340896447 ] ] ] } },
{ "type": "Feature", "properties": { "grid_id": "MUM_000600", "locality": "Goregaon West", "centroid_lat": 19.150885, "centroid_lon": 72.84576, "area_sqkm": 0.1056 }, "geometry": { "type": "Polygon", "coordinates": [ [ [ 72.850436207168102, 18.972546524209147 ], [ 72.850378277207327, 18.97706218238207 ], [ 72.853547819683399, 18.977098961303113 ], [ 72.85127675254347, 18.972556280832851 ], [ 72.850436207168102, 18.972546524209147 ] ] ] } },
{ "type": "Feature", "properties": { "grid_id": "MUM_000601", "locality": "Goregaon West", "centroid_lat": 19.155401, "centroid_lon": 72.845701, "area_sqkm": 0.2219 }, "geometry": { "type": "Polygon", "coordinates": [ [ [ 72.850378277207327, 18.97706218238207 ], [ 72.850320330846145, 18.981577838185025 ], [ 72.855067054337468, 18.981632910868623 ], [ 72.855085723225017, 18.980174999938331 ], [ 72.853547819683399, 18.977098961303113 ], [ 72.850378277207327, 18.97706218238207 ] ] ] } },
{ "type": "Feature", "properties": { "grid_id": "MUM_000602", "locality": "Goregaon West", "centroid_lat": 19.159916, "centroid_lon": 72.845642, "area_sqkm": 0.25 }, "geometry": { "type": "Polygon", "coordinates": [ [ [ 72.850320330846145, 18.981577838185025 ], [ 72.850262368082525, 18.986093491617524 ], [ 72.855009219322326, 18.986148578377438 ], [ 72.855067054337468, 18.981632910868623 ], [ 72.850320330846145, 18.981577838185025 ] ] ] } },
{ "type": "Feature", "properties": { "grid_id": "MUM_000603", "locality": "Goregaon West", "centroid_lat": 19.164432, "centroid_lon": 72.845584, "area_sqkm": 0.25 }, "geometry": { "type": "Polygon", "coordinates": [ [ [ 72.850262368082525, 18.986093491617524 ], [ 72.85020438891442, 18.990609142679059 ], [ 72.854951367938853, 18.990664243516022 ], [ 72.855009219322326, 18.986148578377438 ], [ 72.850262368082525, 18.986093491617524 ] ] ] } },
{ "type": "Feature", "properties": { "grid_id": "MUM_000604", "locality": "Goregaon West", "centroid_lat": 19.168948, "centroid_lon": 72.845525, "area_sqkm": 0.25 }, "geometry": { "type": "Polygon", "coordinates": [ [ [ 72.85020438891442, 18.990609142679059 ], [ 72.850146393339799, 18.995124791369143 ], [ 72.854893500185, 18.995179906283887 ], [ 72.854951367938853, 18.990664243516022 ], [ 72.85020438891442, 18.990609142679059 ] ] ] } },
{ "type": "Feature", "properties": { "grid_id": "MUM_000605", "locality": "Goregaon West", "centroid_lat": 19.173463, "centroid_lon": 72.845466, "area_sqkm": 0.25 }, "geometry": { "type": "Polygon", "coordinates": [ [ [ 72.850146393339799, 18.995124791369143 ], [ 72.850088381356642, 18.999640437687269 ], [ 72.854835616058736, 18.999695566680536 ], [ 72.854893500185, 18.995179906283887 ], [ 72.850146393339799, 18.995124791369143 ] ] ] } },
{ "type": "Feature", "properties": { "grid_id": "MUM_000606", "locality": "Malad West", "centroid_lat": 19.177979, "centroid_lon": 72.845408, "area_sqkm": 0.25 }, "geometry": { "type": "Polygon", "coordinates": [ [ [ 72.850088381356642, 18.999640437687269 ], [ 72.850030352962889, 19.004156081632956 ], [ 72.854777715558043, 19.004211224705472 ], [ 72.854835616058736, 18.999695566680536 ], [ 72.850088381356642, 18.999640437687269 ] ] ] } },
{ "type": "Feature", "properties": { "grid_id": "MUM_000607", "locality": "Malad West", "centroid_lat": 19.182494, "centroid_lon": 72.845349, "area_sqkm": 0.25 }, "geometry": { "type": "Polygon", "coordinates": [ [ [ 72.850030352962889, 19.004156081632956 ], [ 72.849972308156524, 19.008671723205694 ], [ 72.854719798680904, 19.008726880358189 ], [ 72.854777715558043, 19.004211224705472 ], [ 72.850030352962889, 19.004156081632956 ] ] ] } },
{ "type": "Feature", "properties": { "grid_id": "MUM_000608", "locality": "Malad West", "centroid_lat": 19.18701, "centroid_lon": 72.84529, "area_sqkm": 0.25 }, "geometry": { "type": "Polygon", "coordinates": [ [ [ 72.849972308156524, 19.008671723205694 ], [ 72.849914246935512, 19.013187362404988 ], [ 72.854661865425243, 19.013242533638206 ], [ 72.854719798680904, 19.008726880358189 ], [ 72.849972308156524, 19.008671723205694 ] ] ] } },
{ "type": "Feature", "properties": { "grid_id": "MUM_000609", "locality": "Malad West", "centroid_lat": 19.191525, "centroid_lon": 72.845231, "area_sqkm": 0.25 }, "geometry": { "type": "Polygon", "coordinates": [ [ [ 72.849914246935512, 19.013187362404988 ], [ 72.849856169297794, 19.017702999230366 ], [ 72.854603915789056, 19.017758184545031 ], [ 72.854661865425243, 19.013242533638206 ], [ 72.849914246935512, 19.013187362404988 ] ] ] } },
{ "type": "Feature", "properties": { "grid_id": "MUM_000610", "locality": "Malad West", "centroid_lat": 19.196041, "centroid_lon": 72.845173, "area_sqkm": 0.25 }, "geometry": { "type": "Polygon", "coordinates": [ [ [ 72.849856169297794, 19.017702999230366 ], [ 72.849798075241367, 19.022218633681302 ], [ 72.854545949770326, 19.022273833078156 ], [ 72.854603915789056, 19.017758184545031 ], [ 72.849856169297794, 19.017702999230366 ] ] ] } },
{ "type": "Feature", "properties": { "grid_id": "MUM_000611", "locality": "Kandivali West", "centroid_lat": 19.200556, "centroid_lon": 72.845114, "area_sqkm": 0.25 }, "geometry": { "type": "Polygon", "coordinates": [ [ [ 72.849798075241367, 19.022218633681302 ], [ 72.849739964764169, 19.026734265757323 ], [ 72.854487967366993, 19.026789479237092 ], [ 72.854545949770326, 19.022273833078156 ], [ 72.849798075241367, 19.022218633681302 ] ] ] } },
{ "type": "Feature", "properties": { "grid_id": "MUM_000612", "locality": "Kandivali West", "centroid_lat": 19.205072, "centroid_lon": 72.845055, "area_sqkm": 0.25 }, "geometry": { "type": "Polygon", "coordinates": [ [ [ 72.849739964764169, 19.026734265757323 ], [ 72.849681837864154, 19.031249895457918 ], [ 72.854429968577037, 19.031305123021347 ], [ 72.854487967366993, 19.026789479237092 ], [ 72.849739964764169, 19.026734265757323 ] ] ] } },
{ "type": "Feature", "properties": { "grid_id": "MUM_000613", "locality": "Kandivali West", "centroid_lat": 19.209587, "centroid_lon": 72.844996, "area_sqkm": 0.25 }, "geometry": { "type": "Polygon", "coordinates": [ [ [ 72.849681837864154, 19.031249895457918 ], [ 72.849623694539304, 19.035765522782601 ], [ 72.854371953398413, 19.035820764430412 ], [ 72.854429968577037, 19.031305123021347 ], [ 72.849681837864154, 19.031249895457918 ] ] ] } },
{ "type": "Feature", "properties": { "grid_id": "MUM_000614", "locality": "Kandivali West", "centroid_lat": 19.214103, "centroid_lon": 72.844937, "area_sqkm": 0.25 }, "geometry": { "type": "Polygon", "coordinates": [ [ [ 72.849623694539304, 19.035765522782601 ], [ 72.849565534787558, 19.040281147730873 ], [ 72.854313921829075, 19.040336403463812 ], [ 72.854371953398413, 19.035820764430412 ], [ 72.849623694539304, 19.035765522782601 ] ] ] } },
{ "type": "Feature", "properties": { "grid_id": "MUM_000615", "locality": "Kandivali West", "centroid_lat": 19.218618, "centroid_lon": 72.844878, "area_sqkm": 0.25 }, "geometry": { "type": "Polygon", "coordinates": [ [ [ 72.849565534787558, 19.040281147730873 ], [ 72.849507358606886, 19.044796770302245 ], [ 72.854255873867004, 19.044852040121036 ], [ 72.854313921829075, 19.040336403463812 ], [ 72.849565534787558, 19.040281147730873 ] ] ] } },
{ "type": "Feature", "properties": { "grid_id": "MUM_000616", "locality": "Kandivali West", "centroid_lat": 19.223134, "centroid_lon": 72.844819, "area_sqkm": 0.25 }, "geometry": { "type": "Polygon", "coordinates": [ [ [ 72.849507358606886, 19.044796770302245 ], [ 72.849449165995253, 19.049312390496215 ], [ 72.854197809510168, 19.049367674401605 ], [ 72.854255873867004, 19.044852040121036 ], [ 72.849507358606886, 19.044796770302245 ] ] ] } },
{ "type": "Feature", "properties": { "grid_id": "MUM_000617", "locality": "Kandivali West", "centroid_lat": 19.22765, "centroid_lon": 72.844761, "area_sqkm": 0.25 }, "geometry": { "type": "Polygon", "coordinates": [ [ [ 72.849449165995253, 19.049312390496215 ], [ 72.8493909569506, 19.053828008312287 ], [ 72.854139728756508, 19.053883306305003 ], [ 72.854197809510168, 19.049367674401605 ], [ 72.849449165995253, 19.049312390496215 ] ] ] } },
{ "type": "Feature", "properties": { "grid_id": "MUM_000618", "locality": "Kandivali West", "centroid_lat": 19.232165, "centroid_lon": 72.844702, "area_sqkm": 0.25 }, "geometry": { "type": "Polygon", "coordinates": [ [ [ 72.8493909569506, 19.053828008312287 ], [ 72.849332731470895, 19.05834362374998 ], [ 72.854081631604004, 19.058398935830756 ], [ 72.854139728756508, 19.053883306305003 ], [ 72.8493909569506, 19.053828008312287 ] ] ] } },
{ "type": "Feature", "properties": { "grid_id": "MUM_000619", "locality": "Borivali / Dahisar Subway", "centroid_lat": 19.236681, "centroid_lon": 72.844643, "area_sqkm": 0.25 }, "geometry": { "type": "Polygon", "coordinates": [ [ [ 72.849332731470895, 19.05834362374998 ], [ 72.849274489554091, 19.062859236808773 ], [ 72.85402351805061, 19.062914562978357 ], [ 72.854081631604004, 19.058398935830756 ], [ 72.849332731470895, 19.05834362374998 ] ] ] } },
{ "type": "Feature", "properties": { "grid_id": "MUM_000620", "locality": "Borivali / Dahisar Subway", "centroid_lat": 19.241196, "centroid_lon": 72.844584, "area_sqkm": 0.25 }, "geometry": { "type": "Polygon", "coordinates": [ [ [ 72.849274489554091, 19.062859236808773 ], [ 72.849216231198156, 19.067374847488193 ], [ 72.853965388094267, 19.067430187747313 ], [ 72.85402351805061, 19.062914562978357 ], [ 72.849274489554091, 19.062859236808773 ] ] ] } },
{ "type": "Feature", "properties": { "grid_id": "MUM_000621", "locality": "Borivali / Dahisar Subway", "centroid_lat": 19.245712, "centroid_lon": 72.844525, "area_sqkm": 0.25 }, "geometry": { "type": "Polygon", "coordinates": [ [ [ 72.849216231198156, 19.067374847488193 ], [ 72.849157956401015, 19.071890455787742 ], [ 72.853907241732955, 19.071945810137137 ], [ 72.853965388094267, 19.067430187747313 ], [ 72.849216231198156, 19.067374847488193 ] ] ] } },
{ "type": "Feature", "properties": { "grid_id": "MUM_000622", "locality": "Borivali / Dahisar Subway", "centroid_lat": 19.250227, "centroid_lon": 72.844466, "area_sqkm": 0.25 }, "geometry": { "type": "Polygon", "coordinates": [ [ [ 72.849157956401015, 19.071890455787742 ], [ 72.849099665160651, 19.076406061706916 ], [ 72.853849078964643, 19.076461430147322 ], [ 72.853907241732955, 19.071945810137137 ], [ 72.849157956401015, 19.071890455787742 ] ] ] } },
{ "type": "Feature", "properties": { "grid_id": "MUM_000623", "locality": "Borivali / Dahisar Subway", "centroid_lat": 19.254567, "centroid_lon": 72.844803, "area_sqkm": 0.25 }, "geometry": { "type": "Polygon", "coordinates": [ [ [ 72.849099665160651, 19.076406061706916 ], [ 72.849041357475002, 19.080921665245235 ], [ 72.853790899787271, 19.080977047777388 ], [ 72.853849078964643, 19.076461430147322 ], [ 72.849099665160651, 19.076406061706916 ] ] ] } },
{ "type": "Feature", "properties": { "grid_id": "MUM_000624", "locality": "Borivali / Dahisar Subway", "centroid_lat": 19.258638, "centroid_lon": 72.845617, "area_sqkm": 0.25 }, "geometry": { "type": "Polygon", "coordinates": [ [ [ 72.849041357475002, 19.080921665245235 ], [ 72.848983033342023, 19.085437266402188 ], [ 72.853732704198791, 19.085492663026827 ], [ 72.853790899787271, 19.080977047777388 ], [ 72.849041357475002, 19.080921665245235 ] ] ] } },
{ "type": "Feature", "properties": { "grid_id": "MUM_000625", "locality": "Mumbai Central", "centroid_lat": null, "centroid_lon": null, "area_sqkm": 0.25 }, "geometry": { "type": "Polygon", "coordinates": [ [ [ 72.848983033342023, 19.085437266402188 ], [ 72.848924692759667, 19.089952865177288 ], [ 72.853674492197186, 19.090008275895148 ], [ 72.853732704198791, 19.085492663026827 ], [ 72.848983033342023, 19.085437266402188 ] ] ] } },
{ "type": "Feature", "properties": { "grid_id": "MUM_000626", "locality": "Marine Lines / Kalbadevi", "centroid_lat": 18.975254, "centroid_lon": 72.851517, "area_sqkm": 0.25 }, "geometry": { "type": "Polygon", "coordinates": [ [ [ 72.848924692759667, 19.089952865177288 ], [ 72.848866335725873, 19.094468461570042 ], [ 72.853616263780367, 19.094523886381861 ], [ 72.853674492197186, 19.090008275895148 ], [ 72.848924692759667, 19.089952865177288 ] ] ] } },
{ "type": "Feature", "properties": { "grid_id": "MUM_000627", "locality": "Dadar East / Hindmata", "centroid_lat": 18.979502, "centroid_lon": 72.852486, "area_sqkm": 0.25 }, "geometry": { "type": "Polygon", "coordinates": [ [ [ 72.848866335725873, 19.094468461570042 ], [ 72.84880796223861, 19.098984055579947 ], [ 72.85355801894633, 19.099039494486465 ], [ 72.853616263780367, 19.094523886381861 ], [ 72.848866335725873, 19.094468461570042 ] ] ] } },
{ "type": "Feature", "properties": { "grid_id": "MUM_000628", "locality": "Dadar East / Hindmata", "centroid_lat": 18.983863, "centroid_lon": 72.852665, "area_sqkm": 0.25 }, "geometry": { "type": "Polygon", "coordinates": [ [ [ 72.84880796223861, 19.098984055579947 ], [ 72.84874957229583, 19.103499647206526 ], [ 72.853499757693015, 19.103555100208482 ], [ 72.85355801894633, 19.099039494486465 ], [ 72.84880796223861, 19.098984055579947 ] ] ] } },
{ "type": "Feature", "properties": { "grid_id": "MUM_000629", "locality": "Dadar East / Hindmata", "centroid_lat": 18.988379, "centroid_lon": 72.852607, "area_sqkm": 0.25 }, "geometry": { "type": "Polygon", "coordinates": [ [ [ 72.84874957229583, 19.103499647206526 ], [ 72.84869116589546, 19.108015236449265 ], [ 72.853441480018361, 19.108070703547394 ], [ 72.853499757693015, 19.103555100208482 ], [ 72.84874957229583, 19.103499647206526 ] ] ] } },
{ "type": "Feature", "properties": { "grid_id": "MUM_000630", "locality": "Dadar East / Hindmata", "centroid_lat": 18.992895, "centroid_lon": 72.852549, "area_sqkm": 0.25 }, "geometry": { "type": "Polygon", "coordinates": [ [ [ 72.84869116589546, 19.108015236449265 ], [ 72.848632743035452, 19.112530823307679 ], [ 72.85338318592035, 19.11258630450272 ], [ 72.853441480018361, 19.108070703547394 ], [ 72.84869116589546, 19.108015236449265 ] ] ] } },
{ "type": "Feature", "properties": { "grid_id": "MUM_000631", "locality": "Dadar East / Hindmata", "centroid_lat": 18.99741, "centroid_lon": 72.852491, "area_sqkm": 0.25 }, "geometry": { "type": "Polygon", "coordinates": [ [ [ 72.848632743035452, 19.112530823307679 ], [ 72.848574303713789, 19.117046407781277 ], [ 72.853324875396893, 19.117101903073973 ], [ 72.85338318592035, 19.11258630450272 ], [ 72.848632743035452, 19.112530823307679 ] ] ] } },
{ "type": "Feature", "properties": { "grid_id": "MUM_000632", "locality": "Dadar East / Hindmata", "centroid_lat": 19.001926, "centroid_lon": 72.852433, "area_sqkm": 0.25 }, "geometry": { "type": "Polygon", "coordinates": [ [ [ 72.848574303713789, 19.117046407781277 ], [ 72.848515847928368, 19.121561989869559 ], [ 72.853266548445987, 19.121617499260644 ], [ 72.853324875396893, 19.117101903073973 ], [ 72.848574303713789, 19.117046407781277 ] ] ] } },
{ "type": "Feature", "properties": { "grid_id": "MUM_000633", "locality": "Dadar East / Hindmata", "centroid_lat": 19.006441, "centroid_lon": 72.852375, "area_sqkm": 0.25 }, "geometry": { "type": "Polygon", "coordinates": [ [ [ 72.848515847928368, 19.121561989869559 ], [ 72.848457375677157, 19.126077569572026 ], [ 72.85320820506557, 19.126133093062236 ], [ 72.853266548445987, 19.121617499260644 ], [ 72.848515847928368, 19.121561989869559 ] ] ] } },
{ "type": "Feature", "properties": { "grid_id": "MUM_000634", "locality": "Dadar East / Hindmata", "centroid_lat": 19.010957, "centroid_lon": 72.852317, "area_sqkm": 0.25 }, "geometry": { "type": "Polygon", "coordinates": [ [ [ 72.848457375677157, 19.126077569572026 ], [ 72.848398886958108, 19.130593146888192 ], [ 72.853149845253569, 19.130648684478281 ], [ 72.85320820506557, 19.126133093062236 ], [ 72.848457375677157, 19.126077569572026 ] ] ] } },
{ "type": "Feature", "properties": { "grid_id": "MUM_000635", "locality": "Dadar East / Hindmata", "centroid_lat": 19.015473, "centroid_lon": 72.852259, "area_sqkm": 0.25 }, "geometry": { "type": "Polygon", "coordinates": [ [ [ 72.848398886958108, 19.130593146888192 ], [ 72.848340381769162, 19.135108721817566 ], [ 72.853091469007964, 19.135164273508263 ], [ 72.853149845253569, 19.130648684478281 ], [ 72.848398886958108, 19.130593146888192 ] ] ] } },
{ "type": "Feature", "properties": { "grid_id": "MUM_000636", "locality": "Dadar East / Hindmata", "centroid_lat": 19.019988, "centroid_lon": 72.852201, "area_sqkm": 0.25 }, "geometry": { "type": "Polygon", "coordinates": [ [ [ 72.848340381769162, 19.135108721817566 ], [ 72.848281860108258, 19.139624294359638 ], [ 72.853033076326668, 19.139679860151688 ], [ 72.853091469007964, 19.135164273508263 ], [ 72.848340381769162, 19.135108721817566 ] ] ] } },
{ "type": "Feature", "properties": { "grid_id": "MUM_000637", "locality": "Dadar East / Hindmata", "centroid_lat": 19.024504, "centroid_lon": 72.852143, "area_sqkm": 0.25 }, "geometry": { "type": "Polygon", "coordinates": [ [ [ 72.848281860108258, 19.139624294359638 ], [ 72.848223321973336, 19.144139864513932 ], [ 72.852974667207647, 19.144195444408069 ], [ 72.853033076326668, 19.139679860151688 ], [ 72.848281860108258, 19.139624294359638 ] ] ] } },
{ "type": "Feature", "properties": { "grid_id": "MUM_000638", "locality": "Sion / King's Circle", "centroid_lat": 19.02902, "centroid_lon": 72.852085, "area_sqkm": 0.25 }, "geometry": { "type": "Polygon", "coordinates": [ [ [ 72.848223321973336, 19.144139864513932 ], [ 72.848164767362348, 19.148655432279948 ], [ 72.852916241648856, 19.148711026276914 ], [ 72.852974667207647, 19.144195444408069 ], [ 72.848223321973336, 19.144139864513932 ] ] ] } },
{ "type": "Feature", "properties": { "grid_id": "MUM_000639", "locality": "Sion / King's Circle", "centroid_lat": 19.033535, "centroid_lon": 72.852027, "area_sqkm": 0.25 }, "geometry": { "type": "Polygon", "coordinates": [ [ [ 72.848164767362348, 19.148655432279948 ], [ 72.848106196273235, 19.153170997657185 ], [ 72.852857799648234, 19.153226605757723 ], [ 72.852916241648856, 19.148711026276914 ], [ 72.848164767362348, 19.148655432279948 ] ] ] } },
{ "type": "Feature", "properties": { "grid_id": "MUM_000640", "locality": "Dharavi / Mahim", "centroid_lat": 19.038051, "centroid_lon": 72.851969, "area_sqkm": 0.25 }, "geometry": { "type": "Polygon", "coordinates": [ [ [ 72.848106196273235, 19.153170997657185 ], [ 72.848047608703936, 19.15768656064515 ], [ 72.852799341203735, 19.157742182850008 ], [ 72.852857799648234, 19.153226605757723 ], [ 72.848106196273235, 19.153170997657185 ] ] ] } },
{ "type": "Feature", "properties": { "grid_id": "MUM_000641", "locality": "Dharavi / Mahim", "centroid_lat": 19.042567, "centroid_lon": 72.851911, "area_sqkm": 0.25 }, "geometry": { "type": "Polygon", "coordinates": [ [ [ 72.848047608703936, 19.15768656064515 ], [ 72.847989004652391, 19.162202121243361 ], [ 72.852740866313283, 19.162257757553263 ], [ 72.852799341203735, 19.157742182850008 ], [ 72.848047608703936, 19.15768656064515 ] ] ] } },
{ "type": "Feature", "properties": { "grid_id": "MUM_000642", "locality": "Dharavi / Mahim", "centroid_lat": 19.047082, "centroid_lon": 72.851853, "area_sqkm": 0.25 }, "geometry": { "type": "Polygon", "coordinates": [ [ [ 72.847989004652391, 19.162202121243361 ], [ 72.847930384116538, 19.166717679451313 ], [ 72.852682374974847, 19.166773329867009 ], [ 72.852740866313283, 19.162257757553263 ], [ 72.847989004652391, 19.162202121243361 ] ] ] } },
{ "type": "Feature", "properties": { "grid_id": "MUM_000643", "locality": "Dharavi / Mahim", "centroid_lat": 19.051598, "centroid_lon": 72.851794, "area_sqkm": 0.25 }, "geometry": { "type": "Polygon", "coordinates": [ [ [ 72.847930384116538, 19.166717679451313 ], [ 72.847871747094302, 19.171233235268517 ], [ 72.852623867186338, 19.171288899790749 ], [ 72.852682374974847, 19.166773329867009 ], [ 72.847930384116538, 19.166717679451313 ] ] ] } },
{ "type": "Feature", "properties": { "grid_id": "MUM_000644", "locality": "Dharavi / Mahim", "centroid_lat": 19.056113, "centroid_lon": 72.851736, "area_sqkm": 0.25 }, "geometry": { "type": "Polygon", "coordinates": [ [ [ 72.847871747094302, 19.171233235268517 ], [ 72.847813093583653, 19.175748788694477 ], [ 72.852565342945738, 19.175804467323985 ], [ 72.852623867186338, 19.171288899790749 ], [ 72.847871747094302, 19.171233235268517 ] ] ] } },
{ "type": "Feature", "properties": { "grid_id": "MUM_000645", "locality": "Bandra Kurla Complex (BKC)", "centroid_lat": 19.060629, "centroid_lon": 72.851678, "area_sqkm": 0.25 }, "geometry": { "type": "Polygon", "coordinates": [ [ [ 72.847813093583653, 19.175748788694477 ], [ 72.847754423582515, 19.180264339728694 ], [ 72.852506802250971, 19.180320032466227 ], [ 72.852565342945738, 19.175804467323985 ], [ 72.847813093583653, 19.175748788694477 ] ] ] } },
{ "type": "Feature", "properties": { "grid_id": "MUM_000646", "locality": "Bandra Kurla Complex (BKC)", "centroid_lat": 19.065145, "centroid_lon": 72.85162, "area_sqkm": 0.25 }, "geometry": { "type": "Polygon", "coordinates": [ [ [ 72.847754423582515, 19.180264339728694 ], [ 72.847695737088813, 19.184779888370691 ], [ 72.852448245099964, 19.184835595216978 ], [ 72.852506802250971, 19.180320032466227 ], [ 72.847754423582515, 19.180264339728694 ] ] ] } },
{ "type": "Feature", "properties": { "grid_id": "MUM_000647", "locality": "Santacruz / Milan Subway", "centroid_lat": 19.06966, "centroid_lon": 72.851562, "area_sqkm": 0.25 }, "geometry": { "type": "Polygon", "coordinates": [ [ [ 72.847695737088813, 19.184779888370691 ], [ 72.847637034100487, 19.189295434619954 ], [ 72.852389671490684, 19.18935115557575 ], [ 72.852448245099964, 19.184835595216978 ], [ 72.847695737088813, 19.184779888370691 ] ] ] } },
{ "type": "Feature", "properties": { "grid_id": "MUM_000648", "locality": "Santacruz / Milan Subway", "centroid_lat": 19.074176, "centroid_lon": 72.851503, "area_sqkm": 0.25 }, "geometry": { "type": "Polygon", "coordinates": [ [ [ 72.847637034100487, 19.189295434619954 ], [ 72.84757831461549, 19.193810978476002 ], [ 72.852331081421056, 19.193866713542047 ], [ 72.852389671490684, 19.18935115557575 ], [ 72.847637034100487, 19.189295434619954 ] ] ] } },
{ "type": "Feature", "properties": { "grid_id": "MUM_000649", "locality": "Santacruz / Milan Subway", "centroid_lat": 19.078692, "centroid_lon": 72.851445, "area_sqkm": 0.25 }, "geometry": { "type": "Polygon", "coordinates": [ [ [ 72.84757831461549, 19.193810978476002 ], [ 72.847519578631733, 19.198326519938337 ], [ 72.85227247488902, 19.19838226911537 ], [ 72.852331081421056, 19.193866713542047 ], [ 72.84757831461549, 19.193810978476002 ] ] ] } },
{ "type": "Feature", "properties": { "grid_id": "MUM_000650", "locality": "Santacruz / Milan Subway", "centroid_lat": 19.083207, "centroid_lon": 72.851387, "area_sqkm": 0.25 }, "geometry": { "type": "Polygon", "coordinates": [ [ [ 72.847519578631733, 19.198326519938337 ], [ 72.847460826147156, 19.202842059006471 ], [ 72.852213851892515, 19.202897822295235 ], [ 72.85227247488902, 19.19838226911537 ], [ 72.847519578631733, 19.198326519938337 ] ] ] } },
{ "type": "Feature", "properties": { "grid_id": "MUM_000651", "locality": "Santacruz / Milan Subway", "centroid_lat": 19.087723, "centroid_lon": 72.851329, "area_sqkm": 0.25 }, "geometry": { "type": "Polygon", "coordinates": [ [ [ 72.847460826147156, 19.202842059006471 ], [ 72.847402057159726, 19.207357595679902 ], [ 72.85215521242948, 19.207413373081149 ], [ 72.852213851892515, 19.202897822295235 ], [ 72.847460826147156, 19.202842059006471 ] ] ] } },
{ "type": "Feature", "properties": { "grid_id": "MUM_000652", "locality": "Santacruz / Milan Subway", "centroid_lat": 19.092238, "centroid_lon": 72.85127, "area_sqkm": 0.25 }, "geometry": { "type": "Polygon", "coordinates": [ [ [ 72.847402057159726, 19.207357595679902 ], [ 72.847343271667327, 19.211873129958143 ], [ 72.852096556497855, 19.211928921472605 ], [ 72.85215521242948, 19.207413373081149 ], [ 72.847402057159726, 19.207357595679902 ] ] ] } },
{ "type": "Feature", "properties": { "grid_id": "MUM_000653", "locality": "Santacruz / Milan Subway", "centroid_lat": 19.096754, "centroid_lon": 72.851212, "area_sqkm": 0.25 }, "geometry": { "type": "Polygon", "coordinates": [ [ [ 72.847343271667327, 19.211873129958143 ], [ 72.847284469667898, 19.216388661840693 ], [ 72.852037884095566, 19.216444467469124 ], [ 72.852096556497855, 19.211928921472605 ], [ 72.847343271667327, 19.211873129958143 ] ] ] } },
{ "type": "Feature", "properties": { "grid_id": "MUM_000654", "locality": "Andheri Subway / West", "centroid_lat": 19.10127, "centroid_lon": 72.851154, "area_sqkm": 0.25 }, "geometry": { "type": "Polygon", "coordinates": [ [ [ 72.847284469667898, 19.216388661840693 ], [ 72.847225651159405, 19.220904191327072 ], [ 72.851979195220565, 19.220960011070204 ], [ 72.852037884095566, 19.216444467469124 ], [ 72.847284469667898, 19.216388661840693 ] ] ] } },
{ "type": "Feature", "properties": { "grid_id": "MUM_000655", "locality": "Andheri Subway / West", "centroid_lat": 19.105785, "centroid_lon": 72.851095, "area_sqkm": 0.25 }, "geometry": { "type": "Polygon", "coordinates": [ [ [ 72.847225651159405, 19.220904191327072 ], [ 72.847166816139747, 19.22541971841677 ], [ 72.851920489870764, 19.225475552275363 ], [ 72.851979195220565, 19.220960011070204 ], [ 72.847225651159405, 19.220904191327072 ] ] ] } },
{ "type": "Feature", "properties": { "grid_id": "MUM_000656", "locality": "Andheri Subway / West", "centroid_lat": 19.110301, "centroid_lon": 72.851037, "area_sqkm": 0.25 }, "geometry": { "type": "Polygon", "coordinates": [ [ [ 72.847166816139747, 19.22541971841677 ], [ 72.847107964606863, 19.229935243109317 ], [ 72.851861768044131, 19.229991091084106 ], [ 72.851920489870764, 19.225475552275363 ], [ 72.847166816139747, 19.22541971841677 ] ] ] } },
{ "type": "Feature", "properties": { "grid_id": "MUM_000657", "locality": "Andheri Subway / West", "centroid_lat": 19.114816, "centroid_lon": 72.850979, "area_sqkm": 0.25 }, "geometry": { "type": "Polygon", "coordinates": [ [ [ 72.847107964606863, 19.229935243109317 ], [ 72.847049096558678, 19.234450765404187 ], [ 72.851803029738576, 19.234506627495922 ], [ 72.851861768044131, 19.229991091084106 ], [ 72.847107964606863, 19.229935243109317 ] ] ] } },
{ "type": "Feature", "properties": { "grid_id": "MUM_000658", "locality": "Andheri Subway / West", "centroid_lat": 19.119332, "centroid_lon": 72.85092, "area_sqkm": 0.25 }, "geometry": { "type": "Polygon", "coordinates": [ [ [ 72.847049096558678, 19.234450765404187 ], [ 72.846990211993116, 19.238966285300922 ], [ 72.851744274952011, 19.239022161510341 ], [ 72.851803029738576, 19.234506627495922 ], [ 72.847049096558678, 19.234450765404187 ] ] ] } },
{ "type": "Feature", "properties": { "grid_id": "MUM_000659", "locality": "Andheri Subway / West", "centroid_lat": 19.123848, "centroid_lon": 72.850862, "area_sqkm": 0.25 }, "geometry": { "type": "Polygon", "coordinates": [ [ [ 72.846990211993116, 19.238966285300922 ], [ 72.846931310908133, 19.243481802799007 ], [ 72.851685503682418, 19.24353769312685 ], [ 72.851744274952011, 19.239022161510341 ], [ 72.846990211993116, 19.238966285300922 ] ] ] } },
{ "type": "Feature", "properties": { "grid_id": "MUM_000660", "locality": "Andheri Subway / West", "centroid_lat": 19.128363, "centroid_lon": 72.850804, "area_sqkm": 0.25 }, "geometry": { "type": "Polygon", "coordinates": [ [ [ 72.846931310908133, 19.243481802799007 ], [ 72.846872393301624, 19.247997317897944 ], [ 72.851626715927694, 19.248053222344971 ], [ 72.851685503682418, 19.24353769312685 ], [ 72.846931310908133, 19.243481802799007 ] ] ] } },
{ "type": "Feature", "properties": { "grid_id": "MUM_000661", "locality": "Jogeshwari / JVLR", "centroid_lat": 19.132879, "centroid_lon": 72.850745, "area_sqkm": 0.25 }, "geometry": { "type": "Polygon", "coordinates": [ [ [ 72.846872393301624, 19.247997317897944 ], [ 72.846813459171528, 19.252512830597265 ], [ 72.851567911685777, 19.252568749164215 ], [ 72.851626715927694, 19.248053222344971 ], [ 72.846872393301624, 19.247997317897944 ] ] ] } },
{ "type": "Feature", "properties": { "grid_id": "MUM_000662", "locality": "Jogeshwari / JVLR", "centroid_lat": 19.137394, "centroid_lon": 72.850687, "area_sqkm": 0.25 }, "geometry": { "type": "Polygon", "coordinates": [ [ [ 72.846813459171528, 19.252512830597265 ], [ 72.846754508515772, 19.257028340896447 ], [ 72.851509090954607, 19.25708427358407 ], [ 72.851567911685777, 19.252568749164215 ], [ 72.846813459171528, 19.252512830597265 ] ] ] } },
{ "type": "Feature", "properties": { "grid_id": "MUM_000663", "locality": "Jogeshwari / JVLR", "centroid_lat": 19.14191, "centroid_lon": 72.850628, "area_sqkm": 0.2491 }, "geometry": { "type": "Polygon", "coordinates": [ [ [ 72.851450253732096, 19.261599795604059 ], [ 72.851509090954607, 19.25708427358407 ], [ 72.846754508515772, 19.257028340896447 ], [ 72.84669984296842, 19.261214486892829 ], [ 72.847168637710581, 19.261549421071571 ], [ 72.851450253732096, 19.261599795604059 ] ] ] } },
{ "type": "Feature", "properties": { "grid_id": "MUM_000664", "locality": "Jogeshwari / JVLR", "centroid_lat": 19.146425, "centroid_lon": 72.85057, "area_sqkm": 0.0743 }, "geometry": { "type": "Polygon", "coordinates": [ [ [ 72.851450253732096, 19.261599795604059 ], [ 72.847168637710581, 19.261549421071571 ], [ 72.851411404950241, 19.264580589683433 ], [ 72.851450253732096, 19.261599795604059 ] ] ] } },
{ "type": "Feature", "properties": { "grid_id": "MUM_000665", "locality": "Jogeshwari / JVLR", "centroid_lat": 19.150941, "centroid_lon": 72.850511, "area_sqkm": 0.1009 }, "geometry": { "type": "Polygon", "coordinates": [ [ [ 72.855067054337468, 18.981632910868623 ], [ 72.855009219322326, 18.986148578377438 ], [ 72.858090292640043, 18.986184268781436 ], [ 72.855818999699466, 18.981641623959998 ], [ 72.855067054337468, 18.981632910868623 ] ] ] } },
{ "type": "Feature", "properties": { "grid_id": "MUM_000666", "locality": "Goregaon West", "centroid_lat": 19.155457, "centroid_lon": 72.850453, "area_sqkm": 0.2186 }, "geometry": { "type": "Polygon", "coordinates": [ [ [ 72.855009219322326, 18.986148578377438 ], [ 72.854951367938853, 18.990664243516022 ], [ 72.859698363333649, 18.990719222758813 ], [ 72.859714804329613, 18.989433184782104 ], [ 72.858090292640043, 18.986184268781436 ], [ 72.855009219322326, 18.986148578377438 ] ] ] } },
{ "type": "Feature", "properties": { "grid_id": "MUM_000667", "locality": "Goregaon West", "centroid_lat": 19.159972, "centroid_lon": 72.850394, "area_sqkm": 0.25 }, "geometry": { "type": "Polygon", "coordinates": [ [ [ 72.854951367938853, 18.990664243516022 ], [ 72.854893500185, 18.995179906283887 ], [ 72.859640623402598, 18.995234899573408 ], [ 72.859698363333649, 18.990719222758813 ], [ 72.854951367938853, 18.990664243516022 ] ] ] } },
{ "type": "Feature", "properties": { "grid_id": "MUM_000668", "locality": "Goregaon West", "centroid_lat": 19.164488, "centroid_lon": 72.850336, "area_sqkm": 0.25 }, "geometry": { "type": "Polygon", "coordinates": [ [ [ 72.854893500185, 18.995179906283887 ], [ 72.854835616058736, 18.999695566680536 ], [ 72.859582867135273, 18.999750574017511 ], [ 72.859640623402598, 18.995234899573408 ], [ 72.854893500185, 18.995179906283887 ] ] ] } },
{ "type": "Feature", "properties": { "grid_id": "MUM_000669", "locality": "Goregaon West", "centroid_lat": 19.169003, "centroid_lon": 72.850277, "area_sqkm": 0.25 }, "geometry": { "type": "Polygon", "coordinates": [ [ [ 72.854835616058736, 18.999695566680536 ], [ 72.854777715558043, 19.004211224705472 ], [ 72.859525094529673, 19.004266246090626 ], [ 72.859582867135273, 18.999750574017511 ], [ 72.854835616058736, 18.999695566680536 ] ] ] } },
{ "type": "Feature", "properties": { "grid_id": "MUM_000670", "locality": "Goregaon West", "centroid_lat": 19.173519, "centroid_lon": 72.850219, "area_sqkm": 0.25 }, "geometry": { "type": "Polygon", "coordinates": [ [ [ 72.854777715558043, 19.004211224705472 ], [ 72.854719798680904, 19.008726880358189 ], [ 72.859467305583763, 19.00878191579227 ], [ 72.859525094529673, 19.004266246090626 ], [ 72.854777715558043, 19.004211224705472 ] ] ] } },
{ "type": "Feature", "properties": { "grid_id": "MUM_000671", "locality": "Malad West", "centroid_lat": 19.178034, "centroid_lon": 72.85016, "area_sqkm": 0.25 }, "geometry": { "type": "Polygon", "coordinates": [ [ [ 72.854719798680904, 19.008726880358189 ], [ 72.854661865425243, 19.013242533638206 ], [ 72.859409500295513, 19.01329758312194 ], [ 72.859467305583763, 19.00878191579227 ], [ 72.854719798680904, 19.008726880358189 ] ] ] } },
{ "type": "Feature", "properties": { "grid_id": "MUM_000672", "locality": "Malad West", "centroid_lat": 19.18255, "centroid_lon": 72.850101, "area_sqkm": 0.25 }, "geometry": { "type": "Polygon", "coordinates": [ [ [ 72.854661865425243, 19.013242533638206 ], [ 72.854603915789056, 19.017758184545031 ], [ 72.85935167866289, 19.017813248079154 ], [ 72.859409500295513, 19.01329758312194 ], [ 72.854661865425243, 19.013242533638206 ] ] ] } },
{ "type": "Feature", "properties": { "grid_id": "MUM_000673", "locality": "Malad West", "centroid_lat": 19.187066, "centroid_lon": 72.850043, "area_sqkm": 0.25 }, "geometry": { "type": "Polygon", "coordinates": [ [ [ 72.854603915789056, 19.017758184545031 ], [ 72.854545949770326, 19.022273833078156 ], [ 72.85929384068389, 19.022328910663393 ], [ 72.85935167866289, 19.017813248079154 ], [ 72.854603915789056, 19.017758184545031 ] ] ] } },
{ "type": "Feature", "properties": { "grid_id": "MUM_000674", "locality": "Malad West", "centroid_lat": 19.191581, "centroid_lon": 72.849984, "area_sqkm": 0.25 }, "geometry": { "type": "Polygon", "coordinates": [ [ [ 72.854545949770326, 19.022273833078156 ], [ 72.854487967366993, 19.026789479237092 ], [ 72.859235986356452, 19.026844570874182 ], [ 72.85929384068389, 19.022328910663393 ], [ 72.854545949770326, 19.022273833078156 ] ] ] } },
{ "type": "Feature", "properties": { "grid_id": "MUM_000675", "locality": "Malad West", "centroid_lat": 19.196097, "centroid_lon": 72.849925, "area_sqkm": 0.25 }, "geometry": { "type": "Polygon", "coordinates": [ [ [ 72.854487967366993, 19.026789479237092 ], [ 72.854429968577037, 19.031305123021347 ], [ 72.859178115678574, 19.031360228711016 ], [ 72.859235986356452, 19.026844570874182 ], [ 72.854487967366993, 19.026789479237092 ] ] ] } },
{ "type": "Feature", "properties": { "grid_id": "MUM_000676", "locality": "Kandivali West", "centroid_lat": 19.200612, "centroid_lon": 72.849867, "area_sqkm": 0.25 }, "geometry": { "type": "Polygon", "coordinates": [ [ [ 72.854429968577037, 19.031305123021347 ], [ 72.854371953398413, 19.035820764430412 ], [ 72.859120228648209, 19.035875884173404 ], [ 72.859178115678574, 19.031360228711016 ], [ 72.854429968577037, 19.031305123021347 ] ] ] } },
{ "type": "Feature", "properties": { "grid_id": "MUM_000677", "locality": "Kandivali West", "centroid_lat": 19.205128, "centroid_lon": 72.849808, "area_sqkm": 0.25 }, "geometry": { "type": "Polygon", "coordinates": [ [ [ 72.854371953398413, 19.035820764430412 ], [ 72.854313921829075, 19.040336403463812 ], [ 72.859062325263324, 19.040391537260852 ], [ 72.859120228648209, 19.035875884173404 ], [ 72.854371953398413, 19.035820764430412 ] ] ] } },
{ "type": "Feature", "properties": { "grid_id": "MUM_000678", "locality": "Kandivali West", "centroid_lat": 19.209643, "centroid_lon": 72.849749, "area_sqkm": 0.25 }, "geometry": { "type": "Polygon", "coordinates": [ [ [ 72.854313921829075, 19.040336403463812 ], [ 72.854255873867004, 19.044852040121036 ], [ 72.859004405521901, 19.044907187972861 ], [ 72.859062325263324, 19.040391537260852 ], [ 72.854313921829075, 19.040336403463812 ] ] ] } },
{ "type": "Feature", "properties": { "grid_id": "MUM_000679", "locality": "Kandivali West", "centroid_lat": 19.214159, "centroid_lon": 72.849691, "area_sqkm": 0.25 }, "geometry": { "type": "Polygon", "coordinates": [ [ [ 72.854255873867004, 19.044852040121036 ], [ 72.854197809510168, 19.049367674401605 ], [ 72.85894646942188, 19.049422836308942 ], [ 72.859004405521901, 19.044907187972861 ], [ 72.854255873867004, 19.044852040121036 ] ] ] } },
{ "type": "Feature", "properties": { "grid_id": "MUM_000680", "locality": "Kandivali West", "centroid_lat": 19.218674, "centroid_lon": 72.849632, "area_sqkm": 0.25 }, "geometry": { "type": "Polygon", "coordinates": [ [ [ 72.854197809510168, 19.049367674401605 ], [ 72.854139728756508, 19.053883306305003 ], [ 72.858888516961272, 19.053938482268599 ], [ 72.85894646942188, 19.049422836308942 ], [ 72.854197809510168, 19.049367674401605 ] ] ] } },
{ "type": "Feature", "properties": { "grid_id": "MUM_000681", "locality": "Kandivali West", "centroid_lat": 19.22319, "centroid_lon": 72.849573, "area_sqkm": 0.25 }, "geometry": { "type": "Polygon", "coordinates": [ [ [ 72.854139728756508, 19.053883306305003 ], [ 72.854081631604004, 19.058398935830756 ], [ 72.858830548137988, 19.058454125851338 ], [ 72.858888516961272, 19.053938482268599 ], [ 72.854139728756508, 19.053883306305003 ] ] ] } },
{ "type": "Feature", "properties": { "grid_id": "MUM_000682", "locality": "Kandivali West", "centroid_lat": 19.227705, "centroid_lon": 72.849514, "area_sqkm": 0.25 }, "geometry": { "type": "Polygon", "coordinates": [ [ [ 72.854081631604004, 19.058398935830756 ], [ 72.85402351805061, 19.062914562978357 ], [ 72.858772562950023, 19.062969767056654 ], [ 72.858830548137988, 19.058454125851338 ], [ 72.854081631604004, 19.058398935830756 ] ] ] } },
{ "type": "Feature", "properties": { "grid_id": "MUM_000683", "locality": "Borivali / Dahisar Subway", "centroid_lat": 19.232221, "centroid_lon": 72.849455, "area_sqkm": 0.25 }, "geometry": { "type": "Polygon", "coordinates": [ [ [ 72.85402351805061, 19.062914562978357 ], [ 72.853965388094267, 19.067430187747313 ], [ 72.85871456139536, 19.067485405884067 ], [ 72.858772562950023, 19.062969767056654 ], [ 72.85402351805061, 19.062914562978357 ] ] ] } },
{ "type": "Feature", "properties": { "grid_id": "MUM_000684", "locality": "Borivali / Dahisar Subway", "centroid_lat": 19.236736, "centroid_lon": 72.849397, "area_sqkm": 0.25 }, "geometry": { "type": "Polygon", "coordinates": [ [ [ 72.853965388094267, 19.067430187747313 ], [ 72.853907241732955, 19.071945810137137 ], [ 72.858656543471923, 19.072001042333081 ], [ 72.85871456139536, 19.067485405884067 ], [ 72.853965388094267, 19.067430187747313 ] ] ] } },
{ "type": "Feature", "properties": { "grid_id": "MUM_000685", "locality": "Borivali / Dahisar Subway", "centroid_lat": 19.241252, "centroid_lon": 72.849338, "area_sqkm": 0.25 }, "geometry": { "type": "Polygon", "coordinates": [ [ [ 72.853907241732955, 19.071945810137137 ], [ 72.853849078964643, 19.076461430147322 ], [ 72.858598509177696, 19.076516676403187 ], [ 72.858656543471923, 19.072001042333081 ], [ 72.853907241732955, 19.071945810137137 ] ] ] } },
{ "type": "Feature", "properties": { "grid_id": "MUM_000686", "locality": "Borivali / Dahisar Subway", "centroid_lat": 19.245768, "centroid_lon": 72.849279, "area_sqkm": 0.25 }, "geometry": { "type": "Polygon", "coordinates": [ [ [ 72.853849078964643, 19.076461430147322 ], [ 72.853790899787271, 19.080977047777388 ], [ 72.858540458510646, 19.081032308093913 ], [ 72.858598509177696, 19.076516676403187 ], [ 72.853849078964643, 19.076461430147322 ] ] ] } },
{ "type": "Feature", "properties": { "grid_id": "MUM_000687", "locality": "Borivali / Dahisar Subway", "centroid_lat": 19.250283, "centroid_lon": 72.84922, "area_sqkm": 0.25 }, "geometry": { "type": "Polygon", "coordinates": [ [ [ 72.853790899787271, 19.080977047777388 ], [ 72.853732704198791, 19.085492663026827 ], [ 72.858482391468712, 19.085547937404748 ], [ 72.858540458510646, 19.081032308093913 ], [ 72.853790899787271, 19.080977047777388 ] ] ] } },
{ "type": "Feature", "properties": { "grid_id": "MUM_000688", "locality": "Borivali / Dahisar Subway", "centroid_lat": 19.254799, "centroid_lon": 72.849161, "area_sqkm": 0.25 }, "geometry": { "type": "Polygon", "coordinates": [ [ [ 72.853732704198791, 19.085492663026827 ], [ 72.853674492197186, 19.090008275895148 ], [ 72.858424308049877, 19.0900635643352 ], [ 72.858482391468712, 19.085547937404748 ], [ 72.853732704198791, 19.085492663026827 ] ] ] } },
{ "type": "Feature", "properties": { "grid_id": "MUM_000689", "locality": "Borivali / Dahisar Subway", "centroid_lat": 19.259306, "centroid_lon": 72.849111, "area_sqkm": 0.25 }, "geometry": { "type": "Polygon", "coordinates": [ [ [ 72.853674492197186, 19.090008275895148 ], [ 72.853616263780367, 19.094523886381861 ], [ 72.858366208252093, 19.094579188884783 ], [ 72.858424308049877, 19.0900635643352 ], [ 72.853674492197186, 19.090008275895148 ] ] ] } },
{ "type": "Feature", "properties": { "grid_id": "MUM_000690", "locality": "Borivali / Dahisar Subway", "centroid_lat": 19.262577, "centroid_lon": 72.85001, "area_sqkm": 0.25 }, "geometry": { "type": "Polygon", "coordinates": [ [ [ 72.853616263780367, 19.094523886381861 ], [ 72.85355801894633, 19.099039494486465 ], [ 72.858308092073329, 19.099094811052989 ], [ 72.858366208252093, 19.094579188884783 ], [ 72.853616263780367, 19.094523886381861 ] ] ] } },
{ "type": "Feature", "properties": { "grid_id": "MUM_000691", "locality": "Mumbai Central", "centroid_lat": null, "centroid_lon": null, "area_sqkm": 0.25 }, "geometry": { "type": "Polygon", "coordinates": [ [ [ 72.85355801894633, 19.099039494486465 ], [ 72.853499757693015, 19.103555100208482 ], [ 72.858249959511525, 19.103610430839343 ], [ 72.858308092073329, 19.099094811052989 ], [ 72.85355801894633, 19.099039494486465 ] ] ] } },
{ "type": "Feature", "properties": { "grid_id": "MUM_000692", "locality": "Dadar East / Hindmata", "centroid_lat": 18.984361, "centroid_lon": 72.856108, "area_sqkm": 0.25 }, "geometry": { "type": "Polygon", "coordinates": [ [ [ 72.853499757693015, 19.103555100208482 ], [ 72.853441480018361, 19.108070703547394 ], [ 72.858191810564648, 19.108126048243331 ], [ 72.858249959511525, 19.103610430839343 ], [ 72.853499757693015, 19.103555100208482 ] ] ] } },
{ "type": "Feature", "properties": { "grid_id": "MUM_000693", "locality": "Dadar East / Hindmata", "centroid_lat": 18.9886, "centroid_lon": 72.857091, "area_sqkm": 0.25 }, "geometry": { "type": "Polygon", "coordinates": [ [ [ 72.853441480018361, 19.108070703547394 ], [ 72.85338318592035, 19.11258630450272 ], [ 72.858133645230666, 19.11264166326448 ], [ 72.858191810564648, 19.108126048243331 ], [ 72.853441480018361, 19.108070703547394 ] ] ] } },
{ "type": "Feature", "properties": { "grid_id": "MUM_000694", "locality": "Dadar East / Hindmata", "centroid_lat": 18.99295, "centroid_lon": 72.857296, "area_sqkm": 0.25 }, "geometry": { "type": "Polygon", "coordinates": [ [ [ 72.85338318592035, 19.11258630450272 ], [ 72.853324875396893, 19.117101903073973 ], [ 72.858075463507504, 19.117157275902276 ], [ 72.858133645230666, 19.11264166326448 ], [ 72.85338318592035, 19.11258630450272 ] ] ] } },
{ "type": "Feature", "properties": { "grid_id": "MUM_000695", "locality": "Dadar East / Hindmata", "centroid_lat": 18.997465, "centroid_lon": 72.857238, "area_sqkm": 0.25 }, "geometry": { "type": "Polygon", "coordinates": [ [ [ 72.853324875396893, 19.117101903073973 ], [ 72.853266548445987, 19.121617499260644 ], [ 72.858017265393144, 19.121672886156237 ], [ 72.858075463507504, 19.117157275902276 ], [ 72.853324875396893, 19.117101903073973 ] ] ] } },
{ "type": "Feature", "properties": { "grid_id": "MUM_000696", "locality": "Dadar East / Hindmata", "centroid_lat": 19.001981, "centroid_lon": 72.85718, "area_sqkm": 0.25 }, "geometry": { "type": "Polygon", "coordinates": [ [ [ 72.853266548445987, 19.121617499260644 ], [ 72.85320820506557, 19.126133093062236 ], [ 72.85795905088554, 19.126188494025861 ], [ 72.858017265393144, 19.121672886156237 ], [ 72.853266548445987, 19.121617499260644 ] ] ] } },
{ "type": "Feature", "properties": { "grid_id": "MUM_000697", "locality": "Dadar East / Hindmata", "centroid_lat": 19.006497, "centroid_lon": 72.857122, "area_sqkm": 0.25 }, "geometry": { "type": "Polygon", "coordinates": [ [ [ 72.85320820506557, 19.126133093062236 ], [ 72.853149845253569, 19.130648684478281 ], [ 72.85790081998266, 19.130704099510663 ], [ 72.85795905088554, 19.126188494025861 ], [ 72.85320820506557, 19.126133093062236 ] ] ] } },
{ "type": "Feature", "properties": { "grid_id": "MUM_000698", "locality": "Dadar East / Hindmata", "centroid_lat": 19.011012, "centroid_lon": 72.857065, "area_sqkm": 0.25 }, "geometry": { "type": "Polygon", "coordinates": [ [ [ 72.853149845253569, 19.130648684478281 ], [ 72.853091469007964, 19.135164273508263 ], [ 72.857842572682415, 19.135219702610147 ], [ 72.85790081998266, 19.130704099510663 ], [ 72.853149845253569, 19.130648684478281 ] ] ] } },
{ "type": "Feature", "properties": { "grid_id": "MUM_000699", "locality": "Dadar East / Hindmata", "centroid_lat": 19.015528, "centroid_lon": 72.857007, "area_sqkm": 0.25 }, "geometry": { "type": "Polygon", "coordinates": [ [ [ 72.853091469007964, 19.135164273508263 ], [ 72.853033076326668, 19.139679860151688 ], [ 72.857784308982801, 19.13973530332381 ], [ 72.857842572682415, 19.135219702610147 ], [ 72.853091469007964, 19.135164273508263 ] ] ] } },
{ "type": "Feature", "properties": { "grid_id": "MUM_000700", "locality": "Dadar East / Hindmata", "centroid_lat": 19.020044, "centroid_lon": 72.856949, "area_sqkm": 0.25 }, "geometry": { "type": "Polygon", "coordinates": [ [ [ 72.853033076326668, 19.139679860151688 ], [ 72.852974667207647, 19.144195444408069 ], [ 72.857726028881743, 19.14425090165118 ], [ 72.857784308982801, 19.13973530332381 ], [ 72.853033076326668, 19.139679860151688 ] ] ] } },
{ "type": "Feature", "properties": { "grid_id": "MUM_000701", "locality": "Sion / King's Circle", "centroid_lat": 19.024559, "centroid_lon": 72.856891, "area_sqkm": 0.25 }, "geometry": { "type": "Polygon", "coordinates": [ [ [ 72.852974667207647, 19.144195444408069 ], [ 72.852916241648856, 19.148711026276914 ], [ 72.857667732377195, 19.148766497591733 ], [ 72.857726028881743, 19.14425090165118 ], [ 72.852974667207647, 19.144195444408069 ] ] ] } },
{ "type": "Feature", "properties": { "grid_id": "MUM_000702", "locality": "Sion / King's Circle", "centroid_lat": 19.029075, "centroid_lon": 72.856833, "area_sqkm": 0.25 }, "geometry": { "type": "Polygon", "coordinates": [ [ [ 72.852916241648856, 19.148711026276914 ], [ 72.852857799648234, 19.153226605757723 ], [ 72.857609419467124, 19.153282091144998 ], [ 72.857667732377195, 19.148766497591733 ], [ 72.852916241648856, 19.148711026276914 ] ] ] } },
{ "type": "Feature", "properties": { "grid_id": "MUM_000703", "locality": "Sion / King's Circle", "centroid_lat": 19.033591, "centroid_lon": 72.856775, "area_sqkm": 0.25 }, "geometry": { "type": "Polygon", "coordinates": [ [ [ 72.852857799648234, 19.153226605757723 ], [ 72.852799341203735, 19.157742182850008 ], [ 72.857551090149457, 19.157797682310477 ], [ 72.857609419467124, 19.153282091144998 ], [ 72.852857799648234, 19.153226605757723 ] ] ] } },
{ "type": "Feature", "properties": { "grid_id": "MUM_000704", "locality": "Sion / King's Circle", "centroid_lat": 19.038106, "centroid_lon": 72.856717, "area_sqkm": 0.25 }, "geometry": { "type": "Polygon", "coordinates": [ [ [ 72.852799341203735, 19.157742182850008 ], [ 72.852740866313283, 19.162257757553263 ], [ 72.857492744422174, 19.162313271087676 ], [ 72.857551090149457, 19.157797682310477 ], [ 72.852799341203735, 19.157742182850008 ] ] ] } },
{ "type": "Feature", "properties": { "grid_id": "MUM_000705", "locality": "Sion / King's Circle", "centroid_lat": 19.042622, "centroid_lon": 72.856659, "area_sqkm": 0.25 }, "geometry": { "type": "Polygon", "coordinates": [ [ [ 72.852740866313283, 19.162257757553263 ], [ 72.852682374974847, 19.166773329867009 ], [ 72.857434382283202, 19.166828857476098 ], [ 72.857492744422174, 19.162313271087676 ], [ 72.852740866313283, 19.162257757553263 ] ] ] } },
{ "type": "Feature", "properties": { "grid_id": "MUM_000706", "locality": "Dharavi / Mahim", "centroid_lat": 19.047137, "centroid_lon": 72.856601, "area_sqkm": 0.25 }, "geometry": { "type": "Polygon", "coordinates": [ [ [ 72.852682374974847, 19.166773329867009 ], [ 72.852623867186338, 19.171288899790749 ], [ 72.857376003730494, 19.171344441475256 ], [ 72.857434382283202, 19.166828857476098 ], [ 72.852682374974847, 19.166773329867009 ] ] ] } },
{ "type": "Feature", "properties": { "grid_id": "MUM_000707", "locality": "Dharavi / Mahim", "centroid_lat": 19.051653, "centroid_lon": 72.856543, "area_sqkm": 0.25 }, "geometry": { "type": "Polygon", "coordinates": [ [ [ 72.852623867186338, 19.171288899790749 ], [ 72.852565342945738, 19.175804467323985 ], [ 72.857317608761988, 19.175860023084645 ], [ 72.857376003730494, 19.171344441475256 ], [ 72.852623867186338, 19.171288899790749 ] ] ] } },
{ "type": "Feature", "properties": { "grid_id": "MUM_000708", "locality": "Bandra Kurla Complex (BKC)", "centroid_lat": 19.056169, "centroid_lon": 72.856485, "area_sqkm": 0.25 }, "geometry": { "type": "Polygon", "coordinates": [ [ [ 72.852565342945738, 19.175804467323985 ], [ 72.852506802250971, 19.180320032466227 ], [ 72.857259197375654, 19.18037560230378 ], [ 72.857317608761988, 19.175860023084645 ], [ 72.852565342945738, 19.175804467323985 ] ] ] } },
{ "type": "Feature", "properties": { "grid_id": "MUM_000709", "locality": "Bandra Kurla Complex (BKC)", "centroid_lat": 19.060684, "centroid_lon": 72.856427, "area_sqkm": 0.25 }, "geometry": { "type": "Polygon", "coordinates": [ [ [ 72.852506802250971, 19.180320032466227 ], [ 72.852448245099964, 19.184835595216978 ], [ 72.857200769569403, 19.184891179132169 ], [ 72.857259197375654, 19.18037560230378 ], [ 72.852506802250971, 19.180320032466227 ] ] ] } },
{ "type": "Feature", "properties": { "grid_id": "MUM_000710", "locality": "Bandra Kurla Complex (BKC)", "centroid_lat": 19.0652, "centroid_lon": 72.856369, "area_sqkm": 0.25 }, "geometry": { "type": "Polygon", "coordinates": [ [ [ 72.852448245099964, 19.184835595216978 ], [ 72.852389671490684, 19.18935115557575 ], [ 72.857142325341229, 19.189406753569319 ], [ 72.857200769569403, 19.184891179132169 ], [ 72.852448245099964, 19.184835595216978 ] ] ] } },
{ "type": "Feature", "properties": { "grid_id": "MUM_000711", "locality": "Bandra Kurla Complex (BKC)", "centroid_lat": 19.069716, "centroid_lon": 72.856311, "area_sqkm": 0.25 }, "geometry": { "type": "Polygon", "coordinates": [ [ [ 72.852389671490684, 19.18935115557575 ], [ 72.852331081421056, 19.193866713542047 ], [ 72.857083864689017, 19.193922325614729 ], [ 72.857142325341229, 19.189406753569319 ], [ 72.852389671490684, 19.18935115557575 ] ] ] } },
{ "type": "Feature", "properties": { "grid_id": "MUM_000712", "locality": "Bandra Kurla Complex (BKC)", "centroid_lat": 19.074231, "centroid_lon": 72.856253, "area_sqkm": 0.25 }, "geometry": { "type": "Polygon", "coordinates": [ [ [ 72.852331081421056, 19.193866713542047 ], [ 72.85227247488902, 19.19838226911537 ], [ 72.857025387610761, 19.198437895267926 ], [ 72.857083864689017, 19.193922325614729 ], [ 72.852331081421056, 19.193866713542047 ] ] ] } },
{ "type": "Feature", "properties": { "grid_id": "MUM_000713", "locality": "Santacruz / Milan Subway", "centroid_lat": 19.078747, "centroid_lon": 72.856195, "area_sqkm": 0.25 }, "geometry": { "type": "Polygon", "coordinates": [ [ [ 72.85227247488902, 19.19838226911537 ], [ 72.852213851892515, 19.202897822295235 ], [ 72.856966894104389, 19.202953462528388 ], [ 72.857025387610761, 19.198437895267926 ], [ 72.85227247488902, 19.19838226911537 ] ] ] } },
{ "type": "Feature", "properties": { "grid_id": "MUM_000714", "locality": "Santacruz / Milan Subway", "centroid_lat": 19.083263, "centroid_lon": 72.856137, "area_sqkm": 0.25 }, "geometry": { "type": "Polygon", "coordinates": [ [ [ 72.852213851892515, 19.202897822295235 ], [ 72.85215521242948, 19.207413373081149 ], [ 72.856908384167838, 19.207469027395639 ], [ 72.856966894104389, 19.202953462528388 ], [ 72.852213851892515, 19.202897822295235 ] ] ] } },
{ "type": "Feature", "properties": { "grid_id": "MUM_000715", "locality": "Santacruz / Milan Subway", "centroid_lat": 19.087778, "centroid_lon": 72.856078, "area_sqkm": 0.25 }, "geometry": { "type": "Polygon", "coordinates": [ [ [ 72.85215521242948, 19.207413373081149 ], [ 72.852096556497855, 19.211928921472605 ], [ 72.856849857799034, 19.211984589869186 ], [ 72.856908384167838, 19.207469027395639 ], [ 72.85215521242948, 19.207413373081149 ] ] ] } },
{ "type": "Feature", "properties": { "grid_id": "MUM_000716", "locality": "Santacruz / Milan Subway", "centroid_lat": 19.092294, "centroid_lon": 72.85602, "area_sqkm": 0.25 }, "geometry": { "type": "Polygon", "coordinates": [ [ [ 72.852096556497855, 19.211928921472605 ], [ 72.852037884095566, 19.216444467469124 ], [ 72.856791314995945, 19.216500149948534 ], [ 72.856849857799034, 19.211984589869186 ], [ 72.852096556497855, 19.211928921472605 ] ] ] } },
{ "type": "Feature", "properties": { "grid_id": "MUM_000717", "locality": "Santacruz / Milan Subway", "centroid_lat": 19.096809, "centroid_lon": 72.855962, "area_sqkm": 0.25 }, "geometry": { "type": "Polygon", "coordinates": [ [ [ 72.852037884095566, 19.216444467469124 ], [ 72.851979195220565, 19.220960011070204 ], [ 72.856732755756511, 19.221015707633185 ], [ 72.856791314995945, 19.216500149948534 ], [ 72.852037884095566, 19.216444467469124 ] ] ] } },
{ "type": "Feature", "properties": { "grid_id": "MUM_000718", "locality": "Andheri Subway / West", "centroid_lat": 19.101325, "centroid_lon": 72.855904, "area_sqkm": 0.25 }, "geometry": { "type": "Polygon", "coordinates": [ [ [ 72.851979195220565, 19.220960011070204 ], [ 72.851920489870764, 19.225475552275363 ], [ 72.856674180078642, 19.225531262922651 ], [ 72.856732755756511, 19.221015707633185 ], [ 72.851979195220565, 19.220960011070204 ] ] ] } },
{ "type": "Feature", "properties": { "grid_id": "MUM_000719", "locality": "Andheri Subway / West", "centroid_lat": 19.105841, "centroid_lon": 72.855846, "area_sqkm": 0.25 }, "geometry": { "type": "Polygon", "coordinates": [ [ [ 72.851920489870764, 19.225475552275363 ], [ 72.851861768044131, 19.229991091084106 ], [ 72.856615587960306, 19.230046815816451 ], [ 72.856674180078642, 19.225531262922651 ], [ 72.851920489870764, 19.225475552275363 ] ] ] } },
{ "type": "Feature", "properties": { "grid_id": "MUM_000720", "locality": "Andheri Subway / West", "centroid_lat": 19.110356, "centroid_lon": 72.855788, "area_sqkm": 0.25 }, "geometry": { "type": "Polygon", "coordinates": [ [ [ 72.851861768044131, 19.229991091084106 ], [ 72.851803029738576, 19.234506627495922 ], [ 72.856556979399443, 19.234562366314066 ], [ 72.856615587960306, 19.230046815816451 ], [ 72.851861768044131, 19.229991091084106 ] ] ] } },
{ "type": "Feature", "properties": { "grid_id": "MUM_000721", "locality": "Andheri Subway / West", "centroid_lat": 19.114872, "centroid_lon": 72.855729, "area_sqkm": 0.25 }, "geometry": { "type": "Polygon", "coordinates": [ [ [ 72.851803029738576, 19.234506627495922 ], [ 72.851744274952011, 19.239022161510341 ], [ 72.856498354393963, 19.239077914415024 ], [ 72.856556979399443, 19.234562366314066 ], [ 72.851803029738576, 19.234506627495922 ] ] ] } },
{ "type": "Feature", "properties": { "grid_id": "MUM_000722", "locality": "Andheri Subway / West", "centroid_lat": 19.119387, "centroid_lon": 72.855671, "area_sqkm": 0.25 }, "geometry": { "type": "Polygon", "coordinates": [ [ [ 72.851744274952011, 19.239022161510341 ], [ 72.851685503682418, 19.24353769312685 ], [ 72.856439712941821, 19.243593460118827 ], [ 72.856498354393963, 19.239077914415024 ], [ 72.851744274952011, 19.239022161510341 ] ] ] } },
{ "type": "Feature", "properties": { "grid_id": "MUM_000723", "locality": "Andheri Subway / West", "centroid_lat": 19.123903, "centroid_lon": 72.855613, "area_sqkm": 0.25 }, "geometry": { "type": "Polygon", "coordinates": [ [ [ 72.851685503682418, 19.24353769312685 ], [ 72.851626715927694, 19.248053222344971 ], [ 72.856381055040956, 19.248109003424975 ], [ 72.856439712941821, 19.243593460118827 ], [ 72.851685503682418, 19.24353769312685 ] ] ] } },
{ "type": "Feature", "properties": { "grid_id": "MUM_000724", "locality": "Jogeshwari / JVLR", "centroid_lat": 19.128419, "centroid_lon": 72.855554, "area_sqkm": 0.25 }, "geometry": { "type": "Polygon", "coordinates": [ [ [ 72.851626715927694, 19.248053222344971 ], [ 72.851567911685777, 19.252568749164215 ], [ 72.856322380689306, 19.252624544332992 ], [ 72.856381055040956, 19.248109003424975 ], [ 72.851626715927694, 19.248053222344971 ] ] ] } },
{ "type": "Feature", "properties": { "grid_id": "MUM_000725", "locality": "Jogeshwari / JVLR", "centroid_lat": 19.132934, "centroid_lon": 72.855496, "area_sqkm": 0.25 }, "geometry": { "type": "Polygon", "coordinates": [ [ [ 72.851567911685777, 19.252568749164215 ], [ 72.851509090954607, 19.25708427358407 ], [ 72.856263689884784, 19.257140082842373 ], [ 72.856322380689306, 19.252624544332992 ], [ 72.851567911685777, 19.252568749164215 ] ] ] } },
{ "type": "Feature", "properties": { "grid_id": "MUM_000726", "locality": "Jogeshwari / JVLR", "centroid_lat": 19.13745, "centroid_lon": 72.855438, "area_sqkm": 0.25 }, "geometry": { "type": "Polygon", "coordinates": [ [ [ 72.851509090954607, 19.25708427358407 ], [ 72.851450253732096, 19.261599795604059 ], [ 72.856204982625329, 19.261655618952624 ], [ 72.856263689884784, 19.257140082842373 ], [ 72.851509090954607, 19.25708427358407 ] ] ] } },
{ "type": "Feature", "properties": { "grid_id": "MUM_000727", "locality": "Jogeshwari / JVLR", "centroid_lat": 19.141965, "centroid_lon": 72.85538, "area_sqkm": 0.2303 }, "geometry": { "type": "Polygon", "coordinates": [ [ [ 72.856146258908893, 19.266171152663254 ], [ 72.856204982625329, 19.261655618952624 ], [ 72.851450253732096, 19.261599795604059 ], [ 72.851411404950241, 19.264580589683433 ], [ 72.853595947612192, 19.266141219129757 ], [ 72.856146258908893, 19.266171152663254 ] ] ] } },
{ "type": "Feature", "properties": { "grid_id": "MUM_000728", "locality": "Jogeshwari / JVLR", "centroid_lat": 19.146481, "centroid_lon": 72.855321, "area_sqkm": 0.0264 }, "geometry": { "type": "Polygon", "coordinates": [ [ [ 72.856146258908893, 19.266171152663254 ], [ 72.853595947612192, 19.266141219129757 ], [ 72.856123165165286, 19.267946588385097 ], [ 72.856146258908893, 19.266171152663254 ] ] ] } },
{ "type": "Feature", "properties": { "grid_id": "MUM_000729", "locality": "Jogeshwari / JVLR", "centroid_lat": 19.150997, "centroid_lon": 72.855263, "area_sqkm": 0.0963 }, "geometry": { "type": "Polygon", "coordinates": [ [ [ 72.859698363333649, 18.990719222758813 ], [ 72.859640623402598, 18.995234899573408 ], [ 72.862633217488124, 18.995269504829725 ], [ 72.860361698553461, 18.990726895745361 ], [ 72.859698363333649, 18.990719222758813 ] ] ] } },
{ "type": "Feature", "properties": { "grid_id": "MUM_000730", "locality": "Goregaon West", "centroid_lat": 19.155512, "centroid_lon": 72.855204, "area_sqkm": 0.2152 }, "geometry": { "type": "Polygon", "coordinates": [ [ [ 72.859640623402598, 18.995234899573408 ], [ 72.859582867135273, 18.999750574017511 ], [ 72.864330134550087, 18.999805459696379 ], [ 72.86434435483288, 18.998691295385665 ], [ 72.862633217488124, 18.995269504829725 ], [ 72.859640623402598, 18.995234899573408 ] ] ] } },
{ "type": "Feature", "properties": { "grid_id": "MUM_000731", "locality": "Goregaon West", "centroid_lat": 19.160028, "centroid_lon": 72.855146, "area_sqkm": 0.25 }, "geometry": { "type": "Polygon", "coordinates": [ [ [ 72.859582867135273, 18.999750574017511 ], [ 72.859525094529673, 19.004266246090626 ], [ 72.864272489841596, 19.00432114578663 ], [ 72.864330134550087, 18.999805459696379 ], [ 72.859582867135273, 18.999750574017511 ] ] ] } },
{ "type": "Feature", "properties": { "grid_id": "MUM_000732", "locality": "Goregaon West", "centroid_lat": 19.164543, "centroid_lon": 72.855088, "area_sqkm": 0.25 }, "geometry": { "type": "Polygon", "coordinates": [ [ [ 72.859525094529673, 19.004266246090626 ], [ 72.859467305583763, 19.00878191579227 ], [ 72.864214828828949, 19.00883682950613 ], [ 72.864272489841596, 19.00432114578663 ], [ 72.859525094529673, 19.004266246090626 ] ] ] } },
{ "type": "Feature", "properties": { "grid_id": "MUM_000733", "locality": "Goregaon West", "centroid_lat": 19.169059, "centroid_lon": 72.855029, "area_sqkm": 0.25 }, "geometry": { "type": "Polygon", "coordinates": [ [ [ 72.859467305583763, 19.00878191579227 ], [ 72.859409500295513, 19.01329758312194 ], [ 72.864157151510142, 19.013352510854393 ], [ 72.864214828828949, 19.00883682950613 ], [ 72.859467305583763, 19.00878191579227 ] ] ] } },
{ "type": "Feature", "properties": { "grid_id": "MUM_000734", "locality": "Goregaon West", "centroid_lat": 19.173574, "centroid_lon": 72.854971, "area_sqkm": 0.25 }, "geometry": { "type": "Polygon", "coordinates": [ [ [ 72.859409500295513, 19.01329758312194 ], [ 72.85935167866289, 19.017813248079154 ], [ 72.864099457883114, 19.017868189830917 ], [ 72.864157151510142, 19.013352510854393 ], [ 72.859409500295513, 19.01329758312194 ] ] ] } },
{ "type": "Feature", "properties": { "grid_id": "MUM_000735", "locality": "Malad West", "centroid_lat": 19.17809, "centroid_lon": 72.854912, "area_sqkm": 0.25 }, "geometry": { "type": "Polygon", "coordinates": [ [ [ 72.85935167866289, 19.017813248079154 ], [ 72.85929384068389, 19.022328910663393 ], [ 72.864041747945876, 19.022383866435206 ], [ 72.864099457883114, 19.017868189830917 ], [ 72.85935167866289, 19.017813248079154 ] ] ] } },
{ "type": "Feature", "properties": { "grid_id": "MUM_000736", "locality": "Malad West", "centroid_lat": 19.182606, "centroid_lon": 72.854854, "area_sqkm": 0.25 }, "geometry": { "type": "Polygon", "coordinates": [ [ [ 72.85929384068389, 19.022328910663393 ], [ 72.859235986356452, 19.026844570874182 ], [ 72.863984021696368, 19.026899540666779 ], [ 72.864041747945876, 19.022383866435206 ], [ 72.85929384068389, 19.022328910663393 ] ] ] } },
{ "type": "Feature", "properties": { "grid_id": "MUM_000737", "locality": "Malad West", "centroid_lat": 19.187121, "centroid_lon": 72.854795, "area_sqkm": 0.25 }, "geometry": { "type": "Polygon", "coordinates": [ [ [ 72.859235986356452, 19.026844570874182 ], [ 72.859178115678574, 19.031360228711016 ], [ 72.863926279132599, 19.031415212525129 ], [ 72.863984021696368, 19.026899540666779 ], [ 72.859235986356452, 19.026844570874182 ] ] ] } },
{ "type": "Feature", "properties": { "grid_id": "MUM_000738", "locality": "Malad West", "centroid_lat": 19.191637, "centroid_lon": 72.854737, "area_sqkm": 0.25 }, "geometry": { "type": "Polygon", "coordinates": [ [ [ 72.859178115678574, 19.031360228711016 ], [ 72.859120228648209, 19.035875884173404 ], [ 72.863868520252524, 19.035930882009762 ], [ 72.863926279132599, 19.031415212525129 ], [ 72.859178115678574, 19.031360228711016 ] ] ] } },
{ "type": "Feature", "properties": { "grid_id": "MUM_000739", "locality": "Malad West", "centroid_lat": 19.196152, "centroid_lon": 72.854678, "area_sqkm": 0.25 }, "geometry": { "type": "Polygon", "coordinates": [ [ [ 72.859120228648209, 19.035875884173404 ], [ 72.859062325263324, 19.040391537260852 ], [ 72.863810745054124, 19.04044654912018 ], [ 72.863868520252524, 19.035930882009762 ], [ 72.859120228648209, 19.035875884173404 ] ] ] } },
{ "type": "Feature", "properties": { "grid_id": "MUM_000740", "locality": "Kandivali West", "centroid_lat": 19.200668, "centroid_lon": 72.85462, "area_sqkm": 0.25 }, "geometry": { "type": "Polygon", "coordinates": [ [ [ 72.859062325263324, 19.040391537260852 ], [ 72.859004405521901, 19.044907187972861 ], [ 72.863752953535368, 19.044962213855904 ], [ 72.863810745054124, 19.04044654912018 ], [ 72.859062325263324, 19.040391537260852 ] ] ] } },
{ "type": "Feature", "properties": { "grid_id": "MUM_000741", "locality": "Kandivali West", "centroid_lat": 19.205183, "centroid_lon": 72.854561, "area_sqkm": 0.25 }, "geometry": { "type": "Polygon", "coordinates": [ [ [ 72.859004405521901, 19.044907187972861 ], [ 72.85894646942188, 19.049422836308942 ], [ 72.863695145694223, 19.049477876216422 ], [ 72.863752953535368, 19.044962213855904 ], [ 72.859004405521901, 19.044907187972861 ] ] ] } },
{ "type": "Feature", "properties": { "grid_id": "MUM_000742", "locality": "Kandivali West", "centroid_lat": 19.209699, "centroid_lon": 72.854503, "area_sqkm": 0.25 }, "geometry": { "type": "Polygon", "coordinates": [ [ [ 72.85894646942188, 19.049422836308942 ], [ 72.858888516961272, 19.053938482268599 ], [ 72.863637321528657, 19.053993536201247 ], [ 72.863695145694223, 19.049477876216422 ], [ 72.85894646942188, 19.049422836308942 ] ] ] } },
{ "type": "Feature", "properties": { "grid_id": "MUM_000743", "locality": "Kandivali West", "centroid_lat": 19.214215, "centroid_lon": 72.854444, "area_sqkm": 0.25 }, "geometry": { "type": "Polygon", "coordinates": [ [ [ 72.858888516961272, 19.053938482268599 ], [ 72.858830548137988, 19.058454125851338 ], [ 72.863579481036652, 19.058509193809893 ], [ 72.863637321528657, 19.053993536201247 ], [ 72.858888516961272, 19.053938482268599 ] ] ] } },
{ "type": "Feature", "properties": { "grid_id": "MUM_000744", "locality": "Kandivali West", "centroid_lat": 19.21873, "centroid_lon": 72.854385, "area_sqkm": 0.25 }, "geometry": { "type": "Polygon", "coordinates": [ [ [ 72.858830548137988, 19.058454125851338 ], [ 72.858772562950023, 19.062969767056654 ], [ 72.86352162421619, 19.063024849041849 ], [ 72.863579481036652, 19.058509193809893 ], [ 72.858830548137988, 19.058454125851338 ] ] ] } },
{ "type": "Feature", "properties": { "grid_id": "MUM_000745", "locality": "Kandivali West", "centroid_lat": 19.223246, "centroid_lon": 72.854327, "area_sqkm": 0.25 }, "geometry": { "type": "Polygon", "coordinates": [ [ [ 72.858772562950023, 19.062969767056654 ], [ 72.85871456139536, 19.067485405884067 ], [ 72.863463751065197, 19.06754050189663 ], [ 72.86352162421619, 19.063024849041849 ], [ 72.858772562950023, 19.062969767056654 ] ] ] } },
{ "type": "Feature", "properties": { "grid_id": "MUM_000746", "locality": "Kandivali West", "centroid_lat": 19.227761, "centroid_lon": 72.854268, "area_sqkm": 0.25 }, "geometry": { "type": "Polygon", "coordinates": [ [ [ 72.85871456139536, 19.067485405884067 ], [ 72.858656543471923, 19.072001042333081 ], [ 72.863405861581668, 19.072056152373751 ], [ 72.863463751065197, 19.06754050189663 ], [ 72.85871456139536, 19.067485405884067 ] ] ] } },
{ "type": "Feature", "properties": { "grid_id": "MUM_000747", "locality": "Borivali / Dahisar Subway", "centroid_lat": 19.232277, "centroid_lon": 72.854209, "area_sqkm": 0.25 }, "geometry": { "type": "Polygon", "coordinates": [ [ [ 72.858656543471923, 19.072001042333081 ], [ 72.858598509177696, 19.076516676403187 ], [ 72.863347955763572, 19.076571800472699 ], [ 72.863405861581668, 19.072056152373751 ], [ 72.858656543471923, 19.072001042333081 ] ] ] } },
{ "type": "Feature", "properties": { "grid_id": "MUM_000748", "locality": "Borivali / Dahisar Subway", "centroid_lat": 19.236792, "centroid_lon": 72.854151, "area_sqkm": 0.25 }, "geometry": { "type": "Polygon", "coordinates": [ [ [ 72.858598509177696, 19.076516676403187 ], [ 72.858540458510646, 19.081032308093913 ], [ 72.863290033608877, 19.081087446192992 ], [ 72.863347955763572, 19.076571800472699 ], [ 72.858598509177696, 19.076516676403187 ] ] ] } },
{ "type": "Feature", "properties": { "grid_id": "MUM_000749", "locality": "Borivali / Dahisar Subway", "centroid_lat": 19.241308, "centroid_lon": 72.854092, "area_sqkm": 0.25 }, "geometry": { "type": "Polygon", "coordinates": [ [ [ 72.858540458510646, 19.081032308093913 ], [ 72.858482391468712, 19.085547937404748 ], [ 72.863232095115549, 19.085603089534128 ], [ 72.863290033608877, 19.081087446192992 ], [ 72.858540458510646, 19.081032308093913 ] ] ] } },
{ "type": "Feature", "properties": { "grid_id": "MUM_000750", "locality": "Borivali / Dahisar Subway", "centroid_lat": 19.245823, "centroid_lon": 72.854033, "area_sqkm": 0.25 }, "geometry": { "type": "Polygon", "coordinates": [ [ [ 72.858482391468712, 19.085547937404748 ], [ 72.858424308049877, 19.0900635643352 ], [ 72.863174140281529, 19.090118730495622 ], [ 72.863232095115549, 19.085603089534128 ], [ 72.858482391468712, 19.085547937404748 ] ] ] } },
{ "type": "Feature", "properties": { "grid_id": "MUM_000751", "locality": "Borivali / Dahisar Subway", "centroid_lat": 19.250339, "centroid_lon": 72.853975, "area_sqkm": 0.25 }, "geometry": { "type": "Polygon", "coordinates": [ [ [ 72.858424308049877, 19.0900635643352 ], [ 72.858366208252093, 19.094579188884783 ], [ 72.863116169104813, 19.094634369076982 ], [ 72.863174140281529, 19.090118730495622 ], [ 72.858424308049877, 19.0900635643352 ] ] ] } },
{ "type": "Feature", "properties": { "grid_id": "MUM_000752", "locality": "Borivali / Dahisar Subway", "centroid_lat": 19.254854, "centroid_lon": 72.853916, "area_sqkm": 0.25 }, "geometry": { "type": "Polygon", "coordinates": [ [ [ 72.858366208252093, 19.094579188884783 ], [ 72.858308092073329, 19.099094811052989 ], [ 72.863058181583355, 19.099150005277693 ], [ 72.863116169104813, 19.094634369076982 ], [ 72.858366208252093, 19.094579188884783 ] ] ] } },
{ "type": "Feature", "properties": { "grid_id": "MUM_000753", "locality": "Borivali / Dahisar Subway", "centroid_lat": 19.25937, "centroid_lon": 72.853857, "area_sqkm": 0.25 }, "geometry": { "type": "Polygon", "coordinates": [ [ [ 72.858308092073329, 19.099094811052989 ], [ 72.858249959511525, 19.103610430839343 ], [ 72.863000177715108, 19.103665639097294 ], [ 72.863058181583355, 19.099150005277693 ], [ 72.858308092073329, 19.099094811052989 ] ] ] } },
{ "type": "Feature", "properties": { "grid_id": "MUM_000754", "locality": "Borivali / Dahisar Subway", "centroid_lat": 19.263738, "centroid_lon": 72.853941, "area_sqkm": 0.25 }, "geometry": { "type": "Polygon", "coordinates": [ [ [ 72.858249959511525, 19.103610430839343 ], [ 72.858191810564648, 19.108126048243331 ], [ 72.86294215749804, 19.108181270535262 ], [ 72.863000177715108, 19.103665639097294 ], [ 72.858249959511525, 19.103610430839343 ] ] ] } },
{ "type": "Feature", "properties": { "grid_id": "MUM_000755", "locality": "Borivali / Dahisar Subway", "centroid_lat": 19.266753, "centroid_lon": 72.855288, "area_sqkm": 0.25 }, "geometry": { "type": "Polygon", "coordinates": [ [ [ 72.858191810564648, 19.108126048243331 ], [ 72.858133645230666, 19.11264166326448 ], [ 72.862884120930119, 19.112696899591125 ], [ 72.86294215749804, 19.108181270535262 ], [ 72.858191810564648, 19.108126048243331 ] ] ] } },
{ "type": "Feature", "properties": { "grid_id": "MUM_000756", "locality": "Mumbai Central", "centroid_lat": null, "centroid_lon": null, "area_sqkm": 0.25 }, "geometry": { "type": "Polygon", "coordinates": [ [ [ 72.858133645230666, 19.11264166326448 ], [ 72.858075463507504, 19.117157275902276 ], [ 72.862826068009312, 19.117212526264368 ], [ 72.862884120930119, 19.112696899591125 ], [ 72.858133645230666, 19.11264166326448 ] ] ] } },
{ "type": "Feature", "properties": { "grid_id": "MUM_000757", "locality": "Dadar East / Hindmata", "centroid_lat": 18.993469, "centroid_lon": 72.860701, "area_sqkm": 0.25 }, "geometry": { "type": "Polygon", "coordinates": [ [ [ 72.858075463507504, 19.117157275902276 ], [ 72.858017265393144, 19.121672886156237 ], [ 72.86276799873356, 19.121728150554514 ], [ 72.862826068009312, 19.117212526264368 ], [ 72.858075463507504, 19.117157275902276 ] ] ] } },
{ "type": "Feature", "properties": { "grid_id": "MUM_000758", "locality": "Dadar East / Hindmata", "centroid_lat": 18.997699, "centroid_lon": 72.861694, "area_sqkm": 0.25 }, "geometry": { "type": "Polygon", "coordinates": [ [ [ 72.858017265393144, 19.121672886156237 ], [ 72.85795905088554, 19.126188494025861 ], [ 72.862709913100815, 19.126243772461063 ], [ 72.86276799873356, 19.121728150554514 ], [ 72.858017265393144, 19.121672886156237 ] ] ] } },
{ "type": "Feature", "properties": { "grid_id": "MUM_000759", "locality": "Dadar East / Hindmata", "centroid_lat": 19.002036, "centroid_lon": 72.861928, "area_sqkm": 0.25 }, "geometry": { "type": "Polygon", "coordinates": [ [ [ 72.85795905088554, 19.126188494025861 ], [ 72.85790081998266, 19.130704099510663 ], [ 72.862651811109075, 19.130759391983524 ], [ 72.862709913100815, 19.126243772461063 ], [ 72.85795905088554, 19.126188494025861 ] ] ] } },
{ "type": "Feature", "properties": { "grid_id": "MUM_000760", "locality": "Dadar East / Hindmata", "centroid_lat": 19.006552, "centroid_lon": 72.86187, "area_sqkm": 0.25 }, "geometry": { "type": "Polygon", "coordinates": [ [ [ 72.85790081998266, 19.130704099510663 ], [ 72.857842572682415, 19.135219702610147 ], [ 72.862593692756263, 19.135275009121404 ], [ 72.862651811109075, 19.130759391983524 ], [ 72.85790081998266, 19.130704099510663 ] ] ] } },
{ "type": "Feature", "properties": { "grid_id": "MUM_000761", "locality": "Dadar East / Hindmata", "centroid_lat": 19.011067, "centroid_lon": 72.861812, "area_sqkm": 0.25 }, "geometry": { "type": "Polygon", "coordinates": [ [ [ 72.857842572682415, 19.135219702610147 ], [ 72.857784308982801, 19.13973530332381 ], [ 72.862535558040364, 19.139790623874195 ], [ 72.862593692756263, 19.135275009121404 ], [ 72.857842572682415, 19.135219702610147 ] ] ] } },
{ "type": "Feature", "properties": { "grid_id": "MUM_000762", "locality": "Dadar East / Hindmata", "centroid_lat": 19.015583, "centroid_lon": 72.861754, "area_sqkm": 0.25 }, "geometry": { "type": "Polygon", "coordinates": [ [ [ 72.857784308982801, 19.13973530332381 ], [ 72.857726028881743, 19.14425090165118 ], [ 72.8624774069593, 19.144306236241427 ], [ 72.862535558040364, 19.139790623874195 ], [ 72.857784308982801, 19.13973530332381 ] ] ] } },
{ "type": "Feature", "properties": { "grid_id": "MUM_000763", "locality": "Sion / King's Circle", "centroid_lat": 19.020099, "centroid_lon": 72.861697, "area_sqkm": 0.25 }, "geometry": { "type": "Polygon", "coordinates": [ [ [ 72.857726028881743, 19.14425090165118 ], [ 72.857667732377195, 19.148766497591733 ], [ 72.86241923951107, 19.148821846222592 ], [ 72.8624774069593, 19.144306236241427 ], [ 72.857726028881743, 19.14425090165118 ] ] ] } },
{ "type": "Feature", "properties": { "grid_id": "MUM_000764", "locality": "Sion / King's Circle", "centroid_lat": 19.024614, "centroid_lon": 72.861639, "area_sqkm": 0.25 }, "geometry": { "type": "Polygon", "coordinates": [ [ [ 72.857667732377195, 19.148766497591733 ], [ 72.857609419467124, 19.153282091144998 ], [ 72.862361055693583, 19.153337453817201 ], [ 72.86241923951107, 19.148821846222592 ], [ 72.857667732377195, 19.148766497591733 ] ] ] } },
{ "type": "Feature", "properties": { "grid_id": "MUM_000765", "locality": "Sion / King's Circle", "centroid_lat": 19.02913, "centroid_lon": 72.861581, "area_sqkm": 0.25 }, "geometry": { "type": "Polygon", "coordinates": [ [ [ 72.857609419467124, 19.153282091144998 ], [ 72.857551090149457, 19.157797682310477 ], [ 72.862302855504822, 19.157853059024756 ], [ 72.862361055693583, 19.153337453817201 ], [ 72.857609419467124, 19.153282091144998 ] ] ] } },
{ "type": "Feature", "properties": { "grid_id": "MUM_000766", "locality": "Sion / King's Circle", "centroid_lat": 19.033646, "centroid_lon": 72.861523, "area_sqkm": 0.25 }, "geometry": { "type": "Polygon", "coordinates": [ [ [ 72.857551090149457, 19.157797682310477 ], [ 72.857492744422174, 19.162313271087676 ], [ 72.862244638942755, 19.162368661844773 ], [ 72.862302855504822, 19.157853059024756 ], [ 72.857551090149457, 19.157797682310477 ] ] ] } },
{ "type": "Feature", "properties": { "grid_id": "MUM_000767", "locality": "Sion / King's Circle", "centroid_lat": 19.038161, "centroid_lon": 72.861465, "area_sqkm": 0.25 }, "geometry": { "type": "Polygon", "coordinates": [ [ [ 72.857492744422174, 19.162313271087676 ], [ 72.857434382283202, 19.166828857476098 ], [ 72.862186406005307, 19.166884262276753 ], [ 72.862244638942755, 19.162368661844773 ], [ 72.857492744422174, 19.162313271087676 ] ] ] } },
{ "type": "Feature", "properties": { "grid_id": "MUM_000768", "locality": "Sion / King's Circle", "centroid_lat": 19.042677, "centroid_lon": 72.861408, "area_sqkm": 0.25 }, "geometry": { "type": "Polygon", "coordinates": [ [ [ 72.857434382283202, 19.166828857476098 ], [ 72.857376003730494, 19.171344441475256 ], [ 72.862128156690417, 19.171399860320204 ], [ 72.862186406005307, 19.166884262276753 ], [ 72.857434382283202, 19.166828857476098 ] ] ] } },
{ "type": "Feature", "properties": { "grid_id": "MUM_000769", "locality": "Sion / King's Circle", "centroid_lat": 19.047193, "centroid_lon": 72.86135, "area_sqkm": 0.25 }, "geometry": { "type": "Polygon", "coordinates": [ [ [ 72.857376003730494, 19.171344441475256 ], [ 72.857317608761988, 19.175860023084645 ], [ 72.862069890996082, 19.175915455974629 ], [ 72.862128156690417, 19.171399860320204 ], [ 72.857376003730494, 19.171344441475256 ] ] ] } },
{ "type": "Feature", "properties": { "grid_id": "MUM_000770", "locality": "Bandra Kurla Complex (BKC)", "centroid_lat": 19.051708, "centroid_lon": 72.861292, "area_sqkm": 0.25 }, "geometry": { "type": "Polygon", "coordinates": [ [ [ 72.857317608761988, 19.175860023084645 ], [ 72.857259197375654, 19.18037560230378 ], [ 72.862011608920227, 19.180431049239534 ], [ 72.862069890996082, 19.175915455974629 ], [ 72.857317608761988, 19.175860023084645 ] ] ] } },
{ "type": "Feature", "properties": { "grid_id": "MUM_000771", "locality": "Bandra Kurla Complex (BKC)", "centroid_lat": 19.056224, "centroid_lon": 72.861234, "area_sqkm": 0.25 }, "geometry": { "type": "Polygon", "coordinates": [ [ [ 72.857259197375654, 19.18037560230378 ], [ 72.857200769569403, 19.184891179132169 ], [ 72.861953310460805, 19.184946640114436 ], [ 72.862011608920227, 19.180431049239534 ], [ 72.857259197375654, 19.18037560230378 ] ] ] } },
{ "type": "Feature", "properties": { "grid_id": "MUM_000772", "locality": "Bandra Kurla Complex (BKC)", "centroid_lat": 19.060739, "centroid_lon": 72.861176, "area_sqkm": 0.25 }, "geometry": { "type": "Polygon", "coordinates": [ [ [ 72.857200769569403, 19.184891179132169 ], [ 72.857142325341229, 19.189406753569319 ], [ 72.861894995615771, 19.189462228598838 ], [ 72.861953310460805, 19.184946640114436 ], [ 72.857200769569403, 19.184891179132169 ] ] ] } },
{ "type": "Feature", "properties": { "grid_id": "MUM_000773", "locality": "Bandra Kurla Complex (BKC)", "centroid_lat": 19.065255, "centroid_lon": 72.861118, "area_sqkm": 0.25 }, "geometry": { "type": "Polygon", "coordinates": [ [ [ 72.857142325341229, 19.189406753569319 ], [ 72.857083864689017, 19.193922325614729 ], [ 72.861836664383063, 19.193977814692236 ], [ 72.861894995615771, 19.189462228598838 ], [ 72.857142325341229, 19.189406753569319 ] ] ] } },
{ "type": "Feature", "properties": { "grid_id": "MUM_000774", "locality": "Bandra Kurla Complex (BKC)", "centroid_lat": 19.069771, "centroid_lon": 72.86106, "area_sqkm": 0.25 }, "geometry": { "type": "Polygon", "coordinates": [ [ [ 72.857083864689017, 19.193922325614729 ], [ 72.857025387610761, 19.198437895267926 ], [ 72.861778316760635, 19.198493398394156 ], [ 72.861836664383063, 19.193977814692236 ], [ 72.857083864689017, 19.193922325614729 ] ] ] } },
{ "type": "Feature", "properties": { "grid_id": "MUM_000775", "locality": "Bandra Kurla Complex (BKC)", "centroid_lat": 19.074286, "centroid_lon": 72.861002, "area_sqkm": 0.25 }, "geometry": { "type": "Polygon", "coordinates": [ [ [ 72.857025387610761, 19.198437895267926 ], [ 72.856966894104389, 19.202953462528388 ], [ 72.861719952746441, 19.203008979704091 ], [ 72.861778316760635, 19.198493398394156 ], [ 72.857025387610761, 19.198437895267926 ] ] ] } },
{ "type": "Feature", "properties": { "grid_id": "MUM_000776", "locality": "Bandra Kurla Complex (BKC)", "centroid_lat": 19.078802, "centroid_lon": 72.860944, "area_sqkm": 0.25 }, "geometry": { "type": "Polygon", "coordinates": [ [ [ 72.856966894104389, 19.202953462528388 ], [ 72.856908384167838, 19.207469027395639 ], [ 72.86166157233842, 19.207524558621554 ], [ 72.861719952746441, 19.203008979704091 ], [ 72.856966894104389, 19.202953462528388 ] ] ] } },
{ "type": "Feature", "properties": { "grid_id": "MUM_000777", "locality": "Santacruz / Milan Subway", "centroid_lat": 19.083318, "centroid_lon": 72.860886, "area_sqkm": 0.25 }, "geometry": { "type": "Polygon", "coordinates": [ [ [ 72.856908384167838, 19.207469027395639 ], [ 72.856849857799034, 19.211984589869186 ], [ 72.861603175534526, 19.212040135146047 ], [ 72.86166157233842, 19.207524558621554 ], [ 72.856908384167838, 19.207469027395639 ] ] ] } },
{ "type": "Feature", "properties": { "grid_id": "MUM_000778", "locality": "Santacruz / Milan Subway", "centroid_lat": 19.087833, "centroid_lon": 72.860828, "area_sqkm": 0.25 }, "geometry": { "type": "Polygon", "coordinates": [ [ [ 72.856849857799034, 19.211984589869186 ], [ 72.856791314995945, 19.216500149948534 ], [ 72.861544762332684, 19.216555709277085 ], [ 72.861603175534526, 19.212040135146047 ], [ 72.856849857799034, 19.211984589869186 ] ] ] } },
{ "type": "Feature", "properties": { "grid_id": "MUM_000779", "locality": "Santacruz / Milan Subway", "centroid_lat": 19.092349, "centroid_lon": 72.86077, "area_sqkm": 0.25 }, "geometry": { "type": "Polygon", "coordinates": [ [ [ 72.856791314995945, 19.216500149948534 ], [ 72.856732755756511, 19.221015707633185 ], [ 72.861486332730863, 19.221071281014169 ], [ 72.861544762332684, 19.216555709277085 ], [ 72.856791314995945, 19.216500149948534 ] ] ] } },
{ "type": "Feature", "properties": { "grid_id": "MUM_000780", "locality": "Santacruz / Milan Subway", "centroid_lat": 19.096865, "centroid_lon": 72.860712, "area_sqkm": 0.25 }, "geometry": { "type": "Polygon", "coordinates": [ [ [ 72.856732755756511, 19.221015707633185 ], [ 72.856674180078642, 19.225531262922651 ], [ 72.861427886727, 19.225586850356812 ], [ 72.861486332730863, 19.221071281014169 ], [ 72.856732755756511, 19.221015707633185 ] ] ] } },
{ "type": "Feature", "properties": { "grid_id": "MUM_000781", "locality": "Andheri Subway / West", "centroid_lat": 19.10138, "centroid_lon": 72.860654, "area_sqkm": 0.25 }, "geometry": { "type": "Polygon", "coordinates": [ [ [ 72.856674180078642, 19.225531262922651 ], [ 72.856615587960306, 19.230046815816451 ], [ 72.861369424319037, 19.230102417304522 ], [ 72.861427886727, 19.225586850356812 ], [ 72.856674180078642, 19.225531262922651 ] ] ] } },
{ "type": "Feature", "properties": { "grid_id": "MUM_000782", "locality": "Andheri Subway / West", "centroid_lat": 19.105896, "centroid_lon": 72.860596, "area_sqkm": 0.25 }, "geometry": { "type": "Polygon", "coordinates": [ [ [ 72.856615587960306, 19.230046815816451 ], [ 72.856556979399443, 19.234562366314066 ], [ 72.861310945504911, 19.234617981856793 ], [ 72.861369424319037, 19.230102417304522 ], [ 72.856615587960306, 19.230046815816451 ] ] ] } },
{ "type": "Feature", "properties": { "grid_id": "MUM_000783", "locality": "Andheri Subway / West", "centroid_lat": 19.110411, "centroid_lon": 72.860538, "area_sqkm": 0.25 }, "geometry": { "type": "Polygon", "coordinates": [ [ [ 72.856556979399443, 19.234562366314066 ], [ 72.856498354393963, 19.239077914415024 ], [ 72.861252450282578, 19.239133544013153 ], [ 72.861310945504911, 19.234617981856793 ], [ 72.856556979399443, 19.234562366314066 ] ] ] } },
{ "type": "Feature", "properties": { "grid_id": "MUM_000784", "locality": "Andheri Subway / West", "centroid_lat": 19.114927, "centroid_lon": 72.86048, "area_sqkm": 0.25 }, "geometry": { "type": "Polygon", "coordinates": [ [ [ 72.856498354393963, 19.239077914415024 ], [ 72.856439712941821, 19.243593460118827 ], [ 72.861193938649961, 19.243649103773091 ], [ 72.861252450282578, 19.239133544013153 ], [ 72.856498354393963, 19.239077914415024 ] ] ] } },
{ "type": "Feature", "properties": { "grid_id": "MUM_000785", "locality": "Andheri Subway / West", "centroid_lat": 19.119443, "centroid_lon": 72.860422, "area_sqkm": 0.25 }, "geometry": { "type": "Polygon", "coordinates": [ [ [ 72.856439712941821, 19.243593460118827 ], [ 72.856381055040956, 19.248109003424975 ], [ 72.861135410605016, 19.248164661136119 ], [ 72.861193938649961, 19.243649103773091 ], [ 72.856439712941821, 19.243593460118827 ] ] ] } },
{ "type": "Feature", "properties": { "grid_id": "MUM_000786", "locality": "Jogeshwari / JVLR", "centroid_lat": 19.123958, "centroid_lon": 72.860364, "area_sqkm": 0.25 }, "geometry": { "type": "Polygon", "coordinates": [ [ [ 72.856381055040956, 19.248109003424975 ], [ 72.856322380689306, 19.252624544332992 ], [ 72.861076866145666, 19.252680216101762 ], [ 72.861135410605016, 19.248164661136119 ], [ 72.856381055040956, 19.248109003424975 ] ] ] } },
{ "type": "Feature", "properties": { "grid_id": "MUM_000787", "locality": "Jogeshwari / JVLR", "centroid_lat": 19.128474, "centroid_lon": 72.860305, "area_sqkm": 0.25 }, "geometry": { "type": "Polygon", "coordinates": [ [ [ 72.856322380689306, 19.252624544332992 ], [ 72.856263689884784, 19.257140082842373 ], [ 72.861018305269866, 19.257195768669504 ], [ 72.861076866145666, 19.252680216101762 ], [ 72.856322380689306, 19.252624544332992 ] ] ] } },
{ "type": "Feature", "properties": { "grid_id": "MUM_000788", "locality": "Jogeshwari / JVLR", "centroid_lat": 19.13299, "centroid_lon": 72.860247, "area_sqkm": 0.25 }, "geometry": { "type": "Polygon", "coordinates": [ [ [ 72.856263689884784, 19.257140082842373 ], [ 72.856204982625329, 19.261655618952624 ], [ 72.860959727975555, 19.26171131883887 ], [ 72.861018305269866, 19.257195768669504 ], [ 72.856263689884784, 19.257140082842373 ] ] ] } },
{ "type": "Feature", "properties": { "grid_id": "MUM_000789", "locality": "Jogeshwari / JVLR", "centroid_lat": 19.137505, "centroid_lon": 72.860189, "area_sqkm": 0.25 }, "geometry": { "type": "Polygon", "coordinates": [ [ [ 72.856204982625329, 19.261655618952624 ], [ 72.856146258908893, 19.266171152663254 ], [ 72.860901134260644, 19.266226866609355 ], [ 72.860959727975555, 19.26171131883887 ], [ 72.856204982625329, 19.261655618952624 ] ] ] } },
{ "type": "Feature", "properties": { "grid_id": "MUM_000790", "locality": "Jogeshwari / JVLR", "centroid_lat": 19.142021, "centroid_lon": 72.860131, "area_sqkm": 0.1872 }, "geometry": { "type": "Polygon", "coordinates": [ [ [ 72.860842524123115, 19.270742411980478 ], [ 72.860901134260644, 19.266226866609355 ], [ 72.856146258908893, 19.266171152663254 ], [ 72.856123165165286, 19.267946588385097 ], [ 72.860023626424493, 19.270732823431082 ], [ 72.860842524123115, 19.270742411980478 ] ] ] } },
{ "type": "Feature", "properties": { "grid_id": "MUM_000791", "locality": "Jogeshwari / JVLR", "centroid_lat": 19.146536, "centroid_lon": 72.860073, "area_sqkm": 0.0916 }, "geometry": { "type": "Polygon", "coordinates": [ [ [ 72.864330134550087, 18.999805459696379 ], [ 72.864272489841596, 19.00432114578663 ], [ 72.867176594614577, 19.004354669271475 ], [ 72.864904849492362, 18.999812096012452 ], [ 72.864330134550087, 18.999805459696379 ] ] ] } },
{ "type": "Feature", "properties": { "grid_id": "MUM_000792", "locality": "Jogeshwari / JVLR", "centroid_lat": 19.151052, "centroid_lon": 72.860014, "area_sqkm": 0.2116 }, "geometry": { "type": "Polygon", "coordinates": [ [ [ 72.864272489841596, 19.00432114578663 ], [ 72.864214828828949, 19.00883682950613 ], [ 72.868962368380338, 19.008891621497966 ], [ 72.868974375144347, 19.007949331562209 ], [ 72.867176594614577, 19.004354669271475 ], [ 72.864272489841596, 19.00432114578663 ] ] ] } },
{ "type": "Feature", "properties": { "grid_id": "MUM_000793", "locality": "Jogeshwari / JVLR", "centroid_lat": 19.155568, "centroid_lon": 72.859956, "area_sqkm": 0.25 }, "geometry": { "type": "Polygon", "coordinates": [ [ [ 72.864214828828949, 19.00883682950613 ], [ 72.864157151510142, 19.013352510854393 ], [ 72.868904819032977, 19.013407316833749 ], [ 72.868962368380338, 19.008891621497966 ], [ 72.864214828828949, 19.00883682950613 ] ] ] } },
{ "type": "Feature", "properties": { "grid_id": "MUM_000794", "locality": "Goregaon West", "centroid_lat": 19.160083, "centroid_lon": 72.859898, "area_sqkm": 0.25 }, "geometry": { "type": "Polygon", "coordinates": [ [ [ 72.864157151510142, 19.013352510854393 ], [ 72.864099457883114, 19.017868189830917 ], [ 72.868847253413563, 19.01792300979853 ], [ 72.868904819032977, 19.013407316833749 ], [ 72.864157151510142, 19.013352510854393 ] ] ] } },
{ "type": "Feature", "properties": { "grid_id": "MUM_000795", "locality": "Goregaon West", "centroid_lat": 19.164599, "centroid_lon": 72.85984, "area_sqkm": 0.25 }, "geometry": { "type": "Polygon", "coordinates": [ [ [ 72.864099457883114, 19.017868189830917 ], [ 72.864041747945876, 19.022383866435206 ], [ 72.868789671520105, 19.022438700391799 ], [ 72.868847253413563, 19.01792300979853 ], [ 72.864099457883114, 19.017868189830917 ] ] ] } },
{ "type": "Feature", "properties": { "grid_id": "MUM_000796", "locality": "Goregaon West", "centroid_lat": 19.169114, "centroid_lon": 72.859781, "area_sqkm": 0.25 }, "geometry": { "type": "Polygon", "coordinates": [ [ [ 72.864041747945876, 19.022383866435206 ], [ 72.863984021696368, 19.026899540666779 ], [ 72.868732073350571, 19.026954388613081 ], [ 72.868789671520105, 19.022438700391799 ], [ 72.864041747945876, 19.022383866435206 ] ] ] } },
{ "type": "Feature", "properties": { "grid_id": "MUM_000797", "locality": "Goregaon West", "centroid_lat": 19.17363, "centroid_lon": 72.859723, "area_sqkm": 0.25 }, "geometry": { "type": "Polygon", "coordinates": [ [ [ 72.863984021696368, 19.026899540666779 ], [ 72.863926279132599, 19.031415212525129 ], [ 72.86867445890293, 19.031470074461872 ], [ 72.868732073350571, 19.026954388613081 ], [ 72.863984021696368, 19.026899540666779 ] ] ] } },
{ "type": "Feature", "properties": { "grid_id": "MUM_000798", "locality": "Malad West", "centroid_lat": 19.178146, "centroid_lon": 72.859665, "area_sqkm": 0.25 }, "geometry": { "type": "Polygon", "coordinates": [ [ [ 72.863926279132599, 19.031415212525129 ], [ 72.863868520252524, 19.035930882009762 ], [ 72.868616828175178, 19.035985757937677 ], [ 72.86867445890293, 19.031470074461872 ], [ 72.863926279132599, 19.031415212525129 ] ] ] } },
{ "type": "Feature", "properties": { "grid_id": "MUM_000799", "locality": "Malad West", "centroid_lat": 19.182661, "centroid_lon": 72.859606, "area_sqkm": 0.25 }, "geometry": { "type": "Polygon", "coordinates": [ [ [ 72.863868520252524, 19.035930882009762 ], [ 72.863810745054124, 19.04044654912018 ], [ 72.868559181165281, 19.040501439039996 ], [ 72.868616828175178, 19.035985757937677 ], [ 72.863868520252524, 19.035930882009762 ] ] ] } },
{ "type": "Feature", "properties": { "grid_id": "MUM_000800", "locality": "Malad West", "centroid_lat": 19.187177, "centroid_lon": 72.859548, "area_sqkm": 0.25 }, "geometry": { "type": "Polygon", "coordinates": [ [ [ 72.863810745054124, 19.04044654912018 ], [ 72.863752953535368, 19.044962213855904 ], [ 72.868501517871223, 19.045017117768349 ], [ 72.868559181165281, 19.040501439039996 ], [ 72.863810745054124, 19.04044654912018 ] ] ] } },
{ "type": "Feature", "properties": { "grid_id": "MUM_000801", "locality": "Malad West", "centroid_lat": 19.191692, "centroid_lon": 72.859489, "area_sqkm": 0.25 }, "geometry": { "type": "Polygon", "coordinates": [ [ [ 72.863752953535368, 19.044962213855904 ], [ 72.863695145694223, 19.049477876216422 ], [ 72.868443838290972, 19.049532794122236 ], [ 72.868501517871223, 19.045017117768349 ], [ 72.863752953535368, 19.044962213855904 ] ] ] } },
{ "type": "Feature", "properties": { "grid_id": "MUM_000802", "locality": "Malad West", "centroid_lat": 19.196208, "centroid_lon": 72.859431, "area_sqkm": 0.25 }, "geometry": { "type": "Polygon", "coordinates": [ [ [ 72.863695145694223, 19.049477876216422 ], [ 72.863637321528657, 19.053993536201247 ], [ 72.868386142422509, 19.054048468101154 ], [ 72.868443838290972, 19.049532794122236 ], [ 72.863695145694223, 19.049477876216422 ] ] ] } },
{ "type": "Feature", "properties": { "grid_id": "MUM_000803", "locality": "Kandivali West", "centroid_lat": 19.200723, "centroid_lon": 72.859373, "area_sqkm": 0.25 }, "geometry": { "type": "Polygon", "coordinates": [ [ [ 72.863637321528657, 19.053993536201247 ], [ 72.863579481036652, 19.058509193809893 ], [ 72.868328430263816, 19.058564139704622 ], [ 72.868386142422509, 19.054048468101154 ], [ 72.863637321528657, 19.053993536201247 ] ] ] } },
{ "type": "Feature", "properties": { "grid_id": "MUM_000804", "locality": "Kandivali West", "centroid_lat": 19.205239, "centroid_lon": 72.859314, "area_sqkm": 0.25 }, "geometry": { "type": "Polygon", "coordinates": [ [ [ 72.863579481036652, 19.058509193809893 ], [ 72.86352162421619, 19.063024849041849 ], [ 72.868270701812833, 19.06307980893213 ], [ 72.868328430263816, 19.058564139704622 ], [ 72.863579481036652, 19.058509193809893 ] ] ] } },
{ "type": "Feature", "properties": { "grid_id": "MUM_000805", "locality": "Kandivali West", "centroid_lat": 19.209755, "centroid_lon": 72.859256, "area_sqkm": 0.25 }, "geometry": { "type": "Polygon", "coordinates": [ [ [ 72.86352162421619, 19.063024849041849 ], [ 72.863463751065197, 19.06754050189663 ], [ 72.86821295706757, 19.0675954757832 ], [ 72.868270701812833, 19.06307980893213 ], [ 72.86352162421619, 19.063024849041849 ] ] ] } },
{ "type": "Feature", "properties": { "grid_id": "MUM_000806", "locality": "Kandivali West", "centroid_lat": 19.21427, "centroid_lon": 72.859197, "area_sqkm": 0.25 }, "geometry": { "type": "Polygon", "coordinates": [ [ [ 72.863463751065197, 19.06754050189663 ], [ 72.863405861581668, 19.072056152373751 ], [ 72.868155196025981, 19.072111140257338 ], [ 72.86821295706757, 19.0675954757832 ], [ 72.863463751065197, 19.06754050189663 ] ] ] } },
{ "type": "Feature", "properties": { "grid_id": "MUM_000807", "locality": "Kandivali West", "centroid_lat": 19.218786, "centroid_lon": 72.859139, "area_sqkm": 0.25 }, "geometry": { "type": "Polygon", "coordinates": [ [ [ 72.863405861581668, 19.072056152373751 ], [ 72.863347955763572, 19.076571800472699 ], [ 72.868097418686062, 19.076626802354035 ], [ 72.868155196025981, 19.072111140257338 ], [ 72.863405861581668, 19.072056152373751 ] ] ] } },
{ "type": "Feature", "properties": { "grid_id": "MUM_000808", "locality": "Kandivali West", "centroid_lat": 19.223301, "centroid_lon": 72.85908, "area_sqkm": 0.25 }, "geometry": { "type": "Polygon", "coordinates": [ [ [ 72.863347955763572, 19.076571800472699 ], [ 72.863290033608877, 19.081087446192992 ], [ 72.868039625045753, 19.081142462072819 ], [ 72.868097418686062, 19.076626802354035 ], [ 72.863347955763572, 19.076571800472699 ] ] ] } },
{ "type": "Feature", "properties": { "grid_id": "MUM_000809", "locality": "Borivali / Dahisar Subway", "centroid_lat": 19.227817, "centroid_lon": 72.859022, "area_sqkm": 0.25 }, "geometry": { "type": "Polygon", "coordinates": [ [ [ 72.863290033608877, 19.081087446192992 ], [ 72.863232095115549, 19.085603089534128 ], [ 72.867981815103036, 19.085658119413168 ], [ 72.868039625045753, 19.081142462072819 ], [ 72.863290033608877, 19.081087446192992 ] ] ] } },
{ "type": "Feature", "properties": { "grid_id": "MUM_000810", "locality": "Borivali / Dahisar Subway", "centroid_lat": 19.232332, "centroid_lon": 72.858963, "area_sqkm": 0.25 }, "geometry": { "type": "Polygon", "coordinates": [ [ [ 72.863232095115549, 19.085603089534128 ], [ 72.863174140281529, 19.090118730495622 ], [ 72.867923988855893, 19.090173774374609 ], [ 72.867981815103036, 19.085658119413168 ], [ 72.863232095115549, 19.085603089534128 ] ] ] } },
{ "type": "Feature", "properties": { "grid_id": "MUM_000811", "locality": "Borivali / Dahisar Subway", "centroid_lat": 19.236848, "centroid_lon": 72.858905, "area_sqkm": 0.25 }, "geometry": { "type": "Polygon", "coordinates": [ [ [ 72.863174140281529, 19.090118730495622 ], [ 72.863116169104813, 19.094634369076982 ], [ 72.867866146302276, 19.094689426956641 ], [ 72.867923988855893, 19.090173774374609 ], [ 72.863174140281529, 19.090118730495622 ] ] ] } },
{ "type": "Feature", "properties": { "grid_id": "MUM_000812", "locality": "Borivali / Dahisar Subway", "centroid_lat": 19.241364, "centroid_lon": 72.858846, "area_sqkm": 0.25 }, "geometry": { "type": "Polygon", "coordinates": [ [ [ 72.863116169104813, 19.094634369076982 ], [ 72.863058181583355, 19.099150005277693 ], [ 72.867808287440155, 19.099205077158775 ], [ 72.867866146302276, 19.094689426956641 ], [ 72.863116169104813, 19.094634369076982 ] ] ] } },
{ "type": "Feature", "properties": { "grid_id": "MUM_000813", "locality": "Borivali / Dahisar Subway", "centroid_lat": 19.245879, "centroid_lon": 72.858788, "area_sqkm": 0.25 }, "geometry": { "type": "Polygon", "coordinates": [ [ [ 72.863058181583355, 19.099150005277693 ], [ 72.863000177715108, 19.103665639097294 ], [ 72.867750412267512, 19.103720724980516 ], [ 72.867808287440155, 19.099205077158775 ], [ 72.863058181583355, 19.099150005277693 ] ] ] } },
{ "type": "Feature", "properties": { "grid_id": "MUM_000814", "locality": "Borivali / Dahisar Subway", "centroid_lat": 19.250395, "centroid_lon": 72.858729, "area_sqkm": 0.25 }, "geometry": { "type": "Polygon", "coordinates": [ [ [ 72.863000177715108, 19.103665639097294 ], [ 72.86294215749804, 19.108181270535262 ], [ 72.867692520782299, 19.10823637042137 ], [ 72.867750412267512, 19.103720724980516 ], [ 72.863000177715108, 19.103665639097294 ] ] ] } },
{ "type": "Feature", "properties": { "grid_id": "MUM_000815", "locality": "Borivali / Dahisar Subway", "centroid_lat": 19.25491, "centroid_lon": 72.85867, "area_sqkm": 0.25 }, "geometry": { "type": "Polygon", "coordinates": [ [ [ 72.86294215749804, 19.108181270535262 ], [ 72.862884120930119, 19.112696899591125 ], [ 72.867634612982485, 19.11275201348084 ], [ 72.867692520782299, 19.10823637042137 ], [ 72.86294215749804, 19.108181270535262 ] ] ] } },
{ "type": "Feature", "properties": { "grid_id": "MUM_000816", "locality": "Borivali / Dahisar Subway", "centroid_lat": 19.259426, "centroid_lon": 72.858612, "area_sqkm": 0.25 }, "geometry": { "type": "Polygon", "coordinates": [ [ [ 72.862884120930119, 19.112696899591125 ], [ 72.862826068009312, 19.117212526264368 ], [ 72.867576688866038, 19.117267654158429 ], [ 72.867634612982485, 19.11275201348084 ], [ 72.862884120930119, 19.112696899591125 ] ] ] } },
{ "type": "Feature", "properties": { "grid_id": "MUM_000817", "locality": "Borivali / Dahisar Subway", "centroid_lat": 19.263941, "centroid_lon": 72.858553, "area_sqkm": 0.25 }, "geometry": { "type": "Polygon", "coordinates": [ [ [ 72.862826068009312, 19.117212526264368 ], [ 72.86276799873356, 19.121728150554514 ], [ 72.867518748430925, 19.12178329245366 ], [ 72.867576688866038, 19.117267654158429 ], [ 72.862826068009312, 19.117212526264368 ] ] ] } },
{ "type": "Feature", "properties": { "grid_id": "MUM_000818", "locality": "Borivali / Dahisar Subway", "centroid_lat": 19.26801, "centroid_lon": 72.858858, "area_sqkm": 0.25 }, "geometry": { "type": "Polygon", "coordinates": [ [ [ 72.86276799873356, 19.121728150554514 ], [ 72.862709913100815, 19.126243772461063 ], [ 72.867460791675114, 19.126298928366023 ], [ 72.867518748430925, 19.12178329245366 ], [ 72.86276799873356, 19.121728150554514 ] ] ] } },
{ "type": "Feature", "properties": { "grid_id": "MUM_000819", "locality": "Mumbai Central", "centroid_lat": null, "centroid_lon": null, "area_sqkm": 0.25 }, "geometry": { "type": "Polygon", "coordinates": [ [ [ 72.862709913100815, 19.126243772461063 ], [ 72.862651811109075, 19.130759391983524 ], [ 72.86740281859656, 19.130814561895033 ], [ 72.867460791675114, 19.126298928366023 ], [ 72.862709913100815, 19.126243772461063 ] ] ] } },
{ "type": "Feature", "properties": { "grid_id": "MUM_000820", "locality": "Mumbai Central", "centroid_lat": null, "centroid_lon": null, "area_sqkm": 0.25 }, "geometry": { "type": "Polygon", "coordinates": [ [ [ 72.862651811109075, 19.130759391983524 ], [ 72.862593692756263, 19.135275009121404 ], [ 72.867344829193229, 19.135330193040197 ], [ 72.86740281859656, 19.130814561895033 ], [ 72.862651811109075, 19.130759391983524 ] ] ] } },
{ "type": "Feature", "properties": { "grid_id": "MUM_000821", "locality": "Dadar East / Hindmata", "centroid_lat": 19.002579, "centroid_lon": 72.865295, "area_sqkm": 0.25 }, "geometry": { "type": "Polygon", "coordinates": [ [ [ 72.862593692756263, 19.135275009121404 ], [ 72.862535558040364, 19.139790623874195 ], [ 72.867286823463061, 19.139845821801018 ], [ 72.867344829193229, 19.135330193040197 ], [ 72.862593692756263, 19.135275009121404 ] ] ] } },
{ "type": "Feature", "properties": { "grid_id": "MUM_000822", "locality": "Dadar East / Hindmata", "centroid_lat": 19.006796, "centroid_lon": 72.866296, "area_sqkm": 0.25 }, "geometry": { "type": "Polygon", "coordinates": [ [ [ 72.862535558040364, 19.139790623874195 ], [ 72.8624774069593, 19.144306236241427 ], [ 72.867228801404053, 19.144361448177005 ], [ 72.867286823463061, 19.139845821801018 ], [ 72.862535558040364, 19.139790623874195 ] ] ] } },
{ "type": "Feature", "properties": { "grid_id": "MUM_000823", "locality": "Dadar East / Hindmata", "centroid_lat": 19.011122, "centroid_lon": 72.86656, "area_sqkm": 0.25 }, "geometry": { "type": "Polygon", "coordinates": [ [ [ 72.8624774069593, 19.144306236241427 ], [ 72.86241923951107, 19.148821846222592 ], [ 72.867170763014173, 19.148877072167664 ], [ 72.867228801404053, 19.144361448177005 ], [ 72.8624774069593, 19.144306236241427 ] ] ] } },
{ "type": "Feature", "properties": { "grid_id": "MUM_000824", "locality": "Sion / King's Circle", "centroid_lat": 19.015638, "centroid_lon": 72.866502, "area_sqkm": 0.25 }, "geometry": { "type": "Polygon", "coordinates": [ [ [ 72.86241923951107, 19.148821846222592 ], [ 72.862361055693583, 19.153337453817201 ], [ 72.86711270829133, 19.153392693772499 ], [ 72.867170763014173, 19.148877072167664 ], [ 72.86241923951107, 19.148821846222592 ] ] ] } },
{ "type": "Feature", "properties": { "grid_id": "MUM_000825", "locality": "Sion / King's Circle", "centroid_lat": 19.020153, "centroid_lon": 72.866445, "area_sqkm": 0.25 }, "geometry": { "type": "Polygon", "coordinates": [ [ [ 72.862361055693583, 19.153337453817201 ], [ 72.862302855504822, 19.157853059024756 ], [ 72.867054637233522, 19.157908312991019 ], [ 72.86711270829133, 19.153392693772499 ], [ 72.862361055693583, 19.153337453817201 ] ] ] } },
{ "type": "Feature", "properties": { "grid_id": "MUM_000826", "locality": "Sion / King's Circle", "centroid_lat": 19.024669, "centroid_lon": 72.866387, "area_sqkm": 0.25 }, "geometry": { "type": "Polygon", "coordinates": [ [ [ 72.862302855504822, 19.157853059024756 ], [ 72.862244638942755, 19.162368661844773 ], [ 72.866996549838703, 19.162423929822737 ], [ 72.867054637233522, 19.157908312991019 ], [ 72.862302855504822, 19.157853059024756 ] ] ] } },
{ "type": "Feature", "properties": { "grid_id": "MUM_000827", "locality": "Sion / King's Circle", "centroid_lat": 19.029185, "centroid_lon": 72.866329, "area_sqkm": 0.25 }, "geometry": { "type": "Polygon", "coordinates": [ [ [ 72.862244638942755, 19.162368661844773 ], [ 72.862186406005307, 19.166884262276753 ], [ 72.866938446104811, 19.166939544267144 ], [ 72.866996549838703, 19.162423929822737 ], [ 72.862244638942755, 19.162368661844773 ] ] ] } },
{ "type": "Feature", "properties": { "grid_id": "MUM_000828", "locality": "Sion / King's Circle", "centroid_lat": 19.0337, "centroid_lon": 72.866272, "area_sqkm": 0.25 }, "geometry": { "type": "Polygon", "coordinates": [ [ [ 72.862186406005307, 19.166884262276753 ], [ 72.862128156690417, 19.171399860320204 ], [ 72.866880326029815, 19.171455156323773 ], [ 72.866938446104811, 19.166939544267144 ], [ 72.862186406005307, 19.166884262276753 ] ] ] } },
{ "type": "Feature", "properties": { "grid_id": "MUM_000829", "locality": "Sion / King's Circle", "centroid_lat": 19.038216, "centroid_lon": 72.866214, "area_sqkm": 0.25 }, "geometry": { "type": "Polygon", "coordinates": [ [ [ 72.862128156690417, 19.171399860320204 ], [ 72.862069890996082, 19.175915455974629 ], [ 72.866822189611696, 19.175970765992105 ], [ 72.866880326029815, 19.171455156323773 ], [ 72.862128156690417, 19.171399860320204 ] ] ] } },
{ "type": "Feature", "properties": { "grid_id": "MUM_000830", "locality": "Sion / King's Circle", "centroid_lat": 19.042732, "centroid_lon": 72.866156, "area_sqkm": 0.25 }, "geometry": { "type": "Polygon", "coordinates": [ [ [ 72.862069890996082, 19.175915455974629 ], [ 72.862011608920227, 19.180431049239534 ], [ 72.866764036848366, 19.180486373271663 ], [ 72.866822189611696, 19.175970765992105 ], [ 72.862069890996082, 19.175915455974629 ] ] ] } },
{ "type": "Feature", "properties": { "grid_id": "MUM_000831", "locality": "Sion / King's Circle", "centroid_lat": 19.047248, "centroid_lon": 72.866098, "area_sqkm": 0.25 }, "geometry": { "type": "Polygon", "coordinates": [ [ [ 72.862011608920227, 19.180431049239534 ], [ 72.861953310460805, 19.184946640114436 ], [ 72.866705867737821, 19.185001978161949 ], [ 72.866764036848366, 19.180486373271663 ], [ 72.862011608920227, 19.180431049239534 ] ] ] } },
{ "type": "Feature", "properties": { "grid_id": "MUM_000832", "locality": "Bandra Kurla Complex (BKC)", "centroid_lat": 19.051763, "centroid_lon": 72.866041, "area_sqkm": 0.25 }, "geometry": { "type": "Polygon", "coordinates": [ [ [ 72.861953310460805, 19.184946640114436 ], [ 72.861894995615771, 19.189462228598838 ], [ 72.866647682277986, 19.189517580662471 ], [ 72.866705867737821, 19.185001978161949 ], [ 72.861953310460805, 19.184946640114436 ] ] ] } },
{ "type": "Feature", "properties": { "grid_id": "MUM_000833", "locality": "Bandra Kurla Complex (BKC)", "centroid_lat": 19.056279, "centroid_lon": 72.865983, "area_sqkm": 0.25 }, "geometry": { "type": "Polygon", "coordinates": [ [ [ 72.861894995615771, 19.189462228598838 ], [ 72.861836664383063, 19.193977814692236 ], [ 72.866589480466814, 19.194033180772735 ], [ 72.866647682277986, 19.189517580662471 ], [ 72.861894995615771, 19.189462228598838 ] ] ] } },
{ "type": "Feature", "properties": { "grid_id": "MUM_000834", "locality": "Bandra Kurla Complex (BKC)", "centroid_lat": 19.060795, "centroid_lon": 72.865925, "area_sqkm": 0.25 }, "geometry": { "type": "Polygon", "coordinates": [ [ [ 72.861836664383063, 19.193977814692236 ], [ 72.861778316760635, 19.198493398394156 ], [ 72.866531262302274, 19.198548778492249 ], [ 72.866589480466814, 19.194033180772735 ], [ 72.861836664383063, 19.193977814692236 ] ] ] } },
{ "type": "Feature", "properties": { "grid_id": "MUM_000835", "locality": "Bandra Kurla Complex (BKC)", "centroid_lat": 19.06531, "centroid_lon": 72.865867, "area_sqkm": 0.25 }, "geometry": { "type": "Polygon", "coordinates": [ [ [ 72.861778316760635, 19.198493398394156 ], [ 72.861719952746441, 19.203008979704091 ], [ 72.86647302778232, 19.203064373820521 ], [ 72.866531262302274, 19.198548778492249 ], [ 72.861778316760635, 19.198493398394156 ] ] ] } },
{ "type": "Feature", "properties": { "grid_id": "MUM_000836", "locality": "Bandra Kurla Complex (BKC)", "centroid_lat": 19.069826, "centroid_lon": 72.865809, "area_sqkm": 0.25 }, "geometry": { "type": "Polygon", "coordinates": [ [ [ 72.861719952746441, 19.203008979704091 ], [ 72.86166157233842, 19.207524558621554 ], [ 72.86641477690489, 19.207579966757059 ], [ 72.86647302778232, 19.203064373820521 ], [ 72.861719952746441, 19.203008979704091 ] ] ] } },
{ "type": "Feature", "properties": { "grid_id": "MUM_000837", "locality": "Bandra Kurla Complex (BKC)", "centroid_lat": 19.074341, "centroid_lon": 72.865752, "area_sqkm": 0.25 }, "geometry": { "type": "Polygon", "coordinates": [ [ [ 72.86166157233842, 19.207524558621554 ], [ 72.861603175534526, 19.212040135146047 ], [ 72.866356509667938, 19.212095557301371 ], [ 72.86641477690489, 19.207579966757059 ], [ 72.86166157233842, 19.207524558621554 ] ] ] } },
{ "type": "Feature", "properties": { "grid_id": "MUM_000838", "locality": "Bandra Kurla Complex (BKC)", "centroid_lat": 19.078857, "centroid_lon": 72.865694, "area_sqkm": 0.25 }, "geometry": { "type": "Polygon", "coordinates": [ [ [ 72.861603175534526, 19.212040135146047 ], [ 72.861544762332684, 19.216555709277085 ], [ 72.866298226069418, 19.216611145452955 ], [ 72.866356509667938, 19.212095557301371 ], [ 72.861603175534526, 19.212040135146047 ] ] ] } },
{ "type": "Feature", "properties": { "grid_id": "MUM_000839", "locality": "Kurla West / LBS Marg", "centroid_lat": 19.083373, "centroid_lon": 72.865636, "area_sqkm": 0.25 }, "geometry": { "type": "Polygon", "coordinates": [ [ [ 72.861544762332684, 19.216555709277085 ], [ 72.861486332730863, 19.221071281014169 ], [ 72.866239926107269, 19.221126731211335 ], [ 72.866298226069418, 19.216611145452955 ], [ 72.861544762332684, 19.216555709277085 ] ] ] } },
{ "type": "Feature", "properties": { "grid_id": "MUM_000840", "locality": "Kurla West / LBS Marg", "centroid_lat": 19.087888, "centroid_lon": 72.865578, "area_sqkm": 0.25 }, "geometry": { "type": "Polygon", "coordinates": [ [ [ 72.861486332730863, 19.221071281014169 ], [ 72.861427886727, 19.225586850356812 ], [ 72.866181609779446, 19.22564231457601 ], [ 72.866239926107269, 19.221126731211335 ], [ 72.861486332730863, 19.221071281014169 ] ] ] } },
{ "type": "Feature", "properties": { "grid_id": "MUM_000841", "locality": "Kurla West / LBS Marg", "centroid_lat": 19.092404, "centroid_lon": 72.86552, "area_sqkm": 0.25 }, "geometry": { "type": "Polygon", "coordinates": [ [ [ 72.861427886727, 19.225586850356812 ], [ 72.861369424319037, 19.230102417304522 ], [ 72.866123277083915, 19.230157895546487 ], [ 72.866181609779446, 19.22564231457601 ], [ 72.861427886727, 19.225586850356812 ] ] ] } },
{ "type": "Feature", "properties": { "grid_id": "MUM_000842", "locality": "Saki Naka / Andheri East", "centroid_lat": 19.09692, "centroid_lon": 72.865462, "area_sqkm": 0.25 }, "geometry": { "type": "Polygon", "coordinates": [ [ [ 72.861369424319037, 19.230102417304522 ], [ 72.861310945504911, 19.234617981856793 ], [ 72.866064928018602, 19.234673474122268 ], [ 72.866123277083915, 19.230157895546487 ], [ 72.861369424319037, 19.230102417304522 ] ] ] } },
{ "type": "Feature", "properties": { "grid_id": "MUM_000843", "locality": "Saki Naka / Andheri East", "centroid_lat": 19.101435, "centroid_lon": 72.865404, "area_sqkm": 0.25 }, "geometry": { "type": "Polygon", "coordinates": [ [ [ 72.861310945504911, 19.234617981856793 ], [ 72.861252450282578, 19.239133544013153 ], [ 72.866006562581447, 19.239189050302883 ], [ 72.866064928018602, 19.234673474122268 ], [ 72.861310945504911, 19.234617981856793 ] ] ] } },
{ "type": "Feature", "properties": { "grid_id": "MUM_000844", "locality": "Saki Naka / Andheri East", "centroid_lat": 19.105951, "centroid_lon": 72.865346, "area_sqkm": 0.25 }, "geometry": { "type": "Polygon", "coordinates": [ [ [ 72.861252450282578, 19.239133544013153 ], [ 72.861193938649961, 19.243649103773091 ], [ 72.865948180770431, 19.243704624087812 ], [ 72.866006562581447, 19.239189050302883 ], [ 72.861252450282578, 19.239133544013153 ] ] ] } },
{ "type": "Feature", "properties": { "grid_id": "MUM_000845", "locality": "Andheri Subway / West", "centroid_lat": 19.110467, "centroid_lon": 72.865288, "area_sqkm": 0.25 }, "geometry": { "type": "Polygon", "coordinates": [ [ [ 72.861193938649961, 19.243649103773091 ], [ 72.861135410605016, 19.248164661136119 ], [ 72.865889782583452, 19.248220195476577 ], [ 72.865948180770431, 19.243704624087812 ], [ 72.861193938649961, 19.243649103773091 ] ] ] } },
{ "type": "Feature", "properties": { "grid_id": "MUM_000846", "locality": "Andheri Subway / West", "centroid_lat": 19.114982, "centroid_lon": 72.86523, "area_sqkm": 0.25 }, "geometry": { "type": "Polygon", "coordinates": [ [ [ 72.861135410605016, 19.248164661136119 ], [ 72.861076866145666, 19.252680216101762 ], [ 72.86583136801849, 19.252735764468689 ], [ 72.865889782583452, 19.248220195476577 ], [ 72.861135410605016, 19.248164661136119 ] ] ] } },
{ "type": "Feature", "properties": { "grid_id": "MUM_000847", "locality": "Andheri Subway / West", "centroid_lat": 19.119498, "centroid_lon": 72.865172, "area_sqkm": 0.25 }, "geometry": { "type": "Polygon", "coordinates": [ [ [ 72.861076866145666, 19.252680216101762 ], [ 72.861018305269866, 19.257195768669504 ], [ 72.865772937073473, 19.257251331063646 ], [ 72.86583136801849, 19.252735764468689 ], [ 72.861076866145666, 19.252680216101762 ] ] ] } },
{ "type": "Feature", "properties": { "grid_id": "MUM_000848", "locality": "Jogeshwari / JVLR", "centroid_lat": 19.124014, "centroid_lon": 72.865114, "area_sqkm": 0.25 }, "geometry": { "type": "Polygon", "coordinates": [ [ [ 72.861018305269866, 19.257195768669504 ], [ 72.860959727975555, 19.26171131883887 ], [ 72.865714489746352, 19.261766895260962 ], [ 72.865772937073473, 19.257251331063646 ], [ 72.861018305269866, 19.257195768669504 ] ] ] } },
{ "type": "Feature", "properties": { "grid_id": "MUM_000849", "locality": "Jogeshwari / JVLR", "centroid_lat": 19.128529, "centroid_lon": 72.865056, "area_sqkm": 0.25 }, "geometry": { "type": "Polygon", "coordinates": [ [ [ 72.860959727975555, 19.26171131883887 ], [ 72.860901134260644, 19.266226866609355 ], [ 72.865656026035069, 19.266282457060143 ], [ 72.865714489746352, 19.261766895260962 ], [ 72.860959727975555, 19.26171131883887 ] ] ] } },
{ "type": "Feature", "properties": { "grid_id": "MUM_000850", "locality": "Jogeshwari / JVLR", "centroid_lat": 19.133045, "centroid_lon": 72.864998, "area_sqkm": 0.25 }, "geometry": { "type": "Polygon", "coordinates": [ [ [ 72.860901134260644, 19.266226866609355 ], [ 72.860842524123115, 19.270742411980478 ], [ 72.865597545937547, 19.270798016460702 ], [ 72.865656026035069, 19.266282457060143 ], [ 72.860901134260644, 19.266226866609355 ] ] ] } },
{ "type": "Feature", "properties": { "grid_id": "MUM_000851", "locality": "Jogeshwari / JVLR", "centroid_lat": 19.13756, "centroid_lon": 72.86494, "area_sqkm": 0.1232 }, "geometry": { "type": "Polygon", "coordinates": [ [ [ 72.865597545937547, 19.270798016460702 ], [ 72.860842524123115, 19.270742411980478 ], [ 72.860835123639589, 19.271312482928458 ], [ 72.865547280399184, 19.274678273244181 ], [ 72.865597545937547, 19.270798016460702 ] ] ] } },
{ "type": "Feature", "properties": { "grid_id": "MUM_000852", "locality": "Jogeshwari / JVLR", "centroid_lat": 19.142076, "centroid_lon": 72.864882, "area_sqkm": 0.1409 }, "geometry": { "type": "Polygon", "coordinates": [ [ [ 72.868962368380338, 19.008891621497966 ], [ 72.868904819032977, 19.013407316833749 ], [ 72.873652502827838, 19.013462001058201 ], [ 72.873661596278524, 19.0127469626912 ], [ 72.87, 19.01 ], [ 72.869448452903171, 19.008897224584725 ], [ 72.868962368380338, 19.008891621497966 ] ] ] } },
{ "type": "Feature", "properties": { "grid_id": "MUM_000853", "locality": "Jogeshwari / JVLR", "centroid_lat": 19.146592, "centroid_lon": 72.864824, "area_sqkm": 0.25 }, "geometry": { "type": "Polygon", "coordinates": [ [ [ 72.868904819032977, 19.013407316833749 ], [ 72.868847253413563, 19.01792300979853 ], [ 72.873595065218069, 19.017977707980176 ], [ 72.873652502827838, 19.013462001058201 ], [ 72.868904819032977, 19.013407316833749 ] ] ] } },
{ "type": "Feature", "properties": { "grid_id": "MUM_000854", "locality": "Jogeshwari / JVLR", "centroid_lat": 19.151107, "centroid_lon": 72.864766, "area_sqkm": 0.25 }, "geometry": { "type": "Polygon", "coordinates": [ [ [ 72.868847253413563, 19.01792300979853 ], [ 72.868789671520105, 19.022438700391799 ], [ 72.873537611370423, 19.022493412531361 ], [ 72.873595065218069, 19.017977707980176 ], [ 72.868847253413563, 19.01792300979853 ] ] ] } },
{ "type": "Feature", "properties": { "grid_id": "MUM_000855", "locality": "Jogeshwari / JVLR", "centroid_lat": 19.155623, "centroid_lon": 72.864708, "area_sqkm": 0.25 }, "geometry": { "type": "Polygon", "coordinates": [ [ [ 72.868789671520105, 19.022438700391799 ], [ 72.868732073350571, 19.026954388613081 ], [ 72.873480141282869, 19.027009114711287 ], [ 72.873537611370423, 19.022493412531361 ], [ 72.868789671520105, 19.022438700391799 ] ] ] } },
{ "type": "Feature", "properties": { "grid_id": "MUM_000856", "locality": "Goregaon West", "centroid_lat": 19.160139, "centroid_lon": 72.86465, "area_sqkm": 0.25 }, "geometry": { "type": "Polygon", "coordinates": [ [ [ 72.868732073350571, 19.026954388613081 ], [ 72.86867445890293, 19.031470074461872 ], [ 72.873422654953387, 19.031524814519443 ], [ 72.873480141282869, 19.027009114711287 ], [ 72.868732073350571, 19.026954388613081 ] ] ] } },
{ "type": "Feature", "properties": { "grid_id": "MUM_000857", "locality": "Goregaon West", "centroid_lat": 19.164654, "centroid_lon": 72.864592, "area_sqkm": 0.25 }, "geometry": { "type": "Polygon", "coordinates": [ [ [ 72.86867445890293, 19.031470074461872 ], [ 72.868616828175178, 19.035985757937677 ], [ 72.873365152379975, 19.036040511955346 ], [ 72.873422654953387, 19.031524814519443 ], [ 72.86867445890293, 19.031470074461872 ] ] ] } },
{ "type": "Feature", "properties": { "grid_id": "MUM_000858", "locality": "Goregaon West", "centroid_lat": 19.16917, "centroid_lon": 72.864533, "area_sqkm": 0.25 }, "geometry": { "type": "Polygon", "coordinates": [ [ [ 72.868616828175178, 19.035985757937677 ], [ 72.868559181165281, 19.040501439039996 ], [ 72.873307633560614, 19.040556207018493 ], [ 72.873365152379975, 19.036040511955346 ], [ 72.868616828175178, 19.035985757937677 ] ] ] } },
{ "type": "Feature", "properties": { "grid_id": "MUM_000859", "locality": "Goregaon West", "centroid_lat": 19.173685, "centroid_lon": 72.864475, "area_sqkm": 0.25 }, "geometry": { "type": "Polygon", "coordinates": [ [ [ 72.868559181165281, 19.040501439039996 ], [ 72.868501517871223, 19.045017117768349 ], [ 72.873250098493259, 19.0450718997084 ], [ 72.873307633560614, 19.040556207018493 ], [ 72.868559181165281, 19.040501439039996 ] ] ] } },
{ "type": "Feature", "properties": { "grid_id": "MUM_000860", "locality": "Malad West", "centroid_lat": 19.178201, "centroid_lon": 72.864417, "area_sqkm": 0.25 }, "geometry": { "type": "Polygon", "coordinates": [ [ [ 72.868501517871223, 19.045017117768349 ], [ 72.868443838290972, 19.049532794122236 ], [ 72.873192547175933, 19.049587590024565 ], [ 72.873250098493259, 19.0450718997084 ], [ 72.868501517871223, 19.045017117768349 ] ] ] } },
{ "type": "Feature", "properties": { "grid_id": "MUM_000861", "locality": "Malad West", "centroid_lat": 19.182717, "centroid_lon": 72.864359, "area_sqkm": 0.25 }, "geometry": { "type": "Polygon", "coordinates": [ [ [ 72.868443838290972, 19.049532794122236 ], [ 72.868386142422509, 19.054048468101154 ], [ 72.87313497960659, 19.054103277966501 ], [ 72.873192547175933, 19.049587590024565 ], [ 72.868443838290972, 19.049532794122236 ] ] ] } },
{ "type": "Feature", "properties": { "grid_id": "MUM_000862", "locality": "Malad West", "centroid_lat": 19.187232, "centroid_lon": 72.8643, "area_sqkm": 0.25 }, "geometry": { "type": "Polygon", "coordinates": [ [ [ 72.868386142422509, 19.054048468101154 ], [ 72.868328430263816, 19.058564139704622 ], [ 72.873077395783213, 19.058618963533714 ], [ 72.87313497960659, 19.054103277966501 ], [ 72.868386142422509, 19.054048468101154 ] ] ] } },
{ "type": "Feature", "properties": { "grid_id": "MUM_000863", "locality": "Malad West", "centroid_lat": 19.191748, "centroid_lon": 72.864242, "area_sqkm": 0.25 }, "geometry": { "type": "Polygon", "coordinates": [ [ [ 72.868328430263816, 19.058564139704622 ], [ 72.868270701812833, 19.06307980893213 ], [ 72.873019795703783, 19.063134646725697 ], [ 72.873077395783213, 19.058618963533714 ], [ 72.868328430263816, 19.058564139704622 ] ] ] } },
{ "type": "Feature", "properties": { "grid_id": "MUM_000864", "locality": "Malad West", "centroid_lat": 19.196263, "centroid_lon": 72.864184, "area_sqkm": 0.25 }, "geometry": { "type": "Polygon", "coordinates": [ [ [ 72.868270701812833, 19.06307980893213 ], [ 72.86821295706757, 19.0675954757832 ], [ 72.872962179366269, 19.067650327541969 ], [ 72.873019795703783, 19.063134646725697 ], [ 72.868270701812833, 19.06307980893213 ] ] ] } },
{ "type": "Feature", "properties": { "grid_id": "MUM_000865", "locality": "Malad West", "centroid_lat": 19.200779, "centroid_lon": 72.864126, "area_sqkm": 0.25 }, "geometry": { "type": "Polygon", "coordinates": [ [ [ 72.86821295706757, 19.0675954757832 ], [ 72.868155196025981, 19.072111140257338 ], [ 72.872904546768666, 19.072166005982034 ], [ 72.872962179366269, 19.067650327541969 ], [ 72.86821295706757, 19.0675954757832 ] ] ] } },
{ "type": "Feature", "properties": { "grid_id": "MUM_000866", "locality": "Kandivali West", "centroid_lat": 19.205294, "centroid_lon": 72.864067, "area_sqkm": 0.25 }, "geometry": { "type": "Polygon", "coordinates": [ [ [ 72.868155196025981, 19.072111140257338 ], [ 72.868097418686062, 19.076626802354035 ], [ 72.872846897908929, 19.0766816820454 ], [ 72.872904546768666, 19.072166005982034 ], [ 72.868155196025981, 19.072111140257338 ] ] ] } },
{ "type": "Feature", "properties": { "grid_id": "MUM_000867", "locality": "Kandivali West", "centroid_lat": 19.20981, "centroid_lon": 72.864009, "area_sqkm": 0.25 }, "geometry": { "type": "Polygon", "coordinates": [ [ [ 72.868097418686062, 19.076626802354035 ], [ 72.868039625045753, 19.081142462072819 ], [ 72.872789232785038, 19.081197355731568 ], [ 72.872846897908929, 19.0766816820454 ], [ 72.868097418686062, 19.076626802354035 ] ] ] } },
{ "type": "Feature", "properties": { "grid_id": "MUM_000868", "locality": "Kandivali West", "centroid_lat": 19.214326, "centroid_lon": 72.863951, "area_sqkm": 0.25 }, "geometry": { "type": "Polygon", "coordinates": [ [ [ 72.868039625045753, 19.081142462072819 ], [ 72.867981815103036, 19.085658119413168 ], [ 72.872731551394978, 19.085713027040047 ], [ 72.872789232785038, 19.081197355731568 ], [ 72.868039625045753, 19.081142462072819 ] ] ] } },
{ "type": "Feature", "properties": { "grid_id": "MUM_000869", "locality": "Kandivali West", "centroid_lat": 19.218841, "centroid_lon": 72.863892, "area_sqkm": 0.25 }, "geometry": { "type": "Polygon", "coordinates": [ [ [ 72.867981815103036, 19.085658119413168 ], [ 72.867923988855893, 19.090173774374609 ], [ 72.872673853736714, 19.090228695970335 ], [ 72.872731551394978, 19.085713027040047 ], [ 72.867981815103036, 19.085658119413168 ] ] ] } },
{ "type": "Feature", "properties": { "grid_id": "MUM_000870", "locality": "Kandivali West", "centroid_lat": 19.223357, "centroid_lon": 72.863834, "area_sqkm": 0.25 }, "geometry": { "type": "Polygon", "coordinates": [ [ [ 72.867923988855893, 19.090173774374609 ], [ 72.867866146302276, 19.094689426956641 ], [ 72.872616139808244, 19.094744362521961 ], [ 72.872673853736714, 19.090228695970335 ], [ 72.867923988855893, 19.090173774374609 ] ] ] } },
{ "type": "Feature", "properties": { "grid_id": "MUM_000871", "locality": "Borivali / Dahisar Subway", "centroid_lat": 19.227872, "centroid_lon": 72.863776, "area_sqkm": 0.25 }, "geometry": { "type": "Polygon", "coordinates": [ [ [ 72.867866146302276, 19.094689426956641 ], [ 72.867808287440155, 19.099205077158775 ], [ 72.872558409607507, 19.099260026694409 ], [ 72.872616139808244, 19.094744362521961 ], [ 72.867866146302276, 19.094689426956641 ] ] ] } },
{ "type": "Feature", "properties": { "grid_id": "MUM_000872", "locality": "Borivali / Dahisar Subway", "centroid_lat": 19.232388, "centroid_lon": 72.863717, "area_sqkm": 0.25 }, "geometry": { "type": "Polygon", "coordinates": [ [ [ 72.867808287440155, 19.099205077158775 ], [ 72.867750412267512, 19.103720724980516 ], [ 72.872500663132485, 19.1037756884872 ], [ 72.872558409607507, 19.099260026694409 ], [ 72.867808287440155, 19.099205077158775 ] ] ] } },
{ "type": "Feature", "properties": { "grid_id": "MUM_000873", "locality": "Borivali / Dahisar Subway", "centroid_lat": 19.236904, "centroid_lon": 72.863659, "area_sqkm": 0.25 }, "geometry": { "type": "Polygon", "coordinates": [ [ [ 72.867750412267512, 19.103720724980516 ], [ 72.867692520782299, 19.10823637042137 ], [ 72.872442900381145, 19.108291347899833 ], [ 72.872500663132485, 19.1037756884872 ], [ 72.867750412267512, 19.103720724980516 ] ] ] } },
{ "type": "Feature", "properties": { "grid_id": "MUM_000874", "locality": "Borivali / Dahisar Subway", "centroid_lat": 19.241419, "centroid_lon": 72.8636, "area_sqkm": 0.25 }, "geometry": { "type": "Polygon", "coordinates": [ [ [ 72.867692520782299, 19.10823637042137 ], [ 72.867634612982485, 19.11275201348084 ], [ 72.872385121351485, 19.112807004931817 ], [ 72.872442900381145, 19.108291347899833 ], [ 72.867692520782299, 19.10823637042137 ] ] ] } },
{ "type": "Feature", "properties": { "grid_id": "MUM_000875", "locality": "Borivali / Dahisar Subway", "centroid_lat": 19.245935, "centroid_lon": 72.863542, "area_sqkm": 0.25 }, "geometry": { "type": "Polygon", "coordinates": [ [ [ 72.867634612982485, 19.11275201348084 ], [ 72.867576688866038, 19.117267654158429 ], [ 72.872327326041443, 19.117322659582658 ], [ 72.872385121351485, 19.112807004931817 ], [ 72.867634612982485, 19.11275201348084 ] ] ] } },
{ "type": "Feature", "properties": { "grid_id": "MUM_000876", "locality": "Borivali / Dahisar Subway", "centroid_lat": 19.25045, "centroid_lon": 72.863483, "area_sqkm": 0.25 }, "geometry": { "type": "Polygon", "coordinates": [ [ [ 72.867576688866038, 19.117267654158429 ], [ 72.867518748430925, 19.12178329245366 ], [ 72.872269514449016, 19.121838311851867 ], [ 72.872327326041443, 19.117322659582658 ], [ 72.867576688866038, 19.117267654158429 ] ] ] } },
{ "type": "Feature", "properties": { "grid_id": "MUM_000877", "locality": "Borivali / Dahisar Subway", "centroid_lat": 19.254966, "centroid_lon": 72.863425, "area_sqkm": 0.25 }, "geometry": { "type": "Polygon", "coordinates": [ [ [ 72.867518748430925, 19.12178329245366 ], [ 72.867460791675114, 19.126298928366023 ], [ 72.872211686572157, 19.126353961738939 ], [ 72.872269514449016, 19.121838311851867 ], [ 72.867518748430925, 19.12178329245366 ] ] ] } },
{ "type": "Feature", "properties": { "grid_id": "MUM_000878", "locality": "Borivali / Dahisar Subway", "centroid_lat": 19.259481, "centroid_lon": 72.863366, "area_sqkm": 0.25 }, "geometry": { "type": "Polygon", "coordinates": [ [ [ 72.867460791675114, 19.126298928366023 ], [ 72.86740281859656, 19.130814561895033 ], [ 72.872153842408821, 19.130869609243391 ], [ 72.872211686572157, 19.126353961738939 ], [ 72.867460791675114, 19.126298928366023 ] ] ] } },
{ "type": "Feature", "properties": { "grid_id": "MUM_000879", "locality": "Borivali / Dahisar Subway", "centroid_lat": 19.263997, "centroid_lon": 72.863308, "area_sqkm": 0.25 }, "geometry": { "type": "Polygon", "coordinates": [ [ [ 72.86740281859656, 19.130814561895033 ], [ 72.867344829193229, 19.135330193040197 ], [ 72.872095981956988, 19.135385254364731 ], [ 72.872153842408821, 19.130869609243391 ], [ 72.86740281859656, 19.130814561895033 ] ] ] } },
{ "type": "Feature", "properties": { "grid_id": "MUM_000880", "locality": "Borivali / Dahisar Subway", "centroid_lat": 19.268512, "centroid_lon": 72.863249, "area_sqkm": 0.25 }, "geometry": { "type": "Polygon", "coordinates": [ [ [ 72.867344829193229, 19.135330193040197 ], [ 72.867286823463061, 19.139845821801018 ], [ 72.872038105214628, 19.139900897102461 ], [ 72.872095981956988, 19.135385254364731 ], [ 72.867344829193229, 19.135330193040197 ] ] ] } },
{ "type": "Feature", "properties": { "grid_id": "MUM_000881", "locality": "Borivali / Dahisar Subway", "centroid_lat": 19.272095, "centroid_lon": 72.863792, "area_sqkm": 0.25 }, "geometry": { "type": "Polygon", "coordinates": [ [ [ 72.867286823463061, 19.139845821801018 ], [ 72.867228801404053, 19.144361448177005 ], [ 72.871980212179722, 19.144416537456088 ], [ 72.872038105214628, 19.139900897102461 ], [ 72.867286823463061, 19.139845821801018 ] ] ] } },
{ "type": "Feature", "properties": { "grid_id": "MUM_000882", "locality": "Mumbai Central", "centroid_lat": null, "centroid_lon": null, "area_sqkm": 0.25 }, "geometry": { "type": "Polygon", "coordinates": [ [ [ 72.867228801404053, 19.144361448177005 ], [ 72.867170763014173, 19.148877072167664 ], [ 72.871922302850209, 19.148932175425127 ], [ 72.871980212179722, 19.144416537456088 ], [ 72.867228801404053, 19.144361448177005 ] ] ] } },
{ "type": "Feature", "properties": { "grid_id": "MUM_000883", "locality": "Sion / King's Circle", "centroid_lat": 19.011899, "centroid_lon": 72.870688, "area_sqkm": 0.25 }, "geometry": { "type": "Polygon", "coordinates": [ [ [ 72.867170763014173, 19.148877072167664 ], [ 72.86711270829133, 19.153392693772499 ], [ 72.871864377224057, 19.153447811009073 ], [ 72.871922302850209, 19.148932175425127 ], [ 72.867170763014173, 19.148877072167664 ] ] ] } },
{ "type": "Feature", "properties": { "grid_id": "MUM_000884", "locality": "Sion / King's Circle", "centroid_lat": 19.015693, "centroid_lon": 72.87125, "area_sqkm": 0.25 }, "geometry": { "type": "Polygon", "coordinates": [ [ [ 72.86711270829133, 19.153392693772499 ], [ 72.867054637233522, 19.157908312991019 ], [ 72.87180643529922, 19.157963444207446 ], [ 72.871864377224057, 19.153447811009073 ], [ 72.86711270829133, 19.153392693772499 ] ] ] } },
{ "type": "Feature", "properties": { "grid_id": "MUM_000885", "locality": "Sion / King's Circle", "centroid_lat": 19.020208, "centroid_lon": 72.871192, "area_sqkm": 0.25 }, "geometry": { "type": "Polygon", "coordinates": [ [ [ 72.867054637233522, 19.157908312991019 ], [ 72.866996549838703, 19.162423929822737 ], [ 72.871748477073695, 19.162479075019736 ], [ 72.87180643529922, 19.157963444207446 ], [ 72.867054637233522, 19.157908312991019 ] ] ] } },
{ "type": "Feature", "properties": { "grid_id": "MUM_000886", "locality": "Sion / King's Circle", "centroid_lat": 19.024724, "centroid_lon": 72.871135, "area_sqkm": 0.25 }, "geometry": { "type": "Polygon", "coordinates": [ [ [ 72.866996549838703, 19.162423929822737 ], [ 72.866938446104811, 19.166939544267144 ], [ 72.87169050254542, 19.166994703445472 ], [ 72.871748477073695, 19.162479075019736 ], [ 72.866996549838703, 19.162423929822737 ] ] ] } },
{ "type": "Feature", "properties": { "grid_id": "MUM_000887", "locality": "Sion / King's Circle", "centroid_lat": 19.02924, "centroid_lon": 72.871077, "area_sqkm": 0.25 }, "geometry": { "type": "Polygon", "coordinates": [ [ [ 72.866938446104811, 19.166939544267144 ], [ 72.866880326029815, 19.171455156323773 ], [ 72.871632511712363, 19.171510329484139 ], [ 72.87169050254542, 19.166994703445472 ], [ 72.866938446104811, 19.166939544267144 ] ] ] } },
{ "type": "Feature", "properties": { "grid_id": "MUM_000888", "locality": "Sion / King's Circle", "centroid_lat": 19.033755, "centroid_lon": 72.87102, "area_sqkm": 0.25 }, "geometry": { "type": "Polygon", "coordinates": [ [ [ 72.866880326029815, 19.171455156323773 ], [ 72.866822189611696, 19.175970765992105 ], [ 72.871574504572493, 19.176025953135269 ], [ 72.871632511712363, 19.171510329484139 ], [ 72.866880326029815, 19.171455156323773 ] ] ] } },
{ "type": "Feature", "properties": { "grid_id": "MUM_000889", "locality": "Sion / King's Circle", "centroid_lat": 19.038271, "centroid_lon": 72.870962, "area_sqkm": 0.25 }, "geometry": { "type": "Polygon", "coordinates": [ [ [ 72.866822189611696, 19.175970765992105 ], [ 72.866764036848366, 19.180486373271663 ], [ 72.871516481123749, 19.18054157439834 ], [ 72.871574504572493, 19.176025953135269 ], [ 72.866822189611696, 19.175970765992105 ] ] ] } },
{ "type": "Feature", "properties": { "grid_id": "MUM_000890", "locality": "Sion / King's Circle", "centroid_lat": 19.042787, "centroid_lon": 72.870905, "area_sqkm": 0.25 }, "geometry": { "type": "Polygon", "coordinates": [ [ [ 72.866764036848366, 19.180486373271663 ], [ 72.866705867737821, 19.185001978161949 ], [ 72.871458441364112, 19.18505719327289 ], [ 72.871516481123749, 19.18054157439834 ], [ 72.866764036848366, 19.180486373271663 ] ] ] } },
{ "type": "Feature", "properties": { "grid_id": "MUM_000891", "locality": "Sion / King's Circle", "centroid_lat": 19.047302, "centroid_lon": 72.870847, "area_sqkm": 0.25 }, "geometry": { "type": "Polygon", "coordinates": [ [ [ 72.866705867737821, 19.185001978161949 ], [ 72.866647682277986, 19.189517580662471 ], [ 72.871400385291508, 19.189572809758403 ], [ 72.871458441364112, 19.18505719327289 ], [ 72.866705867737821, 19.185001978161949 ] ] ] } },
{ "type": "Feature", "properties": { "grid_id": "MUM_000892", "locality": "Bandra Kurla Complex (BKC)", "centroid_lat": 19.051818, "centroid_lon": 72.870789, "area_sqkm": 0.25 }, "geometry": { "type": "Polygon", "coordinates": [ [ [ 72.866647682277986, 19.189517580662471 ], [ 72.866589480466814, 19.194033180772735 ], [ 72.871342312903934, 19.194088423854396 ], [ 72.871400385291508, 19.189572809758403 ], [ 72.866647682277986, 19.189517580662471 ] ] ] } },
{ "type": "Feature", "properties": { "grid_id": "MUM_000893", "locality": "Bandra Kurla Complex (BKC)", "centroid_lat": 19.056334, "centroid_lon": 72.870732, "area_sqkm": 0.25 }, "geometry": { "type": "Polygon", "coordinates": [ [ [ 72.866589480466814, 19.194033180772735 ], [ 72.866531262302274, 19.198548778492249 ], [ 72.871284224199329, 19.198604035560379 ], [ 72.871342312903934, 19.194088423854396 ], [ 72.866589480466814, 19.194033180772735 ] ] ] } },
{ "type": "Feature", "properties": { "grid_id": "MUM_000894", "locality": "Bandra Kurla Complex (BKC)", "centroid_lat": 19.060849, "centroid_lon": 72.870674, "area_sqkm": 0.25 }, "geometry": { "type": "Polygon", "coordinates": [ [ [ 72.866531262302274, 19.198548778492249 ], [ 72.86647302778232, 19.203064373820521 ], [ 72.87122611917566, 19.203119644875855 ], [ 72.871284224199329, 19.198604035560379 ], [ 72.866531262302274, 19.198548778492249 ] ] ] } },
{ "type": "Feature", "properties": { "grid_id": "MUM_000895", "locality": "Bandra Kurla Complex (BKC)", "centroid_lat": 19.065365, "centroid_lon": 72.870616, "area_sqkm": 0.25 }, "geometry": { "type": "Polygon", "coordinates": [ [ [ 72.86647302778232, 19.203064373820521 ], [ 72.86641477690489, 19.207579966757059 ], [ 72.871167997830867, 19.207635251800326 ], [ 72.87122611917566, 19.203119644875855 ], [ 72.86647302778232, 19.203064373820521 ] ] ] } },
{ "type": "Feature", "properties": { "grid_id": "MUM_000896", "locality": "Bandra Kurla Complex (BKC)", "centroid_lat": 19.069881, "centroid_lon": 72.870559, "area_sqkm": 0.25 }, "geometry": { "type": "Polygon", "coordinates": [ [ [ 72.86641477690489, 19.207579966757059 ], [ 72.866356509667938, 19.212095557301371 ], [ 72.871109860162917, 19.212150856333317 ], [ 72.871167997830867, 19.207635251800326 ], [ 72.86641477690489, 19.207579966757059 ] ] ] } },
{ "type": "Feature", "properties": { "grid_id": "MUM_000897", "locality": "Kurla West / LBS Marg", "centroid_lat": 19.074396, "centroid_lon": 72.870501, "area_sqkm": 0.25 }, "geometry": { "type": "Polygon", "coordinates": [ [ [ 72.866356509667938, 19.212095557301371 ], [ 72.866298226069418, 19.216611145452955 ], [ 72.871051706169752, 19.216666458474318 ], [ 72.871109860162917, 19.212150856333317 ], [ 72.866356509667938, 19.212095557301371 ] ] ] } },
{ "type": "Feature", "properties": { "grid_id": "MUM_000898", "locality": "Kurla West / LBS Marg", "centroid_lat": 19.078912, "centroid_lon": 72.870443, "area_sqkm": 0.25 }, "geometry": { "type": "Polygon", "coordinates": [ [ [ 72.866298226069418, 19.216611145452955 ], [ 72.866239926107269, 19.221126731211335 ], [ 72.870993535849351, 19.221182058222851 ], [ 72.871051706169752, 19.216666458474318 ], [ 72.866298226069418, 19.216611145452955 ] ] ] } },
{ "type": "Feature", "properties": { "grid_id": "MUM_000899", "locality": "Kurla West / LBS Marg", "centroid_lat": 19.083428, "centroid_lon": 72.870386, "area_sqkm": 0.25 }, "geometry": { "type": "Polygon", "coordinates": [ [ [ 72.866239926107269, 19.221126731211335 ], [ 72.866181609779446, 19.22564231457601 ], [ 72.870935349199627, 19.225697655578415 ], [ 72.870993535849351, 19.221182058222851 ], [ 72.866239926107269, 19.221126731211335 ] ] ] } },
{ "type": "Feature", "properties": { "grid_id": "MUM_000900", "locality": "Kurla West / LBS Marg", "centroid_lat": 19.087943, "centroid_lon": 72.870328, "area_sqkm": 0.25 }, "geometry": { "type": "Polygon", "coordinates": [ [ [ 72.866181609779446, 19.22564231457601 ], [ 72.866123277083915, 19.230157895546487 ], [ 72.870877146218575, 19.230213250540519 ], [ 72.870935349199627, 19.225697655578415 ], [ 72.866181609779446, 19.22564231457601 ] ] ] } },
{ "type": "Feature", "properties": { "grid_id": "MUM_000901", "locality": "Kurla West / LBS Marg", "centroid_lat": 19.092459, "centroid_lon": 72.87027, "area_sqkm": 0.25 }, "geometry": { "type": "Polygon", "coordinates": [ [ [ 72.866123277083915, 19.230157895546487 ], [ 72.866064928018602, 19.234673474122268 ], [ 72.870818926904121, 19.23472884310867 ], [ 72.870877146218575, 19.230213250540519 ], [ 72.866123277083915, 19.230157895546487 ] ] ] } },
{ "type": "Feature", "properties": { "grid_id": "MUM_000902", "locality": "Saki Naka / Andheri East", "centroid_lat": 19.096975, "centroid_lon": 72.870212, "area_sqkm": 0.25 }, "geometry": { "type": "Polygon", "coordinates": [ [ [ 72.866064928018602, 19.234673474122268 ], [ 72.866006562581447, 19.239189050302883 ], [ 72.870760691254219, 19.239244433282384 ], [ 72.870818926904121, 19.23472884310867 ], [ 72.866064928018602, 19.234673474122268 ] ] ] } },
{ "type": "Feature", "properties": { "grid_id": "MUM_000903", "locality": "Saki Naka / Andheri East", "centroid_lat": 19.10149, "centroid_lon": 72.870154, "area_sqkm": 0.25 }, "geometry": { "type": "Polygon", "coordinates": [ [ [ 72.866006562581447, 19.239189050302883 ], [ 72.865948180770431, 19.243704624087812 ], [ 72.870702439266836, 19.24376002106116 ], [ 72.870760691254219, 19.239244433282384 ], [ 72.866006562581447, 19.239189050302883 ] ] ] } },
{ "type": "Feature", "properties": { "grid_id": "MUM_000904", "locality": "Saki Naka / Andheri East", "centroid_lat": 19.106006, "centroid_lon": 72.870097, "area_sqkm": 0.25 }, "geometry": { "type": "Polygon", "coordinates": [ [ [ 72.865948180770431, 19.243704624087812 ], [ 72.865889782583452, 19.248220195476577 ], [ 72.870644170939897, 19.248275606444508 ], [ 72.870702439266836, 19.24376002106116 ], [ 72.865948180770431, 19.243704624087812 ] ] ] } },
{ "type": "Feature", "properties": { "grid_id": "MUM_000905", "locality": "Saki Naka / Andheri East", "centroid_lat": 19.110522, "centroid_lon": 72.870039, "area_sqkm": 0.25 }, "geometry": { "type": "Polygon", "coordinates": [ [ [ 72.865889782583452, 19.248220195476577 ], [ 72.86583136801849, 19.252735764468689 ], [ 72.870585886271371, 19.252791189431942 ], [ 72.870644170939897, 19.248275606444508 ], [ 72.865889782583452, 19.248220195476577 ] ] ] } },
{ "type": "Feature", "properties": { "grid_id": "MUM_000906", "locality": "Saki Naka / Andheri East", "centroid_lat": 19.115037, "centroid_lon": 72.869981, "area_sqkm": 0.25 }, "geometry": { "type": "Polygon", "coordinates": [ [ [ 72.86583136801849, 19.252735764468689 ], [ 72.865772937073473, 19.257251331063646 ], [ 72.870527585259197, 19.257306770022961 ], [ 72.870585886271371, 19.252791189431942 ], [ 72.86583136801849, 19.252735764468689 ] ] ] } },
{ "type": "Feature", "properties": { "grid_id": "MUM_000907", "locality": "Saki Naka / Andheri East", "centroid_lat": 19.119553, "centroid_lon": 72.869923, "area_sqkm": 0.25 }, "geometry": { "type": "Polygon", "coordinates": [ [ [ 72.865772937073473, 19.257251331063646 ], [ 72.865714489746352, 19.261766895260962 ], [ 72.870469267901314, 19.261822348217073 ], [ 72.870527585259197, 19.257306770022961 ], [ 72.865772937073473, 19.257251331063646 ] ] ] } },
{ "type": "Feature", "properties": { "grid_id": "MUM_000908", "locality": "Jogeshwari / JVLR", "centroid_lat": 19.124069, "centroid_lon": 72.869865, "area_sqkm": 0.25 }, "geometry": { "type": "Polygon", "coordinates": [ [ [ 72.865714489746352, 19.261766895260962 ], [ 72.865656026035069, 19.266282457060143 ], [ 72.870410934195689, 19.266337924013797 ], [ 72.870469267901314, 19.261822348217073 ], [ 72.865714489746352, 19.261766895260962 ] ] ] } },
{ "type": "Feature", "properties": { "grid_id": "MUM_000909", "locality": "Jogeshwari / JVLR", "centroid_lat": 19.128584, "centroid_lon": 72.869807, "area_sqkm": 0.25 }, "geometry": { "type": "Polygon", "coordinates": [ [ [ 72.865656026035069, 19.266282457060143 ], [ 72.865597545937547, 19.270798016460702 ], [ 72.87035258414025, 19.270853497412645 ], [ 72.870410934195689, 19.266337924013797 ], [ 72.865656026035069, 19.266282457060143 ] ] ] } },
{ "type": "Feature", "properties": { "grid_id": "MUM_000910", "locality": "Jogeshwari / JVLR", "centroid_lat": 19.1331, "centroid_lon": 72.869749, "area_sqkm": 0.2466 }, "geometry": { "type": "Polygon", "coordinates": [ [ [ 72.870294217732948, 19.275369068413102 ], [ 72.87035258414025, 19.270853497412645 ], [ 72.865597545937547, 19.270798016460702 ], [ 72.865547280399184, 19.274678273244181 ], [ 72.866451674213593, 19.275324233799477 ], [ 72.870294217732948, 19.275369068413102 ] ] ] } },
{ "type": "Feature", "properties": { "grid_id": "MUM_000911", "locality": "Jogeshwari / JVLR", "centroid_lat": 19.137616, "centroid_lon": 72.869691, "area_sqkm": 0.0598 }, "geometry": { "type": "Polygon", "coordinates": [ [ [ 72.870294217732948, 19.275369068413102 ], [ 72.866451674213593, 19.275324233799477 ], [ 72.870259635470077, 19.278043959262906 ], [ 72.870294217732948, 19.275369068413102 ] ] ] } },
{ "type": "Feature", "properties": { "grid_id": "MUM_000912", "locality": "Jogeshwari / JVLR", "centroid_lat": 19.142131, "centroid_lon": 72.869633, "area_sqkm": 0.1894 }, "geometry": { "type": "Polygon", "coordinates": [ [ [ 72.873652502827838, 19.013462001058201 ], [ 72.873595065218069, 19.017977707980176 ], [ 72.878342893260452, 19.018032284374062 ], [ 72.878365191827967, 19.01627541643618 ], [ 72.874629732847524, 19.013473241743277 ], [ 72.873652502827838, 19.013462001058201 ] ] ] } },
{ "type": "Feature", "properties": { "grid_id": "MUM_000913", "locality": "Jogeshwari / JVLR", "centroid_lat": 19.146647, "centroid_lon": 72.869576, "area_sqkm": 0.25 }, "geometry": { "type": "Polygon", "coordinates": [ [ [ 72.873595065218069, 19.017977707980176 ], [ 72.873537611370423, 19.022493412531361 ], [ 72.878285567460637, 19.022548002852087 ], [ 72.878342893260452, 19.018032284374062 ], [ 72.873595065218069, 19.017977707980176 ] ] ] } },
{ "type": "Feature", "properties": { "grid_id": "MUM_000914", "locality": "Jogeshwari / JVLR", "centroid_lat": 19.151162, "centroid_lon": 72.869518, "area_sqkm": 0.25 }, "geometry": { "type": "Polygon", "coordinates": [ [ [ 72.873537611370423, 19.022493412531361 ], [ 72.873480141282869, 19.027009114711287 ], [ 72.878228225457065, 19.027063718959585 ], [ 72.878285567460637, 19.022548002852087 ], [ 72.873537611370423, 19.022493412531361 ] ] ] } },
{ "type": "Feature", "properties": { "grid_id": "MUM_000915", "locality": "Jogeshwari / JVLR", "centroid_lat": 19.155678, "centroid_lon": 72.86946, "area_sqkm": 0.25 }, "geometry": { "type": "Polygon", "coordinates": [ [ [ 72.873480141282869, 19.027009114711287 ], [ 72.873422654953387, 19.031524814519443 ], [ 72.878170867247775, 19.031579432696045 ], [ 72.878228225457065, 19.027063718959585 ], [ 72.873480141282869, 19.027009114711287 ] ] ] } },
{ "type": "Feature", "properties": { "grid_id": "MUM_000916", "locality": "Jogeshwari / JVLR", "centroid_lat": 19.160194, "centroid_lon": 72.869402, "area_sqkm": 0.25 }, "geometry": { "type": "Polygon", "coordinates": [ [ [ 72.873422654953387, 19.031524814519443 ], [ 72.873365152379975, 19.036040511955346 ], [ 72.878113492830721, 19.036095144060969 ], [ 72.878170867247775, 19.031579432696045 ], [ 72.873422654953387, 19.031524814519443 ] ] ] } },
{ "type": "Feature", "properties": { "grid_id": "MUM_000917", "locality": "Goregaon West", "centroid_lat": 19.164709, "centroid_lon": 72.869343, "area_sqkm": 0.25 }, "geometry": { "type": "Polygon", "coordinates": [ [ [ 72.873365152379975, 19.036040511955346 ], [ 72.873307633560614, 19.040556207018493 ], [ 72.8780561022039, 19.04061085305387 ], [ 72.878113492830721, 19.036095144060969 ], [ 72.873365152379975, 19.036040511955346 ] ] ] } },
{ "type": "Feature", "properties": { "grid_id": "MUM_000918", "locality": "Goregaon West", "centroid_lat": 19.169225, "centroid_lon": 72.869285, "area_sqkm": 0.25 }, "geometry": { "type": "Polygon", "coordinates": [ [ [ 72.873307633560614, 19.040556207018493 ], [ 72.873250098493259, 19.0450718997084 ], [ 72.877998695365307, 19.045126559674252 ], [ 72.8780561022039, 19.04061085305387 ], [ 72.873307633560614, 19.040556207018493 ] ] ] } },
{ "type": "Feature", "properties": { "grid_id": "MUM_000919", "locality": "Goregaon West", "centroid_lat": 19.173741, "centroid_lon": 72.869227, "area_sqkm": 0.25 }, "geometry": { "type": "Polygon", "coordinates": [ [ [ 72.873250098493259, 19.0450718997084 ], [ 72.873192547175933, 19.049587590024565 ], [ 72.877941272312924, 19.049642263921623 ], [ 72.877998695365307, 19.045126559674252 ], [ 72.873250098493259, 19.0450718997084 ] ] ] } },
{ "type": "Feature", "properties": { "grid_id": "MUM_000920", "locality": "Goregaon West", "centroid_lat": 19.178256, "centroid_lon": 72.869169, "area_sqkm": 0.25 }, "geometry": { "type": "Polygon", "coordinates": [ [ [ 72.873192547175933, 19.049587590024565 ], [ 72.87313497960659, 19.054103277966501 ], [ 72.877883833044706, 19.054157965795497 ], [ 72.877941272312924, 19.049642263921623 ], [ 72.873192547175933, 19.049587590024565 ] ] ] } },
{ "type": "Feature", "properties": { "grid_id": "MUM_000921", "locality": "Malad West", "centroid_lat": 19.182772, "centroid_lon": 72.869111, "area_sqkm": 0.25 }, "geometry": { "type": "Polygon", "coordinates": [ [ [ 72.87313497960659, 19.054103277966501 ], [ 72.873077395783213, 19.058618963533714 ], [ 72.877826377558691, 19.058673665295363 ], [ 72.877883833044706, 19.054157965795497 ], [ 72.87313497960659, 19.054103277966501 ] ] ] } },
{ "type": "Feature", "properties": { "grid_id": "MUM_000922", "locality": "Malad West", "centroid_lat": 19.187287, "centroid_lon": 72.869053, "area_sqkm": 0.25 }, "geometry": { "type": "Polygon", "coordinates": [ [ [ 72.873077395783213, 19.058618963533714 ], [ 72.873019795703783, 19.063134646725697 ], [ 72.877768905852818, 19.06318936242074 ], [ 72.877826377558691, 19.058673665295363 ], [ 72.873077395783213, 19.058618963533714 ] ] ] } },
{ "type": "Feature", "properties": { "grid_id": "MUM_000923", "locality": "Malad West", "centroid_lat": 19.191803, "centroid_lon": 72.868995, "area_sqkm": 0.25 }, "geometry": { "type": "Polygon", "coordinates": [ [ [ 72.873019795703783, 19.063134646725697 ], [ 72.872962179366269, 19.067650327541969 ], [ 72.87771141792507, 19.067705057171125 ], [ 72.877768905852818, 19.06318936242074 ], [ 72.873019795703783, 19.063134646725697 ] ] ] } },
{ "type": "Feature", "properties": { "grid_id": "MUM_000924", "locality": "Malad West", "centroid_lat": 19.196319, "centroid_lon": 72.868937, "area_sqkm": 0.25 }, "geometry": { "type": "Polygon", "coordinates": [ [ [ 72.872962179366269, 19.067650327541969 ], [ 72.872904546768666, 19.072166005982034 ], [ 72.877653913773457, 19.072220749546041 ], [ 72.87771141792507, 19.067705057171125 ], [ 72.872962179366269, 19.067650327541969 ] ] ] } },
{ "type": "Feature", "properties": { "grid_id": "MUM_000925", "locality": "Malad West", "centroid_lat": 19.200834, "centroid_lon": 72.868879, "area_sqkm": 0.25 }, "geometry": { "type": "Polygon", "coordinates": [ [ [ 72.872904546768666, 19.072166005982034 ], [ 72.872846897908929, 19.0766816820454 ], [ 72.877596393395933, 19.076736439544973 ], [ 72.877653913773457, 19.072220749546041 ], [ 72.872904546768666, 19.072166005982034 ] ] ] } },
{ "type": "Feature", "properties": { "grid_id": "MUM_000926", "locality": "Kandivali West", "centroid_lat": 19.20535, "centroid_lon": 72.86882, "area_sqkm": 0.25 }, "geometry": { "type": "Polygon", "coordinates": [ [ [ 72.872846897908929, 19.0766816820454 ], [ 72.872789232785038, 19.081197355731568 ], [ 72.877538856790494, 19.081252127167449 ], [ 72.877596393395933, 19.076736439544973 ], [ 72.872846897908929, 19.0766816820454 ] ] ] } },
{ "type": "Feature", "properties": { "grid_id": "MUM_000927", "locality": "Kandivali West", "centroid_lat": 19.209865, "centroid_lon": 72.868762, "area_sqkm": 0.25 }, "geometry": { "type": "Polygon", "coordinates": [ [ [ 72.872789232785038, 19.081197355731568 ], [ 72.872731551394978, 19.085713027040047 ], [ 72.877481303955108, 19.085767812412957 ], [ 72.877538856790494, 19.081252127167449 ], [ 72.872789232785038, 19.081197355731568 ] ] ] } },
{ "type": "Feature", "properties": { "grid_id": "MUM_000928", "locality": "Kandivali West", "centroid_lat": 19.214381, "centroid_lon": 72.868704, "area_sqkm": 0.25 }, "geometry": { "type": "Polygon", "coordinates": [ [ [ 72.872731551394978, 19.085713027040047 ], [ 72.872673853736714, 19.090228695970335 ], [ 72.877423734887785, 19.090283495281014 ], [ 72.877481303955108, 19.085767812412957 ], [ 72.872731551394978, 19.085713027040047 ] ] ] } },
{ "type": "Feature", "properties": { "grid_id": "MUM_000929", "locality": "Kandivali West", "centroid_lat": 19.218897, "centroid_lon": 72.868646, "area_sqkm": 0.25 }, "geometry": { "type": "Polygon", "coordinates": [ [ [ 72.872673853736714, 19.090228695970335 ], [ 72.872616139808244, 19.094744362521961 ], [ 72.87736614958645, 19.094799175771126 ], [ 72.877423734887785, 19.090283495281014 ], [ 72.872673853736714, 19.090228695970335 ] ] ] } },
{ "type": "Feature", "properties": { "grid_id": "MUM_000930", "locality": "Borivali / Dahisar Subway", "centroid_lat": 19.223412, "centroid_lon": 72.868588, "area_sqkm": 0.25 }, "geometry": { "type": "Polygon", "coordinates": [ [ [ 72.872616139808244, 19.094744362521961 ], [ 72.872558409607507, 19.099260026694409 ], [ 72.877308548049129, 19.099314853882799 ], [ 72.87736614958645, 19.094799175771126 ], [ 72.872616139808244, 19.094744362521961 ] ] ] } },
{ "type": "Feature", "properties": { "grid_id": "MUM_000931", "locality": "Borivali / Dahisar Subway", "centroid_lat": 19.227928, "centroid_lon": 72.868529, "area_sqkm": 0.25 }, "geometry": { "type": "Polygon", "coordinates": [ [ [ 72.872558409607507, 19.099260026694409 ], [ 72.872500663132485, 19.1037756884872 ], [ 72.87725093027376, 19.103830529615536 ], [ 72.877308548049129, 19.099314853882799 ], [ 72.872558409607507, 19.099260026694409 ] ] ] } },
{ "type": "Feature", "properties": { "grid_id": "MUM_000932", "locality": "Borivali / Dahisar Subway", "centroid_lat": 19.232443, "centroid_lon": 72.868471, "area_sqkm": 0.25 }, "geometry": { "type": "Polygon", "coordinates": [ [ [ 72.872500663132485, 19.1037756884872 ], [ 72.872442900381145, 19.108291347899833 ], [ 72.877193296258341, 19.108346202968853 ], [ 72.87725093027376, 19.103830529615536 ], [ 72.872500663132485, 19.1037756884872 ] ] ] } },
{ "type": "Feature", "properties": { "grid_id": "MUM_000933", "locality": "Borivali / Dahisar Subway", "centroid_lat": 19.236959, "centroid_lon": 72.868413, "area_sqkm": 0.25 }, "geometry": { "type": "Polygon", "coordinates": [ [ [ 72.872442900381145, 19.108291347899833 ], [ 72.872385121351485, 19.112807004931817 ], [ 72.877135646000852, 19.112861873942247 ], [ 72.877193296258341, 19.108346202968853 ], [ 72.872442900381145, 19.108291347899833 ] ] ] } },
{ "type": "Feature", "properties": { "grid_id": "MUM_000934", "locality": "Borivali / Dahisar Subway", "centroid_lat": 19.241475, "centroid_lon": 72.868354, "area_sqkm": 0.25 }, "geometry": { "type": "Polygon", "coordinates": [ [ [ 72.872385121351485, 19.112807004931817 ], [ 72.872327326041443, 19.117322659582658 ], [ 72.877077979499262, 19.11737754253523 ], [ 72.877135646000852, 19.112861873942247 ], [ 72.872385121351485, 19.112807004931817 ] ] ] } },
{ "type": "Feature", "properties": { "grid_id": "MUM_000935", "locality": "Borivali / Dahisar Subway", "centroid_lat": 19.24599, "centroid_lon": 72.868296, "area_sqkm": 0.25 }, "geometry": { "type": "Polygon", "coordinates": [ [ [ 72.872327326041443, 19.117322659582658 ], [ 72.872269514449016, 19.121838311851867 ], [ 72.877020296751525, 19.121893208747309 ], [ 72.877077979499262, 19.11737754253523 ], [ 72.872327326041443, 19.117322659582658 ] ] ] } },
{ "type": "Feature", "properties": { "grid_id": "MUM_000936", "locality": "Borivali / Dahisar Subway", "centroid_lat": 19.250506, "centroid_lon": 72.868238, "area_sqkm": 0.25 }, "geometry": { "type": "Polygon", "coordinates": [ [ [ 72.872269514449016, 19.121838311851867 ], [ 72.872211686572157, 19.126353961738939 ], [ 72.876962597755636, 19.126408872577986 ], [ 72.877020296751525, 19.121893208747309 ], [ 72.872269514449016, 19.121838311851867 ] ] ] } },
{ "type": "Feature", "properties": { "grid_id": "MUM_000937", "locality": "Borivali / Dahisar Subway", "centroid_lat": 19.255021, "centroid_lon": 72.868179, "area_sqkm": 0.25 }, "geometry": { "type": "Polygon", "coordinates": [ [ [ 72.872211686572157, 19.126353961738939 ], [ 72.872153842408821, 19.130869609243391 ], [ 72.876904882509564, 19.130924534026779 ], [ 72.876962597755636, 19.126408872577986 ], [ 72.872211686572157, 19.126353961738939 ] ] ] } },
{ "type": "Feature", "properties": { "grid_id": "MUM_000938", "locality": "Borivali / Dahisar Subway", "centroid_lat": 19.259537, "centroid_lon": 72.868121, "area_sqkm": 0.25 }, "geometry": { "type": "Polygon", "coordinates": [ [ [ 72.872153842408821, 19.130869609243391 ], [ 72.872095981956988, 19.135385254364731 ], [ 72.87684715101129, 19.135440193093185 ], [ 72.876904882509564, 19.130924534026779 ], [ 72.872153842408821, 19.130869609243391 ] ] ] } },
{ "type": "Feature", "properties": { "grid_id": "MUM_000939", "locality": "Borivali / Dahisar Subway", "centroid_lat": 19.264052, "centroid_lon": 72.868063, "area_sqkm": 0.25 }, "geometry": { "type": "Polygon", "coordinates": [ [ [ 72.872095981956988, 19.135385254364731 ], [ 72.872038105214628, 19.139900897102461 ], [ 72.876789403258769, 19.139955849776715 ], [ 72.87684715101129, 19.135440193093185 ], [ 72.872095981956988, 19.135385254364731 ] ] ] } },
{ "type": "Feature", "properties": { "grid_id": "MUM_000940", "locality": "Borivali / Dahisar Subway", "centroid_lat": 19.268568, "centroid_lon": 72.868004, "area_sqkm": 0.25 }, "geometry": { "type": "Polygon", "coordinates": [ [ [ 72.872038105214628, 19.139900897102461 ], [ 72.871980212179722, 19.144416537456088 ], [ 72.876731639249968, 19.144471504076876 ], [ 72.876789403258769, 19.139955849776715 ], [ 72.872038105214628, 19.139900897102461 ] ] ] } },
{ "type": "Feature", "properties": { "grid_id": "MUM_000941", "locality": "Borivali / Dahisar Subway", "centroid_lat": 19.273056, "centroid_lon": 72.867975, "area_sqkm": 0.25 }, "geometry": { "type": "Polygon", "coordinates": [ [ [ 72.871980212179722, 19.144416537456088 ], [ 72.871922302850209, 19.148932175425127 ], [ 72.876673858982869, 19.148987155993172 ], [ 72.876731639249968, 19.144471504076876 ], [ 72.871980212179722, 19.144416537456088 ] ] ] } },
{ "type": "Feature", "properties": { "grid_id": "MUM_000942", "locality": "Borivali / Dahisar Subway", "centroid_lat": 19.276246, "centroid_lon": 72.869002, "area_sqkm": 0.25 }, "geometry": { "type": "Polygon", "coordinates": [ [ [ 72.871922302850209, 19.148932175425127 ], [ 72.871864377224057, 19.153447811009073 ], [ 72.87661606245544, 19.153502805525118 ], [ 72.876673858982869, 19.148987155993172 ], [ 72.871922302850209, 19.148932175425127 ] ] ] } },
{ "type": "Feature", "properties": { "grid_id": "MUM_000943", "locality": "Mumbai Central", "centroid_lat": null, "centroid_lon": null, "area_sqkm": 0.25 }, "geometry": { "type": "Polygon", "coordinates": [ [ [ 72.871864377224057, 19.153447811009073 ], [ 72.87180643529922, 19.157963444207446 ], [ 72.876558249665635, 19.158018452672213 ], [ 72.87661606245544, 19.153502805525118 ], [ 72.871864377224057, 19.153447811009073 ] ] ] } },
{ "type": "Feature", "properties": { "grid_id": "MUM_000944", "locality": "Sion / King's Circle", "centroid_lat": 19.016172, "centroid_lon": 72.875634, "area_sqkm": 0.25 }, "geometry": { "type": "Polygon", "coordinates": [ [ [ 72.87180643529922, 19.157963444207446 ], [ 72.871748477073695, 19.162479075019736 ], [ 72.87650042061145, 19.162534097433976 ], [ 72.876558249665635, 19.158018452672213 ], [ 72.87180643529922, 19.157963444207446 ] ] ] } },
{ "type": "Feature", "properties": { "grid_id": "MUM_000945", "locality": "Sion / King's Circle", "centroid_lat": 19.020263, "centroid_lon": 72.87594, "area_sqkm": 0.25 }, "geometry": { "type": "Polygon", "coordinates": [ [ [ 72.871748477073695, 19.162479075019736 ], [ 72.87169050254542, 19.166994703445472 ], [ 72.876442575290824, 19.167049739809901 ], [ 72.87650042061145, 19.162534097433976 ], [ 72.871748477073695, 19.162479075019736 ] ] ] } },
{ "type": "Feature", "properties": { "grid_id": "MUM_000946", "locality": "Sion / King's Circle", "centroid_lat": 19.024779, "centroid_lon": 72.875883, "area_sqkm": 0.25 }, "geometry": { "type": "Polygon", "coordinates": [ [ [ 72.87169050254542, 19.166994703445472 ], [ 72.871632511712363, 19.171510329484139 ], [ 72.876384713701739, 19.171565379799503 ], [ 72.876442575290824, 19.167049739809901 ], [ 72.87169050254542, 19.166994703445472 ] ] ] } },
{ "type": "Feature", "properties": { "grid_id": "MUM_000947", "locality": "Sion / King's Circle", "centroid_lat": 19.029294, "centroid_lon": 72.875825, "area_sqkm": 0.25 }, "geometry": { "type": "Polygon", "coordinates": [ [ [ 72.871632511712363, 19.171510329484139 ], [ 72.871574504572493, 19.176025953135269 ], [ 72.87632683584215, 19.176081017402289 ], [ 72.876384713701739, 19.171565379799503 ], [ 72.871632511712363, 19.171510329484139 ] ] ] } },
{ "type": "Feature", "properties": { "grid_id": "MUM_000948", "locality": "Sion / King's Circle", "centroid_lat": 19.03381, "centroid_lon": 72.875768, "area_sqkm": 0.25 }, "geometry": { "type": "Polygon", "coordinates": [ [ [ 72.871574504572493, 19.176025953135269 ], [ 72.871516481123749, 19.18054157439834 ], [ 72.876268941710023, 19.180596652617758 ], [ 72.87632683584215, 19.176081017402289 ], [ 72.871574504572493, 19.176025953135269 ] ] ] } },
{ "type": "Feature", "properties": { "grid_id": "MUM_000949", "locality": "Sion / King's Circle", "centroid_lat": 19.038326, "centroid_lon": 72.875711, "area_sqkm": 0.25 }, "geometry": { "type": "Polygon", "coordinates": [ [ [ 72.871516481123749, 19.18054157439834 ], [ 72.871458441364112, 19.18505719327289 ], [ 72.876211031303342, 19.185112285445435 ], [ 72.876268941710023, 19.180596652617758 ], [ 72.871516481123749, 19.18054157439834 ] ] ] } },
{ "type": "Feature", "properties": { "grid_id": "MUM_000950", "locality": "Sion / King's Circle", "centroid_lat": 19.042841, "centroid_lon": 72.875653, "area_sqkm": 0.25 }, "geometry": { "type": "Polygon", "coordinates": [ [ [ 72.871458441364112, 19.18505719327289 ], [ 72.871400385291508, 19.189572809758403 ], [ 72.87615310462003, 19.18962791588482 ], [ 72.876211031303342, 19.185112285445435 ], [ 72.871458441364112, 19.18505719327289 ] ] ] } },
{ "type": "Feature", "properties": { "grid_id": "MUM_000951", "locality": "Bandra Kurla Complex (BKC)", "centroid_lat": 19.047357, "centroid_lon": 72.875596, "area_sqkm": 0.25 }, "geometry": { "type": "Polygon", "coordinates": [ [ [ 72.871400385291508, 19.189572809758403 ], [ 72.871342312903934, 19.194088423854396 ], [ 72.876095161658085, 19.194143543935407 ], [ 72.87615310462003, 19.18962791588482 ], [ 72.871400385291508, 19.189572809758403 ] ] ] } },
{ "type": "Feature", "properties": { "grid_id": "MUM_000952", "locality": "Bandra Kurla Complex (BKC)", "centroid_lat": 19.051873, "centroid_lon": 72.875538, "area_sqkm": 0.25 }, "geometry": { "type": "Polygon", "coordinates": [ [ [ 72.871342312903934, 19.194088423854396 ], [ 72.871284224199329, 19.198604035560379 ], [ 72.876037202415475, 19.198659169596723 ], [ 72.876095161658085, 19.194143543935407 ], [ 72.871342312903934, 19.194088423854396 ] ] ] } },
{ "type": "Feature", "properties": { "grid_id": "MUM_000953", "locality": "Bandra Kurla Complex (BKC)", "centroid_lat": 19.056388, "centroid_lon": 72.875481, "area_sqkm": 0.25 }, "geometry": { "type": "Polygon", "coordinates": [ [ [ 72.871284224199329, 19.198604035560379 ], [ 72.87122611917566, 19.203119644875855 ], [ 72.875979226890124, 19.203174792868268 ], [ 72.876037202415475, 19.198659169596723 ], [ 72.871284224199329, 19.198604035560379 ] ] ] } },
{ "type": "Feature", "properties": { "grid_id": "MUM_000954", "locality": "Bandra Kurla Complex (BKC)", "centroid_lat": 19.060904, "centroid_lon": 72.875423, "area_sqkm": 0.25 }, "geometry": { "type": "Polygon", "coordinates": [ [ [ 72.87122611917566, 19.203119644875855 ], [ 72.871167997830867, 19.207635251800326 ], [ 72.875921235080014, 19.207690413749546 ], [ 72.875979226890124, 19.203174792868268 ], [ 72.87122611917566, 19.203119644875855 ] ] ] } },
{ "type": "Feature", "properties": { "grid_id": "MUM_000955", "locality": "Kurla West / LBS Marg", "centroid_lat": 19.06542, "centroid_lon": 72.875366, "area_sqkm": 0.25 }, "geometry": { "type": "Polygon", "coordinates": [ [ [ 72.871167997830867, 19.207635251800326 ], [ 72.871109860162917, 19.212150856333317 ], [ 72.875863226983114, 19.212206032240076 ], [ 72.875921235080014, 19.207690413749546 ], [ 72.871167997830867, 19.207635251800326 ] ] ] } },
{ "type": "Feature", "properties": { "grid_id": "MUM_000956", "locality": "Kurla West / LBS Marg", "centroid_lat": 19.069936, "centroid_lon": 72.875308, "area_sqkm": 0.25 }, "geometry": { "type": "Polygon", "coordinates": [ [ [ 72.871109860162917, 19.212150856333317 ], [ 72.871051706169752, 19.216666458474318 ], [ 72.875805202597348, 19.216721648339359 ], [ 72.875863226983114, 19.212206032240076 ], [ 72.871109860162917, 19.212150856333317 ] ] ] } },
{ "type": "Feature", "properties": { "grid_id": "MUM_000957", "locality": "Kurla West / LBS Marg", "centroid_lat": 19.074451, "centroid_lon": 72.87525, "area_sqkm": 0.25 }, "geometry": { "type": "Polygon", "coordinates": [ [ [ 72.871051706169752, 19.216666458474318 ], [ 72.870993535849351, 19.221182058222851 ], [ 72.875747161920714, 19.221237262046898 ], [ 72.875805202597348, 19.216721648339359 ], [ 72.871051706169752, 19.216666458474318 ] ] ] } },
{ "type": "Feature", "properties": { "grid_id": "MUM_000958", "locality": "Kurla West / LBS Marg", "centroid_lat": 19.078967, "centroid_lon": 72.875193, "area_sqkm": 0.25 }, "geometry": { "type": "Polygon", "coordinates": [ [ [ 72.870993535849351, 19.221182058222851 ], [ 72.870935349199627, 19.225697655578415 ], [ 72.875689104951164, 19.225752873362211 ], [ 72.875747161920714, 19.221237262046898 ], [ 72.870993535849351, 19.221182058222851 ] ] ] } },
{ "type": "Feature", "properties": { "grid_id": "MUM_000959", "locality": "Kurla West / LBS Marg", "centroid_lat": 19.083483, "centroid_lon": 72.875135, "area_sqkm": 0.25 }, "geometry": { "type": "Polygon", "coordinates": [ [ [ 72.870935349199627, 19.225697655578415 ], [ 72.870877146218575, 19.230213250540519 ], [ 72.875631031686623, 19.230268482284803 ], [ 72.875689104951164, 19.225752873362211 ], [ 72.870935349199627, 19.225697655578415 ] ] ] } },
{ "type": "Feature", "properties": { "grid_id": "MUM_000960", "locality": "Kurla West / LBS Marg", "centroid_lat": 19.087998, "centroid_lon": 72.875078, "area_sqkm": 0.25 }, "geometry": { "type": "Polygon", "coordinates": [ [ [ 72.870877146218575, 19.230213250540519 ], [ 72.870818926904121, 19.23472884310867 ], [ 72.875572942125089, 19.234784088814173 ], [ 72.875631031686623, 19.230268482284803 ], [ 72.870877146218575, 19.230213250540519 ] ] ] } },
{ "type": "Feature", "properties": { "grid_id": "MUM_000961", "locality": "Saki Naka / Andheri East", "centroid_lat": 19.092514, "centroid_lon": 72.87502, "area_sqkm": 0.25 }, "geometry": { "type": "Polygon", "coordinates": [ [ [ 72.870818926904121, 19.23472884310867 ], [ 72.870760691254219, 19.239244433282384 ], [ 72.8755148362645, 19.239299692949846 ], [ 72.875572942125089, 19.234784088814173 ], [ 72.870818926904121, 19.23472884310867 ] ] ] } },
{ "type": "Feature", "properties": { "grid_id": "MUM_000962", "locality": "Saki Naka / Andheri East", "centroid_lat": 19.09703, "centroid_lon": 72.874962, "area_sqkm": 0.25 }, "geometry": { "type": "Polygon", "coordinates": [ [ [ 72.870760691254219, 19.239244433282384 ], [ 72.870702439266836, 19.24376002106116 ], [ 72.875456714102782, 19.243815294691316 ], [ 72.8755148362645, 19.239299692949846 ], [ 72.870760691254219, 19.239244433282384 ] ] ] } },
{ "type": "Feature", "properties": { "grid_id": "MUM_000963", "locality": "Saki Naka / Andheri East", "centroid_lat": 19.101545, "centroid_lon": 72.874905, "area_sqkm": 0.25 }, "geometry": { "type": "Polygon", "coordinates": [ [ [ 72.870702439266836, 19.24376002106116 ], [ 72.870644170939897, 19.248275606444508 ], [ 72.875398575637931, 19.248330894038091 ], [ 72.875456714102782, 19.243815294691316 ], [ 72.870702439266836, 19.24376002106116 ] ] ] } },
{ "type": "Feature", "properties": { "grid_id": "MUM_000964", "locality": "Saki Naka / Andheri East", "centroid_lat": 19.106061, "centroid_lon": 72.874847, "area_sqkm": 0.25 }, "geometry": { "type": "Polygon", "coordinates": [ [ [ 72.870644170939897, 19.248275606444508 ], [ 72.870585886271371, 19.252791189431942 ], [ 72.8753404208679, 19.252846490989693 ], [ 72.875398575637931, 19.248330894038091 ], [ 72.870644170939897, 19.248275606444508 ] ] ] } },
{ "type": "Feature", "properties": { "grid_id": "MUM_000965", "locality": "Saki Naka / Andheri East", "centroid_lat": 19.110577, "centroid_lon": 72.874789, "area_sqkm": 0.25 }, "geometry": { "type": "Polygon", "coordinates": [ [ [ 72.870585886271371, 19.252791189431942 ], [ 72.870527585259197, 19.257306770022961 ], [ 72.875282249790615, 19.257362085545619 ], [ 72.8753404208679, 19.252846490989693 ], [ 72.870585886271371, 19.252791189431942 ] ] ] } },
{ "type": "Feature", "properties": { "grid_id": "MUM_000966", "locality": "Saki Naka / Andheri East", "centroid_lat": 19.115092, "centroid_lon": 72.874732, "area_sqkm": 0.25 }, "geometry": { "type": "Polygon", "coordinates": [ [ [ 72.870527585259197, 19.257306770022961 ], [ 72.870469267901314, 19.261822348217073 ], [ 72.875224062404044, 19.261877677705385 ], [ 72.875282249790615, 19.257362085545619 ], [ 72.870527585259197, 19.257306770022961 ] ] ] } },
{ "type": "Feature", "properties": { "grid_id": "MUM_000967", "locality": "Saki Naka / Andheri East", "centroid_lat": 19.119608, "centroid_lon": 72.874674, "area_sqkm": 0.25 }, "geometry": { "type": "Polygon", "coordinates": [ [ [ 72.870469267901314, 19.261822348217073 ], [ 72.870410934195689, 19.266337924013797 ], [ 72.875165858706126, 19.266393267468491 ], [ 72.875224062404044, 19.261877677705385 ], [ 72.870469267901314, 19.261822348217073 ] ] ] } },
{ "type": "Feature", "properties": { "grid_id": "MUM_000968", "locality": "Saki Naka / Andheri East", "centroid_lat": 19.124124, "centroid_lon": 72.874616, "area_sqkm": 0.25 }, "geometry": { "type": "Polygon", "coordinates": [ [ [ 72.870410934195689, 19.266337924013797 ], [ 72.87035258414025, 19.270853497412645 ], [ 72.875107638694814, 19.270908854834452 ], [ 72.875165858706126, 19.266393267468491 ], [ 72.870410934195689, 19.266337924013797 ] ] ] } },
{ "type": "Feature", "properties": { "grid_id": "MUM_000969", "locality": "Jogeshwari / JVLR", "centroid_lat": 19.128639, "centroid_lon": 72.874558, "area_sqkm": 0.25 }, "geometry": { "type": "Polygon", "coordinates": [ [ [ 72.87035258414025, 19.270853497412645 ], [ 72.870294217732948, 19.275369068413102 ], [ 72.875049402368077, 19.275424439802777 ], [ 72.875107638694814, 19.270908854834452 ], [ 72.87035258414025, 19.270853497412645 ] ] ] } },
{ "type": "Feature", "properties": { "grid_id": "MUM_000970", "locality": "Jogeshwari / JVLR", "centroid_lat": 19.133155, "centroid_lon": 72.8745, "area_sqkm": 0.2217 }, "geometry": { "type": "Polygon", "coordinates": [ [ [ 72.874991149723854, 19.279940022372969 ], [ 72.875049402368077, 19.275424439802777 ], [ 72.870294217732948, 19.275369068413102 ], [ 72.870259635470077, 19.278043959262906 ], [ 72.872880091045545, 19.279915450058912 ], [ 72.874991149723854, 19.279940022372969 ] ] ] } },
{ "type": "Feature", "properties": { "grid_id": "MUM_000971", "locality": "Jogeshwari / JVLR", "centroid_lat": 19.137671, "centroid_lon": 72.874443, "area_sqkm": 0.2265 }, "geometry": { "type": "Polygon", "coordinates": [ [ [ 72.878342893260452, 19.018032284374062 ], [ 72.878285567460637, 19.022548002852087 ], [ 72.883033539754578, 19.022602471352197 ], [ 72.883068990954087, 19.019803768403825 ], [ 72.880744040813724, 19.018059839178751 ], [ 72.878342893260452, 19.018032284374062 ] ] ] } },
{ "type": "Feature", "properties": { "grid_id": "MUM_000972", "locality": "Jogeshwari / JVLR", "centroid_lat": 19.142186, "centroid_lon": 72.874385, "area_sqkm": 0.25 }, "geometry": { "type": "Polygon", "coordinates": [ [ [ 72.878285567460637, 19.022548002852087 ], [ 72.878228225457065, 19.027063718959585 ], [ 72.882976325837021, 19.027118201356195 ], [ 72.883033539754578, 19.022602471352197 ], [ 72.878285567460637, 19.022548002852087 ] ] ] } },
{ "type": "Feature", "properties": { "grid_id": "MUM_000973", "locality": "Jogeshwari / JVLR", "centroid_lat": 19.146702, "centroid_lon": 72.874327, "area_sqkm": 0.25 }, "geometry": { "type": "Polygon", "coordinates": [ [ [ 72.878228225457065, 19.027063718959585 ], [ 72.878170867247775, 19.031579432696045 ], [ 72.882919095749912, 19.031633928989876 ], [ 72.882976325837021, 19.027118201356195 ], [ 72.878228225457065, 19.027063718959585 ] ] ] } },
{ "type": "Feature", "properties": { "grid_id": "MUM_000974", "locality": "Jogeshwari / JVLR", "centroid_lat": 19.151218, "centroid_lon": 72.874269, "area_sqkm": 0.25 }, "geometry": { "type": "Polygon", "coordinates": [ [ [ 72.878170867247775, 19.031579432696045 ], [ 72.878113492830721, 19.036095144060969 ], [ 72.882861849491235, 19.036149654252753 ], [ 72.882919095749912, 19.031633928989876 ], [ 72.878170867247775, 19.031579432696045 ] ] ] } },
{ "type": "Feature", "properties": { "grid_id": "MUM_000975", "locality": "Jogeshwari / JVLR", "centroid_lat": 19.155733, "centroid_lon": 72.874211, "area_sqkm": 0.25 }, "geometry": { "type": "Polygon", "coordinates": [ [ [ 72.878113492830721, 19.036095144060969 ], [ 72.8780561022039, 19.04061085305387 ], [ 72.882804587058985, 19.040665377144325 ], [ 72.882861849491235, 19.036149654252753 ], [ 72.878113492830721, 19.036095144060969 ] ] ] } },
{ "type": "Feature", "properties": { "grid_id": "MUM_000976", "locality": "Jogeshwari / JVLR", "centroid_lat": 19.160249, "centroid_lon": 72.874153, "area_sqkm": 0.25 }, "geometry": { "type": "Polygon", "coordinates": [ [ [ 72.8780561022039, 19.04061085305387 ], [ 72.877998695365307, 19.045126559674252 ], [ 72.882747308451144, 19.045181097664113 ], [ 72.882804587058985, 19.040665377144325 ], [ 72.8780561022039, 19.04061085305387 ] ] ] } },
{ "type": "Feature", "properties": { "grid_id": "MUM_000977", "locality": "Goregaon West", "centroid_lat": 19.164764, "centroid_lon": 72.874095, "area_sqkm": 0.25 }, "geometry": { "type": "Polygon", "coordinates": [ [ [ 72.877998695365307, 19.045126559674252 ], [ 72.877941272312924, 19.049642263921623 ], [ 72.882690013665709, 19.049696815811611 ], [ 72.882747308451144, 19.045181097664113 ], [ 72.877998695365307, 19.045126559674252 ] ] ] } },
{ "type": "Feature", "properties": { "grid_id": "MUM_000978", "locality": "Goregaon West", "centroid_lat": 19.16928, "centroid_lon": 72.874038, "area_sqkm": 0.25 }, "geometry": { "type": "Polygon", "coordinates": [ [ [ 72.877941272312924, 19.049642263921623 ], [ 72.877883833044706, 19.054157965795497 ], [ 72.882632702700647, 19.05421253158633 ], [ 72.882690013665709, 19.049696815811611 ], [ 72.877941272312924, 19.049642263921623 ] ] ] } },
{ "type": "Feature", "properties": { "grid_id": "MUM_000979", "locality": "Goregaon West", "centroid_lat": 19.173796, "centroid_lon": 72.87398, "area_sqkm": 0.25 }, "geometry": { "type": "Polygon", "coordinates": [ [ [ 72.877883833044706, 19.054157965795497 ], [ 72.877826377558691, 19.058673665295363 ], [ 72.882575375553998, 19.05872824498778 ], [ 72.882632702700647, 19.05421253158633 ], [ 72.877883833044706, 19.054157965795497 ] ] ] } },
{ "type": "Feature", "properties": { "grid_id": "MUM_000980", "locality": "Goregaon West", "centroid_lat": 19.178311, "centroid_lon": 72.873922, "area_sqkm": 0.25 }, "geometry": { "type": "Polygon", "coordinates": [ [ [ 72.877826377558691, 19.058673665295363 ], [ 72.877768905852818, 19.06318936242074 ], [ 72.882518032223686, 19.063243956015459 ], [ 72.882575375553998, 19.05872824498778 ], [ 72.877826377558691, 19.058673665295363 ] ] ] } },
{ "type": "Feature", "properties": { "grid_id": "MUM_000981", "locality": "Malad West", "centroid_lat": 19.182827, "centroid_lon": 72.873864, "area_sqkm": 0.25 }, "geometry": { "type": "Polygon", "coordinates": [ [ [ 72.877768905852818, 19.06318936242074 ], [ 72.87771141792507, 19.067705057171125 ], [ 72.882460672707751, 19.067759664668881 ], [ 72.882518032223686, 19.063243956015459 ], [ 72.877768905852818, 19.06318936242074 ] ] ] } },
{ "type": "Feature", "properties": { "grid_id": "MUM_000982", "locality": "Malad West", "centroid_lat": 19.187343, "centroid_lon": 72.873806, "area_sqkm": 0.25 }, "geometry": { "type": "Polygon", "coordinates": [ [ [ 72.87771141792507, 19.067705057171125 ], [ 72.877653913773457, 19.072220749546041 ], [ 72.882403297004146, 19.072275370947548 ], [ 72.882460672707751, 19.067759664668881 ], [ 72.87771141792507, 19.067705057171125 ] ] ] } },
{ "type": "Feature", "properties": { "grid_id": "MUM_000983", "locality": "Malad West", "centroid_lat": 19.191858, "centroid_lon": 72.873748, "area_sqkm": 0.25 }, "geometry": { "type": "Polygon", "coordinates": [ [ [ 72.877653913773457, 19.072220749546041 ], [ 72.877596393395933, 19.076736439544973 ], [ 72.882345905110853, 19.076791074850973 ], [ 72.882403297004146, 19.072275370947548 ], [ 72.877653913773457, 19.072220749546041 ] ] ] } },
{ "type": "Feature", "properties": { "grid_id": "MUM_000984", "locality": "Malad West", "centroid_lat": 19.196374, "centroid_lon": 72.87369, "area_sqkm": 0.25 }, "geometry": { "type": "Polygon", "coordinates": [ [ [ 72.877596393395933, 19.076736439544973 ], [ 72.877538856790494, 19.081252127167449 ], [ 72.882288497025883, 19.081306776378657 ], [ 72.882345905110853, 19.076791074850973 ], [ 72.877596393395933, 19.076736439544973 ] ] ] } },
{ "type": "Feature", "properties": { "grid_id": "MUM_000985", "locality": "Malad West", "centroid_lat": 19.200889, "centroid_lon": 72.873632, "area_sqkm": 0.25 }, "geometry": { "type": "Polygon", "coordinates": [ [ [ 72.877538856790494, 19.081252127167449 ], [ 72.877481303955108, 19.085767812412957 ], [ 72.882231072747217, 19.085822475530108 ], [ 72.882288497025883, 19.081306776378657 ], [ 72.877538856790494, 19.081252127167449 ] ] ] } },
{ "type": "Feature", "properties": { "grid_id": "MUM_000986", "locality": "Kandivali West", "centroid_lat": 19.205405, "centroid_lon": 72.873574, "area_sqkm": 0.25 }, "geometry": { "type": "Polygon", "coordinates": [ [ [ 72.877481303955108, 19.085767812412957 ], [ 72.877423734887785, 19.090283495281014 ], [ 72.88217363227281, 19.090338172304829 ], [ 72.882231072747217, 19.085822475530108 ], [ 72.877481303955108, 19.085767812412957 ] ] ] } },
{ "type": "Feature", "properties": { "grid_id": "MUM_000987", "locality": "Kandivali West", "centroid_lat": 19.209921, "centroid_lon": 72.873516, "area_sqkm": 0.25 }, "geometry": { "type": "Polygon", "coordinates": [ [ [ 72.877423734887785, 19.090283495281014 ], [ 72.87736614958645, 19.094799175771126 ], [ 72.882116175600672, 19.094853866702341 ], [ 72.88217363227281, 19.090338172304829 ], [ 72.877423734887785, 19.090283495281014 ] ] ] } },
{ "type": "Feature", "properties": { "grid_id": "MUM_000988", "locality": "Kandivali West", "centroid_lat": 19.214436, "centroid_lon": 72.873457, "area_sqkm": 0.25 }, "geometry": { "type": "Polygon", "coordinates": [ [ [ 72.87736614958645, 19.094799175771126 ], [ 72.877308548049129, 19.099314853882799 ], [ 72.88205870272877, 19.099369558722131 ], [ 72.882116175600672, 19.094853866702341 ], [ 72.87736614958645, 19.094799175771126 ] ] ] } },
{ "type": "Feature", "properties": { "grid_id": "MUM_000989", "locality": "Borivali / Dahisar Subway", "centroid_lat": 19.218952, "centroid_lon": 72.873399, "area_sqkm": 0.25 }, "geometry": { "type": "Polygon", "coordinates": [ [ [ 72.877308548049129, 19.099314853882799 ], [ 72.87725093027376, 19.103830529615536 ], [ 72.882001213655087, 19.103885248363728 ], [ 72.88205870272877, 19.099369558722131 ], [ 72.877308548049129, 19.099314853882799 ] ] ] } },
{ "type": "Feature", "properties": { "grid_id": "MUM_000990", "locality": "Borivali / Dahisar Subway", "centroid_lat": 19.223467, "centroid_lon": 72.873341, "area_sqkm": 0.25 }, "geometry": { "type": "Polygon", "coordinates": [ [ [ 72.87725093027376, 19.103830529615536 ], [ 72.877193296258341, 19.108346202968853 ], [ 72.881943708377605, 19.108400935626619 ], [ 72.882001213655087, 19.103885248363728 ], [ 72.87725093027376, 19.103830529615536 ] ] ] } },
{ "type": "Feature", "properties": { "grid_id": "MUM_000991", "locality": "Borivali / Dahisar Subway", "centroid_lat": 19.227983, "centroid_lon": 72.873283, "area_sqkm": 0.25 }, "geometry": { "type": "Polygon", "coordinates": [ [ [ 72.877193296258341, 19.108346202968853 ], [ 72.877135646000852, 19.112861873942247 ], [ 72.88188618689432, 19.112916620510326 ], [ 72.881943708377605, 19.108400935626619 ], [ 72.877193296258341, 19.108346202968853 ] ] ] } },
{ "type": "Feature", "properties": { "grid_id": "MUM_000992", "locality": "Borivali / Dahisar Subway", "centroid_lat": 19.232499, "centroid_lon": 72.873225, "area_sqkm": 0.25 }, "geometry": { "type": "Polygon", "coordinates": [ [ [ 72.877135646000852, 19.112861873942247 ], [ 72.877077979499262, 19.11737754253523 ], [ 72.881828649203186, 19.117432303014343 ], [ 72.88188618689432, 19.112916620510326 ], [ 72.877135646000852, 19.112861873942247 ] ] ] } },
{ "type": "Feature", "properties": { "grid_id": "MUM_000993", "locality": "Borivali / Dahisar Subway", "centroid_lat": 19.237014, "centroid_lon": 72.873167, "area_sqkm": 0.25 }, "geometry": { "type": "Polygon", "coordinates": [ [ [ 72.877077979499262, 19.11737754253523 ], [ 72.877020296751525, 19.121893208747309 ], [ 72.881771095302199, 19.121947983138195 ], [ 72.881828649203186, 19.117432303014343 ], [ 72.877077979499262, 19.11737754253523 ] ] ] } },
{ "type": "Feature", "properties": { "grid_id": "MUM_000994", "locality": "Borivali / Dahisar Subway", "centroid_lat": 19.24153, "centroid_lon": 72.873109, "area_sqkm": 0.25 }, "geometry": { "type": "Polygon", "coordinates": [ [ [ 72.877020296751525, 19.121893208747309 ], [ 72.876962597755636, 19.126408872577986 ], [ 72.881713525189326, 19.12646366088137 ], [ 72.881771095302199, 19.121947983138195 ], [ 72.877020296751525, 19.121893208747309 ] ] ] } },
{ "type": "Feature", "properties": { "grid_id": "MUM_000995", "locality": "Borivali / Dahisar Subway", "centroid_lat": 19.246045, "centroid_lon": 72.87305, "area_sqkm": 0.25 }, "geometry": { "type": "Polygon", "coordinates": [ [ [ 72.876962597755636, 19.126408872577986 ], [ 72.876904882509564, 19.130924534026779 ], [ 72.881655938862536, 19.130979336243389 ], [ 72.881713525189326, 19.12646366088137 ], [ 72.876962597755636, 19.126408872577986 ] ] ] } },
{ "type": "Feature", "properties": { "grid_id": "MUM_000996", "locality": "Borivali / Dahisar Subway", "centroid_lat": 19.250561, "centroid_lon": 72.872992, "area_sqkm": 0.25 }, "geometry": { "type": "Polygon", "coordinates": [ [ [ 72.876904882509564, 19.130924534026779 ], [ 72.87684715101129, 19.135440193093185 ], [ 72.88159833631984, 19.135495009223753 ], [ 72.881655938862536, 19.130979336243389 ], [ 72.876904882509564, 19.130924534026779 ] ] ] } },
{ "type": "Feature", "properties": { "grid_id": "MUM_000997", "locality": "Borivali / Dahisar Subway", "centroid_lat": 19.255077, "centroid_lon": 72.872934, "area_sqkm": 0.25 }, "geometry": { "type": "Polygon", "coordinates": [ [ [ 72.87684715101129, 19.135440193093185 ], [ 72.876789403258769, 19.139955849776715 ], [ 72.881540717559176, 19.140010679821966 ], [ 72.88159833631984, 19.135495009223753 ], [ 72.87684715101129, 19.135440193093185 ] ] ] } },
{ "type": "Feature", "properties": { "grid_id": "MUM_000998", "locality": "Borivali / Dahisar Subway", "centroid_lat": 19.259592, "centroid_lon": 72.872876, "area_sqkm": 0.25 }, "geometry": { "type": "Polygon", "coordinates": [ [ [ 72.876789403258769, 19.139955849776715 ], [ 72.876731639249968, 19.144471504076876 ], [ 72.881483082578526, 19.144526348037548 ], [ 72.881540717559176, 19.140010679821966 ], [ 72.876789403258769, 19.139955849776715 ] ] ] } },
{ "type": "Feature", "properties": { "grid_id": "MUM_000999", "locality": "Borivali / Dahisar Subway", "centroid_lat": 19.264108, "centroid_lon": 72.872818, "area_sqkm": 0.25 }, "geometry": { "type": "Polygon", "coordinates": [ [ [ 72.876731639249968, 19.144471504076876 ], [ 72.876673858982869, 19.148987155993172 ], [ 72.881425431375874, 19.149042013869998 ], [ 72.881483082578526, 19.144526348037548 ], [ 72.876731639249968, 19.144471504076876 ] ] ] } },
{ "type": "Feature", "properties": { "grid_id": "MUM_001000", "locality": "Borivali / Dahisar Subway", "centroid_lat": 19.268623, "centroid_lon": 72.872759, "area_sqkm": 0.25 }, "geometry": { "type": "Polygon", "coordinates": [ [ [ 72.876673858982869, 19.148987155993172 ], [ 72.87661606245544, 19.153502805525118 ], [ 72.881367763949186, 19.153557677318823 ], [ 72.881425431375874, 19.149042013869998 ], [ 72.876673858982869, 19.148987155993172 ] ] ] } },
{ "type": "Feature", "properties": { "grid_id": "MUM_001001", "locality": "Borivali / Dahisar Subway", "centroid_lat": 19.273139, "centroid_lon": 72.872701, "area_sqkm": 0.25 }, "geometry": { "type": "Polygon", "coordinates": [ [ [ 72.87661606245544, 19.153502805525118 ], [ 72.876558249665635, 19.158018452672213 ], [ 72.881310080296458, 19.158073338383527 ], [ 72.881367763949186, 19.153557677318823 ], [ 72.87661606245544, 19.153502805525118 ] ] ] } },
{ "type": "Feature", "properties": { "grid_id": "MUM_001002", "locality": "Borivali / Dahisar Subway", "centroid_lat": 19.277447, "centroid_lon": 72.872837, "area_sqkm": 0.25 }, "geometry": { "type": "Polygon", "coordinates": [ [ [ 72.876558249665635, 19.158018452672213 ], [ 72.87650042061145, 19.162534097433976 ], [ 72.881252380415631, 19.162588997063633 ], [ 72.881310080296458, 19.158073338383527 ], [ 72.876558249665635, 19.158018452672213 ] ] ] } },
{ "type": "Feature", "properties": { "grid_id": "MUM_001003", "locality": "Mumbai Central", "centroid_lat": null, "centroid_lon": null, "area_sqkm": 0.25 }, "geometry": { "type": "Polygon", "coordinates": [ [ [ 72.87650042061145, 19.162534097433976 ], [ 72.876442575290824, 19.167049739809901 ], [ 72.881194664304687, 19.167104653358631 ], [ 72.881252380415631, 19.162588997063633 ], [ 72.87650042061145, 19.162534097433976 ] ] ] } },
{ "type": "Feature", "properties": { "grid_id": "MUM_001004", "locality": "Mumbai Central", "centroid_lat": null, "centroid_lon": null, "area_sqkm": 0.25 }, "geometry": { "type": "Polygon", "coordinates": [ [ [ 72.876442575290824, 19.167049739809901 ], [ 72.876384713701739, 19.171565379799503 ], [ 72.881136931961606, 19.171620307268043 ], [ 72.881194664304687, 19.167104653358631 ], [ 72.876442575290824, 19.167049739809901 ] ] ] } },
{ "type": "Feature", "properties": { "grid_id": "MUM_001005", "locality": "Sion / King's Circle", "centroid_lat": 19.02049, "centroid_lon": 72.880521, "area_sqkm": 0.25 }, "geometry": { "type": "Polygon", "coordinates": [ [ [ 72.876384713701739, 19.171565379799503 ], [ 72.87632683584215, 19.176081017402289 ], [ 72.881079183384344, 19.17613595879136 ], [ 72.881136931961606, 19.171620307268043 ], [ 72.876384713701739, 19.171565379799503 ] ] ] } },
{ "type": "Feature", "properties": { "grid_id": "MUM_001006", "locality": "Sion / King's Circle", "centroid_lat": 19.024833, "centroid_lon": 72.880631, "area_sqkm": 0.25 }, "geometry": { "type": "Polygon", "coordinates": [ [ [ 72.87632683584215, 19.176081017402289 ], [ 72.876268941710023, 19.180596652617758 ], [ 72.881021418570882, 19.180651607928102 ], [ 72.881079183384344, 19.17613595879136 ], [ 72.87632683584215, 19.176081017402289 ] ] ] } },
{ "type": "Feature", "properties": { "grid_id": "MUM_001007", "locality": "Sion / King's Circle", "centroid_lat": 19.029349, "centroid_lon": 72.880574, "area_sqkm": 0.25 }, "geometry": { "type": "Polygon", "coordinates": [ [ [ 72.876268941710023, 19.180596652617758 ], [ 72.876211031303342, 19.185112285445435 ], [ 72.880963637519187, 19.185167254677786 ], [ 72.881021418570882, 19.180651607928102 ], [ 72.876268941710023, 19.180596652617758 ] ] ] } },
{ "type": "Feature", "properties": { "grid_id": "MUM_001008", "locality": "Sion / King's Circle", "centroid_lat": 19.033865, "centroid_lon": 72.880516, "area_sqkm": 0.25 }, "geometry": { "type": "Polygon", "coordinates": [ [ [ 72.876211031303342, 19.185112285445435 ], [ 72.87615310462003, 19.18962791588482 ], [ 72.8809058402272, 19.189682899039898 ], [ 72.880963637519187, 19.185167254677786 ], [ 72.876211031303342, 19.185112285445435 ] ] ] } },
{ "type": "Feature", "properties": { "grid_id": "MUM_001009", "locality": "Sion / King's Circle", "centroid_lat": 19.03838, "centroid_lon": 72.880459, "area_sqkm": 0.25 }, "geometry": { "type": "Polygon", "coordinates": [ [ [ 72.87615310462003, 19.18962791588482 ], [ 72.876095161658085, 19.194143543935407 ], [ 72.880848026692931, 19.194198541013954 ], [ 72.8809058402272, 19.189682899039898 ], [ 72.87615310462003, 19.18962791588482 ] ] ] } },
{ "type": "Feature", "properties": { "grid_id": "MUM_001010", "locality": "Sion / King's Circle", "centroid_lat": 19.042896, "centroid_lon": 72.880402, "area_sqkm": 0.25 }, "geometry": { "type": "Polygon", "coordinates": [ [ [ 72.876095161658085, 19.194143543935407 ], [ 72.876037202415475, 19.198659169596723 ], [ 72.880790196914319, 19.198714180599477 ], [ 72.880848026692931, 19.194198541013954 ], [ 72.876095161658085, 19.194143543935407 ] ] ] } },
{ "type": "Feature", "properties": { "grid_id": "MUM_001011", "locality": "Bandra Kurla Complex (BKC)", "centroid_lat": 19.047412, "centroid_lon": 72.880344, "area_sqkm": 0.25 }, "geometry": { "type": "Polygon", "coordinates": [ [ [ 72.876037202415475, 19.198659169596723 ], [ 72.875979226890124, 19.203174792868268 ], [ 72.880732350889346, 19.20322981779595 ], [ 72.880790196914319, 19.198714180599477 ], [ 72.876037202415475, 19.198659169596723 ] ] ] } },
{ "type": "Feature", "properties": { "grid_id": "MUM_001012", "locality": "Bandra Kurla Complex (BKC)", "centroid_lat": 19.051927, "centroid_lon": 72.880287, "area_sqkm": 0.25 }, "geometry": { "type": "Polygon", "coordinates": [ [ [ 72.875979226890124, 19.203174792868268 ], [ 72.875921235080014, 19.207690413749546 ], [ 72.880674488615952, 19.207745452602904 ], [ 72.880732350889346, 19.20322981779595 ], [ 72.875979226890124, 19.203174792868268 ] ] ] } },
{ "type": "Feature", "properties": { "grid_id": "MUM_001013", "locality": "Bandra Kurla Complex (BKC)", "centroid_lat": 19.056443, "centroid_lon": 72.88023, "area_sqkm": 0.25 }, "geometry": { "type": "Polygon", "coordinates": [ [ [ 72.875921235080014, 19.207690413749546 ], [ 72.875863226983114, 19.212206032240076 ], [ 72.880616610092133, 19.212261085019833 ], [ 72.880674488615952, 19.207745452602904 ], [ 72.875921235080014, 19.207690413749546 ] ] ] } },
{ "type": "Feature", "properties": { "grid_id": "MUM_001014", "locality": "Kurla West / LBS Marg", "centroid_lat": 19.060959, "centroid_lon": 72.880172, "area_sqkm": 0.25 }, "geometry": { "type": "Polygon", "coordinates": [ [ [ 72.875863226983114, 19.212206032240076 ], [ 72.875805202597348, 19.216721648339359 ], [ 72.880558715315829, 19.216776715046251 ], [ 72.880616610092133, 19.212261085019833 ], [ 72.875863226983114, 19.212206032240076 ] ] ] } },
{ "type": "Feature", "properties": { "grid_id": "MUM_001015", "locality": "Kurla West / LBS Marg", "centroid_lat": 19.065475, "centroid_lon": 72.880115, "area_sqkm": 0.25 }, "geometry": { "type": "Polygon", "coordinates": [ [ [ 72.875805202597348, 19.216721648339359 ], [ 72.875747161920714, 19.221237262046898 ], [ 72.88050080428502, 19.221292342681657 ], [ 72.880558715315829, 19.216776715046251 ], [ 72.875805202597348, 19.216721648339359 ] ] ] } },
{ "type": "Feature", "properties": { "grid_id": "MUM_001016", "locality": "Kurla West / LBS Marg", "centroid_lat": 19.06999, "centroid_lon": 72.880057, "area_sqkm": 0.25 }, "geometry": { "type": "Polygon", "coordinates": [ [ [ 72.875747161920714, 19.221237262046898 ], [ 72.875689104951164, 19.225752873362211 ], [ 72.880442876997648, 19.225807967925576 ], [ 72.88050080428502, 19.221292342681657 ], [ 72.875747161920714, 19.221237262046898 ] ] ] } },
{ "type": "Feature", "properties": { "grid_id": "MUM_001017", "locality": "Kurla West / LBS Marg", "centroid_lat": 19.074506, "centroid_lon": 72.88, "area_sqkm": 0.25 }, "geometry": { "type": "Polygon", "coordinates": [ [ [ 72.875689104951164, 19.225752873362211 ], [ 72.875631031686623, 19.230268482284803 ], [ 72.880384933451694, 19.230323590777505 ], [ 72.880442876997648, 19.225807967925576 ], [ 72.875689104951164, 19.225752873362211 ] ] ] } },
{ "type": "Feature", "properties": { "grid_id": "MUM_001018", "locality": "Kurla West / LBS Marg", "centroid_lat": 19.079022, "centroid_lon": 72.879942, "area_sqkm": 0.25 }, "geometry": { "type": "Polygon", "coordinates": [ [ [ 72.875631031686623, 19.230268482284803 ], [ 72.875572942125089, 19.234784088814173 ], [ 72.880326973645111, 19.234839211236956 ], [ 72.880384933451694, 19.230323590777505 ], [ 72.875631031686623, 19.230268482284803 ] ] ] } },
{ "type": "Feature", "properties": { "grid_id": "MUM_001019", "locality": "Kurla West / LBS Marg", "centroid_lat": 19.083537, "centroid_lon": 72.879885, "area_sqkm": 0.25 }, "geometry": { "type": "Polygon", "coordinates": [ [ [ 72.875572942125089, 19.234784088814173 ], [ 72.8755148362645, 19.239299692949846 ], [ 72.880268997575868, 19.239354829303437 ], [ 72.880326973645111, 19.234839211236956 ], [ 72.875572942125089, 19.234784088814173 ] ] ] } },
{ "type": "Feature", "properties": { "grid_id": "MUM_001020", "locality": "Kurla West / LBS Marg", "centroid_lat": 19.088053, "centroid_lon": 72.879827, "area_sqkm": 0.25 }, "geometry": { "type": "Polygon", "coordinates": [ [ [ 72.8755148362645, 19.239299692949846 ], [ 72.875456714102782, 19.243815294691316 ], [ 72.88021100524189, 19.243870444976451 ], [ 72.880268997575868, 19.239354829303437 ], [ 72.8755148362645, 19.239299692949846 ] ] ] } },
{ "type": "Feature", "properties": { "grid_id": "MUM_001021", "locality": "Saki Naka / Andheri East", "centroid_lat": 19.092569, "centroid_lon": 72.87977, "area_sqkm": 0.25 }, "geometry": { "type": "Polygon", "coordinates": [ [ [ 72.875456714102782, 19.243815294691316 ], [ 72.875398575637931, 19.248330894038091 ], [ 72.880152996641172, 19.248386058255509 ], [ 72.88021100524189, 19.243870444976451 ], [ 72.875456714102782, 19.243815294691316 ] ] ] } },
{ "type": "Feature", "properties": { "grid_id": "MUM_001022", "locality": "Saki Naka / Andheri East", "centroid_lat": 19.097084, "centroid_lon": 72.879712, "area_sqkm": 0.25 }, "geometry": { "type": "Polygon", "coordinates": [ [ [ 72.875398575637931, 19.248330894038091 ], [ 72.8753404208679, 19.252846490989693 ], [ 72.880094971771669, 19.252901669140133 ], [ 72.880152996641172, 19.248386058255509 ], [ 72.875398575637931, 19.248330894038091 ] ] ] } },
{ "type": "Feature", "properties": { "grid_id": "MUM_001023", "locality": "Saki Naka / Andheri East", "centroid_lat": 19.1016, "centroid_lon": 72.879655, "area_sqkm": 0.25 }, "geometry": { "type": "Polygon", "coordinates": [ [ [ 72.8753404208679, 19.252846490989693 ], [ 72.875282249790615, 19.257362085545619 ], [ 72.88003693063132, 19.257417277629816 ], [ 72.880094971771669, 19.252901669140133 ], [ 72.8753404208679, 19.252846490989693 ] ] ] } },
{ "type": "Feature", "properties": { "grid_id": "MUM_001024", "locality": "Saki Naka / Andheri East", "centroid_lat": 19.106116, "centroid_lon": 72.879597, "area_sqkm": 0.25 }, "geometry": { "type": "Polygon", "coordinates": [ [ [ 72.875282249790615, 19.257362085545619 ], [ 72.875224062404044, 19.261877677705385 ], [ 72.879978873218093, 19.261932883724064 ], [ 72.88003693063132, 19.257417277629816 ], [ 72.875282249790615, 19.257362085545619 ] ] ] } },
{ "type": "Feature", "properties": { "grid_id": "MUM_001025", "locality": "Saki Naka / Andheri East", "centroid_lat": 19.110631, "centroid_lon": 72.87954, "area_sqkm": 0.25 }, "geometry": { "type": "Polygon", "coordinates": [ [ [ 72.875224062404044, 19.261877677705385 ], [ 72.875165858706126, 19.266393267468491 ], [ 72.879920799529941, 19.266448487422394 ], [ 72.879978873218093, 19.261932883724064 ], [ 72.875224062404044, 19.261877677705385 ] ] ] } },
{ "type": "Feature", "properties": { "grid_id": "MUM_001026", "locality": "Saki Naka / Andheri East", "centroid_lat": 19.115147, "centroid_lon": 72.879482, "area_sqkm": 0.25 }, "geometry": { "type": "Polygon", "coordinates": [ [ [ 72.875165858706126, 19.266393267468491 ], [ 72.875107638694814, 19.270908854834452 ], [ 72.879862709564833, 19.270964088724327 ], [ 72.879920799529941, 19.266448487422394 ], [ 72.875165858706126, 19.266393267468491 ] ] ] } },
{ "type": "Feature", "properties": { "grid_id": "MUM_001027", "locality": "Saki Naka / Andheri East", "centroid_lat": 19.119663, "centroid_lon": 72.879425, "area_sqkm": 0.25 }, "geometry": { "type": "Polygon", "coordinates": [ [ [ 72.875107638694814, 19.270908854834452 ], [ 72.875049402368077, 19.275424439802777 ], [ 72.879804603320693, 19.275479687629346 ], [ 72.879862709564833, 19.270964088724327 ], [ 72.875107638694814, 19.270908854834452 ] ] ] } },
{ "type": "Feature", "properties": { "grid_id": "MUM_001028", "locality": "Saki Naka / Andheri East", "centroid_lat": 19.124178, "centroid_lon": 72.879367, "area_sqkm": 0.25 }, "geometry": { "type": "Polygon", "coordinates": [ [ [ 72.875049402368077, 19.275424439802777 ], [ 72.874991149723854, 19.279940022372969 ], [ 72.879746480795518, 19.279995284136977 ], [ 72.879804603320693, 19.275479687629346 ], [ 72.875049402368077, 19.275424439802777 ] ] ] } },
{ "type": "Feature", "properties": { "grid_id": "MUM_001029", "locality": "Saki Naka / Andheri East", "centroid_lat": 19.128694, "centroid_lon": 72.879309, "area_sqkm": 0.1724 }, "geometry": { "type": "Polygon", "coordinates": [ [ [ 72.879688341987219, 19.284510878246724 ], [ 72.879746480795518, 19.279995284136977 ], [ 72.874991149723854, 19.279940022372969 ], [ 72.874972188878303, 19.28140954091527 ], [ 72.879308876986343, 19.284506472033314 ], [ 72.879688341987219, 19.284510878246724 ] ] ] } },
{ "type": "Feature", "properties": { "grid_id": "MUM_001030", "locality": "Jogeshwari / JVLR", "centroid_lat": 19.13321, "centroid_lon": 72.879252, "area_sqkm": 0.0624 }, "geometry": { "type": "Polygon", "coordinates": [ [ [ 72.883033539754578, 19.022602471352197 ], [ 72.886858692799876, 19.022646264574547 ], [ 72.883068990954087, 19.019803768403825 ], [ 72.883033539754578, 19.022602471352197 ] ] ] } },
{ "type": "Feature", "properties": { "grid_id": "MUM_001031", "locality": "Jogeshwari / JVLR", "centroid_lat": 19.137725, "centroid_lon": 72.879194, "area_sqkm": 0.2464 }, "geometry": { "type": "Polygon", "coordinates": [ [ [ 72.883033539754578, 19.022602471352197 ], [ 72.882976325837021, 19.027118201356195 ], [ 72.887724442386528, 19.027172561899317 ], [ 72.887772993688685, 19.023332018521714 ], [ 72.886858692799876, 19.022646264574547 ], [ 72.883033539754578, 19.022602471352197 ] ] ] } },
{ "type": "Feature", "properties": { "grid_id": "MUM_001032", "locality": "Jogeshwari / JVLR", "centroid_lat": 19.142241, "centroid_lon": 72.879136, "area_sqkm": 0.25 }, "geometry": { "type": "Polygon", "coordinates": [ [ [ 72.882976325837021, 19.027118201356195 ], [ 72.882919095749912, 19.031633928989876 ], [ 72.887667340423619, 19.03168830339915 ], [ 72.887724442386528, 19.027172561899317 ], [ 72.882976325837021, 19.027118201356195 ] ] ] } },
{ "type": "Feature", "properties": { "grid_id": "MUM_001033", "locality": "Jogeshwari / JVLR", "centroid_lat": 19.146757, "centroid_lon": 72.879079, "area_sqkm": 0.25 }, "geometry": { "type": "Polygon", "coordinates": [ [ [ 72.882919095749912, 19.031633928989876 ], [ 72.882861849491235, 19.036149654252753 ], [ 72.887610222325321, 19.036204042528905 ], [ 72.887667340423619, 19.03168830339915 ], [ 72.882919095749912, 19.031633928989876 ] ] ] } },
{ "type": "Feature", "properties": { "grid_id": "MUM_001034", "locality": "Jogeshwari / JVLR", "centroid_lat": 19.151272, "centroid_lon": 72.879021, "area_sqkm": 0.25 }, "geometry": { "type": "Polygon", "coordinates": [ [ [ 72.882861849491235, 19.036149654252753 ], [ 72.882804587058985, 19.040665377144325 ], [ 72.887553088089646, 19.040719779288079 ], [ 72.887610222325321, 19.036204042528905 ], [ 72.882861849491235, 19.036149654252753 ] ] ] } },
{ "type": "Feature", "properties": { "grid_id": "MUM_001035", "locality": "Jogeshwari / JVLR", "centroid_lat": 19.155788, "centroid_lon": 72.878963, "area_sqkm": 0.25 }, "geometry": { "type": "Polygon", "coordinates": [ [ [ 72.882804587058985, 19.040665377144325 ], [ 72.882747308451144, 19.045181097664113 ], [ 72.887495937714561, 19.045235513676182 ], [ 72.887553088089646, 19.040719779288079 ], [ 72.882804587058985, 19.040665377144325 ] ] ] } },
{ "type": "Feature", "properties": { "grid_id": "MUM_001036", "locality": "Jogeshwari / JVLR", "centroid_lat": 19.160304, "centroid_lon": 72.878905, "area_sqkm": 0.25 }, "geometry": { "type": "Polygon", "coordinates": [ [ [ 72.882747308451144, 19.045181097664113 ], [ 72.882690013665709, 19.049696815811611 ], [ 72.887438771198106, 19.049751245692732 ], [ 72.887495937714561, 19.045235513676182 ], [ 72.882747308451144, 19.045181097664113 ] ] ] } },
{ "type": "Feature", "properties": { "grid_id": "MUM_001037", "locality": "Jogeshwari / JVLR", "centroid_lat": 19.164819, "centroid_lon": 72.878848, "area_sqkm": 0.25 }, "geometry": { "type": "Polygon", "coordinates": [ [ [ 72.882690013665709, 19.049696815811611 ], [ 72.882632702700647, 19.05421253158633 ], [ 72.887381588538233, 19.054266975337221 ], [ 72.887438771198106, 19.049751245692732 ], [ 72.882690013665709, 19.049696815811611 ] ] ] } },
{ "type": "Feature", "properties": { "grid_id": "MUM_001038", "locality": "Goregaon West", "centroid_lat": 19.169335, "centroid_lon": 72.87879, "area_sqkm": 0.25 }, "geometry": { "type": "Polygon", "coordinates": [ [ [ 72.882632702700647, 19.05421253158633 ], [ 72.882575375553998, 19.05872824498778 ], [ 72.887324389732925, 19.058782702609165 ], [ 72.887381588538233, 19.054266975337221 ], [ 72.882632702700647, 19.05421253158633 ] ] ] } },
{ "type": "Feature", "properties": { "grid_id": "MUM_001039", "locality": "Goregaon West", "centroid_lat": 19.173851, "centroid_lon": 72.878732, "area_sqkm": 0.25 }, "geometry": { "type": "Polygon", "coordinates": [ [ [ 72.882575375553998, 19.05872824498778 ], [ 72.882518032223686, 19.063243956015459 ], [ 72.88726717478022, 19.063298427508066 ], [ 72.887324389732925, 19.058782702609165 ], [ 72.882575375553998, 19.05872824498778 ] ] ] } },
{ "type": "Feature", "properties": { "grid_id": "MUM_001040", "locality": "Goregaon West", "centroid_lat": 19.178366, "centroid_lon": 72.878674, "area_sqkm": 0.25 }, "geometry": { "type": "Polygon", "coordinates": [ [ [ 72.882518032223686, 19.063243956015459 ], [ 72.882460672707751, 19.067759664668881 ], [ 72.887209943678087, 19.067814150033428 ], [ 72.88726717478022, 19.063298427508066 ], [ 72.882518032223686, 19.063243956015459 ] ] ] } },
{ "type": "Feature", "properties": { "grid_id": "MUM_001041", "locality": "Malad West", "centroid_lat": 19.182882, "centroid_lon": 72.878616, "area_sqkm": 0.25 }, "geometry": { "type": "Polygon", "coordinates": [ [ [ 72.882460672707751, 19.067759664668881 ], [ 72.882403297004146, 19.072275370947548 ], [ 72.887152696424508, 19.072329870184774 ], [ 72.887209943678087, 19.067814150033428 ], [ 72.882460672707751, 19.067759664668881 ] ] ] } },
{ "type": "Feature", "properties": { "grid_id": "MUM_001042", "locality": "Malad West", "centroid_lat": 19.187398, "centroid_lon": 72.878558, "area_sqkm": 0.25 }, "geometry": { "type": "Polygon", "coordinates": [ [ [ 72.882403297004146, 19.072275370947548 ], [ 72.882345905110853, 19.076791074850973 ], [ 72.887095433017478, 19.076845587961586 ], [ 72.887152696424508, 19.072329870184774 ], [ 72.882403297004146, 19.072275370947548 ] ] ] } },
{ "type": "Feature", "properties": { "grid_id": "MUM_001043", "locality": "Malad West", "centroid_lat": 19.191913, "centroid_lon": 72.878501, "area_sqkm": 0.25 }, "geometry": { "type": "Polygon", "coordinates": [ [ [ 72.882345905110853, 19.076791074850973 ], [ 72.882288497025883, 19.081306776378657 ], [ 72.887038153454995, 19.081361303363394 ], [ 72.887095433017478, 19.076845587961586 ], [ 72.882345905110853, 19.076791074850973 ] ] ] } },
{ "type": "Feature", "properties": { "grid_id": "MUM_001044", "locality": "Malad West", "centroid_lat": 19.196429, "centroid_lon": 72.878443, "area_sqkm": 0.25 }, "geometry": { "type": "Polygon", "coordinates": [ [ [ 72.882288497025883, 19.081306776378657 ], [ 72.882231072747217, 19.085822475530108 ], [ 72.886980857735026, 19.085877016389688 ], [ 72.887038153454995, 19.081361303363394 ], [ 72.882288497025883, 19.081306776378657 ] ] ] } },
{ "type": "Feature", "properties": { "grid_id": "MUM_001045", "locality": "Malad West", "centroid_lat": 19.200945, "centroid_lon": 72.878385, "area_sqkm": 0.25 }, "geometry": { "type": "Polygon", "coordinates": [ [ [ 72.882231072747217, 19.085822475530108 ], [ 72.88217363227281, 19.090338172304829 ], [ 72.886923545855595, 19.090392727039987 ], [ 72.886980857735026, 19.085877016389688 ], [ 72.882231072747217, 19.085822475530108 ] ] ] } },
{ "type": "Feature", "properties": { "grid_id": "MUM_001046", "locality": "Kandivali West", "centroid_lat": 19.20546, "centroid_lon": 72.878327, "area_sqkm": 0.25 }, "geometry": { "type": "Polygon", "coordinates": [ [ [ 72.88217363227281, 19.090338172304829 ], [ 72.882116175600672, 19.094853866702341 ], [ 72.886866217814642, 19.094908435313794 ], [ 72.886923545855595, 19.090392727039987 ], [ 72.88217363227281, 19.090338172304829 ] ] ] } },
{ "type": "Feature", "properties": { "grid_id": "MUM_001047", "locality": "Kandivali West", "centroid_lat": 19.209976, "centroid_lon": 72.878269, "area_sqkm": 0.25 }, "geometry": { "type": "Polygon", "coordinates": [ [ [ 72.882116175600672, 19.094853866702341 ], [ 72.88205870272877, 19.099369558722131 ], [ 72.886808873610207, 19.099424141210616 ], [ 72.886866217814642, 19.094908435313794 ], [ 72.882116175600672, 19.094853866702341 ] ] ] } },
{ "type": "Feature", "properties": { "grid_id": "MUM_001048", "locality": "Kandivali West", "centroid_lat": 19.214491, "centroid_lon": 72.878211, "area_sqkm": 0.25 }, "geometry": { "type": "Polygon", "coordinates": [ [ [ 72.88205870272877, 19.099369558722131 ], [ 72.882001213655087, 19.103885248363728 ], [ 72.886751513240213, 19.103939844729961 ], [ 72.886808873610207, 19.099424141210616 ], [ 72.88205870272877, 19.099369558722131 ] ] ] } },
{ "type": "Feature", "properties": { "grid_id": "MUM_001049", "locality": "Borivali / Dahisar Subway", "centroid_lat": 19.219007, "centroid_lon": 72.878153, "area_sqkm": 0.25 }, "geometry": { "type": "Polygon", "coordinates": [ [ [ 72.882001213655087, 19.103885248363728 ], [ 72.881943708377605, 19.108400935626619 ], [ 72.886694136702701, 19.108455545871337 ], [ 72.886751513240213, 19.103939844729961 ], [ 72.882001213655087, 19.103885248363728 ] ] ] } },
{ "type": "Feature", "properties": { "grid_id": "MUM_001050", "locality": "Borivali / Dahisar Subway", "centroid_lat": 19.223523, "centroid_lon": 72.878095, "area_sqkm": 0.25 }, "geometry": { "type": "Polygon", "coordinates": [ [ [ 72.881943708377605, 19.108400935626619 ], [ 72.88188618689432, 19.112916620510326 ], [ 72.886636743995638, 19.112971244634249 ], [ 72.886694136702701, 19.108455545871337 ], [ 72.881943708377605, 19.108400935626619 ] ] ] } },
{ "type": "Feature", "properties": { "grid_id": "MUM_001051", "locality": "Borivali / Dahisar Subway", "centroid_lat": 19.228038, "centroid_lon": 72.878037, "area_sqkm": 0.25 }, "geometry": { "type": "Polygon", "coordinates": [ [ [ 72.88188618689432, 19.112916620510326 ], [ 72.881828649203186, 19.117432303014343 ], [ 72.886579335116991, 19.117486941018203 ], [ 72.886636743995638, 19.112971244634249 ], [ 72.88188618689432, 19.112916620510326 ] ] ] } },
{ "type": "Feature", "properties": { "grid_id": "MUM_001052", "locality": "Borivali / Dahisar Subway", "centroid_lat": 19.232554, "centroid_lon": 72.877979, "area_sqkm": 0.25 }, "geometry": { "type": "Polygon", "coordinates": [ [ [ 72.881828649203186, 19.117432303014343 ], [ 72.881771095302199, 19.121947983138195 ], [ 72.886521910064744, 19.122002635022717 ], [ 72.886579335116991, 19.117486941018203 ], [ 72.881828649203186, 19.117432303014343 ] ] ] } },
{ "type": "Feature", "properties": { "grid_id": "MUM_001053", "locality": "Borivali / Dahisar Subway", "centroid_lat": 19.237069, "centroid_lon": 72.877921, "area_sqkm": 0.25 }, "geometry": { "type": "Polygon", "coordinates": [ [ [ 72.881771095302199, 19.121947983138195 ], [ 72.881713525189326, 19.12646366088137 ], [ 72.886464468836905, 19.126518326647286 ], [ 72.886521910064744, 19.122002635022717 ], [ 72.881771095302199, 19.121947983138195 ] ] ] } },
{ "type": "Feature", "properties": { "grid_id": "MUM_001054", "locality": "Borivali / Dahisar Subway", "centroid_lat": 19.241585, "centroid_lon": 72.877863, "area_sqkm": 0.25 }, "geometry": { "type": "Polygon", "coordinates": [ [ [ 72.881713525189326, 19.12646366088137 ], [ 72.881655938862536, 19.130979336243389 ], [ 72.88640701143143, 19.131034015891419 ], [ 72.886464468836905, 19.126518326647286 ], [ 72.881713525189326, 19.12646366088137 ] ] ] } },
{ "type": "Feature", "properties": { "grid_id": "MUM_001055", "locality": "Borivali / Dahisar Subway", "centroid_lat": 19.246101, "centroid_lon": 72.877805, "area_sqkm": 0.25 }, "geometry": { "type": "Polygon", "coordinates": [ [ [ 72.881655938862536, 19.130979336243389 ], [ 72.88159833631984, 19.135495009223753 ], [ 72.886349537846328, 19.135549702754634 ], [ 72.88640701143143, 19.131034015891419 ], [ 72.881655938862536, 19.130979336243389 ] ] ] } },
{ "type": "Feature", "properties": { "grid_id": "MUM_001056", "locality": "Borivali / Dahisar Subway", "centroid_lat": 19.250616, "centroid_lon": 72.877747, "area_sqkm": 0.25 }, "geometry": { "type": "Polygon", "coordinates": [ [ [ 72.88159833631984, 19.135495009223753 ], [ 72.881540717559176, 19.140010679821966 ], [ 72.88629204807954, 19.140065387236422 ], [ 72.886349537846328, 19.135549702754634 ], [ 72.88159833631984, 19.135495009223753 ] ] ] } },
{ "type": "Feature", "properties": { "grid_id": "MUM_001057", "locality": "Borivali / Dahisar Subway", "centroid_lat": 19.255132, "centroid_lon": 72.877689, "area_sqkm": 0.25 }, "geometry": { "type": "Polygon", "coordinates": [ [ [ 72.881540717559176, 19.140010679821966 ], [ 72.881483082578526, 19.144526348037548 ], [ 72.886234542129088, 19.144581069336311 ], [ 72.88629204807954, 19.140065387236422 ], [ 72.881540717559176, 19.140010679821966 ] ] ] } },
{ "type": "Feature", "properties": { "grid_id": "MUM_001058", "locality": "Borivali / Dahisar Subway", "centroid_lat": 19.259647, "centroid_lon": 72.877631, "area_sqkm": 0.25 }, "geometry": { "type": "Polygon", "coordinates": [ [ [ 72.881483082578526, 19.144526348037548 ], [ 72.881425431375874, 19.149042013869998 ], [ 72.886177019992914, 19.14909674905379 ], [ 72.886234542129088, 19.144581069336311 ], [ 72.881483082578526, 19.144526348037548 ] ] ] } },
{ "type": "Feature", "properties": { "grid_id": "MUM_001059", "locality": "Borivali / Dahisar Subway", "centroid_lat": 19.264163, "centroid_lon": 72.877572, "area_sqkm": 0.25 }, "geometry": { "type": "Polygon", "coordinates": [ [ [ 72.881425431375874, 19.149042013869998 ], [ 72.881367763949186, 19.153557677318823 ], [ 72.886119481669013, 19.153612426388378 ], [ 72.886177019992914, 19.14909674905379 ], [ 72.881425431375874, 19.149042013869998 ] ] ] } },
{ "type": "Feature", "properties": { "grid_id": "MUM_001060", "locality": "Borivali / Dahisar Subway", "centroid_lat": 19.268679, "centroid_lon": 72.877514, "area_sqkm": 0.25 }, "geometry": { "type": "Polygon", "coordinates": [ [ [ 72.881367763949186, 19.153557677318823 ], [ 72.881310080296458, 19.158073338383527 ], [ 72.886061927155353, 19.158128101339578 ], [ 72.886119481669013, 19.153612426388378 ], [ 72.881367763949186, 19.153557677318823 ] ] ] } },
{ "type": "Feature", "properties": { "grid_id": "MUM_001061", "locality": "Borivali / Dahisar Subway", "centroid_lat": 19.273194, "centroid_lon": 72.877456, "area_sqkm": 0.25 }, "geometry": { "type": "Polygon", "coordinates": [ [ [ 72.881310080296458, 19.158073338383527 ], [ 72.881252380415631, 19.162588997063633 ], [ 72.886004356449931, 19.1626437739069 ], [ 72.886061927155353, 19.158128101339578 ], [ 72.881310080296458, 19.158073338383527 ] ] ] } },
{ "type": "Feature", "properties": { "grid_id": "MUM_001062", "locality": "Borivali / Dahisar Subway", "centroid_lat": 19.27771, "centroid_lon": 72.877398, "area_sqkm": 0.25 }, "geometry": { "type": "Polygon", "coordinates": [ [ [ 72.881252380415631, 19.162588997063633 ], [ 72.881194664304687, 19.167104653358631 ], [ 72.885946769550699, 19.167159444089851 ], [ 72.886004356449931, 19.1626437739069 ], [ 72.881252380415631, 19.162588997063633 ] ] ] } },
{ "type": "Feature", "properties": { "grid_id": "MUM_001063", "locality": "Borivali / Dahisar Subway", "centroid_lat": 19.281671, "centroid_lon": 72.877761, "area_sqkm": 0.25 }, "geometry": { "type": "Polygon", "coordinates": [ [ [ 72.881194664304687, 19.167104653358631 ], [ 72.881136931961606, 19.171620307268043 ], [ 72.885889166455655, 19.171675111887943 ], [ 72.885946769550699, 19.167159444089851 ], [ 72.881194664304687, 19.167104653358631 ] ] ] } },
{ "type": "Feature", "properties": { "grid_id": "MUM_001064", "locality": "Mumbai Central", "centroid_lat": null, "centroid_lon": null, "area_sqkm": 0.25 }, "geometry": { "type": "Polygon", "coordinates": [ [ [ 72.881136931961606, 19.171620307268043 ], [ 72.881079183384344, 19.17613595879136 ], [ 72.885831547162738, 19.176190777300675 ], [ 72.885889166455655, 19.171675111887943 ], [ 72.881136931961606, 19.171620307268043 ] ] ] } },
{ "type": "Feature", "properties": { "grid_id": "MUM_001065", "locality": "Sion / King's Circle", "centroid_lat": 19.021684, "centroid_lon": 72.88432, "area_sqkm": 0.25 }, "geometry": { "type": "Polygon", "coordinates": [ [ [ 72.881079183384344, 19.17613595879136 ], [ 72.881021418570882, 19.180651607928102 ], [ 72.885773911669972, 19.180706440327562 ], [ 72.885831547162738, 19.176190777300675 ], [ 72.881079183384344, 19.17613595879136 ] ] ] } },
{ "type": "Feature", "properties": { "grid_id": "MUM_001066", "locality": "Sion / King's Circle", "centroid_lat": 19.024917, "centroid_lon": 72.885348, "area_sqkm": 0.25 }, "geometry": { "type": "Polygon", "coordinates": [ [ [ 72.881021418570882, 19.180651607928102 ], [ 72.880963637519187, 19.185167254677786 ], [ 72.885716259975283, 19.185222100968115 ], [ 72.885773911669972, 19.180706440327562 ], [ 72.881021418570882, 19.180651607928102 ] ] ] } },
{ "type": "Feature", "properties": { "grid_id": "MUM_001067", "locality": "Sion / King's Circle", "centroid_lat": 19.029403, "centroid_lon": 72.885322, "area_sqkm": 0.25 }, "geometry": { "type": "Polygon", "coordinates": [ [ [ 72.880963637519187, 19.185167254677786 ], [ 72.8809058402272, 19.189682899039898 ], [ 72.88565859207668, 19.189737759221831 ], [ 72.885716259975283, 19.185222100968115 ], [ 72.880963637519187, 19.185167254677786 ] ] ] } },
{ "type": "Feature", "properties": { "grid_id": "MUM_001068", "locality": "Sion / King's Circle", "centroid_lat": 19.033919, "centroid_lon": 72.885265, "area_sqkm": 0.25 }, "geometry": { "type": "Polygon", "coordinates": [ [ [ 72.8809058402272, 19.189682899039898 ], [ 72.880848026692931, 19.194198541013954 ], [ 72.885600907972105, 19.19425341508823 ], [ 72.88565859207668, 19.189737759221831 ], [ 72.8809058402272, 19.189682899039898 ] ] ] } },
{ "type": "Feature", "properties": { "grid_id": "MUM_001069", "locality": "Sion / King's Circle", "centroid_lat": 19.038435, "centroid_lon": 72.885207, "area_sqkm": 0.25 }, "geometry": { "type": "Polygon", "coordinates": [ [ [ 72.880848026692931, 19.194198541013954 ], [ 72.880790196914319, 19.198714180599477 ], [ 72.885543207659552, 19.198769068566815 ], [ 72.885600907972105, 19.19425341508823 ], [ 72.880848026692931, 19.194198541013954 ] ] ] } },
{ "type": "Feature", "properties": { "grid_id": "MUM_001070", "locality": "Chembur East", "centroid_lat": 19.04295, "centroid_lon": 72.88515, "area_sqkm": 0.25 }, "geometry": { "type": "Polygon", "coordinates": [ [ [ 72.880790196914319, 19.198714180599477 ], [ 72.880732350889346, 19.20322981779595 ], [ 72.885485491136976, 19.203284719657098 ], [ 72.885543207659552, 19.198769068566815 ], [ 72.880790196914319, 19.198714180599477 ] ] ] } },
{ "type": "Feature", "properties": { "grid_id": "MUM_001071", "locality": "Chembur East", "centroid_lat": 19.047466, "centroid_lon": 72.885093, "area_sqkm": 0.25 }, "geometry": { "type": "Polygon", "coordinates": [ [ [ 72.880732350889346, 19.20322981779595 ], [ 72.880674488615952, 19.207745452602904 ], [ 72.885427758402358, 19.20780036835858 ], [ 72.885485491136976, 19.203284719657098 ], [ 72.880732350889346, 19.20322981779595 ] ] ] } },
{ "type": "Feature", "properties": { "grid_id": "MUM_001072", "locality": "Chembur East", "centroid_lat": 19.051982, "centroid_lon": 72.885036, "area_sqkm": 0.25 }, "geometry": { "type": "Polygon", "coordinates": [ [ [ 72.880674488615952, 19.207745452602904 ], [ 72.880616610092133, 19.212261085019833 ], [ 72.885370009453652, 19.212316014670773 ], [ 72.885427758402358, 19.20780036835858 ], [ 72.880674488615952, 19.207745452602904 ] ] ] } },
{ "type": "Feature", "properties": { "grid_id": "MUM_001073", "locality": "Chembur East", "centroid_lat": 19.056498, "centroid_lon": 72.884979, "area_sqkm": 0.25 }, "geometry": { "type": "Polygon", "coordinates": [ [ [ 72.880616610092133, 19.212261085019833 ], [ 72.880558715315829, 19.216776715046251 ], [ 72.885312244288826, 19.216831658593186 ], [ 72.885370009453652, 19.212316014670773 ], [ 72.880616610092133, 19.212261085019833 ] ] ] } },
{ "type": "Feature", "properties": { "grid_id": "MUM_001074", "locality": "Kurla West / LBS Marg", "centroid_lat": 19.061013, "centroid_lon": 72.884921, "area_sqkm": 0.25 }, "geometry": { "type": "Polygon", "coordinates": [ [ [ 72.880558715315829, 19.216776715046251 ], [ 72.88050080428502, 19.221292342681657 ], [ 72.885254462905877, 19.221347300125323 ], [ 72.885312244288826, 19.216831658593186 ], [ 72.880558715315829, 19.216776715046251 ] ] ] } },
{ "type": "Feature", "properties": { "grid_id": "MUM_001075", "locality": "Kurla West / LBS Marg", "centroid_lat": 19.065529, "centroid_lon": 72.884864, "area_sqkm": 0.25 }, "geometry": { "type": "Polygon", "coordinates": [ [ [ 72.88050080428502, 19.221292342681657 ], [ 72.880442876997648, 19.225807967925576 ], [ 72.885196665302729, 19.225862939266705 ], [ 72.885254462905877, 19.221347300125323 ], [ 72.88050080428502, 19.221292342681657 ] ] ] } },
{ "type": "Feature", "properties": { "grid_id": "MUM_001076", "locality": "Kurla West / LBS Marg", "centroid_lat": 19.070045, "centroid_lon": 72.884807, "area_sqkm": 0.25 }, "geometry": { "type": "Polygon", "coordinates": [ [ [ 72.880442876997648, 19.225807967925576 ], [ 72.880384933451694, 19.230323590777505 ], [ 72.885138851477393, 19.230378576016825 ], [ 72.885196665302729, 19.225862939266705 ], [ 72.880442876997648, 19.225807967925576 ] ] ] } },
{ "type": "Feature", "properties": { "grid_id": "MUM_001077", "locality": "Kurla West / LBS Marg", "centroid_lat": 19.07456, "centroid_lon": 72.884749, "area_sqkm": 0.25 }, "geometry": { "type": "Polygon", "coordinates": [ [ [ 72.880384933451694, 19.230323590777505 ], [ 72.880326973645111, 19.234839211236956 ], [ 72.885081021427808, 19.234894210375202 ], [ 72.885138851477393, 19.230378576016825 ], [ 72.880384933451694, 19.230323590777505 ] ] ] } },
{ "type": "Feature", "properties": { "grid_id": "MUM_001078", "locality": "Kurla West / LBS Marg", "centroid_lat": 19.079076, "centroid_lon": 72.884692, "area_sqkm": 0.25 }, "geometry": { "type": "Polygon", "coordinates": [ [ [ 72.880326973645111, 19.234839211236956 ], [ 72.880268997575868, 19.239354829303437 ], [ 72.885023175151929, 19.239409842341345 ], [ 72.885081021427808, 19.234894210375202 ], [ 72.880326973645111, 19.234839211236956 ] ] ] } },
{ "type": "Feature", "properties": { "grid_id": "MUM_001079", "locality": "Kurla West / LBS Marg", "centroid_lat": 19.083592, "centroid_lon": 72.884635, "area_sqkm": 0.25 }, "geometry": { "type": "Polygon", "coordinates": [ [ [ 72.880268997575868, 19.239354829303437 ], [ 72.88021100524189, 19.243870444976451 ], [ 72.884965312647751, 19.243925471914757 ], [ 72.885023175151929, 19.239409842341345 ], [ 72.880268997575868, 19.239354829303437 ] ] ] } },
{ "type": "Feature", "properties": { "grid_id": "MUM_001080", "locality": "Kurla West / LBS Marg", "centroid_lat": 19.088108, "centroid_lon": 72.884577, "area_sqkm": 0.25 }, "geometry": { "type": "Polygon", "coordinates": [ [ [ 72.88021100524189, 19.243870444976451 ], [ 72.880152996641172, 19.248386058255509 ], [ 72.884907433913199, 19.248441099094947 ], [ 72.884965312647751, 19.243925471914757 ], [ 72.88021100524189, 19.243870444976451 ] ] ] } },
{ "type": "Feature", "properties": { "grid_id": "MUM_001081", "locality": "Saki Naka / Andheri East", "centroid_lat": 19.092623, "centroid_lon": 72.88452, "area_sqkm": 0.25 }, "geometry": { "type": "Polygon", "coordinates": [ [ [ 72.880152996641172, 19.248386058255509 ], [ 72.880094971771669, 19.252901669140133 ], [ 72.88484953894627, 19.252956723881436 ], [ 72.884907433913199, 19.248441099094947 ], [ 72.880152996641172, 19.248386058255509 ] ] ] } },
{ "type": "Feature", "properties": { "grid_id": "MUM_001082", "locality": "Saki Naka / Andheri East", "centroid_lat": 19.097139, "centroid_lon": 72.884462, "area_sqkm": 0.25 }, "geometry": { "type": "Polygon", "coordinates": [ [ [ 72.880094971771669, 19.252901669140133 ], [ 72.88003693063132, 19.257417277629816 ], [ 72.884791627744903, 19.257472346273712 ], [ 72.88484953894627, 19.252956723881436 ], [ 72.880094971771669, 19.252901669140133 ] ] ] } },
{ "type": "Feature", "properties": { "grid_id": "MUM_001083", "locality": "Saki Naka / Andheri East", "centroid_lat": 19.101655, "centroid_lon": 72.884405, "area_sqkm": 0.25 }, "geometry": { "type": "Polygon", "coordinates": [ [ [ 72.88003693063132, 19.257417277629816 ], [ 72.879978873218093, 19.261932883724064 ], [ 72.884733700307066, 19.261987966271302 ], [ 72.884791627744903, 19.257472346273712 ], [ 72.88003693063132, 19.257417277629816 ] ] ] } },
{ "type": "Feature", "properties": { "grid_id": "MUM_001084", "locality": "Saki Naka / Andheri East", "centroid_lat": 19.10617, "centroid_lon": 72.884348, "area_sqkm": 0.25 }, "geometry": { "type": "Polygon", "coordinates": [ [ [ 72.879978873218093, 19.261932883724064 ], [ 72.879920799529941, 19.266448487422394 ], [ 72.884675756630742, 19.266503583873707 ], [ 72.884733700307066, 19.261987966271302 ], [ 72.879978873218093, 19.261932883724064 ] ] ] } },
{ "type": "Feature", "properties": { "grid_id": "MUM_001085", "locality": "Saki Naka / Andheri East", "centroid_lat": 19.110686, "centroid_lon": 72.88429, "area_sqkm": 0.25 }, "geometry": { "type": "Polygon", "coordinates": [ [ [ 72.879920799529941, 19.266448487422394 ], [ 72.879862709564833, 19.270964088724327 ], [ 72.884617796713854, 19.271019199080435 ], [ 72.884675756630742, 19.266503583873707 ], [ 72.879920799529941, 19.266448487422394 ] ] ] } },
{ "type": "Feature", "properties": { "grid_id": "MUM_001086", "locality": "Saki Naka / Andheri East", "centroid_lat": 19.115202, "centroid_lon": 72.884233, "area_sqkm": 0.25 }, "geometry": { "type": "Polygon", "coordinates": [ [ [ 72.879862709564833, 19.270964088724327 ], [ 72.879804603320693, 19.275479687629346 ], [ 72.884559820554372, 19.275534811890989 ], [ 72.884617796713854, 19.271019199080435 ], [ 72.879862709564833, 19.270964088724327 ] ] ] } },
{ "type": "Feature", "properties": { "grid_id": "MUM_001087", "locality": "Saki Naka / Andheri East", "centroid_lat": 19.119717, "centroid_lon": 72.884175, "area_sqkm": 0.25 }, "geometry": { "type": "Polygon", "coordinates": [ [ [ 72.879804603320693, 19.275479687629346 ], [ 72.879746480795518, 19.279995284136977 ], [ 72.884501828150277, 19.280050422304896 ], [ 72.884559820554372, 19.275534811890989 ], [ 72.879804603320693, 19.275479687629346 ] ] ] } },
{ "type": "Feature", "properties": { "grid_id": "MUM_001088", "locality": "Saki Naka / Andheri East", "centroid_lat": 19.124233, "centroid_lon": 72.884118, "area_sqkm": 0.2184 }, "geometry": { "type": "Polygon", "coordinates": [ [ [ 72.884501828150277, 19.280050422304896 ], [ 72.879746480795518, 19.279995284136977 ], [ 72.879688341987219, 19.284510878246724 ], [ 72.881042016670705, 19.284526590215918 ], [ 72.88446430238838, 19.282971711181368 ], [ 72.884501828150277, 19.280050422304896 ] ] ] } },
{ "type": "Feature", "properties": { "grid_id": "MUM_001089", "locality": "Saki Naka / Andheri East", "centroid_lat": 19.128749, "centroid_lon": 72.88406, "area_sqkm": 0.1165 }, "geometry": { "type": "Polygon", "coordinates": [ [ [ 72.887724442386528, 19.027172561899317 ], [ 72.892472575069405, 19.027226800587172 ], [ 72.892477200063496, 19.026860166717427 ], [ 72.887772993688685, 19.023332018521714 ], [ 72.887724442386528, 19.027172561899317 ] ] ] } },
{ "type": "Feature", "properties": { "grid_id": "MUM_001090", "locality": "Saki Naka / Andheri East", "centroid_lat": 19.133265, "centroid_lon": 72.884003, "area_sqkm": 0.25 }, "geometry": { "type": "Polygon", "coordinates": [ [ [ 72.887724442386528, 19.027172561899317 ], [ 72.887667340423619, 19.03168830339915 ], [ 72.892415601232713, 19.031742555922083 ], [ 72.892472575069405, 19.027226800587172 ], [ 72.887724442386528, 19.027172561899317 ] ] ] } },
{ "type": "Feature", "properties": { "grid_id": "MUM_001091", "locality": "Jogeshwari / JVLR", "centroid_lat": 19.13778, "centroid_lon": 72.883945, "area_sqkm": 0.25 }, "geometry": { "type": "Polygon", "coordinates": [ [ [ 72.887667340423619, 19.03168830339915 ], [ 72.887610222325321, 19.036204042528905 ], [ 72.8923586112968, 19.036258308887632 ], [ 72.892415601232713, 19.031742555922083 ], [ 72.887667340423619, 19.03168830339915 ] ] ] } },
{ "type": "Feature", "properties": { "grid_id": "MUM_001092", "locality": "Jogeshwari / JVLR", "centroid_lat": 19.142296, "centroid_lon": 72.883888, "area_sqkm": 0.25 }, "geometry": { "type": "Polygon", "coordinates": [ [ [ 72.887610222325321, 19.036204042528905 ], [ 72.887553088089646, 19.040719779288079 ], [ 72.892301605259703, 19.040774059483333 ], [ 72.8923586112968, 19.036258308887632 ], [ 72.887610222325321, 19.036204042528905 ] ] ] } },
{ "type": "Feature", "properties": { "grid_id": "MUM_001093", "locality": "Jogeshwari / JVLR", "centroid_lat": 19.146812, "centroid_lon": 72.88383, "area_sqkm": 0.25 }, "geometry": { "type": "Polygon", "coordinates": [ [ [ 72.887553088089646, 19.040719779288079 ], [ 72.887495937714561, 19.045235513676182 ], [ 72.892244583119393, 19.045289807708681 ], [ 72.892301605259703, 19.040774059483333 ], [ 72.887553088089646, 19.040719779288079 ] ] ] } },
{ "type": "Feature", "properties": { "grid_id": "MUM_001094", "locality": "Jogeshwari / JVLR", "centroid_lat": 19.151327, "centroid_lon": 72.883772, "area_sqkm": 0.25 }, "geometry": { "type": "Polygon", "coordinates": [ [ [ 72.887495937714561, 19.045235513676182 ], [ 72.887438771198106, 19.049751245692732 ], [ 72.892187544873906, 19.049805553563193 ], [ 72.892244583119393, 19.045289807708681 ], [ 72.887495937714561, 19.045235513676182 ] ] ] } },
{ "type": "Feature", "properties": { "grid_id": "MUM_001095", "locality": "Jogeshwari / JVLR", "centroid_lat": 19.155843, "centroid_lon": 72.883715, "area_sqkm": 0.25 }, "geometry": { "type": "Polygon", "coordinates": [ [ [ 72.887438771198106, 19.049751245692732 ], [ 72.887381588538233, 19.054266975337221 ], [ 72.892130490521211, 19.054321297046371 ], [ 72.892187544873906, 19.049805553563193 ], [ 72.887438771198106, 19.049751245692732 ] ] ] } },
{ "type": "Feature", "properties": { "grid_id": "MUM_001096", "locality": "Jogeshwari / JVLR", "centroid_lat": 19.160359, "centroid_lon": 72.883657, "area_sqkm": 0.25 }, "geometry": { "type": "Polygon", "coordinates": [ [ [ 72.887381588538233, 19.054266975337221 ], [ 72.887324389732925, 19.058782702609165 ], [ 72.892073420059305, 19.058837038157726 ], [ 72.892130490521211, 19.054321297046371 ], [ 72.887381588538233, 19.054266975337221 ] ] ] } },
{ "type": "Feature", "properties": { "grid_id": "MUM_001097", "locality": "Jogeshwari / JVLR", "centroid_lat": 19.164874, "centroid_lon": 72.8836, "area_sqkm": 0.25 }, "geometry": { "type": "Polygon", "coordinates": [ [ [ 72.887324389732925, 19.058782702609165 ], [ 72.88726717478022, 19.063298427508066 ], [ 72.892016333486183, 19.063352776896764 ], [ 72.892073420059305, 19.058837038157726 ], [ 72.887324389732925, 19.058782702609165 ] ] ] } },
{ "type": "Feature", "properties": { "grid_id": "MUM_001098", "locality": "Goregaon West", "centroid_lat": 19.16939, "centroid_lon": 72.883542, "area_sqkm": 0.25 }, "geometry": { "type": "Polygon", "coordinates": [ [ [ 72.88726717478022, 19.063298427508066 ], [ 72.887209943678087, 19.067814150033428 ], [ 72.89195923079987, 19.067868513262987 ], [ 72.892016333486183, 19.063352776896764 ], [ 72.88726717478022, 19.063298427508066 ] ] ] } },
{ "type": "Feature", "properties": { "grid_id": "MUM_001099", "locality": "Goregaon West", "centroid_lat": 19.173906, "centroid_lon": 72.883484, "area_sqkm": 0.25 }, "geometry": { "type": "Polygon", "coordinates": [ [ [ 72.887209943678087, 19.067814150033428 ], [ 72.887152696424508, 19.072329870184774 ], [ 72.89190211199832, 19.072384247255911 ], [ 72.89195923079987, 19.067868513262987 ], [ 72.887209943678087, 19.067814150033428 ] ] ] } },
{ "type": "Feature", "properties": { "grid_id": "MUM_001100", "locality": "Goregaon West", "centroid_lat": 19.178421, "centroid_lon": 72.883427, "area_sqkm": 0.25 }, "geometry": { "type": "Polygon", "coordinates": [ [ [ 72.887152696424508, 19.072329870184774 ], [ 72.887095433017478, 19.076845587961586 ], [ 72.891844977079558, 19.07689997887503 ], [ 72.89190211199832, 19.072384247255911 ], [ 72.887152696424508, 19.072329870184774 ] ] ] } },
{ "type": "Feature", "properties": { "grid_id": "MUM_001101", "locality": "Malad West", "centroid_lat": 19.182937, "centroid_lon": 72.883369, "area_sqkm": 0.25 }, "geometry": { "type": "Polygon", "coordinates": [ [ [ 72.887095433017478, 19.076845587961586 ], [ 72.887038153454995, 19.081361303363394 ], [ 72.891787826041565, 19.081415708119867 ], [ 72.891844977079558, 19.07689997887503 ], [ 72.887095433017478, 19.076845587961586 ] ] ] } },
{ "type": "Feature", "properties": { "grid_id": "MUM_001102", "locality": "Malad West", "centroid_lat": 19.187453, "centroid_lon": 72.883311, "area_sqkm": 0.25 }, "geometry": { "type": "Polygon", "coordinates": [ [ [ 72.887038153454995, 19.081361303363394 ], [ 72.886980857735026, 19.085877016389688 ], [ 72.891730658882338, 19.085931434989917 ], [ 72.891787826041565, 19.081415708119867 ], [ 72.887038153454995, 19.081361303363394 ] ] ] } },
{ "type": "Feature", "properties": { "grid_id": "MUM_001103", "locality": "Malad West", "centroid_lat": 19.191968, "centroid_lon": 72.883253, "area_sqkm": 0.25 }, "geometry": { "type": "Polygon", "coordinates": [ [ [ 72.886980857735026, 19.085877016389688 ], [ 72.886923545855595, 19.090392727039987 ], [ 72.891673475599859, 19.090447159484693 ], [ 72.891730658882338, 19.085931434989917 ], [ 72.886980857735026, 19.085877016389688 ] ] ] } },
{ "type": "Feature", "properties": { "grid_id": "MUM_001104", "locality": "Malad West", "centroid_lat": 19.196484, "centroid_lon": 72.883196, "area_sqkm": 0.25 }, "geometry": { "type": "Polygon", "coordinates": [ [ [ 72.886923545855595, 19.090392727039987 ], [ 72.886866217814642, 19.094908435313794 ], [ 72.891616276192138, 19.09496288160371 ], [ 72.891673475599859, 19.090447159484693 ], [ 72.886923545855595, 19.090392727039987 ] ] ] } },
{ "type": "Feature", "properties": { "grid_id": "MUM_001105", "locality": "Malad West", "centroid_lat": 19.200999, "centroid_lon": 72.883138, "area_sqkm": 0.25 }, "geometry": { "type": "Polygon", "coordinates": [ [ [ 72.886866217814642, 19.094908435313794 ], [ 72.886808873610207, 19.099424141210616 ], [ 72.891559060657144, 19.099478601346455 ], [ 72.891616276192138, 19.09496288160371 ], [ 72.886866217814642, 19.094908435313794 ] ] ] } },
{ "type": "Feature", "properties": { "grid_id": "MUM_001106", "locality": "Kandivali West", "centroid_lat": 19.205515, "centroid_lon": 72.88308, "area_sqkm": 0.25 }, "geometry": { "type": "Polygon", "coordinates": [ [ [ 72.886808873610207, 19.099424141210616 ], [ 72.886751513240213, 19.103939844729961 ], [ 72.891501828992887, 19.103994318712456 ], [ 72.891559060657144, 19.099478601346455 ], [ 72.886808873610207, 19.099424141210616 ] ] ] } },
{ "type": "Feature", "properties": { "grid_id": "MUM_001107", "locality": "Kandivali West", "centroid_lat": 19.210031, "centroid_lon": 72.883022, "area_sqkm": 0.25 }, "geometry": { "type": "Polygon", "coordinates": [ [ [ 72.886751513240213, 19.103939844729961 ], [ 72.886694136702701, 19.108455545871337 ], [ 72.891444581197348, 19.108510033701211 ], [ 72.891501828992887, 19.103994318712456 ], [ 72.886751513240213, 19.103939844729961 ] ] ] } },
{ "type": "Feature", "properties": { "grid_id": "MUM_001108", "locality": "Borivali / Dahisar Subway", "centroid_lat": 19.214546, "centroid_lon": 72.882964, "area_sqkm": 0.25 }, "geometry": { "type": "Polygon", "coordinates": [ [ [ 72.886694136702701, 19.108455545871337 ], [ 72.886636743995638, 19.112971244634249 ], [ 72.89138731726851, 19.113025746312225 ], [ 72.891444581197348, 19.108510033701211 ], [ 72.886694136702701, 19.108455545871337 ] ] ] } },
{ "type": "Feature", "properties": { "grid_id": "MUM_001109", "locality": "Borivali / Dahisar Subway", "centroid_lat": 19.219062, "centroid_lon": 72.882907, "area_sqkm": 0.25 }, "geometry": { "type": "Polygon", "coordinates": [ [ [ 72.886636743995638, 19.112971244634249 ], [ 72.886579335116991, 19.117486941018203 ], [ 72.891330037204369, 19.117541456545013 ], [ 72.89138731726851, 19.113025746312225 ], [ 72.886636743995638, 19.112971244634249 ] ] ] } },
{ "type": "Feature", "properties": { "grid_id": "MUM_001110", "locality": "Borivali / Dahisar Subway", "centroid_lat": 19.223578, "centroid_lon": 72.882849, "area_sqkm": 0.25 }, "geometry": { "type": "Polygon", "coordinates": [ [ [ 72.886579335116991, 19.117486941018203 ], [ 72.886521910064744, 19.122002635022717 ], [ 72.891272741002908, 19.122057164399081 ], [ 72.891330037204369, 19.117541456545013 ], [ 72.886579335116991, 19.117486941018203 ] ] ] } },
{ "type": "Feature", "properties": { "grid_id": "MUM_001111", "locality": "Borivali / Dahisar Subway", "centroid_lat": 19.228093, "centroid_lon": 72.882791, "area_sqkm": 0.25 }, "geometry": { "type": "Polygon", "coordinates": [ [ [ 72.886521910064744, 19.122002635022717 ], [ 72.886464468836905, 19.126518326647286 ], [ 72.891215428662122, 19.126572869873929 ], [ 72.891272741002908, 19.122057164399081 ], [ 72.886521910064744, 19.122002635022717 ] ] ] } },
{ "type": "Feature", "properties": { "grid_id": "MUM_001112", "locality": "Borivali / Dahisar Subway", "centroid_lat": 19.232609, "centroid_lon": 72.882733, "area_sqkm": 0.25 }, "geometry": { "type": "Polygon", "coordinates": [ [ [ 72.886464468836905, 19.126518326647286 ], [ 72.88640701143143, 19.131034015891419 ], [ 72.891158100179979, 19.131088572969073 ], [ 72.891215428662122, 19.126572869873929 ], [ 72.886464468836905, 19.126518326647286 ] ] ] } },
{ "type": "Feature", "properties": { "grid_id": "MUM_001113", "locality": "Borivali / Dahisar Subway", "centroid_lat": 19.237125, "centroid_lon": 72.882675, "area_sqkm": 0.25 }, "geometry": { "type": "Polygon", "coordinates": [ [ [ 72.88640701143143, 19.131034015891419 ], [ 72.886349537846328, 19.135549702754634 ], [ 72.89110075555449, 19.135604273684024 ], [ 72.891158100179979, 19.131088572969073 ], [ 72.88640701143143, 19.131034015891419 ] ] ] } },
{ "type": "Feature", "properties": { "grid_id": "MUM_001114", "locality": "Borivali / Dahisar Subway", "centroid_lat": 19.24164, "centroid_lon": 72.882617, "area_sqkm": 0.25 }, "geometry": { "type": "Polygon", "coordinates": [ [ [ 72.886349537846328, 19.135549702754634 ], [ 72.88629204807954, 19.140065387236422 ], [ 72.891043394783608, 19.14011997201828 ], [ 72.89110075555449, 19.135604273684024 ], [ 72.886349537846328, 19.135549702754634 ] ] ] } },
{ "type": "Feature", "properties": { "grid_id": "MUM_001115", "locality": "Borivali / Dahisar Subway", "centroid_lat": 19.246156, "centroid_lon": 72.882559, "area_sqkm": 0.25 }, "geometry": { "type": "Polygon", "coordinates": [ [ [ 72.88629204807954, 19.140065387236422 ], [ 72.886234542129088, 19.144581069336311 ], [ 72.890986017865345, 19.144635667971354 ], [ 72.891043394783608, 19.14011997201828 ], [ 72.88629204807954, 19.140065387236422 ] ] ] } },
{ "type": "Feature", "properties": { "grid_id": "MUM_001116", "locality": "Borivali / Dahisar Subway", "centroid_lat": 19.250671, "centroid_lon": 72.882501, "area_sqkm": 0.25 }, "geometry": { "type": "Polygon", "coordinates": [ [ [ 72.886234542129088, 19.144581069336311 ], [ 72.886177019992914, 19.14909674905379 ], [ 72.890928624797681, 19.149151361542746 ], [ 72.890986017865345, 19.144635667971354 ], [ 72.886234542129088, 19.144581069336311 ] ] ] } },
{ "type": "Feature", "properties": { "grid_id": "MUM_001117", "locality": "Borivali / Dahisar Subway", "centroid_lat": 19.255187, "centroid_lon": 72.882443, "area_sqkm": 0.25 }, "geometry": { "type": "Polygon", "coordinates": [ [ [ 72.886177019992914, 19.14909674905379 ], [ 72.886119481669013, 19.153612426388378 ], [ 72.890871215578571, 19.153667052731986 ], [ 72.890928624797681, 19.149151361542746 ], [ 72.886177019992914, 19.14909674905379 ] ] ] } },
{ "type": "Feature", "properties": { "grid_id": "MUM_001118", "locality": "Borivali / Dahisar Subway", "centroid_lat": 19.259703, "centroid_lon": 72.882385, "area_sqkm": 0.25 }, "geometry": { "type": "Polygon", "coordinates": [ [ [ 72.886119481669013, 19.153612426388378 ], [ 72.886061927155353, 19.158128101339578 ], [ 72.890813790206025, 19.15818274153856 ], [ 72.890871215578571, 19.153667052731986 ], [ 72.886119481669013, 19.153612426388378 ] ] ] } },
{ "type": "Feature", "properties": { "grid_id": "MUM_001119", "locality": "Borivali / Dahisar Subway", "centroid_lat": 19.264218, "centroid_lon": 72.882327, "area_sqkm": 0.25 }, "geometry": { "type": "Polygon", "coordinates": [ [ [ 72.886061927155353, 19.158128101339578 ], [ 72.886004356449931, 19.1626437739069 ], [ 72.890756348678025, 19.162698427961978 ], [ 72.890813790206025, 19.15818274153856 ], [ 72.886061927155353, 19.158128101339578 ] ] ] } },
{ "type": "Feature", "properties": { "grid_id": "MUM_001120", "locality": "Borivali / Dahisar Subway", "centroid_lat": 19.268734, "centroid_lon": 72.882269, "area_sqkm": 0.25 }, "geometry": { "type": "Polygon", "coordinates": [ [ [ 72.886004356449931, 19.1626437739069 ], [ 72.885946769550699, 19.167159444089851 ], [ 72.890698890992525, 19.167214112001762 ], [ 72.890756348678025, 19.162698427961978 ], [ 72.886004356449931, 19.1626437739069 ] ] ] } },
{ "type": "Feature", "properties": { "grid_id": "MUM_001121", "locality": "Borivali / Dahisar Subway", "centroid_lat": 19.273249, "centroid_lon": 72.882211, "area_sqkm": 0.25 }, "geometry": { "type": "Polygon", "coordinates": [ [ [ 72.885946769550699, 19.167159444089851 ], [ 72.885889166455655, 19.171675111887943 ], [ 72.890641417147549, 19.171729793657409 ], [ 72.890698890992525, 19.167214112001762 ], [ 72.885946769550699, 19.167159444089851 ] ] ] } },
{ "type": "Feature", "properties": { "grid_id": "MUM_001122", "locality": "Borivali / Dahisar Subway", "centroid_lat": 19.277765, "centroid_lon": 72.882153, "area_sqkm": 0.25 }, "geometry": { "type": "Polygon", "coordinates": [ [ [ 72.885889166455655, 19.171675111887943 ], [ 72.885831547162738, 19.176190777300675 ], [ 72.890583927141023, 19.176245472928436 ], [ 72.890641417147549, 19.171729793657409 ], [ 72.885889166455655, 19.171675111887943 ] ] ] } },
{ "type": "Feature", "properties": { "grid_id": "MUM_001123", "locality": "Borivali / Dahisar Subway", "centroid_lat": 19.282029, "centroid_lon": 72.881919, "area_sqkm": 0.25 }, "geometry": { "type": "Polygon", "coordinates": [ [ [ 72.885831547162738, 19.176190777300675 ], [ 72.885773911669972, 19.180706440327562 ], [ 72.890526420970971, 19.180761149814334 ], [ 72.890583927141023, 19.176245472928436 ], [ 72.885831547162738, 19.176190777300675 ] ] ] } },
{ "type": "Feature", "properties": { "grid_id": "MUM_001124", "locality": "Mumbai Central", "centroid_lat": null, "centroid_lon": null, "area_sqkm": 0.25 }, "geometry": { "type": "Polygon", "coordinates": [ [ [ 72.885773911669972, 19.180706440327562 ], [ 72.885716259975283, 19.185222100968115 ], [ 72.890468898635334, 19.185276824314634 ], [ 72.890526420970971, 19.180761149814334 ], [ 72.885773911669972, 19.180706440327562 ] ] ] } },
{ "type": "Feature", "properties": { "grid_id": "MUM_001125", "locality": "Sion / King's Circle", "centroid_lat": 19.025901, "centroid_lon": 72.889461, "area_sqkm": 0.25 }, "geometry": { "type": "Polygon", "coordinates": [ [ [ 72.885716259975283, 19.185222100968115 ], [ 72.88565859207668, 19.189737759221831 ], [ 72.890411360132106, 19.189792496428829 ], [ 72.890468898635334, 19.185276824314634 ], [ 72.885716259975283, 19.185222100968115 ] ] ] } },
{ "type": "Feature", "properties": { "grid_id": "MUM_001126", "locality": "Sion / King's Circle", "centroid_lat": 19.029458, "centroid_lon": 72.89007, "area_sqkm": 0.25 }, "geometry": { "type": "Polygon", "coordinates": [ [ [ 72.88565859207668, 19.189737759221831 ], [ 72.885600907972105, 19.19425341508823 ], [ 72.89035380545927, 19.194308166156429 ], [ 72.890411360132106, 19.189792496428829 ], [ 72.88565859207668, 19.189737759221831 ] ] ] } },
{ "type": "Feature", "properties": { "grid_id": "MUM_001127", "locality": "Chembur East", "centroid_lat": 19.033973, "centroid_lon": 72.890013, "area_sqkm": 0.25 }, "geometry": { "type": "Polygon", "coordinates": [ [ [ 72.885600907972105, 19.19425341508823 ], [ 72.885543207659552, 19.198769068566815 ], [ 72.890296234614794, 19.198823833496945 ], [ 72.89035380545927, 19.194308166156429 ], [ 72.885600907972105, 19.19425341508823 ] ] ] } },
{ "type": "Feature", "properties": { "grid_id": "MUM_001128", "locality": "Chembur East", "centroid_lat": 19.038489, "centroid_lon": 72.889956, "area_sqkm": 0.25 }, "geometry": { "type": "Polygon", "coordinates": [ [ [ 72.885543207659552, 19.198769068566815 ], [ 72.885485491136976, 19.203284719657098 ], [ 72.890238647596647, 19.203339498449889 ], [ 72.890296234614794, 19.198823833496945 ], [ 72.885543207659552, 19.198769068566815 ] ] ] } },
{ "type": "Feature", "properties": { "grid_id": "MUM_001129", "locality": "Chembur East", "centroid_lat": 19.043005, "centroid_lon": 72.889899, "area_sqkm": 0.25 }, "geometry": { "type": "Polygon", "coordinates": [ [ [ 72.885485491136976, 19.203284719657098 ], [ 72.885427758402358, 19.20780036835858 ], [ 72.890181044402823, 19.207855161014766 ], [ 72.890238647596647, 19.203339498449889 ], [ 72.885485491136976, 19.203284719657098 ] ] ] } },
{ "type": "Feature", "properties": { "grid_id": "MUM_001130", "locality": "Chembur East", "centroid_lat": 19.047521, "centroid_lon": 72.889842, "area_sqkm": 0.25 }, "geometry": { "type": "Polygon", "coordinates": [ [ [ 72.885427758402358, 19.20780036835858 ], [ 72.885370009453652, 19.212316014670773 ], [ 72.890123425031263, 19.212370821191087 ], [ 72.890181044402823, 19.207855161014766 ], [ 72.885427758402358, 19.20780036835858 ] ] ] } },
{ "type": "Feature", "properties": { "grid_id": "MUM_001131", "locality": "Chembur East", "centroid_lat": 19.052036, "centroid_lon": 72.889785, "area_sqkm": 0.25 }, "geometry": { "type": "Polygon", "coordinates": [ [ [ 72.885370009453652, 19.212316014670773 ], [ 72.885312244288826, 19.216831658593186 ], [ 72.890065789479962, 19.216886478978356 ], [ 72.890123425031263, 19.212370821191087 ], [ 72.885370009453652, 19.212316014670773 ] ] ] } },
{ "type": "Feature", "properties": { "grid_id": "MUM_001132", "locality": "Chembur East", "centroid_lat": 19.056552, "centroid_lon": 72.889727, "area_sqkm": 0.25 }, "geometry": { "type": "Polygon", "coordinates": [ [ [ 72.885312244288826, 19.216831658593186 ], [ 72.885254462905877, 19.221347300125323 ], [ 72.890008137746904, 19.221402134376081 ], [ 72.890065789479962, 19.216886478978356 ], [ 72.885312244288826, 19.216831658593186 ] ] ] } },
{ "type": "Feature", "properties": { "grid_id": "MUM_001133", "locality": "Chembur East", "centroid_lat": 19.061068, "centroid_lon": 72.88967, "area_sqkm": 0.25 }, "geometry": { "type": "Polygon", "coordinates": [ [ [ 72.885254462905877, 19.221347300125323 ], [ 72.885196665302729, 19.225862939266705 ], [ 72.88995046983004, 19.225917787383782 ], [ 72.890008137746904, 19.221402134376081 ], [ 72.885254462905877, 19.221347300125323 ] ] ] } },
{ "type": "Feature", "properties": { "grid_id": "MUM_001134", "locality": "Chembur East", "centroid_lat": 19.065583, "centroid_lon": 72.889613, "area_sqkm": 0.25 }, "geometry": { "type": "Polygon", "coordinates": [ [ [ 72.885196665302729, 19.225862939266705 ], [ 72.885138851477393, 19.230378576016825 ], [ 72.889892785727326, 19.230433438000951 ], [ 72.88995046983004, 19.225917787383782 ], [ 72.885196665302729, 19.225862939266705 ] ] ] } },
{ "type": "Feature", "properties": { "grid_id": "MUM_001135", "locality": "Kurla West / LBS Marg", "centroid_lat": 19.070099, "centroid_lon": 72.889556, "area_sqkm": 0.25 }, "geometry": { "type": "Polygon", "coordinates": [ [ [ 72.885138851477393, 19.230378576016825 ], [ 72.885081021427808, 19.234894210375202 ], [ 72.889835085436772, 19.234949086227111 ], [ 72.889892785727326, 19.230433438000951 ], [ 72.885138851477393, 19.230378576016825 ] ] ] } },
{ "type": "Feature", "properties": { "grid_id": "MUM_001136", "locality": "Kurla West / LBS Marg", "centroid_lat": 19.074615, "centroid_lon": 72.889499, "area_sqkm": 0.25 }, "geometry": { "type": "Polygon", "coordinates": [ [ [ 72.885081021427808, 19.234894210375202 ], [ 72.885023175151929, 19.239409842341345 ], [ 72.889777368956317, 19.239464732061773 ], [ 72.889835085436772, 19.234949086227111 ], [ 72.885081021427808, 19.234894210375202 ] ] ] } },
{ "type": "Feature", "properties": { "grid_id": "MUM_001137", "locality": "Kurla West / LBS Marg", "centroid_lat": 19.079131, "centroid_lon": 72.889442, "area_sqkm": 0.25 }, "geometry": { "type": "Polygon", "coordinates": [ [ [ 72.885023175151929, 19.239409842341345 ], [ 72.884965312647751, 19.243925471914757 ], [ 72.889719636283942, 19.243980375504428 ], [ 72.889777368956317, 19.239464732061773 ], [ 72.885023175151929, 19.239409842341345 ] ] ] } },
{ "type": "Feature", "properties": { "grid_id": "MUM_001138", "locality": "Kurla West / LBS Marg", "centroid_lat": 19.083646, "centroid_lon": 72.889384, "area_sqkm": 0.25 }, "geometry": { "type": "Polygon", "coordinates": [ [ [ 72.884965312647751, 19.243925471914757 ], [ 72.884907433913199, 19.248441099094947 ], [ 72.889661887417617, 19.248496016554594 ], [ 72.889719636283942, 19.243980375504428 ], [ 72.884965312647751, 19.243925471914757 ] ] ] } },
{ "type": "Feature", "properties": { "grid_id": "MUM_001139", "locality": "Kurla West / LBS Marg", "centroid_lat": 19.088162, "centroid_lon": 72.889327, "area_sqkm": 0.25 }, "geometry": { "type": "Polygon", "coordinates": [ [ [ 72.884907433913199, 19.248441099094947 ], [ 72.88484953894627, 19.252956723881436 ], [ 72.889604122355294, 19.25301165521179 ], [ 72.889661887417617, 19.248496016554594 ], [ 72.884907433913199, 19.248441099094947 ] ] ] } },
{ "type": "Feature", "properties": { "grid_id": "MUM_001140", "locality": "Saki Naka / Andheri East", "centroid_lat": 19.092678, "centroid_lon": 72.88927, "area_sqkm": 0.25 }, "geometry": { "type": "Polygon", "coordinates": [ [ [ 72.88484953894627, 19.252956723881436 ], [ 72.884791627744903, 19.257472346273712 ], [ 72.889546341094956, 19.257527291475512 ], [ 72.889604122355294, 19.25301165521179 ], [ 72.88484953894627, 19.252956723881436 ] ] ] } },
{ "type": "Feature", "properties": { "grid_id": "MUM_001141", "locality": "Saki Naka / Andheri East", "centroid_lat": 19.097194, "centroid_lon": 72.889213, "area_sqkm": 0.25 }, "geometry": { "type": "Polygon", "coordinates": [ [ [ 72.884791627744903, 19.257472346273712 ], [ 72.884733700307066, 19.261987966271302 ], [ 72.889488543634556, 19.262042925345277 ], [ 72.889546341094956, 19.257527291475512 ], [ 72.884791627744903, 19.257472346273712 ] ] ] } },
{ "type": "Feature", "properties": { "grid_id": "MUM_001142", "locality": "Saki Naka / Andheri East", "centroid_lat": 19.101709, "centroid_lon": 72.889155, "area_sqkm": 0.25 }, "geometry": { "type": "Polygon", "coordinates": [ [ [ 72.884733700307066, 19.261987966271302 ], [ 72.884675756630742, 19.266503583873707 ], [ 72.889430729972077, 19.266558556820588 ], [ 72.889488543634556, 19.262042925345277 ], [ 72.884733700307066, 19.261987966271302 ] ] ] } },
{ "type": "Feature", "properties": { "grid_id": "MUM_001143", "locality": "Saki Naka / Andheri East", "centroid_lat": 19.106225, "centroid_lon": 72.889098, "area_sqkm": 0.25 }, "geometry": { "type": "Polygon", "coordinates": [ [ [ 72.884675756630742, 19.266503583873707 ], [ 72.884617796713854, 19.271019199080435 ], [ 72.889372900105471, 19.271074185900968 ], [ 72.889430729972077, 19.266558556820588 ], [ 72.884675756630742, 19.266503583873707 ] ] ] } },
{ "type": "Feature", "properties": { "grid_id": "MUM_001144", "locality": "Saki Naka / Andheri East", "centroid_lat": 19.110741, "centroid_lon": 72.889041, "area_sqkm": 0.25 }, "geometry": { "type": "Polygon", "coordinates": [ [ [ 72.884617796713854, 19.271019199080435 ], [ 72.884559820554372, 19.275534811890989 ], [ 72.889315054032679, 19.275589812585899 ], [ 72.889372900105471, 19.271074185900968 ], [ 72.884617796713854, 19.271019199080435 ] ] ] } },
{ "type": "Feature", "properties": { "grid_id": "MUM_001145", "locality": "Saki Naka / Andheri East", "centroid_lat": 19.115256, "centroid_lon": 72.888983, "area_sqkm": 0.25 }, "geometry": { "type": "Polygon", "coordinates": [ [ [ 72.884559820554372, 19.275534811890989 ], [ 72.884501828150277, 19.280050422304896 ], [ 72.88925719175171, 19.280105436874919 ], [ 72.889315054032679, 19.275589812585899 ], [ 72.884559820554372, 19.275534811890989 ] ] ] } },
{ "type": "Feature", "properties": { "grid_id": "MUM_001146", "locality": "Saki Naka / Andheri East", "centroid_lat": 19.119772, "centroid_lon": 72.888926, "area_sqkm": 0.1 }, "geometry": { "type": "Polygon", "coordinates": [ [ [ 72.88925719175171, 19.280105436874919 ], [ 72.884501828150277, 19.280050422304896 ], [ 72.88446430238838, 19.282971711181368 ], [ 72.889248316185217, 19.280797981947813 ], [ 72.88925719175171, 19.280105436874919 ] ] ] } },
{ "type": "Feature", "properties": { "grid_id": "MUM_001147", "locality": "Saki Naka / Andheri East", "centroid_lat": 19.124288, "centroid_lon": 72.888869, "area_sqkm": 0.1731 }, "geometry": { "type": "Polygon", "coordinates": [ [ [ 72.892472575069405, 19.027226800587172 ], [ 72.892415601232713, 19.031742555922083 ], [ 72.897163878140987, 19.031796686556888 ], [ 72.897181610110309, 19.030388212918503 ], [ 72.892973688875756, 19.027232517771573 ], [ 72.892472575069405, 19.027226800587172 ] ] ] } },
{ "type": "Feature", "properties": { "grid_id": "MUM_001148", "locality": "Saki Naka / Andheri East", "centroid_lat": 19.128803, "centroid_lon": 72.888811, "area_sqkm": 0.25 }, "geometry": { "type": "Polygon", "coordinates": [ [ [ 72.892415601232713, 19.031742555922083 ], [ 72.8923586112968, 19.036258308887632 ], [ 72.897107016369475, 19.036312453327163 ], [ 72.897163878140987, 19.031796686556888 ], [ 72.892415601232713, 19.031742555922083 ] ] ] } },
{ "type": "Feature", "properties": { "grid_id": "MUM_001149", "locality": "Saki Naka / Andheri East", "centroid_lat": 19.133319, "centroid_lon": 72.888754, "area_sqkm": 0.25 }, "geometry": { "type": "Polygon", "coordinates": [ [ [ 72.8923586112968, 19.036258308887632 ], [ 72.892301605259703, 19.040774059483333 ], [ 72.897050138532947, 19.040828217728304 ], [ 72.897107016369475, 19.036312453327163 ], [ 72.8923586112968, 19.036258308887632 ] ] ] } },
{ "type": "Feature", "properties": { "grid_id": "MUM_001150", "locality": "Powai / Hiranandani", "centroid_lat": 19.137835, "centroid_lon": 72.888696, "area_sqkm": 0.25 }, "geometry": { "type": "Polygon", "coordinates": [ [ [ 72.892301605259703, 19.040774059483333 ], [ 72.892244583119393, 19.045289807708681 ], [ 72.896993244629428, 19.045343979759817 ], [ 72.897050138532947, 19.040828217728304 ], [ 72.892301605259703, 19.040774059483333 ] ] ] } },
{ "type": "Feature", "properties": { "grid_id": "MUM_001151", "locality": "Powai / Hiranandani", "centroid_lat": 19.142351, "centroid_lon": 72.888639, "area_sqkm": 0.25 }, "geometry": { "type": "Polygon", "coordinates": [ [ [ 72.892244583119393, 19.045289807708681 ], [ 72.892187544873906, 19.049805553563193 ], [ 72.896936334656914, 19.049859739421212 ], [ 72.896993244629428, 19.045343979759817 ], [ 72.892244583119393, 19.045289807708681 ] ] ] } },
{ "type": "Feature", "properties": { "grid_id": "MUM_001152", "locality": "Powai / Hiranandani", "centroid_lat": 19.146866, "centroid_lon": 72.888582, "area_sqkm": 0.25 }, "geometry": { "type": "Polygon", "coordinates": [ [ [ 72.892187544873906, 19.049805553563193 ], [ 72.892130490521211, 19.054321297046371 ], [ 72.896879408613387, 19.054375496712002 ], [ 72.896936334656914, 19.049859739421212 ], [ 72.892187544873906, 19.049805553563193 ] ] ] } },
{ "type": "Feature", "properties": { "grid_id": "MUM_001153", "locality": "Jogeshwari / JVLR", "centroid_lat": 19.151382, "centroid_lon": 72.888524, "area_sqkm": 0.25 }, "geometry": { "type": "Polygon", "coordinates": [ [ [ 72.892130490521211, 19.054321297046371 ], [ 72.892073420059305, 19.058837038157726 ], [ 72.896822466496872, 19.058891251631685 ], [ 72.896879408613387, 19.054375496712002 ], [ 72.892130490521211, 19.054321297046371 ] ] ] } },
{ "type": "Feature", "properties": { "grid_id": "MUM_001154", "locality": "Jogeshwari / JVLR", "centroid_lat": 19.155898, "centroid_lon": 72.888467, "area_sqkm": 0.25 }, "geometry": { "type": "Polygon", "coordinates": [ [ [ 72.892073420059305, 19.058837038157726 ], [ 72.892016333486183, 19.063352776896764 ], [ 72.896765508305364, 19.063407004179769 ], [ 72.896822466496872, 19.058891251631685 ], [ 72.892073420059305, 19.058837038157726 ] ] ] } },
{ "type": "Feature", "properties": { "grid_id": "MUM_001155", "locality": "Jogeshwari / JVLR", "centroid_lat": 19.160413, "centroid_lon": 72.888409, "area_sqkm": 0.25 }, "geometry": { "type": "Polygon", "coordinates": [ [ [ 72.892016333486183, 19.063352776896764 ], [ 72.89195923079987, 19.067868513262987 ], [ 72.896708534036861, 19.067922754355763 ], [ 72.896765508305364, 19.063407004179769 ], [ 72.892016333486183, 19.063352776896764 ] ] ] } },
{ "type": "Feature", "properties": { "grid_id": "MUM_001156", "locality": "Jogeshwari / JVLR", "centroid_lat": 19.164929, "centroid_lon": 72.888352, "area_sqkm": 0.25 }, "geometry": { "type": "Polygon", "coordinates": [ [ [ 72.89195923079987, 19.067868513262987 ], [ 72.89190211199832, 19.072384247255911 ], [ 72.896651543689373, 19.07243850215918 ], [ 72.896708534036861, 19.067922754355763 ], [ 72.89195923079987, 19.067868513262987 ] ] ] } },
{ "type": "Feature", "properties": { "grid_id": "MUM_001157", "locality": "Jogeshwari / JVLR", "centroid_lat": 19.169445, "centroid_lon": 72.888294, "area_sqkm": 0.25 }, "geometry": { "type": "Polygon", "coordinates": [ [ [ 72.89190211199832, 19.072384247255911 ], [ 72.891844977079558, 19.07689997887503 ], [ 72.896594537260881, 19.076954247589516 ], [ 72.896651543689373, 19.07243850215918 ], [ 72.89190211199832, 19.072384247255911 ] ] ] } },
{ "type": "Feature", "properties": { "grid_id": "MUM_001158", "locality": "Goregaon West", "centroid_lat": 19.17396, "centroid_lon": 72.888237, "area_sqkm": 0.25 }, "geometry": { "type": "Polygon", "coordinates": [ [ [ 72.891844977079558, 19.07689997887503 ], [ 72.891787826041565, 19.081415708119867 ], [ 72.896537514749383, 19.081469990646291 ], [ 72.896594537260881, 19.076954247589516 ], [ 72.891844977079558, 19.07689997887503 ] ] ] } },
{ "type": "Feature", "properties": { "grid_id": "MUM_001159", "locality": "Goregaon West", "centroid_lat": 19.178476, "centroid_lon": 72.888179, "area_sqkm": 0.25 }, "geometry": { "type": "Polygon", "coordinates": [ [ [ 72.891787826041565, 19.081415708119867 ], [ 72.891730658882338, 19.085931434989917 ], [ 72.896480476152888, 19.085985731329004 ], [ 72.896537514749383, 19.081469990646291 ], [ 72.891787826041565, 19.081415708119867 ] ] ] } },
{ "type": "Feature", "properties": { "grid_id": "MUM_001160", "locality": "Malad West", "centroid_lat": 19.182992, "centroid_lon": 72.888121, "area_sqkm": 0.25 }, "geometry": { "type": "Polygon", "coordinates": [ [ [ 72.891730658882338, 19.085931434989917 ], [ 72.891673475599859, 19.090447159484693 ], [ 72.896423421469393, 19.090501469637164 ], [ 72.896480476152888, 19.085985731329004 ], [ 72.891730658882338, 19.085931434989917 ] ] ] } },
{ "type": "Feature", "properties": { "grid_id": "MUM_001161", "locality": "Malad West", "centroid_lat": 19.187507, "centroid_lon": 72.888064, "area_sqkm": 0.25 }, "geometry": { "type": "Polygon", "coordinates": [ [ [ 72.891673475599859, 19.090447159484693 ], [ 72.891616276192138, 19.09496288160371 ], [ 72.896366350696894, 19.095017205570283 ], [ 72.896423421469393, 19.090501469637164 ], [ 72.891673475599859, 19.090447159484693 ] ] ] } },
{ "type": "Feature", "properties": { "grid_id": "MUM_001162", "locality": "Malad West", "centroid_lat": 19.192023, "centroid_lon": 72.888006, "area_sqkm": 0.25 }, "geometry": { "type": "Polygon", "coordinates": [ [ [ 72.891616276192138, 19.09496288160371 ], [ 72.891559060657144, 19.099478601346455 ], [ 72.896309263833373, 19.099532939127855 ], [ 72.896366350696894, 19.095017205570283 ], [ 72.891616276192138, 19.09496288160371 ] ] ] } },
{ "type": "Feature", "properties": { "grid_id": "MUM_001163", "locality": "Malad West", "centroid_lat": 19.196539, "centroid_lon": 72.887949, "area_sqkm": 0.25 }, "geometry": { "type": "Polygon", "coordinates": [ [ [ 72.891559060657144, 19.099478601346455 ], [ 72.891501828992887, 19.103994318712456 ], [ 72.896252160876841, 19.10404867030941 ], [ 72.896309263833373, 19.099532939127855 ], [ 72.891559060657144, 19.099478601346455 ] ] ] } },
{ "type": "Feature", "properties": { "grid_id": "MUM_001164", "locality": "Malad West", "centroid_lat": 19.201054, "centroid_lon": 72.887891, "area_sqkm": 0.25 }, "geometry": { "type": "Polygon", "coordinates": [ [ [ 72.891501828992887, 19.103994318712456 ], [ 72.891444581197348, 19.108510033701211 ], [ 72.89619504182528, 19.108564399114446 ], [ 72.896252160876841, 19.10404867030941 ], [ 72.891501828992887, 19.103994318712456 ] ] ] } },
{ "type": "Feature", "properties": { "grid_id": "MUM_001165", "locality": "Kandivali West", "centroid_lat": 19.20557, "centroid_lon": 72.887833, "area_sqkm": 0.25 }, "geometry": { "type": "Polygon", "coordinates": [ [ [ 72.891444581197348, 19.108510033701211 ], [ 72.89138731726851, 19.113025746312225 ], [ 72.896137906676699, 19.113080125542456 ], [ 72.89619504182528, 19.108564399114446 ], [ 72.891444581197348, 19.108510033701211 ] ] ] } },
{ "type": "Feature", "properties": { "grid_id": "MUM_001166", "locality": "Kandivali West", "centroid_lat": 19.210086, "centroid_lon": 72.887776, "area_sqkm": 0.25 }, "geometry": { "type": "Polygon", "coordinates": [ [ [ 72.89138731726851, 19.113025746312225 ], [ 72.891330037204369, 19.117541456545013 ], [ 72.896080755429068, 19.117595849592973 ], [ 72.896137906676699, 19.113080125542456 ], [ 72.89138731726851, 19.113025746312225 ] ] ] } },
{ "type": "Feature", "properties": { "grid_id": "MUM_001167", "locality": "Borivali / Dahisar Subway", "centroid_lat": 19.214601, "centroid_lon": 72.887718, "area_sqkm": 0.25 }, "geometry": { "type": "Polygon", "coordinates": [ [ [ 72.891330037204369, 19.117541456545013 ], [ 72.891272741002908, 19.122057164399081 ], [ 72.896023588080411, 19.122111571265489 ], [ 72.896080755429068, 19.117595849592973 ], [ 72.891330037204369, 19.117541456545013 ] ] ] } },
{ "type": "Feature", "properties": { "grid_id": "MUM_001168", "locality": "Borivali / Dahisar Subway", "centroid_lat": 19.219117, "centroid_lon": 72.88766, "area_sqkm": 0.25 }, "geometry": { "type": "Polygon", "coordinates": [ [ [ 72.891272741002908, 19.122057164399081 ], [ 72.891215428662122, 19.126572869873929 ], [ 72.89596640462868, 19.126627290559512 ], [ 72.896023588080411, 19.122111571265489 ], [ 72.891272741002908, 19.122057164399081 ] ] ] } },
{ "type": "Feature", "properties": { "grid_id": "MUM_001169", "locality": "Borivali / Dahisar Subway", "centroid_lat": 19.223633, "centroid_lon": 72.887602, "area_sqkm": 0.25 }, "geometry": { "type": "Polygon", "coordinates": [ [ [ 72.891215428662122, 19.126572869873929 ], [ 72.891158100179979, 19.131088572969073 ], [ 72.895909205071888, 19.131143007474556 ], [ 72.89596640462868, 19.126627290559512 ], [ 72.891215428662122, 19.126572869873929 ] ] ] } },
{ "type": "Feature", "properties": { "grid_id": "MUM_001170", "locality": "Borivali / Dahisar Subway", "centroid_lat": 19.228148, "centroid_lon": 72.887545, "area_sqkm": 0.25 }, "geometry": { "type": "Polygon", "coordinates": [ [ [ 72.891158100179979, 19.131088572969073 ], [ 72.89110075555449, 19.135604273684024 ], [ 72.895851989408015, 19.135658722010131 ], [ 72.895909205071888, 19.131143007474556 ], [ 72.891158100179979, 19.131088572969073 ] ] ] } },
{ "type": "Feature", "properties": { "grid_id": "MUM_001171", "locality": "Borivali / Dahisar Subway", "centroid_lat": 19.232664, "centroid_lon": 72.887487, "area_sqkm": 0.25 }, "geometry": { "type": "Polygon", "coordinates": [ [ [ 72.89110075555449, 19.135604273684024 ], [ 72.891043394783608, 19.14011997201828 ], [ 72.895794757635073, 19.140174434165729 ], [ 72.895851989408015, 19.135658722010131 ], [ 72.89110075555449, 19.135604273684024 ] ] ] } },
{ "type": "Feature", "properties": { "grid_id": "MUM_001172", "locality": "Borivali / Dahisar Subway", "centroid_lat": 19.237179, "centroid_lon": 72.887429, "area_sqkm": 0.25 }, "geometry": { "type": "Polygon", "coordinates": [ [ [ 72.891043394783608, 19.14011997201828 ], [ 72.890986017865345, 19.144635667971354 ], [ 72.895737509751015, 19.144690143940885 ], [ 72.895794757635073, 19.140174434165729 ], [ 72.891043394783608, 19.14011997201828 ] ] ] } },
{ "type": "Feature", "properties": { "grid_id": "MUM_001173", "locality": "Borivali / Dahisar Subway", "centroid_lat": 19.241695, "centroid_lon": 72.887371, "area_sqkm": 0.25 }, "geometry": { "type": "Polygon", "coordinates": [ [ [ 72.890986017865345, 19.144635667971354 ], [ 72.890928624797681, 19.149151361542746 ], [ 72.895680245753866, 19.149205851335086 ], [ 72.895737509751015, 19.144690143940885 ], [ 72.890986017865345, 19.144635667971354 ] ] ] } },
{ "type": "Feature", "properties": { "grid_id": "MUM_001174", "locality": "Borivali / Dahisar Subway", "centroid_lat": 19.246211, "centroid_lon": 72.887314, "area_sqkm": 0.25 }, "geometry": { "type": "Polygon", "coordinates": [ [ [ 72.890928624797681, 19.149151361542746 ], [ 72.890871215578571, 19.153667052731986 ], [ 72.895622965641593, 19.153721556347843 ], [ 72.895680245753866, 19.149205851335086 ], [ 72.890928624797681, 19.149151361542746 ] ] ] } },
{ "type": "Feature", "properties": { "grid_id": "MUM_001175", "locality": "Borivali / Dahisar Subway", "centroid_lat": 19.250726, "centroid_lon": 72.887256, "area_sqkm": 0.25 }, "geometry": { "type": "Polygon", "coordinates": [ [ [ 72.890871215578571, 19.153667052731986 ], [ 72.890813790206025, 19.15818274153856 ], [ 72.895565669412179, 19.158237258978669 ], [ 72.895622965641593, 19.153721556347843 ], [ 72.890871215578571, 19.153667052731986 ] ] ] } },
{ "type": "Feature", "properties": { "grid_id": "MUM_001176", "locality": "Borivali / Dahisar Subway", "centroid_lat": 19.255242, "centroid_lon": 72.887198, "area_sqkm": 0.25 }, "geometry": { "type": "Polygon", "coordinates": [ [ [ 72.890813790206025, 19.15818274153856 ], [ 72.890756348678025, 19.162698427961978 ], [ 72.895508357063605, 19.162752959227074 ], [ 72.895565669412179, 19.158237258978669 ], [ 72.890813790206025, 19.15818274153856 ] ] ] } },
{ "type": "Feature", "properties": { "grid_id": "MUM_001177", "locality": "Borivali / Dahisar Subway", "centroid_lat": 19.259758, "centroid_lon": 72.88714, "area_sqkm": 0.25 }, "geometry": { "type": "Polygon", "coordinates": [ [ [ 72.890756348678025, 19.162698427961978 ], [ 72.890698890992525, 19.167214112001762 ], [ 72.895451028593868, 19.16726865709256 ], [ 72.895508357063605, 19.162752959227074 ], [ 72.890756348678025, 19.162698427961978 ] ] ] } },
{ "type": "Feature", "properties": { "grid_id": "MUM_001178", "locality": "Borivali / Dahisar Subway", "centroid_lat": 19.264273, "centroid_lon": 72.887082, "area_sqkm": 0.25 }, "geometry": { "type": "Polygon", "coordinates": [ [ [ 72.890698890992525, 19.167214112001762 ], [ 72.890641417147549, 19.171729793657409 ], [ 72.89539368400095, 19.171784352574644 ], [ 72.895451028593868, 19.16726865709256 ], [ 72.890698890992525, 19.167214112001762 ] ] ] } },
{ "type": "Feature", "properties": { "grid_id": "MUM_001179", "locality": "Borivali / Dahisar Subway", "centroid_lat": 19.268789, "centroid_lon": 72.887024, "area_sqkm": 0.25 }, "geometry": { "type": "Polygon", "coordinates": [ [ [ 72.890641417147549, 19.171729793657409 ], [ 72.890583927141023, 19.176245472928436 ], [ 72.895336323282848, 19.176300045672825 ], [ 72.89539368400095, 19.171784352574644 ], [ 72.890641417147549, 19.171729793657409 ] ] ] } },
{ "type": "Feature", "properties": { "grid_id": "MUM_001180", "locality": "Borivali / Dahisar Subway", "centroid_lat": 19.273305, "centroid_lon": 72.886966, "area_sqkm": 0.25 }, "geometry": { "type": "Polygon", "coordinates": [ [ [ 72.890583927141023, 19.176245472928436 ], [ 72.890526420970971, 19.180761149814334 ], [ 72.895278946437514, 19.18081573638662 ], [ 72.895336323282848, 19.176300045672825 ], [ 72.890583927141023, 19.176245472928436 ] ] ] } },
{ "type": "Feature", "properties": { "grid_id": "MUM_001181", "locality": "Borivali / Dahisar Subway", "centroid_lat": 19.27782, "centroid_lon": 72.886908, "area_sqkm": 0.25 }, "geometry": { "type": "Polygon", "coordinates": [ [ [ 72.890526420970971, 19.180761149814334 ], [ 72.890468898635334, 19.185276824314634 ], [ 72.89522155346296, 19.185331424715528 ], [ 72.895278946437514, 19.18081573638662 ], [ 72.890526420970971, 19.180761149814334 ] ] ] } },
{ "type": "Feature", "properties": { "grid_id": "MUM_001182", "locality": "Borivali / Dahisar Subway", "centroid_lat": 19.28109, "centroid_lon": 72.886378, "area_sqkm": 0.25 }, "geometry": { "type": "Polygon", "coordinates": [ [ [ 72.890468898635334, 19.185276824314634 ], [ 72.890411360132106, 19.189792496428829 ], [ 72.895164144357153, 19.189847110659066 ], [ 72.89522155346296, 19.185331424715528 ], [ 72.890468898635334, 19.185276824314634 ] ] ] } },
{ "type": "Feature", "properties": { "grid_id": "MUM_001183", "locality": "Mumbai Central", "centroid_lat": null, "centroid_lon": null, "area_sqkm": 0.25 }, "geometry": { "type": "Polygon", "coordinates": [ [ [ 72.890411360132106, 19.189792496428829 ], [ 72.89035380545927, 19.194308166156429 ], [ 72.895106719118061, 19.19436279421674 ], [ 72.895164144357153, 19.189847110659066 ], [ 72.890411360132106, 19.189792496428829 ] ] ] } },
{ "type": "Feature", "properties": { "grid_id": "MUM_001184", "locality": "Chembur East", "centroid_lat": 19.03005, "centroid_lon": 72.894385, "area_sqkm": 0.25 }, "geometry": { "type": "Polygon", "coordinates": [ [ [ 72.89035380545927, 19.194308166156429 ], [ 72.890296234614794, 19.198823833496945 ], [ 72.895049277743709, 19.19887847538806 ], [ 72.895106719118061, 19.19436279421674 ], [ 72.89035380545927, 19.194308166156429 ] ] ] } },
{ "type": "Feature", "properties": { "grid_id": "MUM_001185", "locality": "Chembur East", "centroid_lat": 19.034028, "centroid_lon": 72.894761, "area_sqkm": 0.25 }, "geometry": { "type": "Polygon", "coordinates": [ [ [ 72.890296234614794, 19.198823833496945 ], [ 72.890238647596647, 19.203339498449889 ], [ 72.894991820232008, 19.203394154172532 ], [ 72.895049277743709, 19.19887847538806 ], [ 72.890296234614794, 19.198823833496945 ] ] ] } },
{ "type": "Feature", "properties": { "grid_id": "MUM_001186", "locality": "Chembur East", "centroid_lat": 19.038543, "centroid_lon": 72.894704, "area_sqkm": 0.25 }, "geometry": { "type": "Polygon", "coordinates": [ [ [ 72.890238647596647, 19.203339498449889 ], [ 72.890181044402823, 19.207855161014766 ], [ 72.894934346580996, 19.207909830569662 ], [ 72.894991820232008, 19.203394154172532 ], [ 72.890238647596647, 19.203339498449889 ] ] ] } },
{ "type": "Feature", "properties": { "grid_id": "MUM_001187", "locality": "Chembur East", "centroid_lat": 19.043059, "centroid_lon": 72.894647, "area_sqkm": 0.25 }, "geometry": { "type": "Polygon", "coordinates": [ [ [ 72.890181044402823, 19.207855161014766 ], [ 72.890123425031263, 19.212370821191087 ], [ 72.894876856788642, 19.212425504578974 ], [ 72.894934346580996, 19.207909830569662 ], [ 72.890181044402823, 19.207855161014766 ] ] ] } },
{ "type": "Feature", "properties": { "grid_id": "MUM_001188", "locality": "Chembur East", "centroid_lat": 19.047575, "centroid_lon": 72.89459, "area_sqkm": 0.25 }, "geometry": { "type": "Polygon", "coordinates": [ [ [ 72.890123425031263, 19.212370821191087 ], [ 72.890065789479962, 19.216886478978356 ], [ 72.894819350852885, 19.216941176199953 ], [ 72.894876856788642, 19.212425504578974 ], [ 72.890123425031263, 19.212370821191087 ] ] ] } },
{ "type": "Feature", "properties": { "grid_id": "MUM_001189", "locality": "Chembur East", "centroid_lat": 19.052091, "centroid_lon": 72.894533, "area_sqkm": 0.25 }, "geometry": { "type": "Polygon", "coordinates": [ [ [ 72.890065789479962, 19.216886478978356 ], [ 72.890008137746904, 19.221402134376081 ], [ 72.894761828771735, 19.221456845432126 ], [ 72.894819350852885, 19.216941176199953 ], [ 72.890065789479962, 19.216886478978356 ] ] ] } },
{ "type": "Feature", "properties": { "grid_id": "MUM_001190", "locality": "Chembur East", "centroid_lat": 19.056606, "centroid_lon": 72.894476, "area_sqkm": 0.25 }, "geometry": { "type": "Polygon", "coordinates": [ [ [ 72.890008137746904, 19.221402134376081 ], [ 72.88995046983004, 19.225917787383782 ], [ 72.89470429054316, 19.225972512274996 ], [ 72.894761828771735, 19.221456845432126 ], [ 72.890008137746904, 19.221402134376081 ] ] ] } },
{ "type": "Feature", "properties": { "grid_id": "MUM_001191", "locality": "Chembur East", "centroid_lat": 19.061122, "centroid_lon": 72.894419, "area_sqkm": 0.25 }, "geometry": { "type": "Polygon", "coordinates": [ [ [ 72.88995046983004, 19.225917787383782 ], [ 72.889892785727326, 19.230433438000951 ], [ 72.894646736165143, 19.230488176728084 ], [ 72.89470429054316, 19.225972512274996 ], [ 72.88995046983004, 19.225917787383782 ] ] ] } },
{ "type": "Feature", "properties": { "grid_id": "MUM_001192", "locality": "Chembur East", "centroid_lat": 19.065638, "centroid_lon": 72.894362, "area_sqkm": 0.25 }, "geometry": { "type": "Polygon", "coordinates": [ [ [ 72.889892785727326, 19.230433438000951 ], [ 72.889835085436772, 19.234949086227111 ], [ 72.894589165635637, 19.23500383879087 ], [ 72.894646736165143, 19.230488176728084 ], [ 72.889892785727326, 19.230433438000951 ] ] ] } },
{ "type": "Feature", "properties": { "grid_id": "MUM_001193", "locality": "Chembur East", "centroid_lat": 19.070154, "centroid_lon": 72.894305, "area_sqkm": 0.25 }, "geometry": { "type": "Polygon", "coordinates": [ [ [ 72.889835085436772, 19.234949086227111 ], [ 72.889777368956317, 19.239464732061773 ], [ 72.894531578952638, 19.23951949846289 ], [ 72.894589165635637, 19.23500383879087 ], [ 72.889835085436772, 19.234949086227111 ] ] ] } },
{ "type": "Feature", "properties": { "grid_id": "MUM_001194", "locality": "Chembur East", "centroid_lat": 19.074669, "centroid_lon": 72.894248, "area_sqkm": 0.25 }, "geometry": { "type": "Polygon", "coordinates": [ [ [ 72.889777368956317, 19.239464732061773 ], [ 72.889719636283942, 19.243980375504428 ], [ 72.894473976114114, 19.244035155743642 ], [ 72.894531578952638, 19.23951949846289 ], [ 72.889777368956317, 19.239464732061773 ] ] ] } },
{ "type": "Feature", "properties": { "grid_id": "MUM_001195", "locality": "Kurla West / LBS Marg", "centroid_lat": 19.079185, "centroid_lon": 72.894191, "area_sqkm": 0.25 }, "geometry": { "type": "Polygon", "coordinates": [ [ [ 72.889719636283942, 19.243980375504428 ], [ 72.889661887417617, 19.248496016554594 ], [ 72.894416357118018, 19.248550810632636 ], [ 72.894473976114114, 19.244035155743642 ], [ 72.889719636283942, 19.243980375504428 ] ] ] } },
{ "type": "Feature", "properties": { "grid_id": "MUM_001196", "locality": "Ghatkopar West", "centroid_lat": 19.083701, "centroid_lon": 72.894134, "area_sqkm": 0.25 }, "geometry": { "type": "Polygon", "coordinates": [ [ [ 72.889661887417617, 19.248496016554594 ], [ 72.889604122355294, 19.25301165521179 ], [ 72.894358721962348, 19.253066463129386 ], [ 72.894416357118018, 19.248550810632636 ], [ 72.889661887417617, 19.248496016554594 ] ] ] } },
{ "type": "Feature", "properties": { "grid_id": "MUM_001197", "locality": "Ghatkopar West", "centroid_lat": 19.088216, "centroid_lon": 72.894077, "area_sqkm": 0.25 }, "geometry": { "type": "Polygon", "coordinates": [ [ [ 72.889604122355294, 19.25301165521179 ], [ 72.889546341094956, 19.257527291475512 ], [ 72.894301070645071, 19.257582113233404 ], [ 72.894358721962348, 19.253066463129386 ], [ 72.889604122355294, 19.25301165521179 ] ] ] } },
{ "type": "Feature", "properties": { "grid_id": "MUM_001198", "locality": "Saki Naka / Andheri East", "centroid_lat": 19.092732, "centroid_lon": 72.89402, "area_sqkm": 0.25 }, "geometry": { "type": "Polygon", "coordinates": [ [ [ 72.889546341094956, 19.257527291475512 ], [ 72.889488543634556, 19.262042925345277 ], [ 72.89424340316414, 19.262097760944183 ], [ 72.894301070645071, 19.257582113233404 ], [ 72.889546341094956, 19.257527291475512 ] ] ] } },
{ "type": "Feature", "properties": { "grid_id": "MUM_001199", "locality": "Saki Naka / Andheri East", "centroid_lat": 19.097248, "centroid_lon": 72.893963, "area_sqkm": 0.25 }, "geometry": { "type": "Polygon", "coordinates": [ [ [ 72.889488543634556, 19.262042925345277 ], [ 72.889430729972077, 19.266558556820588 ], [ 72.894185719517537, 19.266613406261254 ], [ 72.89424340316414, 19.262097760944183 ], [ 72.889488543634556, 19.262042925345277 ] ] ] } },
{ "type": "Feature", "properties": { "grid_id": "MUM_001200", "locality": "Saki Naka / Andheri East", "centroid_lat": 19.101764, "centroid_lon": 72.893906, "area_sqkm": 0.25 }, "geometry": { "type": "Polygon", "coordinates": [ [ [ 72.889430729972077, 19.266558556820588 ], [ 72.889372900105471, 19.271074185900968 ], [ 72.894128019703231, 19.271129049184108 ], [ 72.894185719517537, 19.266613406261254 ], [ 72.889430729972077, 19.266558556820588 ] ] ] } },
{ "type": "Feature", "properties": { "grid_id": "MUM_001201", "locality": "Saki Naka / Andheri East", "centroid_lat": 19.106279, "centroid_lon": 72.893848, "area_sqkm": 0.25 }, "geometry": { "type": "Polygon", "coordinates": [ [ [ 72.889372900105471, 19.271074185900968 ], [ 72.889315054032679, 19.275589812585899 ], [ 72.894070303719204, 19.275644689712259 ], [ 72.894128019703231, 19.271129049184108 ], [ 72.889372900105471, 19.271074185900968 ] ] ] } },
{ "type": "Feature", "properties": { "grid_id": "MUM_001202", "locality": "Saki Naka / Andheri East", "centroid_lat": 19.110795, "centroid_lon": 72.893791, "area_sqkm": 0.2207 }, "geometry": { "type": "Polygon", "coordinates": [ [ [ 72.894070303719204, 19.275644689712259 ], [ 72.889315054032679, 19.275589812585899 ], [ 72.88925719175171, 19.280105436874919 ], [ 72.890734839006726, 19.280122506495708 ], [ 72.894032213770672, 19.278624114844334 ], [ 72.894070303719204, 19.275644689712259 ] ] ] } },
{ "type": "Feature", "properties": { "grid_id": "MUM_001203", "locality": "Saki Naka / Andheri East", "centroid_lat": 19.115311, "centroid_lon": 72.893734, "area_sqkm": 0.216 }, "geometry": { "type": "Polygon", "coordinates": [ [ [ 72.897163878140987, 19.031796686556888 ], [ 72.897107016369475, 19.036312453327163 ], [ 72.901855437507152, 19.036366475845707 ], [ 72.901886223860856, 19.033916157052513 ], [ 72.899089029111138, 19.031818598610716 ], [ 72.897163878140987, 19.031796686556888 ] ] ] } },
{ "type": "Feature", "properties": { "grid_id": "MUM_001204", "locality": "Saki Naka / Andheri East", "centroid_lat": 19.119827, "centroid_lon": 72.893677, "area_sqkm": 0.25 }, "geometry": { "type": "Polygon", "coordinates": [ [ [ 72.897107016369475, 19.036312453327163 ], [ 72.897050138532947, 19.040828217728304 ], [ 72.90179868787321, 19.040882254021213 ], [ 72.901855437507152, 19.036366475845707 ], [ 72.897107016369475, 19.036312453327163 ] ] ] } },
{ "type": "Feature", "properties": { "grid_id": "MUM_001205", "locality": "Saki Naka / Andheri East", "centroid_lat": 19.124342, "centroid_lon": 72.89362, "area_sqkm": 0.25 }, "geometry": { "type": "Polygon", "coordinates": [ [ [ 72.897050138532947, 19.040828217728304 ], [ 72.896993244629428, 19.045343979759817 ], [ 72.901741922208458, 19.045398029827815 ], [ 72.90179868787321, 19.040882254021213 ], [ 72.897050138532947, 19.040828217728304 ] ] ] } },
{ "type": "Feature", "properties": { "grid_id": "MUM_001206", "locality": "Saki Naka / Andheri East", "centroid_lat": 19.128858, "centroid_lon": 72.893562, "area_sqkm": 0.25 }, "geometry": { "type": "Polygon", "coordinates": [ [ [ 72.896993244629428, 19.045343979759817 ], [ 72.896936334656914, 19.049859739421212 ], [ 72.901685140510907, 19.04991380326501 ], [ 72.901741922208458, 19.045398029827815 ], [ 72.896993244629428, 19.045343979759817 ] ] ] } },
{ "type": "Feature", "properties": { "grid_id": "MUM_001207", "locality": "Powai / Hiranandani", "centroid_lat": 19.133374, "centroid_lon": 72.893505, "area_sqkm": 0.25 }, "geometry": { "type": "Polygon", "coordinates": [ [ [ 72.896936334656914, 19.049859739421212 ], [ 72.896879408613387, 19.054375496712002 ], [ 72.901628342778565, 19.054429574332321 ], [ 72.901685140510907, 19.04991380326501 ], [ 72.896936334656914, 19.049859739421212 ] ] ] } },
{ "type": "Feature", "properties": { "grid_id": "MUM_001208", "locality": "Powai / Hiranandani", "centroid_lat": 19.137889, "centroid_lon": 72.893448, "area_sqkm": 0.25 }, "geometry": { "type": "Polygon", "coordinates": [ [ [ 72.896879408613387, 19.054375496712002 ], [ 72.896822466496872, 19.058891251631685 ], [ 72.901571529009445, 19.058945343029251 ], [ 72.901628342778565, 19.054429574332321 ], [ 72.896879408613387, 19.054375496712002 ] ] ] } },
{ "type": "Feature", "properties": { "grid_id": "MUM_001209", "locality": "Powai / Hiranandani", "centroid_lat": 19.142405, "centroid_lon": 72.89339, "area_sqkm": 0.25 }, "geometry": { "type": "Polygon", "coordinates": [ [ [ 72.896822466496872, 19.058891251631685 ], [ 72.896765508305364, 19.063407004179769 ], [ 72.901514699201542, 19.063461109355295 ], [ 72.901571529009445, 19.058945343029251 ], [ 72.896822466496872, 19.058891251631685 ] ] ] } },
{ "type": "Feature", "properties": { "grid_id": "MUM_001210", "locality": "Powai / Hiranandani", "centroid_lat": 19.146921, "centroid_lon": 72.893333, "area_sqkm": 0.25 }, "geometry": { "type": "Polygon", "coordinates": [ [ [ 72.896765508305364, 19.063407004179769 ], [ 72.896708534036861, 19.067922754355763 ], [ 72.901457853352852, 19.067976873309973 ], [ 72.901514699201542, 19.063461109355295 ], [ 72.896765508305364, 19.063407004179769 ] ] ] } },
{ "type": "Feature", "properties": { "grid_id": "MUM_001211", "locality": "Powai / Hiranandani", "centroid_lat": 19.151436, "centroid_lon": 72.893276, "area_sqkm": 0.25 }, "geometry": { "type": "Polygon", "coordinates": [ [ [ 72.896708534036861, 19.067922754355763 ], [ 72.896651543689373, 19.07243850215918 ], [ 72.901400991461401, 19.072492634892797 ], [ 72.901457853352852, 19.067976873309973 ], [ 72.896708534036861, 19.067922754355763 ] ] ] } },
{ "type": "Feature", "properties": { "grid_id": "MUM_001212", "locality": "Powai / Hiranandani", "centroid_lat": 19.155952, "centroid_lon": 72.893218, "area_sqkm": 0.25 }, "geometry": { "type": "Polygon", "coordinates": [ [ [ 72.896651543689373, 19.07243850215918 ], [ 72.896594537260881, 19.076954247589516 ], [ 72.901344113525184, 19.077008394103256 ], [ 72.901400991461401, 19.072492634892797 ], [ 72.896651543689373, 19.07243850215918 ] ] ] } },
{ "type": "Feature", "properties": { "grid_id": "MUM_001213", "locality": "Powai / Hiranandani", "centroid_lat": 19.160468, "centroid_lon": 72.893161, "area_sqkm": 0.25 }, "geometry": { "type": "Polygon", "coordinates": [ [ [ 72.896594537260881, 19.076954247589516 ], [ 72.896537514749383, 19.081469990646291 ], [ 72.901287219542198, 19.081524150940879 ], [ 72.901344113525184, 19.077008394103256 ], [ 72.896594537260881, 19.076954247589516 ] ] ] } },
{ "type": "Feature", "properties": { "grid_id": "MUM_001214", "locality": "Powai / Hiranandani", "centroid_lat": 19.164984, "centroid_lon": 72.893104, "area_sqkm": 0.25 }, "geometry": { "type": "Polygon", "coordinates": [ [ [ 72.896537514749383, 19.081469990646291 ], [ 72.896480476152888, 19.085985731329004 ], [ 72.901230309510439, 19.086039905405155 ], [ 72.901287219542198, 19.081524150940879 ], [ 72.896537514749383, 19.081469990646291 ] ] ] } },
{ "type": "Feature", "properties": { "grid_id": "MUM_001215", "locality": "Jogeshwari / JVLR", "centroid_lat": 19.169499, "centroid_lon": 72.893046, "area_sqkm": 0.25 }, "geometry": { "type": "Polygon", "coordinates": [ [ [ 72.896480476152888, 19.085985731329004 ], [ 72.896423421469393, 19.090501469637164 ], [ 72.901173383427931, 19.090555657495599 ], [ 72.901230309510439, 19.086039905405155 ], [ 72.896480476152888, 19.085985731329004 ] ] ] } },
{ "type": "Feature", "properties": { "grid_id": "MUM_001216", "locality": "Jogeshwari / JVLR", "centroid_lat": 19.174015, "centroid_lon": 72.892989, "area_sqkm": 0.25 }, "geometry": { "type": "Polygon", "coordinates": [ [ [ 72.896423421469393, 19.090501469637164 ], [ 72.896366350696894, 19.095017205570283 ], [ 72.901116441292658, 19.09507140721173 ], [ 72.901173383427931, 19.090555657495599 ], [ 72.896423421469393, 19.090501469637164 ] ] ] } },
{ "type": "Feature", "properties": { "grid_id": "MUM_001217", "locality": "Goregaon West", "centroid_lat": 19.178531, "centroid_lon": 72.892931, "area_sqkm": 0.25 }, "geometry": { "type": "Polygon", "coordinates": [ [ [ 72.896366350696894, 19.095017205570283 ], [ 72.896309263833373, 19.099532939127855 ], [ 72.901059483102614, 19.099587154553038 ], [ 72.901116441292658, 19.09507140721173 ], [ 72.896366350696894, 19.095017205570283 ] ] ] } },
{ "type": "Feature", "properties": { "grid_id": "MUM_001218", "locality": "Malad West", "centroid_lat": 19.183046, "centroid_lon": 72.892874, "area_sqkm": 0.25 }, "geometry": { "type": "Polygon", "coordinates": [ [ [ 72.896309263833373, 19.099532939127855 ], [ 72.896252160876841, 19.10404867030941 ], [ 72.901002508855811, 19.104102899519045 ], [ 72.901059483102614, 19.099587154553038 ], [ 72.896309263833373, 19.099532939127855 ] ] ] } },
{ "type": "Feature", "properties": { "grid_id": "MUM_001219", "locality": "Malad West", "centroid_lat": 19.187562, "centroid_lon": 72.892816, "area_sqkm": 0.25 }, "geometry": { "type": "Polygon", "coordinates": [ [ [ 72.896252160876841, 19.10404867030941 ], [ 72.89619504182528, 19.108564399114446 ], [ 72.900945518550245, 19.108618642109253 ], [ 72.901002508855811, 19.104102899519045 ], [ 72.896252160876841, 19.10404867030941 ] ] ] } },
{ "type": "Feature", "properties": { "grid_id": "MUM_001220", "locality": "Malad West", "centroid_lat": 19.192078, "centroid_lon": 72.892759, "area_sqkm": 0.25 }, "geometry": { "type": "Polygon", "coordinates": [ [ [ 72.89619504182528, 19.108564399114446 ], [ 72.896137906676699, 19.113080125542456 ], [ 72.900888512183926, 19.113134382323164 ], [ 72.900945518550245, 19.108618642109253 ], [ 72.89619504182528, 19.108564399114446 ] ] ] } },
{ "type": "Feature", "properties": { "grid_id": "MUM_001221", "locality": "Malad West", "centroid_lat": 19.196593, "centroid_lon": 72.892702, "area_sqkm": 0.25 }, "geometry": { "type": "Polygon", "coordinates": [ [ [ 72.896137906676699, 19.113080125542456 ], [ 72.896080755429068, 19.117595849592973 ], [ 72.900831489754822, 19.117650120160295 ], [ 72.900888512183926, 19.113134382323164 ], [ 72.896137906676699, 19.113080125542456 ] ] ] } },
{ "type": "Feature", "properties": { "grid_id": "MUM_001222", "locality": "Malad West", "centroid_lat": 19.201109, "centroid_lon": 72.892644, "area_sqkm": 0.25 }, "geometry": { "type": "Polygon", "coordinates": [ [ [ 72.896080755429068, 19.117595849592973 ], [ 72.896023588080411, 19.122111571265489 ], [ 72.900774451260943, 19.122165855620157 ], [ 72.900831489754822, 19.117650120160295 ], [ 72.896080755429068, 19.117595849592973 ] ] ] } },
{ "type": "Feature", "properties": { "grid_id": "MUM_001223", "locality": "Kandivali West", "centroid_lat": 19.205625, "centroid_lon": 72.892586, "area_sqkm": 0.25 }, "geometry": { "type": "Polygon", "coordinates": [ [ [ 72.896023588080411, 19.122111571265489 ], [ 72.89596640462868, 19.126627290559512 ], [ 72.900717396700301, 19.126681588702247 ], [ 72.900774451260943, 19.122165855620157 ], [ 72.896023588080411, 19.122111571265489 ] ] ] } },
{ "type": "Feature", "properties": { "grid_id": "MUM_001224", "locality": "Borivali / Dahisar Subway", "centroid_lat": 19.21014, "centroid_lon": 72.892529, "area_sqkm": 0.25 }, "geometry": { "type": "Polygon", "coordinates": [ [ [ 72.89596640462868, 19.126627290559512 ], [ 72.895909205071888, 19.131143007474556 ], [ 72.900660326070863, 19.131197319406077 ], [ 72.900717396700301, 19.126681588702247 ], [ 72.89596640462868, 19.126627290559512 ] ] ] } },
{ "type": "Feature", "properties": { "grid_id": "MUM_001225", "locality": "Borivali / Dahisar Subway", "centroid_lat": 19.214656, "centroid_lon": 72.892471, "area_sqkm": 0.25 }, "geometry": { "type": "Polygon", "coordinates": [ [ [ 72.895909205071888, 19.131143007474556 ], [ 72.895851989408015, 19.135658722010131 ], [ 72.900603239370639, 19.135713047731162 ], [ 72.900660326070863, 19.131197319406077 ], [ 72.895909205071888, 19.131143007474556 ] ] ] } },
{ "type": "Feature", "properties": { "grid_id": "MUM_001226", "locality": "Borivali / Dahisar Subway", "centroid_lat": 19.219172, "centroid_lon": 72.892414, "area_sqkm": 0.25 }, "geometry": { "type": "Polygon", "coordinates": [ [ [ 72.895851989408015, 19.135658722010131 ], [ 72.895794757635073, 19.140174434165729 ], [ 72.900546136597626, 19.140228773676998 ], [ 72.900603239370639, 19.135713047731162 ], [ 72.895851989408015, 19.135658722010131 ] ] ] } },
{ "type": "Feature", "properties": { "grid_id": "MUM_001227", "locality": "Borivali / Dahisar Subway", "centroid_lat": 19.223687, "centroid_lon": 72.892356, "area_sqkm": 0.25 }, "geometry": { "type": "Polygon", "coordinates": [ [ [ 72.895794757635073, 19.140174434165729 ], [ 72.895737509751015, 19.144690143940885 ], [ 72.900489017749805, 19.144744497243117 ], [ 72.900546136597626, 19.140228773676998 ], [ 72.895794757635073, 19.140174434165729 ] ] ] } },
{ "type": "Feature", "properties": { "grid_id": "MUM_001228", "locality": "Borivali / Dahisar Subway", "centroid_lat": 19.228203, "centroid_lon": 72.892299, "area_sqkm": 0.25 }, "geometry": { "type": "Polygon", "coordinates": [ [ [ 72.895737509751015, 19.144690143940885 ], [ 72.895680245753866, 19.149205851335086 ], [ 72.900431882825188, 19.149260218428996 ], [ 72.900489017749805, 19.144744497243117 ], [ 72.895737509751015, 19.144690143940885 ] ] ] } },
{ "type": "Feature", "properties": { "grid_id": "MUM_001229", "locality": "Borivali / Dahisar Subway", "centroid_lat": 19.232719, "centroid_lon": 72.892241, "area_sqkm": 0.25 }, "geometry": { "type": "Polygon", "coordinates": [ [ [ 72.895680245753866, 19.149205851335086 ], [ 72.895622965641593, 19.153721556347843 ], [ 72.900374731821728, 19.153775937234165 ], [ 72.900431882825188, 19.149260218428996 ], [ 72.895680245753866, 19.149205851335086 ] ] ] } },
{ "type": "Feature", "properties": { "grid_id": "MUM_001230", "locality": "Borivali / Dahisar Subway", "centroid_lat": 19.237234, "centroid_lon": 72.892183, "area_sqkm": 0.25 }, "geometry": { "type": "Polygon", "coordinates": [ [ [ 72.895622965641593, 19.153721556347843 ], [ 72.895565669412179, 19.158237258978669 ], [ 72.900317564737463, 19.158291653658125 ], [ 72.900374731821728, 19.153775937234165 ], [ 72.895622965641593, 19.153721556347843 ] ] ] } },
{ "type": "Feature", "properties": { "grid_id": "MUM_001231", "locality": "Borivali / Dahisar Subway", "centroid_lat": 19.24175, "centroid_lon": 72.892126, "area_sqkm": 0.25 }, "geometry": { "type": "Polygon", "coordinates": [ [ [ 72.895565669412179, 19.158237258978669 ], [ 72.895508357063605, 19.162752959227074 ], [ 72.900260381570348, 19.162807367700388 ], [ 72.900317564737463, 19.158291653658125 ], [ 72.895565669412179, 19.158237258978669 ] ] ] } },
{ "type": "Feature", "properties": { "grid_id": "MUM_001232", "locality": "Borivali / Dahisar Subway", "centroid_lat": 19.246266, "centroid_lon": 72.892068, "area_sqkm": 0.25 }, "geometry": { "type": "Polygon", "coordinates": [ [ [ 72.895508357063605, 19.162752959227074 ], [ 72.895451028593868, 19.16726865709256 ], [ 72.900203182318378, 19.167323079360465 ], [ 72.900260381570348, 19.162807367700388 ], [ 72.895508357063605, 19.162752959227074 ] ] ] } },
{ "type": "Feature", "properties": { "grid_id": "MUM_001233", "locality": "Borivali / Dahisar Subway", "centroid_lat": 19.250781, "centroid_lon": 72.89201, "area_sqkm": 0.25 }, "geometry": { "type": "Polygon", "coordinates": [ [ [ 72.895451028593868, 19.16726865709256 ], [ 72.89539368400095, 19.171784352574644 ], [ 72.900145966979565, 19.171838788637849 ], [ 72.900203182318378, 19.167323079360465 ], [ 72.895451028593868, 19.16726865709256 ] ] ] } },
{ "type": "Feature", "properties": { "grid_id": "MUM_001234", "locality": "Borivali / Dahisar Subway", "centroid_lat": 19.255297, "centroid_lon": 72.891953, "area_sqkm": 0.25 }, "geometry": { "type": "Polygon", "coordinates": [ [ [ 72.89539368400095, 19.171784352574644 ], [ 72.895336323282848, 19.176300045672825 ], [ 72.900088735551876, 19.176354495532063 ], [ 72.900145966979565, 19.171838788637849 ], [ 72.89539368400095, 19.171784352574644 ] ] ] } },
{ "type": "Feature", "properties": { "grid_id": "MUM_001235", "locality": "Borivali / Dahisar Subway", "centroid_lat": 19.259813, "centroid_lon": 72.891895, "area_sqkm": 0.25 }, "geometry": { "type": "Polygon", "coordinates": [ [ [ 72.895336323282848, 19.176300045672825 ], [ 72.895278946437514, 19.18081573638662 ], [ 72.900031488033306, 19.180870200042616 ], [ 72.900088735551876, 19.176354495532063 ], [ 72.895336323282848, 19.176300045672825 ] ] ] } },
{ "type": "Feature", "properties": { "grid_id": "MUM_001236", "locality": "Borivali / Dahisar Subway", "centroid_lat": 19.264328, "centroid_lon": 72.891837, "area_sqkm": 0.25 }, "geometry": { "type": "Polygon", "coordinates": [ [ [ 72.895278946437514, 19.18081573638662 ], [ 72.89522155346296, 19.185331424715528 ], [ 72.89997422442184, 19.185385902169017 ], [ 72.900031488033306, 19.180870200042616 ], [ 72.895278946437514, 19.18081573638662 ] ] ] } },
{ "type": "Feature", "properties": { "grid_id": "MUM_001237", "locality": "Borivali / Dahisar Subway", "centroid_lat": 19.268844, "centroid_lon": 72.891779, "area_sqkm": 0.25 }, "geometry": { "type": "Polygon", "coordinates": [ [ [ 72.89522155346296, 19.185331424715528 ], [ 72.895164144357153, 19.189847110659066 ], [ 72.899916944715471, 19.189901601910766 ], [ 72.89997422442184, 19.185385902169017 ], [ 72.89522155346296, 19.185331424715528 ] ] ] } },
{ "type": "Feature", "properties": { "grid_id": "MUM_001238", "locality": "Borivali / Dahisar Subway", "centroid_lat": 19.273359, "centroid_lon": 72.891722, "area_sqkm": 0.25 }, "geometry": { "type": "Polygon", "coordinates": [ [ [ 72.895164144357153, 19.189847110659066 ], [ 72.895106719118061, 19.19436279421674 ], [ 72.899859648912155, 19.194417299267371 ], [ 72.899916944715471, 19.189901601910766 ], [ 72.895164144357153, 19.189847110659066 ] ] ] } },
{ "type": "Feature", "properties": { "grid_id": "MUM_001239", "locality": "Borivali / Dahisar Subway", "centroid_lat": 19.277641, "centroid_lon": 72.891496, "area_sqkm": 0.25 }, "geometry": { "type": "Polygon", "coordinates": [ [ [ 72.895106719118061, 19.19436279421674 ], [ 72.895049277743709, 19.19887847538806 ], [ 72.899802337009916, 19.198932994238358 ], [ 72.899859648912155, 19.194417299267371 ], [ 72.895106719118061, 19.19436279421674 ] ] ] } },
{ "type": "Feature", "properties": { "grid_id": "MUM_001240", "locality": "Mumbai Central", "centroid_lat": null, "centroid_lon": null, "area_sqkm": 0.25 }, "geometry": { "type": "Polygon", "coordinates": [ [ [ 72.895049277743709, 19.19887847538806 ], [ 72.894991820232008, 19.203394154172532 ], [ 72.899745009006708, 19.203448686823222 ], [ 72.899802337009916, 19.198932994238358 ], [ 72.895049277743709, 19.19887847538806 ] ] ] } },
{ "type": "Feature", "properties": { "grid_id": "MUM_001241", "locality": "Mumbai Central", "centroid_lat": null, "centroid_lon": null, "area_sqkm": 0.25 }, "geometry": { "type": "Polygon", "coordinates": [ [ [ 72.894991820232008, 19.203394154172532 ], [ 72.894934346580996, 19.207909830569662 ], [ 72.899687664900526, 19.207964377021476 ], [ 72.899745009006708, 19.203448686823222 ], [ 72.894991820232008, 19.203394154172532 ] ] ] } },
{ "type": "Feature", "properties": { "grid_id": "MUM_001242", "locality": "Chembur East", "centroid_lat": 19.034326, "centroid_lon": 72.899281, "area_sqkm": 0.25 }, "geometry": { "type": "Polygon", "coordinates": [ [ [ 72.894934346580996, 19.207909830569662 ], [ 72.894876856788642, 19.212425504578974 ], [ 72.899630304689367, 19.212480064832622 ], [ 72.899687664900526, 19.207964377021476 ], [ 72.894934346580996, 19.207909830569662 ] ] ] } },
{ "type": "Feature", "properties": { "grid_id": "MUM_001243", "locality": "Chembur East", "centroid_lat": 19.038597, "centroid_lon": 72.899453, "area_sqkm": 0.25 }, "geometry": { "type": "Polygon", "coordinates": [ [ [ 72.894876856788642, 19.212425504578974 ], [ 72.894819350852885, 19.216941176199953 ], [ 72.8995729283712, 19.216995750256185 ], [ 72.899630304689367, 19.212480064832622 ], [ 72.894876856788642, 19.212425504578974 ] ] ] } },
{ "type": "Feature", "properties": { "grid_id": "MUM_001244", "locality": "Chembur East", "centroid_lat": 19.043113, "centroid_lon": 72.899396, "area_sqkm": 0.25 }, "geometry": { "type": "Polygon", "coordinates": [ [ [ 72.894819350852885, 19.216941176199953 ], [ 72.894761828771735, 19.221456845432126 ], [ 72.899515535943976, 19.221511433291656 ], [ 72.8995729283712, 19.216995750256185 ], [ 72.894819350852885, 19.216941176199953 ] ] ] } },
{ "type": "Feature", "properties": { "grid_id": "MUM_001245", "locality": "Chembur East", "centroid_lat": 19.047629, "centroid_lon": 72.899339, "area_sqkm": 0.25 }, "geometry": { "type": "Polygon", "coordinates": [ [ [ 72.894761828771735, 19.221456845432126 ], [ 72.89470429054316, 19.225972512274996 ], [ 72.899458127405737, 19.226027113938557 ], [ 72.899515535943976, 19.221511433291656 ], [ 72.894761828771735, 19.221456845432126 ] ] ] } },
{ "type": "Feature", "properties": { "grid_id": "MUM_001246", "locality": "Chembur East", "centroid_lat": 19.052145, "centroid_lon": 72.899282, "area_sqkm": 0.25 }, "geometry": { "type": "Polygon", "coordinates": [ [ [ 72.89470429054316, 19.225972512274996 ], [ 72.894646736165143, 19.230488176728084 ], [ 72.899400702754406, 19.230542792196399 ], [ 72.899458127405737, 19.226027113938557 ], [ 72.89470429054316, 19.225972512274996 ] ] ] } },
{ "type": "Feature", "properties": { "grid_id": "MUM_001247", "locality": "Chembur East", "centroid_lat": 19.05666, "centroid_lon": 72.899225, "area_sqkm": 0.25 }, "geometry": { "type": "Polygon", "coordinates": [ [ [ 72.894646736165143, 19.230488176728084 ], [ 72.894589165635637, 19.23500383879087 ], [ 72.899343261988008, 19.235058468064675 ], [ 72.899400702754406, 19.230542792196399 ], [ 72.894646736165143, 19.230488176728084 ] ] ] } },
{ "type": "Feature", "properties": { "grid_id": "MUM_001248", "locality": "Chembur East", "centroid_lat": 19.061176, "centroid_lon": 72.899169, "area_sqkm": 0.25 }, "geometry": { "type": "Polygon", "coordinates": [ [ [ 72.894589165635637, 19.23500383879087 ], [ 72.894531578952638, 19.23951949846289 ], [ 72.899285805104469, 19.239574141542914 ], [ 72.899343261988008, 19.235058468064675 ], [ 72.894589165635637, 19.23500383879087 ] ] ] } },
{ "type": "Feature", "properties": { "grid_id": "MUM_001249", "locality": "Chembur East", "centroid_lat": 19.065692, "centroid_lon": 72.899112, "area_sqkm": 0.25 }, "geometry": { "type": "Polygon", "coordinates": [ [ [ 72.894531578952638, 19.23951949846289 ], [ 72.894473976114114, 19.244035155743642 ], [ 72.899228332101828, 19.244089812630612 ], [ 72.899285805104469, 19.239574141542914 ], [ 72.894531578952638, 19.23951949846289 ] ] ] } },
{ "type": "Feature", "properties": { "grid_id": "MUM_001250", "locality": "Chembur East", "centroid_lat": 19.070208, "centroid_lon": 72.899055, "area_sqkm": 0.25 }, "geometry": { "type": "Polygon", "coordinates": [ [ [ 72.894473976114114, 19.244035155743642 ], [ 72.894416357118018, 19.248550810632636 ], [ 72.899170842978009, 19.248605481327271 ], [ 72.899228332101828, 19.244089812630612 ], [ 72.894473976114114, 19.244035155743642 ] ] ] } },
{ "type": "Feature", "properties": { "grid_id": "MUM_001251", "locality": "Chembur East", "centroid_lat": 19.074723, "centroid_lon": 72.898998, "area_sqkm": 0.25 }, "geometry": { "type": "Polygon", "coordinates": [ [ [ 72.894416357118018, 19.248550810632636 ], [ 72.894358721962348, 19.253066463129386 ], [ 72.899113337731009, 19.253121147632427 ], [ 72.899170842978009, 19.248605481327271 ], [ 72.894416357118018, 19.248550810632636 ] ] ] } },
{ "type": "Feature", "properties": { "grid_id": "MUM_001252", "locality": "Ghatkopar West", "centroid_lat": 19.079239, "centroid_lon": 72.898941, "area_sqkm": 0.25 }, "geometry": { "type": "Polygon", "coordinates": [ [ [ 72.894358721962348, 19.253066463129386 ], [ 72.894301070645071, 19.257582113233404 ], [ 72.899055816358825, 19.257636811545574 ], [ 72.899113337731009, 19.253121147632427 ], [ 72.894358721962348, 19.253066463129386 ] ] ] } },
{ "type": "Feature", "properties": { "grid_id": "MUM_001253", "locality": "Ghatkopar West", "centroid_lat": 19.083755, "centroid_lon": 72.898884, "area_sqkm": 0.25 }, "geometry": { "type": "Polygon", "coordinates": [ [ [ 72.894301070645071, 19.257582113233404 ], [ 72.89424340316414, 19.262097760944183 ], [ 72.898998278859395, 19.262152473066219 ], [ 72.899055816358825, 19.257636811545574 ], [ 72.894301070645071, 19.257582113233404 ] ] ] } },
{ "type": "Feature", "properties": { "grid_id": "MUM_001254", "locality": "Ghatkopar West", "centroid_lat": 19.088271, "centroid_lon": 72.898827, "area_sqkm": 0.25 }, "geometry": { "type": "Polygon", "coordinates": [ [ [ 72.89424340316414, 19.262097760944183 ], [ 72.894185719517537, 19.266613406261254 ], [ 72.898940725230716, 19.266668132193875 ], [ 72.898998278859395, 19.262152473066219 ], [ 72.89424340316414, 19.262097760944183 ] ] ] } },
{ "type": "Feature", "properties": { "grid_id": "MUM_001255", "locality": "Ghatkopar West", "centroid_lat": 19.092786, "centroid_lon": 72.89877, "area_sqkm": 0.25 }, "geometry": { "type": "Polygon", "coordinates": [ [ [ 72.894185719517537, 19.266613406261254 ], [ 72.894128019703231, 19.271129049184108 ], [ 72.898883155470742, 19.271183788928056 ], [ 72.898940725230716, 19.266668132193875 ], [ 72.894185719517537, 19.266613406261254 ] ] ] } },
{ "type": "Feature", "properties": { "grid_id": "MUM_001256", "locality": "Ghatkopar West", "centroid_lat": 19.097302, "centroid_lon": 72.898713, "area_sqkm": 0.25 }, "geometry": { "type": "Polygon", "coordinates": [ [ [ 72.894128019703231, 19.271129049184108 ], [ 72.894070303719204, 19.275644689712259 ], [ 72.898825569577482, 19.275699443268259 ], [ 72.898883155470742, 19.271183788928056 ], [ 72.894128019703231, 19.271129049184108 ] ] ] } },
{ "type": "Feature", "properties": { "grid_id": "MUM_001257", "locality": "Saki Naka / Andheri East", "centroid_lat": 19.101818, "centroid_lon": 72.898656, "area_sqkm": 0.1033 }, "geometry": { "type": "Polygon", "coordinates": [ [ [ 72.898825569577482, 19.275699443268259 ], [ 72.894070303719204, 19.275644689712259 ], [ 72.894032213770672, 19.278624114844334 ], [ 72.898815995132182, 19.276450109915871 ], [ 72.898825569577482, 19.275699443268259 ] ] ] } },
{ "type": "Feature", "properties": { "grid_id": "MUM_001258", "locality": "Saki Naka / Andheri East", "centroid_lat": 19.106334, "centroid_lon": 72.898599, "area_sqkm": 0.0478 }, "geometry": { "type": "Polygon", "coordinates": [ [ [ 72.901855437507152, 19.036366475845707 ], [ 72.905204713575756, 19.036404506932861 ], [ 72.901886223860856, 19.033916157052513 ], [ 72.901855437507152, 19.036366475845707 ] ] ] } },
{ "type": "Feature", "properties": { "grid_id": "MUM_001259", "locality": "Saki Naka / Andheri East", "centroid_lat": 19.110849, "centroid_lon": 72.898542, "area_sqkm": 0.2417 }, "geometry": { "type": "Polygon", "coordinates": [ [ [ 72.901855437507152, 19.036366475845707 ], [ 72.90179868787321, 19.040882254021213 ], [ 72.90654725324427, 19.040936168360282 ], [ 72.9065910413469, 19.037443999047017 ], [ 72.905204713575756, 19.036404506932861 ], [ 72.901855437507152, 19.036366475845707 ] ] ] } },
{ "type": "Feature", "properties": { "grid_id": "MUM_001260", "locality": "Saki Naka / Andheri East", "centroid_lat": 19.115365, "centroid_lon": 72.898485, "area_sqkm": 0.25 }, "geometry": { "type": "Polygon", "coordinates": [ [ [ 72.90179868787321, 19.040882254021213 ], [ 72.901741922208458, 19.045398029827815 ], [ 72.906490615820275, 19.045451957910892 ], [ 72.90654725324427, 19.040936168360282 ], [ 72.90179868787321, 19.040882254021213 ] ] ] } },
{ "type": "Feature", "properties": { "grid_id": "MUM_001261", "locality": "Saki Naka / Andheri East", "centroid_lat": 19.119881, "centroid_lon": 72.898428, "area_sqkm": 0.25 }, "geometry": { "type": "Polygon", "coordinates": [ [ [ 72.901741922208458, 19.045398029827815 ], [ 72.901685140510907, 19.04991380326501 ], [ 72.906433962399703, 19.049967745092811 ], [ 72.906490615820275, 19.045451957910892 ], [ 72.901741922208458, 19.045398029827815 ] ] ] } },
{ "type": "Feature", "properties": { "grid_id": "MUM_001262", "locality": "Powai / Hiranandani", "centroid_lat": 19.124397, "centroid_lon": 72.89837, "area_sqkm": 0.25 }, "geometry": { "type": "Polygon", "coordinates": [ [ [ 72.901685140510907, 19.04991380326501 ], [ 72.901628342778565, 19.054429574332321 ], [ 72.906377292980522, 19.054483529905564 ], [ 72.906433962399703, 19.049967745092811 ], [ 72.901685140510907, 19.04991380326501 ] ] ] } },
{ "type": "Feature", "properties": { "grid_id": "MUM_001263", "locality": "Powai / Hiranandani", "centroid_lat": 19.128912, "centroid_lon": 72.898313, "area_sqkm": 0.25 }, "geometry": { "type": "Polygon", "coordinates": [ [ [ 72.901628342778565, 19.054429574332321 ], [ 72.901571529009445, 19.058945343029251 ], [ 72.906320607560787, 19.05899931234865 ], [ 72.906377292980522, 19.054483529905564 ], [ 72.901628342778565, 19.054429574332321 ] ] ] } },
{ "type": "Feature", "properties": { "grid_id": "MUM_001264", "locality": "Powai / Hiranandani", "centroid_lat": 19.133428, "centroid_lon": 72.898256, "area_sqkm": 0.25 }, "geometry": { "type": "Polygon", "coordinates": [ [ [ 72.901571529009445, 19.058945343029251 ], [ 72.901514699201542, 19.063461109355295 ], [ 72.906263906138477, 19.063515092421571 ], [ 72.906320607560787, 19.05899931234865 ], [ 72.901571529009445, 19.058945343029251 ] ] ] } },
{ "type": "Feature", "properties": { "grid_id": "MUM_001265", "locality": "Powai / Hiranandani", "centroid_lat": 19.137944, "centroid_lon": 72.898199, "area_sqkm": 0.25 }, "geometry": { "type": "Polygon", "coordinates": [ [ [ 72.901514699201542, 19.063461109355295 ], [ 72.901457853352852, 19.067976873309973 ], [ 72.906207188711619, 19.068030870123845 ], [ 72.906263906138477, 19.063515092421571 ], [ 72.901514699201542, 19.063461109355295 ] ] ] } },
{ "type": "Feature", "properties": { "grid_id": "MUM_001266", "locality": "Powai / Hiranandani", "centroid_lat": 19.142459, "centroid_lon": 72.898142, "area_sqkm": 0.25 }, "geometry": { "type": "Polygon", "coordinates": [ [ [ 72.901457853352852, 19.067976873309973 ], [ 72.901400991461401, 19.072492634892797 ], [ 72.906150455278194, 19.072546645454981 ], [ 72.906207188711619, 19.068030870123845 ], [ 72.901457853352852, 19.067976873309973 ] ] ] } },
{ "type": "Feature", "properties": { "grid_id": "MUM_001267", "locality": "Powai / Hiranandani", "centroid_lat": 19.146975, "centroid_lon": 72.898085, "area_sqkm": 0.25 }, "geometry": { "type": "Polygon", "coordinates": [ [ [ 72.901400991461401, 19.072492634892797 ], [ 72.901344113525184, 19.077008394103256 ], [ 72.906093705836255, 19.077062418414474 ], [ 72.906150455278194, 19.072546645454981 ], [ 72.901400991461401, 19.072492634892797 ] ] ] } },
{ "type": "Feature", "properties": { "grid_id": "MUM_001268", "locality": "Powai / Hiranandani", "centroid_lat": 19.151491, "centroid_lon": 72.898027, "area_sqkm": 0.25 }, "geometry": { "type": "Polygon", "coordinates": [ [ [ 72.901344113525184, 19.077008394103256 ], [ 72.901287219542198, 19.081524150940879 ], [ 72.906036940383771, 19.081578189001846 ], [ 72.906093705836255, 19.077062418414474 ], [ 72.901344113525184, 19.077008394103256 ] ] ] } },
{ "type": "Feature", "properties": { "grid_id": "MUM_001269", "locality": "Powai / Hiranandani", "centroid_lat": 19.156007, "centroid_lon": 72.89797, "area_sqkm": 0.25 }, "geometry": { "type": "Polygon", "coordinates": [ [ [ 72.901287219542198, 19.081524150940879 ], [ 72.901230309510439, 19.086039905405155 ], [ 72.905980158918751, 19.086093957216598 ], [ 72.906036940383771, 19.081578189001846 ], [ 72.901287219542198, 19.081524150940879 ] ] ] } },
{ "type": "Feature", "properties": { "grid_id": "MUM_001270", "locality": "Powai / Hiranandani", "centroid_lat": 19.160522, "centroid_lon": 72.897913, "area_sqkm": 0.25 }, "geometry": { "type": "Polygon", "coordinates": [ [ [ 72.901230309510439, 19.086039905405155 ], [ 72.901173383427931, 19.090555657495599 ], [ 72.905923361439221, 19.090609723058236 ], [ 72.905980158918751, 19.086093957216598 ], [ 72.901230309510439, 19.086039905405155 ] ] ] } },
{ "type": "Feature", "properties": { "grid_id": "MUM_001271", "locality": "Powai / Hiranandani", "centroid_lat": 19.165038, "centroid_lon": 72.897856, "area_sqkm": 0.25 }, "geometry": { "type": "Polygon", "coordinates": [ [ [ 72.901173383427931, 19.090555657495599 ], [ 72.901116441292658, 19.09507140721173 ], [ 72.905866547943177, 19.095125486526271 ], [ 72.905923361439221, 19.090609723058236 ], [ 72.901173383427931, 19.090555657495599 ] ] ] } },
{ "type": "Feature", "properties": { "grid_id": "MUM_001272", "locality": "Powai / Hiranandani", "centroid_lat": 19.169554, "centroid_lon": 72.897798, "area_sqkm": 0.25 }, "geometry": { "type": "Polygon", "coordinates": [ [ [ 72.901116441292658, 19.09507140721173 ], [ 72.901059483102614, 19.099587154553038 ], [ 72.905809718428614, 19.099641247620212 ], [ 72.905866547943177, 19.095125486526271 ], [ 72.901116441292658, 19.09507140721173 ] ] ] } },
{ "type": "Feature", "properties": { "grid_id": "MUM_001273", "locality": "Powai / Hiranandani", "centroid_lat": 19.174069, "centroid_lon": 72.897741, "area_sqkm": 0.25 }, "geometry": { "type": "Polygon", "coordinates": [ [ [ 72.901059483102614, 19.099587154553038 ], [ 72.901002508855811, 19.104102899519045 ], [ 72.905752872893558, 19.104157006339573 ], [ 72.905809718428614, 19.099641247620212 ], [ 72.901059483102614, 19.099587154553038 ] ] ] } },
{ "type": "Feature", "properties": { "grid_id": "MUM_001274", "locality": "Mulund West", "centroid_lat": 19.178585, "centroid_lon": 72.897684, "area_sqkm": 0.25 }, "geometry": { "type": "Polygon", "coordinates": [ [ [ 72.901002508855811, 19.104102899519045 ], [ 72.900945518550245, 19.108618642109253 ], [ 72.905696011335991, 19.108672762683849 ], [ 72.905752872893558, 19.104157006339573 ], [ 72.901002508855811, 19.104102899519045 ] ] ] } },
{ "type": "Feature", "properties": { "grid_id": "MUM_001275", "locality": "Mulund West", "centroid_lat": 19.183101, "centroid_lon": 72.897627, "area_sqkm": 0.25 }, "geometry": { "type": "Polygon", "coordinates": [ [ [ 72.900945518550245, 19.108618642109253 ], [ 72.900888512183926, 19.113134382323164 ], [ 72.905639133753922, 19.113188516652556 ], [ 72.905696011335991, 19.108672762683849 ], [ 72.900945518550245, 19.108618642109253 ] ] ] } },
{ "type": "Feature", "properties": { "grid_id": "MUM_001276", "locality": "Mulund West", "centroid_lat": 19.187617, "centroid_lon": 72.897569, "area_sqkm": 0.25 }, "geometry": { "type": "Polygon", "coordinates": [ [ [ 72.900888512183926, 19.113134382323164 ], [ 72.900831489754822, 19.117650120160295 ], [ 72.90558224014535, 19.117704268245198 ], [ 72.905639133753922, 19.113188516652556 ], [ 72.900888512183926, 19.113134382323164 ] ] ] } },
{ "type": "Feature", "properties": { "grid_id": "MUM_001277", "locality": "Mulund West", "centroid_lat": 19.192132, "centroid_lon": 72.897512, "area_sqkm": 0.25 }, "geometry": { "type": "Polygon", "coordinates": [ [ [ 72.900831489754822, 19.117650120160295 ], [ 72.900774451260943, 19.122165855620157 ], [ 72.905525330508269, 19.122220017461292 ], [ 72.90558224014535, 19.117704268245198 ], [ 72.900831489754822, 19.117650120160295 ] ] ] } },
{ "type": "Feature", "properties": { "grid_id": "MUM_001278", "locality": "Mulund West", "centroid_lat": 19.196648, "centroid_lon": 72.897454, "area_sqkm": 0.25 }, "geometry": { "type": "Polygon", "coordinates": [ [ [ 72.900774451260943, 19.122165855620157 ], [ 72.900717396700301, 19.126681588702247 ], [ 72.90546840484069, 19.126735764300342 ], [ 72.905525330508269, 19.122220017461292 ], [ 72.900774451260943, 19.122165855620157 ] ] ] } },
{ "type": "Feature", "properties": { "grid_id": "MUM_001279", "locality": "Mulund West", "centroid_lat": 19.201164, "centroid_lon": 72.897397, "area_sqkm": 0.25 }, "geometry": { "type": "Polygon", "coordinates": [ [ [ 72.900717396700301, 19.126681588702247 ], [ 72.900660326070863, 19.131197319406077 ], [ 72.905411463140638, 19.131251508761853 ], [ 72.90546840484069, 19.126735764300342 ], [ 72.900717396700301, 19.126681588702247 ] ] ] } },
{ "type": "Feature", "properties": { "grid_id": "MUM_001280", "locality": "Mulund West", "centroid_lat": 19.205679, "centroid_lon": 72.89734, "area_sqkm": 0.25 }, "geometry": { "type": "Polygon", "coordinates": [ [ [ 72.900660326070863, 19.131197319406077 ], [ 72.900603239370639, 19.135713047731162 ], [ 72.905354505406052, 19.135767250845337 ], [ 72.905411463140638, 19.131251508761853 ], [ 72.900660326070863, 19.131197319406077 ] ] ] } },
{ "type": "Feature", "properties": { "grid_id": "MUM_001281", "locality": "Borivali / Dahisar Subway", "centroid_lat": 19.210195, "centroid_lon": 72.897282, "area_sqkm": 0.25 }, "geometry": { "type": "Polygon", "coordinates": [ [ [ 72.900603239370639, 19.135713047731162 ], [ 72.900546136597626, 19.140228773676998 ], [ 72.905297531634986, 19.1402829905503 ], [ 72.905354505406052, 19.135767250845337 ], [ 72.900603239370639, 19.135713047731162 ] ] ] } },
{ "type": "Feature", "properties": { "grid_id": "MUM_001282", "locality": "Borivali / Dahisar Subway", "centroid_lat": 19.214711, "centroid_lon": 72.897225, "area_sqkm": 0.25 }, "geometry": { "type": "Polygon", "coordinates": [ [ [ 72.900546136597626, 19.140228773676998 ], [ 72.900489017749805, 19.144744497243117 ], [ 72.905240541825393, 19.144798727876246 ], [ 72.905297531634986, 19.1402829905503 ], [ 72.900546136597626, 19.140228773676998 ] ] ] } },
{ "type": "Feature", "properties": { "grid_id": "MUM_001283", "locality": "Borivali / Dahisar Subway", "centroid_lat": 19.219226, "centroid_lon": 72.897167, "area_sqkm": 0.25 }, "geometry": { "type": "Polygon", "coordinates": [ [ [ 72.900489017749805, 19.144744497243117 ], [ 72.900431882825188, 19.149260218428996 ], [ 72.905183535975311, 19.149314462822705 ], [ 72.905240541825393, 19.144798727876246 ], [ 72.900489017749805, 19.144744497243117 ] ] ] } },
{ "type": "Feature", "properties": { "grid_id": "MUM_001284", "locality": "Borivali / Dahisar Subway", "centroid_lat": 19.223742, "centroid_lon": 72.89711, "area_sqkm": 0.25 }, "geometry": { "type": "Polygon", "coordinates": [ [ [ 72.900431882825188, 19.149260218428996 ], [ 72.900374731821728, 19.153775937234165 ], [ 72.90512651408271, 19.153830195389158 ], [ 72.905183535975311, 19.149314462822705 ], [ 72.900431882825188, 19.149260218428996 ] ] ] } },
{ "type": "Feature", "properties": { "grid_id": "MUM_001285", "locality": "Borivali / Dahisar Subway", "centroid_lat": 19.228258, "centroid_lon": 72.897052, "area_sqkm": 0.25 }, "geometry": { "type": "Polygon", "coordinates": [ [ [ 72.900374731821728, 19.153775937234165 ], [ 72.900317564737463, 19.158291653658125 ], [ 72.905069476145584, 19.158345925575134 ], [ 72.90512651408271, 19.153830195389158 ], [ 72.900374731821728, 19.153775937234165 ] ] ] } },
{ "type": "Feature", "properties": { "grid_id": "MUM_001286", "locality": "Borivali / Dahisar Subway", "centroid_lat": 19.232773, "centroid_lon": 72.896995, "area_sqkm": 0.25 }, "geometry": { "type": "Polygon", "coordinates": [ [ [ 72.900317564737463, 19.158291653658125 ], [ 72.900260381570348, 19.162807367700388 ], [ 72.905012422161931, 19.16286165338013 ], [ 72.905069476145584, 19.158345925575134 ], [ 72.900317564737463, 19.158291653658125 ] ] ] } },
{ "type": "Feature", "properties": { "grid_id": "MUM_001287", "locality": "Borivali / Dahisar Subway", "centroid_lat": 19.237289, "centroid_lon": 72.896937, "area_sqkm": 0.25 }, "geometry": { "type": "Polygon", "coordinates": [ [ [ 72.900260381570348, 19.162807367700388 ], [ 72.900203182318378, 19.167323079360465 ], [ 72.904955352129761, 19.167377378803661 ], [ 72.905012422161931, 19.16286165338013 ], [ 72.900260381570348, 19.162807367700388 ] ] ] } },
{ "type": "Feature", "properties": { "grid_id": "MUM_001288", "locality": "Borivali / Dahisar Subway", "centroid_lat": 19.241805, "centroid_lon": 72.89688, "area_sqkm": 0.25 }, "geometry": { "type": "Polygon", "coordinates": [ [ [ 72.900203182318378, 19.167323079360465 ], [ 72.900145966979565, 19.171838788637849 ], [ 72.904898266047056, 19.171893101845232 ], [ 72.904955352129761, 19.167377378803661 ], [ 72.900203182318378, 19.167323079360465 ] ] ] } },
{ "type": "Feature", "properties": { "grid_id": "MUM_001289", "locality": "Borivali / Dahisar Subway", "centroid_lat": 19.24632, "centroid_lon": 72.896822, "area_sqkm": 0.25 }, "geometry": { "type": "Polygon", "coordinates": [ [ [ 72.900145966979565, 19.171838788637849 ], [ 72.900088735551876, 19.176354495532063 ], [ 72.904841163911811, 19.176408822504357 ], [ 72.904898266047056, 19.171893101845232 ], [ 72.900145966979565, 19.171838788637849 ] ] ] } },
{ "type": "Feature", "properties": { "grid_id": "MUM_001290", "locality": "Borivali / Dahisar Subway", "centroid_lat": 19.250836, "centroid_lon": 72.896765, "area_sqkm": 0.25 }, "geometry": { "type": "Polygon", "coordinates": [ [ [ 72.900088735551876, 19.176354495532063 ], [ 72.900031488033306, 19.180870200042616 ], [ 72.90478404572201, 19.180924540780538 ], [ 72.904841163911811, 19.176408822504357 ], [ 72.900088735551876, 19.176354495532063 ] ] ] } },
{ "type": "Feature", "properties": { "grid_id": "MUM_001291", "locality": "Borivali / Dahisar Subway", "centroid_lat": 19.255352, "centroid_lon": 72.896707, "area_sqkm": 0.25 }, "geometry": { "type": "Polygon", "coordinates": [ [ [ 72.900031488033306, 19.180870200042616 ], [ 72.89997422442184, 19.185385902169017 ], [ 72.904726911475649, 19.185440256673292 ], [ 72.90478404572201, 19.180924540780538 ], [ 72.900031488033306, 19.180870200042616 ] ] ] } },
{ "type": "Feature", "properties": { "grid_id": "MUM_001292", "locality": "Borivali / Dahisar Subway", "centroid_lat": 19.259867, "centroid_lon": 72.89665, "area_sqkm": 0.25 }, "geometry": { "type": "Polygon", "coordinates": [ [ [ 72.89997422442184, 19.185385902169017 ], [ 72.899916944715471, 19.189901601910766 ], [ 72.904669761170709, 19.189955970182123 ], [ 72.904726911475649, 19.185440256673292 ], [ 72.89997422442184, 19.185385902169017 ] ] ] } },
{ "type": "Feature", "properties": { "grid_id": "MUM_001293", "locality": "Borivali / Dahisar Subway", "centroid_lat": 19.264383, "centroid_lon": 72.896592, "area_sqkm": 0.25 }, "geometry": { "type": "Polygon", "coordinates": [ [ [ 72.899916944715471, 19.189901601910766 ], [ 72.899859648912155, 19.194417299267371 ], [ 72.904612594805201, 19.194471681306535 ], [ 72.904669761170709, 19.189955970182123 ], [ 72.899916944715471, 19.189901601910766 ] ] ] } },
{ "type": "Feature", "properties": { "grid_id": "MUM_001294", "locality": "Borivali / Dahisar Subway", "centroid_lat": 19.268899, "centroid_lon": 72.896534, "area_sqkm": 0.25 }, "geometry": { "type": "Polygon", "coordinates": [ [ [ 72.899859648912155, 19.194417299267371 ], [ 72.899802337009916, 19.198932994238358 ], [ 72.904555412377093, 19.198987390046053 ], [ 72.904612594805201, 19.194471681306535 ], [ 72.899859648912155, 19.194417299267371 ] ] ] } },
{ "type": "Feature", "properties": { "grid_id": "MUM_001295", "locality": "Borivali / Dahisar Subway", "centroid_lat": 19.273414, "centroid_lon": 72.896477, "area_sqkm": 0.25 }, "geometry": { "type": "Polygon", "coordinates": [ [ [ 72.899802337009916, 19.198932994238358 ], [ 72.899745009006708, 19.203448686823222 ], [ 72.904498213884381, 19.203503096400169 ], [ 72.904555412377093, 19.198987390046053 ], [ 72.899802337009916, 19.198932994238358 ] ] ] } },
{ "type": "Feature", "properties": { "grid_id": "MUM_001296", "locality": "Borivali / Dahisar Subway", "centroid_lat": 19.27671, "centroid_lon": 72.895961, "area_sqkm": 0.25 }, "geometry": { "type": "Polygon", "coordinates": [ [ [ 72.899745009006708, 19.203448686823222 ], [ 72.899687664900526, 19.207964377021476 ], [ 72.904440999325075, 19.2080188003684 ], [ 72.904498213884381, 19.203503096400169 ], [ 72.899745009006708, 19.203448686823222 ] ] ] } },
{ "type": "Feature", "properties": { "grid_id": "MUM_001297", "locality": "Chembur East", "centroid_lat": 19.035562, "centroid_lon": 72.902982, "area_sqkm": 0.25 }, "geometry": { "type": "Polygon", "coordinates": [ [ [ 72.899687664900526, 19.207964377021476 ], [ 72.899630304689367, 19.212480064832622 ], [ 72.90438376869713, 19.212534501950259 ], [ 72.904440999325075, 19.2080188003684 ], [ 72.899687664900526, 19.207964377021476 ] ] ] } },
{ "type": "Feature", "properties": { "grid_id": "MUM_001298", "locality": "Chembur East", "centroid_lat": 19.038717, "centroid_lon": 72.904135, "area_sqkm": 0.25 }, "geometry": { "type": "Polygon", "coordinates": [ [ [ 72.899630304689367, 19.212480064832622 ], [ 72.8995729283712, 19.216995750256185 ], [ 72.904326521998541, 19.217050201145245 ], [ 72.90438376869713, 19.212534501950259 ], [ 72.899630304689367, 19.212480064832622 ] ] ] } },
{ "type": "Feature", "properties": { "grid_id": "MUM_001299", "locality": "Chembur East", "centroid_lat": 19.043167, "centroid_lon": 72.904145, "area_sqkm": 0.25 }, "geometry": { "type": "Polygon", "coordinates": [ [ [ 72.8995729283712, 19.216995750256185 ], [ 72.899515535943976, 19.221511433291656 ], [ 72.904269259227291, 19.221565897952882 ], [ 72.904326521998541, 19.217050201145245 ], [ 72.8995729283712, 19.216995750256185 ] ] ] } },
{ "type": "Feature", "properties": { "grid_id": "MUM_001300", "locality": "Chembur East", "centroid_lat": 19.047683, "centroid_lon": 72.904088, "area_sqkm": 0.25 }, "geometry": { "type": "Polygon", "coordinates": [ [ [ 72.899515535943976, 19.221511433291656 ], [ 72.899458127405737, 19.226027113938557 ], [ 72.904211980381376, 19.226081592372665 ], [ 72.904269259227291, 19.221565897952882 ], [ 72.899515535943976, 19.221511433291656 ] ] ] } },
{ "type": "Feature", "properties": { "grid_id": "MUM_001301", "locality": "Chembur East", "centroid_lat": 19.052199, "centroid_lon": 72.904031, "area_sqkm": 0.25 }, "geometry": { "type": "Polygon", "coordinates": [ [ [ 72.899458127405737, 19.226027113938557 ], [ 72.899400702754406, 19.230542792196399 ], [ 72.904154685458778, 19.230597284404116 ], [ 72.904211980381376, 19.226081592372665 ], [ 72.899458127405737, 19.226027113938557 ] ] ] } },
{ "type": "Feature", "properties": { "grid_id": "MUM_001302", "locality": "Chembur East", "centroid_lat": 19.056714, "centroid_lon": 72.903974, "area_sqkm": 0.25 }, "geometry": { "type": "Polygon", "coordinates": [ [ [ 72.899400702754406, 19.230542792196399 ], [ 72.899343261988008, 19.235058468064675 ], [ 72.904097374457479, 19.235112974046729 ], [ 72.904154685458778, 19.230597284404116 ], [ 72.899400702754406, 19.230542792196399 ] ] ] } },
{ "type": "Feature", "properties": { "grid_id": "MUM_001303", "locality": "Chembur East", "centroid_lat": 19.06123, "centroid_lon": 72.903918, "area_sqkm": 0.25 }, "geometry": { "type": "Polygon", "coordinates": [ [ [ 72.899343261988008, 19.235058468064675 ], [ 72.899285805104469, 19.239574141542914 ], [ 72.90404004737546, 19.239628661300035 ], [ 72.904097374457479, 19.235112974046729 ], [ 72.899343261988008, 19.235058468064675 ] ] ] } },
{ "type": "Feature", "properties": { "grid_id": "MUM_001304", "locality": "Chembur East", "centroid_lat": 19.065746, "centroid_lon": 72.903861, "area_sqkm": 0.25 }, "geometry": { "type": "Polygon", "coordinates": [ [ [ 72.899285805104469, 19.239574141542914 ], [ 72.899228332101828, 19.244089812630612 ], [ 72.903982704210705, 19.24414434616352 ], [ 72.90404004737546, 19.239628661300035 ], [ 72.899285805104469, 19.239574141542914 ] ] ] } },
{ "type": "Feature", "properties": { "grid_id": "MUM_001305", "locality": "Chembur East", "centroid_lat": 19.070262, "centroid_lon": 72.903804, "area_sqkm": 0.25 }, "geometry": { "type": "Polygon", "coordinates": [ [ [ 72.899228332101828, 19.244089812630612 ], [ 72.899170842978009, 19.248605481327271 ], [ 72.903925344961166, 19.248660028636706 ], [ 72.903982704210705, 19.24414434616352 ], [ 72.899228332101828, 19.244089812630612 ] ] ] } },
{ "type": "Feature", "properties": { "grid_id": "MUM_001306", "locality": "Chembur East", "centroid_lat": 19.074778, "centroid_lon": 72.903747, "area_sqkm": 0.25 }, "geometry": { "type": "Polygon", "coordinates": [ [ [ 72.899170842978009, 19.248605481327271 ], [ 72.899113337731009, 19.253121147632427 ], [ 72.903867969624883, 19.253175708719112 ], [ 72.903925344961166, 19.248660028636706 ], [ 72.899170842978009, 19.248605481327271 ] ] ] } },
{ "type": "Feature", "properties": { "grid_id": "MUM_001307", "locality": "Ghatkopar West", "centroid_lat": 19.079293, "centroid_lon": 72.90369, "area_sqkm": 0.25 }, "geometry": { "type": "Polygon", "coordinates": [ [ [ 72.899113337731009, 19.253121147632427 ], [ 72.899055816358825, 19.257636811545574 ], [ 72.903810578199796, 19.257691386410229 ], [ 72.903867969624883, 19.253175708719112 ], [ 72.899113337731009, 19.253121147632427 ] ] ] } },
{ "type": "Feature", "properties": { "grid_id": "MUM_001308", "locality": "Ghatkopar West", "centroid_lat": 19.083809, "centroid_lon": 72.903634, "area_sqkm": 0.25 }, "geometry": { "type": "Polygon", "coordinates": [ [ [ 72.899055816358825, 19.257636811545574 ], [ 72.898998278859395, 19.262152473066219 ], [ 72.903753170683913, 19.262207061709578 ], [ 72.903810578199796, 19.257691386410229 ], [ 72.899055816358825, 19.257636811545574 ] ] ] } },
{ "type": "Feature", "properties": { "grid_id": "MUM_001309", "locality": "Ghatkopar West", "centroid_lat": 19.088325, "centroid_lon": 72.903577, "area_sqkm": 0.25 }, "geometry": { "type": "Polygon", "coordinates": [ [ [ 72.898998278859395, 19.262152473066219 ], [ 72.898940725230716, 19.266668132193875 ], [ 72.903695747075162, 19.266722734616668 ], [ 72.903753170683913, 19.262207061709578 ], [ 72.898998278859395, 19.262152473066219 ] ] ] } },
{ "type": "Feature", "properties": { "grid_id": "MUM_001310", "locality": "Ghatkopar West", "centroid_lat": 19.092841, "centroid_lon": 72.90352, "area_sqkm": 0.25 }, "geometry": { "type": "Polygon", "coordinates": [ [ [ 72.898940725230716, 19.266668132193875 ], [ 72.898883155470742, 19.271183788928056 ], [ 72.903638307371565, 19.271238405131008 ], [ 72.903695747075162, 19.266722734616668 ], [ 72.898940725230716, 19.266668132193875 ] ] ] } },
{ "type": "Feature", "properties": { "grid_id": "MUM_001311", "locality": "Ghatkopar West", "centroid_lat": 19.097356, "centroid_lon": 72.903463, "area_sqkm": 0.2229 }, "geometry": { "type": "Polygon", "coordinates": [ [ [ 72.903638307371565, 19.271238405131008 ], [ 72.898883155470742, 19.271183788928056 ], [ 72.898825569577482, 19.275699443268259 ], [ 72.900427184280957, 19.275717856879098 ], [ 72.903599660257157, 19.274275967207341 ], [ 72.903638307371565, 19.271238405131008 ] ] ] } },
{ "type": "Feature", "properties": { "grid_id": "MUM_001312", "locality": "Ghatkopar West", "centroid_lat": 19.101872, "centroid_lon": 72.903406, "area_sqkm": 0.0932 }, "geometry": { "type": "Polygon", "coordinates": [ [ [ 72.90654725324427, 19.040936168360282 ], [ 72.910613747020975, 19.040982241502292 ], [ 72.91, 19.04 ], [ 72.9065910413469, 19.037443999047017 ], [ 72.90654725324427, 19.040936168360282 ] ] ] } },
{ "type": "Feature", "properties": { "grid_id": "MUM_001313", "locality": "Saki Naka / Andheri East", "centroid_lat": 19.106388, "centroid_lon": 72.903349, "area_sqkm": 0.2458 }, "geometry": { "type": "Polygon", "coordinates": [ [ [ 72.90654725324427, 19.040936168360282 ], [ 72.906490615820275, 19.045451957910892 ], [ 72.911239325428696, 19.045505764007274 ], [ 72.911282539016398, 19.042052562949973 ], [ 72.910613747020975, 19.040982241502292 ], [ 72.90654725324427, 19.040936168360282 ] ] ] } },
{ "type": "Feature", "properties": { "grid_id": "MUM_001314", "locality": "Saki Naka / Andheri East", "centroid_lat": 19.110904, "centroid_lon": 72.903292, "area_sqkm": 0.25 }, "geometry": { "type": "Polygon", "coordinates": [ [ [ 72.906490615820275, 19.045451957910892 ], [ 72.906433962399703, 19.049967745092811 ], [ 72.911182800287065, 19.050021564902838 ], [ 72.911239325428696, 19.045505764007274 ], [ 72.906490615820275, 19.045451957910892 ] ] ] } },
{ "type": "Feature", "properties": { "grid_id": "MUM_001315", "locality": "Powai / Hiranandani", "centroid_lat": 19.115419, "centroid_lon": 72.903235, "area_sqkm": 0.25 }, "geometry": { "type": "Polygon", "coordinates": [ [ [ 72.906433962399703, 19.049967745092811 ], [ 72.906377292980522, 19.054483529905564 ], [ 72.911126259183064, 19.054537363429947 ], [ 72.911182800287065, 19.050021564902838 ], [ 72.906433962399703, 19.049967745092811 ] ] ] } },
{ "type": "Feature", "properties": { "grid_id": "MUM_001316", "locality": "Powai / Hiranandani", "centroid_lat": 19.119935, "centroid_lon": 72.903178, "area_sqkm": 0.25 }, "geometry": { "type": "Polygon", "coordinates": [ [ [ 72.906377292980522, 19.054483529905564 ], [ 72.906320607560787, 19.05899931234865 ], [ 72.911069702114688, 19.059053159588103 ], [ 72.911126259183064, 19.054537363429947 ], [ 72.906377292980522, 19.054483529905564 ] ] ] } },
{ "type": "Feature", "properties": { "grid_id": "MUM_001317", "locality": "Powai / Hiranandani", "centroid_lat": 19.124451, "centroid_lon": 72.903121, "area_sqkm": 0.25 }, "geometry": { "type": "Polygon", "coordinates": [ [ [ 72.906320607560787, 19.05899931234865 ], [ 72.906263906138477, 19.063515092421571 ], [ 72.911013129079976, 19.063568953376819 ], [ 72.911069702114688, 19.059053159588103 ], [ 72.906320607560787, 19.05899931234865 ] ] ] } },
{ "type": "Feature", "properties": { "grid_id": "MUM_001318", "locality": "Powai / Hiranandani", "centroid_lat": 19.128967, "centroid_lon": 72.903064, "area_sqkm": 0.25 }, "geometry": { "type": "Polygon", "coordinates": [ [ [ 72.906263906138477, 19.063515092421571 ], [ 72.906207188711619, 19.068030870123845 ], [ 72.910956540076924, 19.068084744795598 ], [ 72.911013129079976, 19.063568953376819 ], [ 72.906263906138477, 19.063515092421571 ] ] ] } },
{ "type": "Feature", "properties": { "grid_id": "MUM_001319", "locality": "Powai / Hiranandani", "centroid_lat": 19.133482, "centroid_lon": 72.903007, "area_sqkm": 0.25 }, "geometry": { "type": "Polygon", "coordinates": [ [ [ 72.906207188711619, 19.068030870123845 ], [ 72.906150455278194, 19.072546645454981 ], [ 72.910899935103544, 19.072600533843953 ], [ 72.910956540076924, 19.068084744795598 ], [ 72.906207188711619, 19.068030870123845 ] ] ] } },
{ "type": "Feature", "properties": { "grid_id": "MUM_001320", "locality": "Powai / Hiranandani", "centroid_lat": 19.137998, "centroid_lon": 72.90295, "area_sqkm": 0.25 }, "geometry": { "type": "Polygon", "coordinates": [ [ [ 72.906150455278194, 19.072546645454981 ], [ 72.906093705836255, 19.077062418414474 ], [ 72.910843314157859, 19.077116320521387 ], [ 72.910899935103544, 19.072600533843953 ], [ 72.906150455278194, 19.072546645454981 ] ] ] } },
{ "type": "Feature", "properties": { "grid_id": "MUM_001321", "locality": "Powai / Hiranandani", "centroid_lat": 19.142514, "centroid_lon": 72.902893, "area_sqkm": 0.25 }, "geometry": { "type": "Polygon", "coordinates": [ [ [ 72.906093705836255, 19.077062418414474 ], [ 72.906036940383771, 19.081578189001846 ], [ 72.910786677237866, 19.081632104827424 ], [ 72.910843314157859, 19.077116320521387 ], [ 72.906093705836255, 19.077062418414474 ] ] ] } },
{ "type": "Feature", "properties": { "grid_id": "MUM_001322", "locality": "Powai / Hiranandani", "centroid_lat": 19.147029, "centroid_lon": 72.902836, "area_sqkm": 0.25 }, "geometry": { "type": "Polygon", "coordinates": [ [ [ 72.906036940383771, 19.081578189001846 ], [ 72.905980158918751, 19.086093957216598 ], [ 72.910730024341589, 19.086147886761548 ], [ 72.910786677237866, 19.081632104827424 ], [ 72.906036940383771, 19.081578189001846 ] ] ] } },
{ "type": "Feature", "properties": { "grid_id": "MUM_001323", "locality": "Powai / Hiranandani", "centroid_lat": 19.151545, "centroid_lon": 72.902779, "area_sqkm": 0.25 }, "geometry": { "type": "Polygon", "coordinates": [ [ [ 72.905980158918751, 19.086093957216598 ], [ 72.905923361439221, 19.090609723058236 ], [ 72.910673355467026, 19.090663666323284 ], [ 72.910730024341589, 19.086147886761548 ], [ 72.905980158918751, 19.086093957216598 ] ] ] } },
{ "type": "Feature", "properties": { "grid_id": "MUM_001324", "locality": "Powai / Hiranandani", "centroid_lat": 19.156061, "centroid_lon": 72.902722, "area_sqkm": 0.25 }, "geometry": { "type": "Polygon", "coordinates": [ [ [ 72.905923361439221, 19.090609723058236 ], [ 72.905866547943177, 19.095125486526271 ], [ 72.910616670612214, 19.095179443512137 ], [ 72.910673355467026, 19.090663666323284 ], [ 72.905923361439221, 19.090609723058236 ] ] ] } },
{ "type": "Feature", "properties": { "grid_id": "MUM_001325", "locality": "Powai / Hiranandani", "centroid_lat": 19.160577, "centroid_lon": 72.902665, "area_sqkm": 0.25 }, "geometry": { "type": "Polygon", "coordinates": [ [ [ 72.905866547943177, 19.095125486526271 ], [ 72.905809718428614, 19.099641247620212 ], [ 72.910559969775136, 19.0996952183276 ], [ 72.910616670612214, 19.095179443512137 ], [ 72.905866547943177, 19.095125486526271 ] ] ] } },
{ "type": "Feature", "properties": { "grid_id": "MUM_001326", "locality": "Powai / Hiranandani", "centroid_lat": 19.165092, "centroid_lon": 72.902608, "area_sqkm": 0.25 }, "geometry": { "type": "Polygon", "coordinates": [ [ [ 72.905809718428614, 19.099641247620212 ], [ 72.905752872893558, 19.104157006339573 ], [ 72.910503252953802, 19.104210990769207 ], [ 72.910559969775136, 19.0996952183276 ], [ 72.905809718428614, 19.099641247620212 ] ] ] } },
{ "type": "Feature", "properties": { "grid_id": "MUM_001327", "locality": "Powai / Hiranandani", "centroid_lat": 19.169608, "centroid_lon": 72.902551, "area_sqkm": 0.25 }, "geometry": { "type": "Polygon", "coordinates": [ [ [ 72.905752872893558, 19.104157006339573 ], [ 72.905696011335991, 19.108672762683849 ], [ 72.910446520146223, 19.108726760836458 ], [ 72.910503252953802, 19.104210990769207 ], [ 72.905752872893558, 19.104157006339573 ] ] ] } },
{ "type": "Feature", "properties": { "grid_id": "MUM_001328", "locality": "Mulund West", "centroid_lat": 19.174124, "centroid_lon": 72.902494, "area_sqkm": 0.25 }, "geometry": { "type": "Polygon", "coordinates": [ [ [ 72.905696011335991, 19.108672762683849 ], [ 72.905639133753922, 19.113188516652556 ], [ 72.91038977135041, 19.113242528528847 ], [ 72.910446520146223, 19.108726760836458 ], [ 72.905696011335991, 19.108672762683849 ] ] ] } },
{ "type": "Feature", "properties": { "grid_id": "MUM_001329", "locality": "Mulund West", "centroid_lat": 19.17864, "centroid_lon": 72.902436, "area_sqkm": 0.25 }, "geometry": { "type": "Polygon", "coordinates": [ [ [ 72.905639133753922, 19.113188516652556 ], [ 72.90558224014535, 19.117704268245198 ], [ 72.910333006564358, 19.117758293845903 ], [ 72.91038977135041, 19.113242528528847 ], [ 72.905639133753922, 19.113188516652556 ] ] ] } },
{ "type": "Feature", "properties": { "grid_id": "MUM_001330", "locality": "Mulund West", "centroid_lat": 19.183155, "centroid_lon": 72.902379, "area_sqkm": 0.25 }, "geometry": { "type": "Polygon", "coordinates": [ [ [ 72.90558224014535, 19.117704268245198 ], [ 72.905525330508269, 19.122220017461292 ], [ 72.910276225786092, 19.12227405678712 ], [ 72.910333006564358, 19.117758293845903 ], [ 72.90558224014535, 19.117704268245198 ] ] ] } },
{ "type": "Feature", "properties": { "grid_id": "MUM_001331", "locality": "Mulund West", "centroid_lat": 19.187671, "centroid_lon": 72.902322, "area_sqkm": 0.25 }, "geometry": { "type": "Polygon", "coordinates": [ [ [ 72.905525330508269, 19.122220017461292 ], [ 72.90546840484069, 19.126735764300342 ], [ 72.910219429013608, 19.126789817352016 ], [ 72.910276225786092, 19.12227405678712 ], [ 72.905525330508269, 19.122220017461292 ] ] ] } },
{ "type": "Feature", "properties": { "grid_id": "MUM_001332", "locality": "Mulund West", "centroid_lat": 19.192187, "centroid_lon": 72.902265, "area_sqkm": 0.25 }, "geometry": { "type": "Polygon", "coordinates": [ [ [ 72.90546840484069, 19.126735764300342 ], [ 72.905411463140638, 19.131251508761853 ], [ 72.910162616244904, 19.13130557554009 ], [ 72.910219429013608, 19.126789817352016 ], [ 72.90546840484069, 19.126735764300342 ] ] ] } },
{ "type": "Feature", "properties": { "grid_id": "MUM_001333", "locality": "Mulund West", "centroid_lat": 19.196702, "centroid_lon": 72.902207, "area_sqkm": 0.25 }, "geometry": { "type": "Polygon", "coordinates": [ [ [ 72.905411463140638, 19.131251508761853 ], [ 72.905354505406052, 19.135767250845337 ], [ 72.910105787477974, 19.135821331350858 ], [ 72.910162616244904, 19.13130557554009 ], [ 72.905411463140638, 19.131251508761853 ] ] ] } },
{ "type": "Feature", "properties": { "grid_id": "MUM_001334", "locality": "Mulund West", "centroid_lat": 19.201218, "centroid_lon": 72.90215, "area_sqkm": 0.25 }, "geometry": { "type": "Polygon", "coordinates": [ [ [ 72.905354505406052, 19.135767250845337 ], [ 72.905297531634986, 19.1402829905503 ], [ 72.910048942710844, 19.14033708478383 ], [ 72.910105787477974, 19.135821331350858 ], [ 72.905354505406052, 19.135767250845337 ] ] ] } },
{ "type": "Feature", "properties": { "grid_id": "MUM_001335", "locality": "Mulund West", "centroid_lat": 19.205734, "centroid_lon": 72.902093, "area_sqkm": 0.25 }, "geometry": { "type": "Polygon", "coordinates": [ [ [ 72.905297531634986, 19.1402829905503 ], [ 72.905240541825393, 19.144798727876246 ], [ 72.909992081941496, 19.144852835838513 ], [ 72.910048942710844, 19.14033708478383 ], [ 72.905297531634986, 19.1402829905503 ] ] ] } },
{ "type": "Feature", "properties": { "grid_id": "MUM_001336", "locality": "Mulund West", "centroid_lat": 19.210249, "centroid_lon": 72.902036, "area_sqkm": 0.25 }, "geometry": { "type": "Polygon", "coordinates": [ [ [ 72.905240541825393, 19.144798727876246 ], [ 72.905183535975311, 19.149314462822705 ], [ 72.909935205167955, 19.14936858451442 ], [ 72.909992081941496, 19.144852835838513 ], [ 72.905240541825393, 19.144798727876246 ] ] ] } },
{ "type": "Feature", "properties": { "grid_id": "MUM_001337", "locality": "Borivali / Dahisar Subway", "centroid_lat": 19.214765, "centroid_lon": 72.901978, "area_sqkm": 0.25 }, "geometry": { "type": "Polygon", "coordinates": [ [ [ 72.905183535975311, 19.149314462822705 ], [ 72.90512651408271, 19.153830195389158 ], [ 72.909878312388201, 19.153884330811042 ], [ 72.909935205167955, 19.14936858451442 ], [ 72.905183535975311, 19.149314462822705 ] ] ] } },
{ "type": "Feature", "properties": { "grid_id": "MUM_001338", "locality": "Borivali / Dahisar Subway", "centroid_lat": 19.219281, "centroid_lon": 72.901921, "area_sqkm": 0.25 }, "geometry": { "type": "Polygon", "coordinates": [ [ [ 72.90512651408271, 19.153830195389158 ], [ 72.905069476145584, 19.158345925575134 ], [ 72.909821403600219, 19.158400074727904 ], [ 72.909878312388201, 19.153884330811042 ], [ 72.90512651408271, 19.153830195389158 ] ] ] } },
{ "type": "Feature", "properties": { "grid_id": "MUM_001339", "locality": "Borivali / Dahisar Subway", "centroid_lat": 19.223797, "centroid_lon": 72.901864, "area_sqkm": 0.25 }, "geometry": { "type": "Polygon", "coordinates": [ [ [ 72.905069476145584, 19.158345925575134 ], [ 72.905012422161931, 19.16286165338013 ], [ 72.909764478802046, 19.162915816264519 ], [ 72.909821403600219, 19.158400074727904 ], [ 72.905069476145584, 19.158345925575134 ] ] ] } },
{ "type": "Feature", "properties": { "grid_id": "MUM_001340", "locality": "Borivali / Dahisar Subway", "centroid_lat": 19.228312, "centroid_lon": 72.901806, "area_sqkm": 0.25 }, "geometry": { "type": "Polygon", "coordinates": [ [ [ 72.905012422161931, 19.16286165338013 ], [ 72.904955352129761, 19.167377378803661 ], [ 72.909707537991679, 19.167431555420379 ], [ 72.909764478802046, 19.162915816264519 ], [ 72.905012422161931, 19.16286165338013 ] ] ] } },
{ "type": "Feature", "properties": { "grid_id": "MUM_001341", "locality": "Borivali / Dahisar Subway", "centroid_lat": 19.232828, "centroid_lon": 72.901749, "area_sqkm": 0.25 }, "geometry": { "type": "Polygon", "coordinates": [ [ [ 72.904955352129761, 19.167377378803661 ], [ 72.904898266047056, 19.171893101845232 ], [ 72.909650581167085, 19.171947292195011 ], [ 72.909707537991679, 19.167431555420379 ], [ 72.904955352129761, 19.167377378803661 ] ] ] } },
{ "type": "Feature", "properties": { "grid_id": "MUM_001342", "locality": "Borivali / Dahisar Subway", "centroid_lat": 19.237344, "centroid_lon": 72.901692, "area_sqkm": 0.25 }, "geometry": { "type": "Polygon", "coordinates": [ [ [ 72.904898266047056, 19.171893101845232 ], [ 72.904841163911811, 19.176408822504357 ], [ 72.909593608326276, 19.176463026587918 ], [ 72.909650581167085, 19.171947292195011 ], [ 72.904898266047056, 19.171893101845232 ] ] ] } },
{ "type": "Feature", "properties": { "grid_id": "MUM_001343", "locality": "Borivali / Dahisar Subway", "centroid_lat": 19.241859, "centroid_lon": 72.901634, "area_sqkm": 0.25 }, "geometry": { "type": "Polygon", "coordinates": [ [ [ 72.904841163911811, 19.176408822504357 ], [ 72.90478404572201, 19.180924540780538 ], [ 72.909536619467247, 19.180978758598595 ], [ 72.909593608326276, 19.176463026587918 ], [ 72.904841163911811, 19.176408822504357 ] ] ] } },
{ "type": "Feature", "properties": { "grid_id": "MUM_001344", "locality": "Borivali / Dahisar Subway", "centroid_lat": 19.246375, "centroid_lon": 72.901577, "area_sqkm": 0.25 }, "geometry": { "type": "Polygon", "coordinates": [ [ [ 72.90478404572201, 19.180924540780538 ], [ 72.904726911475649, 19.185440256673292 ], [ 72.909479614588008, 19.185494488226578 ], [ 72.909536619467247, 19.180978758598595 ], [ 72.90478404572201, 19.180924540780538 ] ] ] } },
{ "type": "Feature", "properties": { "grid_id": "MUM_001345", "locality": "Borivali / Dahisar Subway", "centroid_lat": 19.250891, "centroid_lon": 72.901519, "area_sqkm": 0.25 }, "geometry": { "type": "Polygon", "coordinates": [ [ [ 72.904726911475649, 19.185440256673292 ], [ 72.904669761170709, 19.189955970182123 ], [ 72.909422593686514, 19.190010215471354 ], [ 72.909479614588008, 19.185494488226578 ], [ 72.904726911475649, 19.185440256673292 ] ] ] } },
{ "type": "Feature", "properties": { "grid_id": "MUM_001346", "locality": "Borivali / Dahisar Subway", "centroid_lat": 19.255406, "centroid_lon": 72.901462, "area_sqkm": 0.25 }, "geometry": { "type": "Polygon", "coordinates": [ [ [ 72.904669761170709, 19.189955970182123 ], [ 72.904612594805201, 19.194471681306535 ], [ 72.909365556760818, 19.194525940332436 ], [ 72.909422593686514, 19.190010215471354 ], [ 72.904669761170709, 19.189955970182123 ] ] ] } },
{ "type": "Feature", "properties": { "grid_id": "MUM_001347", "locality": "Borivali / Dahisar Subway", "centroid_lat": 19.259922, "centroid_lon": 72.901404, "area_sqkm": 0.25 }, "geometry": { "type": "Polygon", "coordinates": [ [ [ 72.904612594805201, 19.194471681306535 ], [ 72.904555412377093, 19.198987390046053 ], [ 72.909308503808873, 19.199041662809343 ], [ 72.909365556760818, 19.194525940332436 ], [ 72.904612594805201, 19.194471681306535 ] ] ] } },
{ "type": "Feature", "properties": { "grid_id": "MUM_001348", "locality": "Borivali / Dahisar Subway", "centroid_lat": 19.264438, "centroid_lon": 72.901347, "area_sqkm": 0.25 }, "geometry": { "type": "Polygon", "coordinates": [ [ [ 72.904555412377093, 19.198987390046053 ], [ 72.904498213884381, 19.203503096400169 ], [ 72.909251434828676, 19.203557382901579 ], [ 72.909308503808873, 19.199041662809343 ], [ 72.904555412377093, 19.198987390046053 ] ] ] } },
{ "type": "Feature", "properties": { "grid_id": "MUM_001349", "locality": "Borivali / Dahisar Subway", "centroid_lat": 19.268953, "centroid_lon": 72.901289, "area_sqkm": 0.25 }, "geometry": { "type": "Polygon", "coordinates": [ [ [ 72.904498213884381, 19.203503096400169 ], [ 72.904440999325075, 19.2080188003684 ], [ 72.909194349818236, 19.208073100608654 ], [ 72.909251434828676, 19.203557382901579 ], [ 72.904498213884381, 19.203503096400169 ] ] ] } },
{ "type": "Feature", "properties": { "grid_id": "MUM_001350", "locality": "Borivali / Dahisar Subway", "centroid_lat": 19.273252, "centroid_lon": 72.901073, "area_sqkm": 0.25 }, "geometry": { "type": "Polygon", "coordinates": [ [ [ 72.904440999325075, 19.2080188003684 ], [ 72.90438376869713, 19.212534501950259 ], [ 72.909137248775508, 19.212588815930076 ], [ 72.909194349818236, 19.208073100608654 ], [ 72.904440999325075, 19.2080188003684 ] ] ] } },
{ "type": "Feature", "properties": { "grid_id": "MUM_001351", "locality": "Mumbai Central", "centroid_lat": null, "centroid_lon": null, "area_sqkm": 0.25 }, "geometry": { "type": "Polygon", "coordinates": [ [ [ 72.90438376869713, 19.212534501950259 ], [ 72.904326521998541, 19.217050201145245 ], [ 72.909080131698531, 19.217104528865356 ], [ 72.909137248775508, 19.212588815930076 ], [ 72.90438376869713, 19.212534501950259 ] ] ] } },
{ "type": "Feature", "properties": { "grid_id": "MUM_001352", "locality": "Chembur East", "centroid_lat": 19.039753, "centroid_lon": 72.908045, "area_sqkm": 0.25 }, "geometry": { "type": "Polygon", "coordinates": [ [ [ 72.904326521998541, 19.217050201145245 ], [ 72.904269259227291, 19.221565897952882 ], [ 72.909022998585257, 19.221620239414001 ], [ 72.909080131698531, 19.217104528865356 ], [ 72.904326521998541, 19.217050201145245 ] ] ] } },
{ "type": "Feature", "properties": { "grid_id": "MUM_001353", "locality": "Chembur East", "centroid_lat": 19.043253, "centroid_lon": 72.908856, "area_sqkm": 0.25 }, "geometry": { "type": "Polygon", "coordinates": [ [ [ 72.904269259227291, 19.221565897952882 ], [ 72.904211980381376, 19.226081592372665 ], [ 72.908965849433699, 19.226135947575525 ], [ 72.909022998585257, 19.221620239414001 ], [ 72.904269259227291, 19.221565897952882 ] ] ] } },
{ "type": "Feature", "properties": { "grid_id": "MUM_001354", "locality": "Chembur East", "centroid_lat": 19.047737, "centroid_lon": 72.908837, "area_sqkm": 0.25 }, "geometry": { "type": "Polygon", "coordinates": [ [ [ 72.904211980381376, 19.226081592372665 ], [ 72.904154685458778, 19.230597284404116 ], [ 72.908908684241851, 19.230651653349437 ], [ 72.908965849433699, 19.226135947575525 ], [ 72.904211980381376, 19.226081592372665 ] ] ] } },
{ "type": "Feature", "properties": { "grid_id": "MUM_001355", "locality": "Chembur East", "centroid_lat": 19.052253, "centroid_lon": 72.90878, "area_sqkm": 0.25 }, "geometry": { "type": "Polygon", "coordinates": [ [ [ 72.904154685458778, 19.230597284404116 ], [ 72.904097374457479, 19.235112974046729 ], [ 72.908851503007668, 19.235167356735239 ], [ 72.908908684241851, 19.230651653349437 ], [ 72.904154685458778, 19.230597284404116 ] ] ] } },
{ "type": "Feature", "properties": { "grid_id": "MUM_001356", "locality": "Chembur East", "centroid_lat": 19.056768, "centroid_lon": 72.908723, "area_sqkm": 0.25 }, "geometry": { "type": "Polygon", "coordinates": [ [ [ 72.904097374457479, 19.235112974046729 ], [ 72.90404004737546, 19.239628661300035 ], [ 72.90879430572916, 19.239683057732456 ], [ 72.908851503007668, 19.235167356735239 ], [ 72.904097374457479, 19.235112974046729 ] ] ] } },
{ "type": "Feature", "properties": { "grid_id": "MUM_001357", "locality": "Chembur East", "centroid_lat": 19.061284, "centroid_lon": 72.908667, "area_sqkm": 0.25 }, "geometry": { "type": "Polygon", "coordinates": [ [ [ 72.90404004737546, 19.239628661300035 ], [ 72.903982704210705, 19.24414434616352 ], [ 72.908737092404323, 19.244198756340591 ], [ 72.90879430572916, 19.239683057732456 ], [ 72.90404004737546, 19.239628661300035 ] ] ] } },
{ "type": "Feature", "properties": { "grid_id": "MUM_001358", "locality": "Chembur East", "centroid_lat": 19.0658, "centroid_lon": 72.90861, "area_sqkm": 0.25 }, "geometry": { "type": "Polygon", "coordinates": [ [ [ 72.903982704210705, 19.24414434616352 ], [ 72.903925344961166, 19.248660028636706 ], [ 72.908679863031125, 19.248714452559142 ], [ 72.908737092404323, 19.244198756340591 ], [ 72.903982704210705, 19.24414434616352 ] ] ] } },
{ "type": "Feature", "properties": { "grid_id": "MUM_001359", "locality": "Chembur East", "centroid_lat": 19.070316, "centroid_lon": 72.908554, "area_sqkm": 0.25 }, "geometry": { "type": "Polygon", "coordinates": [ [ [ 72.903925344961166, 19.248660028636706 ], [ 72.903867969624883, 19.253175708719112 ], [ 72.908622617607548, 19.253230146387629 ], [ 72.908679863031125, 19.248714452559142 ], [ 72.903925344961166, 19.248660028636706 ] ] ] } },
{ "type": "Feature", "properties": { "grid_id": "MUM_001360", "locality": "Ghatkopar West", "centroid_lat": 19.074831, "centroid_lon": 72.908497, "area_sqkm": 0.25 }, "geometry": { "type": "Polygon", "coordinates": [ [ [ 72.903867969624883, 19.253175708719112 ], [ 72.903810578199796, 19.257691386410229 ], [ 72.908565356131604, 19.257745837825571 ], [ 72.908622617607548, 19.253230146387629 ], [ 72.903867969624883, 19.253175708719112 ] ] ] } },
{ "type": "Feature", "properties": { "grid_id": "MUM_001361", "locality": "Ghatkopar West", "centroid_lat": 19.079347, "centroid_lon": 72.90844, "area_sqkm": 0.25 }, "geometry": { "type": "Polygon", "coordinates": [ [ [ 72.903810578199796, 19.257691386410229 ], [ 72.903753170683913, 19.262207061709578 ], [ 72.908508078601244, 19.262261526872468 ], [ 72.908565356131604, 19.257745837825571 ], [ 72.903810578199796, 19.257691386410229 ] ] ] } },
{ "type": "Feature", "properties": { "grid_id": "MUM_001362", "locality": "Ghatkopar West", "centroid_lat": 19.083863, "centroid_lon": 72.908383, "area_sqkm": 0.25 }, "geometry": { "type": "Polygon", "coordinates": [ [ [ 72.903753170683913, 19.262207061709578 ], [ 72.903695747075162, 19.266722734616668 ], [ 72.90845078501448, 19.266777213527824 ], [ 72.908508078601244, 19.262261526872468 ], [ 72.903753170683913, 19.262207061709578 ] ] ] } },
{ "type": "Feature", "properties": { "grid_id": "MUM_001363", "locality": "Ghatkopar West", "centroid_lat": 19.088379, "centroid_lon": 72.908327, "area_sqkm": 0.25 }, "geometry": { "type": "Polygon", "coordinates": [ [ [ 72.903695747075162, 19.266722734616668 ], [ 72.903638307371565, 19.271238405131008 ], [ 72.908393475369266, 19.271292897791163 ], [ 72.90845078501448, 19.266777213527824 ], [ 72.903695747075162, 19.266722734616668 ] ] ] } },
{ "type": "Feature", "properties": { "grid_id": "MUM_001364", "locality": "Ghatkopar West", "centroid_lat": 19.092895, "centroid_lon": 72.90827, "area_sqkm": 0.1065 }, "geometry": { "type": "Polygon", "coordinates": [ [ [ 72.908393475369266, 19.271292897791163 ], [ 72.903638307371565, 19.271238405131008 ], [ 72.903599660257157, 19.274275967207341 ], [ 72.908383209133063, 19.272101686763701 ], [ 72.908393475369266, 19.271292897791163 ] ] ] } },
{ "type": "Feature", "properties": { "grid_id": "MUM_001365", "locality": "Ghatkopar West", "centroid_lat": 19.09741, "centroid_lon": 72.908213, "area_sqkm": 0.0446 }, "geometry": { "type": "Polygon", "coordinates": [ [ [ 72.911239325428696, 19.045505764007274 ], [ 72.913456008411231, 19.045530838702717 ], [ 72.911282539016398, 19.042052562949973 ], [ 72.911239325428696, 19.045505764007274 ] ] ] } },
{ "type": "Feature", "properties": { "grid_id": "MUM_001366", "locality": "Ghatkopar West", "centroid_lat": 19.101926, "centroid_lon": 72.908156, "area_sqkm": 0.1918 }, "geometry": { "type": "Polygon", "coordinates": [ [ [ 72.911239325428696, 19.045505764007274 ], [ 72.911182800287065, 19.050021564902838 ], [ 72.915931654136827, 19.050075262693319 ], [ 72.915938790279213, 19.049503927440707 ], [ 72.913456008411231, 19.045530838702717 ], [ 72.911239325428696, 19.045505764007274 ] ] ] } },
{ "type": "Feature", "properties": { "grid_id": "MUM_001367", "locality": "Ghatkopar West", "centroid_lat": 19.106442, "centroid_lon": 72.9081, "area_sqkm": 0.25 }, "geometry": { "type": "Polygon", "coordinates": [ [ [ 72.911182800287065, 19.050021564902838 ], [ 72.911126259183064, 19.054537363429947 ], [ 72.91587524134998, 19.054591074903701 ], [ 72.915931654136827, 19.050075262693319 ], [ 72.911182800287065, 19.050021564902838 ] ] ] } },
{ "type": "Feature", "properties": { "grid_id": "MUM_001368", "locality": "Powai / Hiranandani", "centroid_lat": 19.110958, "centroid_lon": 72.908043, "area_sqkm": 0.25 }, "geometry": { "type": "Polygon", "coordinates": [ [ [ 72.911126259183064, 19.054537363429947 ], [ 72.911069702114688, 19.059053159588103 ], [ 72.915818812634967, 19.059106884745844 ], [ 72.91587524134998, 19.054591074903701 ], [ 72.911126259183064, 19.054537363429947 ] ] ] } },
{ "type": "Feature", "properties": { "grid_id": "MUM_001369", "locality": "Powai / Hiranandani", "centroid_lat": 19.115473, "centroid_lon": 72.907986, "area_sqkm": 0.25 }, "geometry": { "type": "Polygon", "coordinates": [ [ [ 72.911069702114688, 19.059053159588103 ], [ 72.911013129079976, 19.063568953376819 ], [ 72.915762367989814, 19.063622692219262 ], [ 72.915818812634967, 19.059106884745844 ], [ 72.911069702114688, 19.059053159588103 ] ] ] } },
{ "type": "Feature", "properties": { "grid_id": "MUM_001370", "locality": "Powai / Hiranandani", "centroid_lat": 19.119989, "centroid_lon": 72.907929, "area_sqkm": 0.25 }, "geometry": { "type": "Polygon", "coordinates": [ [ [ 72.911013129079976, 19.063568953376819 ], [ 72.910956540076924, 19.068084744795598 ], [ 72.915705907412544, 19.068138497323456 ], [ 72.915762367989814, 19.063622692219262 ], [ 72.911013129079976, 19.063568953376819 ] ] ] } },
{ "type": "Feature", "properties": { "grid_id": "MUM_001371", "locality": "Powai / Hiranandani", "centroid_lat": 19.124505, "centroid_lon": 72.907872, "area_sqkm": 0.25 }, "geometry": { "type": "Polygon", "coordinates": [ [ [ 72.910956540076924, 19.068084744795598 ], [ 72.910899935103544, 19.072600533843953 ], [ 72.915649430901198, 19.072654300057948 ], [ 72.915705907412544, 19.068138497323456 ], [ 72.910956540076924, 19.068084744795598 ] ] ] } },
{ "type": "Feature", "properties": { "grid_id": "MUM_001372", "locality": "Powai / Hiranandani", "centroid_lat": 19.129021, "centroid_lon": 72.907815, "area_sqkm": 0.25 }, "geometry": { "type": "Polygon", "coordinates": [ [ [ 72.910899935103544, 19.072600533843953 ], [ 72.910843314157859, 19.077116320521387 ], [ 72.915592938453756, 19.077170100422229 ], [ 72.915649430901198, 19.072654300057948 ], [ 72.910899935103544, 19.072600533843953 ] ] ] } },
{ "type": "Feature", "properties": { "grid_id": "MUM_001373", "locality": "Powai / Hiranandani", "centroid_lat": 19.133536, "centroid_lon": 72.907759, "area_sqkm": 0.25 }, "geometry": { "type": "Polygon", "coordinates": [ [ [ 72.910843314157859, 19.077116320521387 ], [ 72.910786677237866, 19.081632104827424 ], [ 72.915536430068258, 19.081685898415824 ], [ 72.915592938453756, 19.077170100422229 ], [ 72.910843314157859, 19.077116320521387 ] ] ] } },
{ "type": "Feature", "properties": { "grid_id": "MUM_001374", "locality": "Powai / Hiranandani", "centroid_lat": 19.138052, "centroid_lon": 72.907702, "area_sqkm": 0.25 }, "geometry": { "type": "Polygon", "coordinates": [ [ [ 72.910786677237866, 19.081632104827424 ], [ 72.910730024341589, 19.086147886761548 ], [ 72.9154799057427, 19.086201694038234 ], [ 72.915536430068258, 19.081685898415824 ], [ 72.910786677237866, 19.081632104827424 ] ] ] } },
{ "type": "Feature", "properties": { "grid_id": "MUM_001375", "locality": "Powai / Hiranandani", "centroid_lat": 19.142568, "centroid_lon": 72.907645, "area_sqkm": 0.25 }, "geometry": { "type": "Polygon", "coordinates": [ [ [ 72.910730024341589, 19.086147886761548 ], [ 72.910673355467026, 19.090663666323284 ], [ 72.915423365475121, 19.09071748728897 ], [ 72.9154799057427, 19.086201694038234 ], [ 72.910730024341589, 19.086147886761548 ] ] ] } },
{ "type": "Feature", "properties": { "grid_id": "MUM_001376", "locality": "Powai / Hiranandani", "centroid_lat": 19.147084, "centroid_lon": 72.907588, "area_sqkm": 0.25 }, "geometry": { "type": "Polygon", "coordinates": [ [ [ 72.910673355467026, 19.090663666323284 ], [ 72.910616670612214, 19.095179443512137 ], [ 72.915366809263503, 19.09523327816753 ], [ 72.915423365475121, 19.09071748728897 ], [ 72.910673355467026, 19.090663666323284 ] ] ] } },
{ "type": "Feature", "properties": { "grid_id": "MUM_001377", "locality": "Powai / Hiranandani", "centroid_lat": 19.151599, "centroid_lon": 72.907531, "area_sqkm": 0.25 }, "geometry": { "type": "Polygon", "coordinates": [ [ [ 72.910616670612214, 19.095179443512137 ], [ 72.910559969775136, 19.0996952183276 ], [ 72.915310237105899, 19.099749066673429 ], [ 72.915366809263503, 19.09523327816753 ], [ 72.910616670612214, 19.095179443512137 ] ] ] } },
{ "type": "Feature", "properties": { "grid_id": "MUM_001378", "locality": "Powai / Hiranandani", "centroid_lat": 19.156115, "centroid_lon": 72.907474, "area_sqkm": 0.25 }, "geometry": { "type": "Polygon", "coordinates": [ [ [ 72.910559969775136, 19.0996952183276 ], [ 72.910503252953802, 19.104210990769207 ], [ 72.915253649000292, 19.104264852806189 ], [ 72.915310237105899, 19.099749066673429 ], [ 72.910559969775136, 19.0996952183276 ] ] ] } },
{ "type": "Feature", "properties": { "grid_id": "MUM_001379", "locality": "Powai / Hiranandani", "centroid_lat": 19.160631, "centroid_lon": 72.907417, "area_sqkm": 0.25 }, "geometry": { "type": "Polygon", "coordinates": [ [ [ 72.910503252953802, 19.104210990769207 ], [ 72.910446520146223, 19.108726760836458 ], [ 72.915197044944691, 19.108780636565296 ], [ 72.915253649000292, 19.104264852806189 ], [ 72.910503252953802, 19.104210990769207 ] ] ] } },
{ "type": "Feature", "properties": { "grid_id": "MUM_001380", "locality": "Powai / Hiranandani", "centroid_lat": 19.165147, "centroid_lon": 72.90736, "area_sqkm": 0.25 }, "geometry": { "type": "Polygon", "coordinates": [ [ [ 72.910446520146223, 19.108726760836458 ], [ 72.91038977135041, 19.113242528528847 ], [ 72.915140424937135, 19.113296417950274 ], [ 72.915197044944691, 19.108780636565296 ], [ 72.910446520146223, 19.108726760836458 ] ] ] } },
{ "type": "Feature", "properties": { "grid_id": "MUM_001381", "locality": "Mulund West", "centroid_lat": 19.169662, "centroid_lon": 72.907303, "area_sqkm": 0.25 }, "geometry": { "type": "Polygon", "coordinates": [ [ [ 72.91038977135041, 19.113242528528847 ], [ 72.910333006564358, 19.117758293845903 ], [ 72.915083788975608, 19.117812196960625 ], [ 72.915140424937135, 19.113296417950274 ], [ 72.91038977135041, 19.113242528528847 ] ] ] } },
{ "type": "Feature", "properties": { "grid_id": "MUM_001382", "locality": "Mulund West", "centroid_lat": 19.174178, "centroid_lon": 72.907246, "area_sqkm": 0.25 }, "geometry": { "type": "Polygon", "coordinates": [ [ [ 72.910333006564358, 19.117758293845903 ], [ 72.910276225786092, 19.12227405678712 ], [ 72.915027137058146, 19.122327973595862 ], [ 72.915083788975608, 19.117812196960625 ], [ 72.910333006564358, 19.117758293845903 ] ] ] } },
{ "type": "Feature", "properties": { "grid_id": "MUM_001383", "locality": "Mulund West", "centroid_lat": 19.178694, "centroid_lon": 72.907189, "area_sqkm": 0.25 }, "geometry": { "type": "Polygon", "coordinates": [ [ [ 72.910276225786092, 19.12227405678712 ], [ 72.910219429013608, 19.126789817352016 ], [ 72.91497046918272, 19.126843747855489 ], [ 72.915027137058146, 19.122327973595862 ], [ 72.910276225786092, 19.12227405678712 ] ] ] } },
{ "type": "Feature", "properties": { "grid_id": "MUM_001384", "locality": "Mulund West", "centroid_lat": 19.18321, "centroid_lon": 72.907132, "area_sqkm": 0.25 }, "geometry": { "type": "Polygon", "coordinates": [ [ [ 72.910219429013608, 19.126789817352016 ], [ 72.910162616244904, 19.13130557554009 ], [ 72.91491378534738, 19.131359519739018 ], [ 72.91497046918272, 19.126843747855489 ], [ 72.910219429013608, 19.126789817352016 ] ] ] } },
{ "type": "Feature", "properties": { "grid_id": "MUM_001385", "locality": "Mulund West", "centroid_lat": 19.187725, "centroid_lon": 72.907075, "area_sqkm": 0.25 }, "geometry": { "type": "Polygon", "coordinates": [ [ [ 72.910162616244904, 19.13130557554009 ], [ 72.910105787477974, 19.135821331350858 ], [ 72.914857085550096, 19.135875289245966 ], [ 72.91491378534738, 19.131359519739018 ], [ 72.910162616244904, 19.13130557554009 ] ] ] } },
{ "type": "Feature", "properties": { "grid_id": "MUM_001386", "locality": "Mulund West", "centroid_lat": 19.192241, "centroid_lon": 72.907018, "area_sqkm": 0.25 }, "geometry": { "type": "Polygon", "coordinates": [ [ [ 72.910105787477974, 19.135821331350858 ], [ 72.910048942710844, 19.14033708478383 ], [ 72.914800369788907, 19.140391056375829 ], [ 72.914857085550096, 19.135875289245966 ], [ 72.910105787477974, 19.135821331350858 ] ] ] } },
{ "type": "Feature", "properties": { "grid_id": "MUM_001387", "locality": "Mulund West", "centroid_lat": 19.196757, "centroid_lon": 72.906961, "area_sqkm": 0.25 }, "geometry": { "type": "Polygon", "coordinates": [ [ [ 72.910048942710844, 19.14033708478383 ], [ 72.909992081941496, 19.144852835838513 ], [ 72.914743638061807, 19.144906821128128 ], [ 72.914800369788907, 19.140391056375829 ], [ 72.910048942710844, 19.14033708478383 ] ] ] } },
{ "type": "Feature", "properties": { "grid_id": "MUM_001388", "locality": "Mulund West", "centroid_lat": 19.201272, "centroid_lon": 72.906903, "area_sqkm": 0.25 }, "geometry": { "type": "Polygon", "coordinates": [ [ [ 72.909992081941496, 19.144852835838513 ], [ 72.909935205167955, 19.14936858451442 ], [ 72.914686890366809, 19.14942258350235 ], [ 72.914743638061807, 19.144906821128128 ], [ 72.909992081941496, 19.144852835838513 ] ] ] } },
{ "type": "Feature", "properties": { "grid_id": "MUM_001389", "locality": "Mulund West", "centroid_lat": 19.205788, "centroid_lon": 72.906846, "area_sqkm": 0.25 }, "geometry": { "type": "Polygon", "coordinates": [ [ [ 72.909935205167955, 19.14936858451442 ], [ 72.909878312388201, 19.153884330811042 ], [ 72.914630126701894, 19.15393834349803 ], [ 72.914686890366809, 19.14942258350235 ], [ 72.909935205167955, 19.14936858451442 ] ] ] } },
{ "type": "Feature", "properties": { "grid_id": "MUM_001390", "locality": "Mulund West", "centroid_lat": 19.210304, "centroid_lon": 72.906789, "area_sqkm": 0.25 }, "geometry": { "type": "Polygon", "coordinates": [ [ [ 72.909878312388201, 19.153884330811042 ], [ 72.909821403600219, 19.158400074727904 ], [ 72.914573347065087, 19.158454101114664 ], [ 72.914630126701894, 19.15393834349803 ], [ 72.909878312388201, 19.153884330811042 ] ] ] } },
{ "type": "Feature", "properties": { "grid_id": "MUM_001391", "locality": "Mulund West", "centroid_lat": 19.21482, "centroid_lon": 72.906732, "area_sqkm": 0.25 }, "geometry": { "type": "Polygon", "coordinates": [ [ [ 72.909821403600219, 19.158400074727904 ], [ 72.909764478802046, 19.162915816264519 ], [ 72.914516551454398, 19.162969856351765 ], [ 72.914573347065087, 19.158454101114664 ], [ 72.909821403600219, 19.158400074727904 ] ] ] } },
{ "type": "Feature", "properties": { "grid_id": "MUM_001392", "locality": "Borivali / Dahisar Subway", "centroid_lat": 19.219335, "centroid_lon": 72.906675, "area_sqkm": 0.25 }, "geometry": { "type": "Polygon", "coordinates": [ [ [ 72.909764478802046, 19.162915816264519 ], [ 72.909707537991679, 19.167431555420379 ], [ 72.914459739867794, 19.167485609208835 ], [ 72.914516551454398, 19.162969856351765 ], [ 72.909764478802046, 19.162915816264519 ] ] ] } },
{ "type": "Feature", "properties": { "grid_id": "MUM_001393", "locality": "Borivali / Dahisar Subway", "centroid_lat": 19.223851, "centroid_lon": 72.906618, "area_sqkm": 0.25 }, "geometry": { "type": "Polygon", "coordinates": [ [ [ 72.909707537991679, 19.167431555420379 ], [ 72.909650581167085, 19.171947292195011 ], [ 72.914402912303331, 19.172001359685396 ], [ 72.914459739867794, 19.167485609208835 ], [ 72.909707537991679, 19.167431555420379 ] ] ] } },
{ "type": "Feature", "properties": { "grid_id": "MUM_001394", "locality": "Borivali / Dahisar Subway", "centroid_lat": 19.228367, "centroid_lon": 72.90656, "area_sqkm": 0.25 }, "geometry": { "type": "Polygon", "coordinates": [ [ [ 72.909650581167085, 19.171947292195011 ], [ 72.909593608326276, 19.176463026587918 ], [ 72.91434606875896, 19.176517107780953 ], [ 72.914402912303331, 19.172001359685396 ], [ 72.909650581167085, 19.171947292195011 ] ] ] } },
{ "type": "Feature", "properties": { "grid_id": "MUM_001395", "locality": "Borivali / Dahisar Subway", "centroid_lat": 19.232882, "centroid_lon": 72.906503, "area_sqkm": 0.25 }, "geometry": { "type": "Polygon", "coordinates": [ [ [ 72.909593608326276, 19.176463026587918 ], [ 72.909536619467247, 19.180978758598595 ], [ 72.91428920923272, 19.181032853495012 ], [ 72.91434606875896, 19.176517107780953 ], [ 72.909593608326276, 19.176463026587918 ] ] ] } },
{ "type": "Feature", "properties": { "grid_id": "MUM_001396", "locality": "Borivali / Dahisar Subway", "centroid_lat": 19.237398, "centroid_lon": 72.906446, "area_sqkm": 0.25 }, "geometry": { "type": "Polygon", "coordinates": [ [ [ 72.909536619467247, 19.180978758598595 ], [ 72.909479614588008, 19.185494488226578 ], [ 72.914232333722595, 19.185548596827076 ], [ 72.91428920923272, 19.181032853495012 ], [ 72.909536619467247, 19.180978758598595 ] ] ] } },
{ "type": "Feature", "properties": { "grid_id": "MUM_001397", "locality": "Borivali / Dahisar Subway", "centroid_lat": 19.241914, "centroid_lon": 72.906389, "area_sqkm": 0.25 }, "geometry": { "type": "Polygon", "coordinates": [ [ [ 72.909479614588008, 19.185494488226578 ], [ 72.909422593686514, 19.190010215471354 ], [ 72.914175442226579, 19.190064337776668 ], [ 72.914232333722595, 19.185548596827076 ], [ 72.909479614588008, 19.185494488226578 ] ] ] } },
{ "type": "Feature", "properties": { "grid_id": "MUM_001398", "locality": "Borivali / Dahisar Subway", "centroid_lat": 19.246429, "centroid_lon": 72.906331, "area_sqkm": 0.25 }, "geometry": { "type": "Polygon", "coordinates": [ [ [ 72.909422593686514, 19.190010215471354 ], [ 72.909365556760818, 19.194525940332436 ], [ 72.914118534742684, 19.194580076343282 ], [ 72.914175442226579, 19.190064337776668 ], [ 72.909422593686514, 19.190010215471354 ] ] ] } },
{ "type": "Feature", "properties": { "grid_id": "MUM_001399", "locality": "Borivali / Dahisar Subway", "centroid_lat": 19.250945, "centroid_lon": 72.906274, "area_sqkm": 0.25 }, "geometry": { "type": "Polygon", "coordinates": [ [ [ 72.909365556760818, 19.194525940332436 ], [ 72.909308503808873, 19.199041662809343 ], [ 72.914061611268892, 19.199095812526451 ], [ 72.914118534742684, 19.194580076343282 ], [ 72.909365556760818, 19.194525940332436 ] ] ] } },
{ "type": "Feature", "properties": { "grid_id": "MUM_001400", "locality": "Borivali / Dahisar Subway", "centroid_lat": 19.255461, "centroid_lon": 72.906217, "area_sqkm": 0.25 }, "geometry": { "type": "Polygon", "coordinates": [ [ [ 72.909308503808873, 19.199041662809343 ], [ 72.909251434828676, 19.203557382901579 ], [ 72.914004671803212, 19.203611546325668 ], [ 72.914061611268892, 19.199095812526451 ], [ 72.909308503808873, 19.199041662809343 ] ] ] } },
{ "type": "Feature", "properties": { "grid_id": "MUM_001401", "locality": "Borivali / Dahisar Subway", "centroid_lat": 19.259976, "centroid_lon": 72.906159, "area_sqkm": 0.25 }, "geometry": { "type": "Polygon", "coordinates": [ [ [ 72.909251434828676, 19.203557382901579 ], [ 72.909194349818236, 19.208073100608654 ], [ 72.913947716343642, 19.208127277740441 ], [ 72.914004671803212, 19.203611546325668 ], [ 72.909251434828676, 19.203557382901579 ] ] ] } },
{ "type": "Feature", "properties": { "grid_id": "MUM_001402", "locality": "Borivali / Dahisar Subway", "centroid_lat": 19.264492, "centroid_lon": 72.906102, "area_sqkm": 0.25 }, "geometry": { "type": "Polygon", "coordinates": [ [ [ 72.909194349818236, 19.208073100608654 ], [ 72.909137248775508, 19.212588815930076 ], [ 72.913890744888178, 19.212643006770286 ], [ 72.913947716343642, 19.208127277740441 ], [ 72.909194349818236, 19.208073100608654 ] ] ] } },
{ "type": "Feature", "properties": { "grid_id": "MUM_001403", "locality": "Borivali / Dahisar Subway", "centroid_lat": 19.269008, "centroid_lon": 72.906045, "area_sqkm": 0.25 }, "geometry": { "type": "Polygon", "coordinates": [ [ [ 72.909137248775508, 19.212588815930076 ], [ 72.909080131698531, 19.217104528865356 ], [ 72.913833757434801, 19.217158733414717 ], [ 72.913890744888178, 19.212643006770286 ], [ 72.909137248775508, 19.212588815930076 ] ] ] } },
{ "type": "Feature", "properties": { "grid_id": "MUM_001404", "locality": "Borivali / Dahisar Subway", "centroid_lat": 19.27233, "centroid_lon": 72.905543, "area_sqkm": 0.25 }, "geometry": { "type": "Polygon", "coordinates": [ [ [ 72.909080131698531, 19.217104528865356 ], [ 72.909022998585257, 19.221620239414001 ], [ 72.913776753981537, 19.221674457673231 ], [ 72.913833757434801, 19.217158733414717 ], [ 72.909080131698531, 19.217104528865356 ] ] ] } },
{ "type": "Feature", "properties": { "grid_id": "MUM_001405", "locality": "Chembur East", "centroid_lat": 19.044363, "centroid_lon": 72.911993, "area_sqkm": 0.25 }, "geometry": { "type": "Polygon", "coordinates": [ [ [ 72.909022998585257, 19.221620239414001 ], [ 72.908965849433699, 19.226135947575525 ], [ 72.913719734526339, 19.226190179545345 ], [ 72.913776753981537, 19.221674457673231 ], [ 72.909022998585257, 19.221620239414001 ] ] ] } },
{ "type": "Feature", "properties": { "grid_id": "MUM_001406", "locality": "Chembur East", "centroid_lat": 19.048072, "centroid_lon": 72.913117, "area_sqkm": 0.25 }, "geometry": { "type": "Polygon", "coordinates": [ [ [ 72.908965849433699, 19.226135947575525 ], [ 72.908908684241851, 19.230651653349437 ], [ 72.913662699067231, 19.230705899030578 ], [ 72.913719734526339, 19.226190179545345 ], [ 72.908965849433699, 19.226135947575525 ] ] ] } },
{ "type": "Feature", "properties": { "grid_id": "MUM_001407", "locality": "Chembur East", "centroid_lat": 19.052306, "centroid_lon": 72.913529, "area_sqkm": 0.25 }, "geometry": { "type": "Polygon", "coordinates": [ [ [ 72.908908684241851, 19.230651653349437 ], [ 72.908851503007668, 19.235167356735239 ], [ 72.913605647602196, 19.23522161612842 ], [ 72.913662699067231, 19.230705899030578 ], [ 72.908908684241851, 19.230651653349437 ] ] ] } },
{ "type": "Feature", "properties": { "grid_id": "MUM_001408", "locality": "Chembur East", "centroid_lat": 19.056822, "centroid_lon": 72.913473, "area_sqkm": 0.25 }, "geometry": { "type": "Polygon", "coordinates": [ [ [ 72.908851503007668, 19.235167356735239 ], [ 72.90879430572916, 19.239683057732456 ], [ 72.913548580129216, 19.239737330838398 ], [ 72.913605647602196, 19.23522161612842 ], [ 72.908851503007668, 19.235167356735239 ] ] ] } },
{ "type": "Feature", "properties": { "grid_id": "MUM_001409", "locality": "Chembur East", "centroid_lat": 19.061338, "centroid_lon": 72.913416, "area_sqkm": 0.25 }, "geometry": { "type": "Polygon", "coordinates": [ [ [ 72.90879430572916, 19.239683057732456 ], [ 72.908737092404323, 19.244198756340591 ], [ 72.913491496646301, 19.244253043160015 ], [ 72.913548580129216, 19.239737330838398 ], [ 72.90879430572916, 19.239683057732456 ] ] ] } },
{ "type": "Feature", "properties": { "grid_id": "MUM_001410", "locality": "Chembur East", "centroid_lat": 19.065854, "centroid_lon": 72.913359, "area_sqkm": 0.25 }, "geometry": { "type": "Polygon", "coordinates": [ [ [ 72.908737092404323, 19.244198756340591 ], [ 72.908679863031125, 19.248714452559142 ], [ 72.913434397151434, 19.248768753092776 ], [ 72.913491496646301, 19.244253043160015 ], [ 72.908737092404323, 19.244198756340591 ] ] ] } },
{ "type": "Feature", "properties": { "grid_id": "MUM_001411", "locality": "Chembur East", "centroid_lat": 19.07037, "centroid_lon": 72.913303, "area_sqkm": 0.25 }, "geometry": { "type": "Polygon", "coordinates": [ [ [ 72.908679863031125, 19.248714452559142 ], [ 72.908622617607548, 19.253230146387629 ], [ 72.91337728164261, 19.253284460636209 ], [ 72.913434397151434, 19.248768753092776 ], [ 72.908679863031125, 19.248714452559142 ] ] ] } },
{ "type": "Feature", "properties": { "grid_id": "MUM_001412", "locality": "Ghatkopar West", "centroid_lat": 19.074885, "centroid_lon": 72.913246, "area_sqkm": 0.25 }, "geometry": { "type": "Polygon", "coordinates": [ [ [ 72.908622617607548, 19.253230146387629 ], [ 72.908565356131604, 19.257745837825571 ], [ 72.913320150117798, 19.257800165789803 ], [ 72.91337728164261, 19.253284460636209 ], [ 72.908622617607548, 19.253230146387629 ] ] ] } },
{ "type": "Feature", "properties": { "grid_id": "MUM_001413", "locality": "Ghatkopar West", "centroid_lat": 19.079401, "centroid_lon": 72.91319, "area_sqkm": 0.25 }, "geometry": { "type": "Polygon", "coordinates": [ [ [ 72.908565356131604, 19.257745837825571 ], [ 72.908508078601244, 19.262261526872468 ], [ 72.913263002575007, 19.262315868553085 ], [ 72.913320150117798, 19.257800165789803 ], [ 72.908565356131604, 19.257745837825571 ] ] ] } },
{ "type": "Feature", "properties": { "grid_id": "MUM_001414", "locality": "Ghatkopar West", "centroid_lat": 19.083917, "centroid_lon": 72.913133, "area_sqkm": 0.25 }, "geometry": { "type": "Polygon", "coordinates": [ [ [ 72.908508078601244, 19.262261526872468 ], [ 72.90845078501448, 19.266777213527824 ], [ 72.913205839012221, 19.266831568925557 ], [ 72.913263002575007, 19.262315868553085 ], [ 72.908508078601244, 19.262261526872468 ] ] ] } },
{ "type": "Feature", "properties": { "grid_id": "MUM_001415", "locality": "Ghatkopar West", "centroid_lat": 19.088433, "centroid_lon": 72.913077, "area_sqkm": 0.225 }, "geometry": { "type": "Polygon", "coordinates": [ [ [ 72.913205839012221, 19.266831568925557 ], [ 72.90845078501448, 19.266777213527824 ], [ 72.908393475369266, 19.271292897791163 ], [ 72.91011905238885, 19.271312641739797 ], [ 72.91316664174731, 19.269927268629882 ], [ 72.913205839012221, 19.266831568925557 ] ] ] } },
{ "type": "Feature", "properties": { "grid_id": "MUM_001416", "locality": "Ghatkopar West", "centroid_lat": 19.092948, "centroid_lon": 72.91302, "area_sqkm": 0.0956 }, "geometry": { "type": "Polygon", "coordinates": [ [ [ 72.915931654136827, 19.050075262693319 ], [ 72.91587524134998, 19.054591074903701 ], [ 72.9191409710199, 19.054627939711448 ], [ 72.916298416391442, 19.05007940478388 ], [ 72.915931654136827, 19.050075262693319 ] ] ] } },
{ "type": "Feature", "properties": { "grid_id": "MUM_001417", "locality": "Ghatkopar West", "centroid_lat": 19.097464, "centroid_lon": 72.912963, "area_sqkm": 0.23 }, "geometry": { "type": "Polygon", "coordinates": [ [ [ 72.91587524134998, 19.054591074903701 ], [ 72.915818812634967, 19.059106884745844 ], [ 72.920567939085359, 19.059160487820112 ], [ 72.920595435069444, 19.056955208338898 ], [ 72.9191409710199, 19.054627939711448 ], [ 72.91587524134998, 19.054591074903701 ] ] ] } },
{ "type": "Feature", "properties": { "grid_id": "MUM_001418", "locality": "Ghatkopar West", "centroid_lat": 19.10198, "centroid_lon": 72.912907, "area_sqkm": 0.25 }, "geometry": { "type": "Polygon", "coordinates": [ [ [ 72.915818812634967, 19.059106884745844 ], [ 72.915762367989814, 19.063622692219262 ], [ 72.920511622831768, 19.063676308947137 ], [ 72.920567939085359, 19.059160487820112 ], [ 72.915818812634967, 19.059106884745844 ] ] ] } },
{ "type": "Feature", "properties": { "grid_id": "MUM_001419", "locality": "Powai / Hiranandani", "centroid_lat": 19.106496, "centroid_lon": 72.91285, "area_sqkm": 0.25 }, "geometry": { "type": "Polygon", "coordinates": [ [ [ 72.915762367989814, 19.063622692219262 ], [ 72.915705907412544, 19.068138497323456 ], [ 72.920455290682284, 19.068192127705665 ], [ 72.920511622831768, 19.063676308947137 ], [ 72.915762367989814, 19.063622692219262 ] ] ] } },
{ "type": "Feature", "properties": { "grid_id": "MUM_001420", "locality": "Powai / Hiranandani", "centroid_lat": 19.111012, "centroid_lon": 72.912793, "area_sqkm": 0.25 }, "geometry": { "type": "Polygon", "coordinates": [ [ [ 72.915705907412544, 19.068138497323456 ], [ 72.915649430901198, 19.072654300057948 ], [ 72.920398942634918, 19.072707944095196 ], [ 72.920455290682284, 19.068192127705665 ], [ 72.915705907412544, 19.068138497323456 ] ] ] } },
{ "type": "Feature", "properties": { "grid_id": "MUM_001421", "locality": "Powai / Hiranandani", "centroid_lat": 19.115527, "centroid_lon": 72.912737, "area_sqkm": 0.25 }, "geometry": { "type": "Polygon", "coordinates": [ [ [ 72.915649430901198, 19.072654300057948 ], [ 72.915592938453756, 19.077170100422229 ], [ 72.920342578687723, 19.077223758115231 ], [ 72.920398942634918, 19.072707944095196 ], [ 72.915649430901198, 19.072654300057948 ] ] ] } },
{ "type": "Feature", "properties": { "grid_id": "MUM_001422", "locality": "Powai / Hiranandani", "centroid_lat": 19.120043, "centroid_lon": 72.91268, "area_sqkm": 0.25 }, "geometry": { "type": "Polygon", "coordinates": [ [ [ 72.915592938453756, 19.077170100422229 ], [ 72.915536430068258, 19.081685898415824 ], [ 72.920286198838696, 19.081739569765301 ], [ 72.920342578687723, 19.077223758115231 ], [ 72.915592938453756, 19.077170100422229 ] ] ] } },
{ "type": "Feature", "properties": { "grid_id": "MUM_001423", "locality": "Powai / Hiranandani", "centroid_lat": 19.124559, "centroid_lon": 72.912623, "area_sqkm": 0.25 }, "geometry": { "type": "Polygon", "coordinates": [ [ [ 72.915536430068258, 19.081685898415824 ], [ 72.9154799057427, 19.086201694038234 ], [ 72.92022980308586, 19.086255379044889 ], [ 72.920286198838696, 19.081739569765301 ], [ 72.915536430068258, 19.081685898415824 ] ] ] } },
{ "type": "Feature", "properties": { "grid_id": "MUM_001424", "locality": "Powai / Hiranandani", "centroid_lat": 19.129075, "centroid_lon": 72.912567, "area_sqkm": 0.25 }, "geometry": { "type": "Polygon", "coordinates": [ [ [ 72.9154799057427, 19.086201694038234 ], [ 72.915423365475121, 19.09071748728897 ], [ 72.920173391427213, 19.090771185953518 ], [ 72.92022980308586, 19.086255379044889 ], [ 72.9154799057427, 19.086201694038234 ] ] ] } },
{ "type": "Feature", "properties": { "grid_id": "MUM_001425", "locality": "Powai / Hiranandani", "centroid_lat": 19.13359, "centroid_lon": 72.91251, "area_sqkm": 0.25 }, "geometry": { "type": "Polygon", "coordinates": [ [ [ 72.915423365475121, 19.09071748728897 ], [ 72.915366809263503, 19.09523327816753 ], [ 72.920116963860821, 19.095286990490695 ], [ 72.920173391427213, 19.090771185953518 ], [ 72.915423365475121, 19.09071748728897 ] ] ] } },
{ "type": "Feature", "properties": { "grid_id": "MUM_001426", "locality": "Powai / Hiranandani", "centroid_lat": 19.138106, "centroid_lon": 72.912453, "area_sqkm": 0.25 }, "geometry": { "type": "Polygon", "coordinates": [ [ [ 72.915366809263503, 19.09523327816753 ], [ 72.915310237105899, 19.099749066673429 ], [ 72.920060520384652, 19.099802792655929 ], [ 72.920116963860821, 19.095286990490695 ], [ 72.915366809263503, 19.09523327816753 ] ] ] } },
{ "type": "Feature", "properties": { "grid_id": "MUM_001427", "locality": "Powai / Hiranandani", "centroid_lat": 19.142622, "centroid_lon": 72.912396, "area_sqkm": 0.25 }, "geometry": { "type": "Polygon", "coordinates": [ [ [ 72.915310237105899, 19.099749066673429 ], [ 72.915253649000292, 19.104264852806189 ], [ 72.92000406099676, 19.104318592448724 ], [ 72.920060520384652, 19.099802792655929 ], [ 72.915310237105899, 19.099749066673429 ] ] ] } },
{ "type": "Feature", "properties": { "grid_id": "MUM_001428", "locality": "Powai / Hiranandani", "centroid_lat": 19.147138, "centroid_lon": 72.912339, "area_sqkm": 0.25 }, "geometry": { "type": "Polygon", "coordinates": [ [ [ 72.915253649000292, 19.104264852806189 ], [ 72.915197044944691, 19.108780636565296 ], [ 72.919947585695141, 19.108834389868598 ], [ 72.92000406099676, 19.104318592448724 ], [ 72.915253649000292, 19.104264852806189 ] ] ] } },
{ "type": "Feature", "properties": { "grid_id": "MUM_001429", "locality": "Powai / Hiranandani", "centroid_lat": 19.151653, "centroid_lon": 72.912283, "area_sqkm": 0.25 }, "geometry": { "type": "Polygon", "coordinates": [ [ [ 72.915197044944691, 19.108780636565296 ], [ 72.915140424937135, 19.113296417950274 ], [ 72.919891094477819, 19.113350184915049 ], [ 72.919947585695141, 19.108834389868598 ], [ 72.915197044944691, 19.108780636565296 ] ] ] } },
{ "type": "Feature", "properties": { "grid_id": "MUM_001430", "locality": "Powai / Hiranandani", "centroid_lat": 19.156169, "centroid_lon": 72.912226, "area_sqkm": 0.25 }, "geometry": { "type": "Polygon", "coordinates": [ [ [ 72.915140424937135, 19.113296417950274 ], [ 72.915083788975608, 19.117812196960625 ], [ 72.919834587342805, 19.117865977587595 ], [ 72.919891094477819, 19.113350184915049 ], [ 72.915140424937135, 19.113296417950274 ] ] ] } },
{ "type": "Feature", "properties": { "grid_id": "MUM_001431", "locality": "Powai / Hiranandani", "centroid_lat": 19.160685, "centroid_lon": 72.912169, "area_sqkm": 0.25 }, "geometry": { "type": "Polygon", "coordinates": [ [ [ 72.915083788975608, 19.117812196960625 ], [ 72.915027137058146, 19.122327973595862 ], [ 72.919778064288124, 19.122381767885742 ], [ 72.919834587342805, 19.117865977587595 ], [ 72.915083788975608, 19.117812196960625 ] ] ] } },
{ "type": "Feature", "properties": { "grid_id": "MUM_001432", "locality": "Mulund West", "centroid_lat": 19.165201, "centroid_lon": 72.912112, "area_sqkm": 0.25 }, "geometry": { "type": "Polygon", "coordinates": [ [ [ 72.915027137058146, 19.122327973595862 ], [ 72.91497046918272, 19.126843747855489 ], [ 72.919721525311772, 19.126897555808998 ], [ 72.919778064288124, 19.122381767885742 ], [ 72.915027137058146, 19.122327973595862 ] ] ] } },
{ "type": "Feature", "properties": { "grid_id": "MUM_001433", "locality": "Mulund West", "centroid_lat": 19.169716, "centroid_lon": 72.912055, "area_sqkm": 0.25 }, "geometry": { "type": "Polygon", "coordinates": [ [ [ 72.91497046918272, 19.126843747855489 ], [ 72.91491378534738, 19.131359519739018 ], [ 72.919664970411773, 19.131413341356875 ], [ 72.919721525311772, 19.126897555808998 ], [ 72.91497046918272, 19.126843747855489 ] ] ] } },
{ "type": "Feature", "properties": { "grid_id": "MUM_001434", "locality": "Mulund West", "centroid_lat": 19.174232, "centroid_lon": 72.911998, "area_sqkm": 0.25 }, "geometry": { "type": "Polygon", "coordinates": [ [ [ 72.91491378534738, 19.131359519739018 ], [ 72.914857085550096, 19.135875289245966 ], [ 72.919608399586153, 19.135929124528875 ], [ 72.919664970411773, 19.131413341356875 ], [ 72.91491378534738, 19.131359519739018 ] ] ] } },
{ "type": "Feature", "properties": { "grid_id": "MUM_001435", "locality": "Mulund West", "centroid_lat": 19.178748, "centroid_lon": 72.911941, "area_sqkm": 0.25 }, "geometry": { "type": "Polygon", "coordinates": [ [ [ 72.914857085550096, 19.135875289245966 ], [ 72.914800369788907, 19.140391056375829 ], [ 72.919551812832893, 19.140444905324511 ], [ 72.919608399586153, 19.135929124528875 ], [ 72.914857085550096, 19.135875289245966 ] ] ] } },
{ "type": "Feature", "properties": { "grid_id": "MUM_001436", "locality": "Mulund West", "centroid_lat": 19.183264, "centroid_lon": 72.911884, "area_sqkm": 0.25 }, "geometry": { "type": "Polygon", "coordinates": [ [ [ 72.914800369788907, 19.140391056375829 ], [ 72.914743638061807, 19.144906821128128 ], [ 72.919495210150018, 19.1449606837433 ], [ 72.919551812832893, 19.140444905324511 ], [ 72.914800369788907, 19.140391056375829 ] ] ] } },
{ "type": "Feature", "properties": { "grid_id": "MUM_001437", "locality": "Mulund West", "centroid_lat": 19.187779, "centroid_lon": 72.911827, "area_sqkm": 0.25 }, "geometry": { "type": "Polygon", "coordinates": [ [ [ 72.914743638061807, 19.144906821128128 ], [ 72.914686890366809, 19.14942258350235 ], [ 72.919438591535553, 19.14947645978474 ], [ 72.919495210150018, 19.1449606837433 ], [ 72.914743638061807, 19.144906821128128 ] ] ] } },
{ "type": "Feature", "properties": { "grid_id": "MUM_001438", "locality": "Mulund West", "centroid_lat": 19.192295, "centroid_lon": 72.911771, "area_sqkm": 0.25 }, "geometry": { "type": "Polygon", "coordinates": [ [ [ 72.914686890366809, 19.14942258350235 ], [ 72.914630126701894, 19.15393834349803 ], [ 72.919381956987479, 19.153992233448349 ], [ 72.919438591535553, 19.14947645978474 ], [ 72.914686890366809, 19.14942258350235 ] ] ] } },
{ "type": "Feature", "properties": { "grid_id": "MUM_001439", "locality": "Mulund West", "centroid_lat": 19.196811, "centroid_lon": 72.911714, "area_sqkm": 0.25 }, "geometry": { "type": "Polygon", "coordinates": [ [ [ 72.914630126701894, 19.15393834349803 ], [ 72.914573347065087, 19.158454101114664 ], [ 72.919325306503836, 19.15850800473363 ], [ 72.919381956987479, 19.153992233448349 ], [ 72.914630126701894, 19.15393834349803 ] ] ] } },
{ "type": "Feature", "properties": { "grid_id": "MUM_001440", "locality": "Mulund West", "centroid_lat": 19.201327, "centroid_lon": 72.911657, "area_sqkm": 0.25 }, "geometry": { "type": "Polygon", "coordinates": [ [ [ 72.914573347065087, 19.158454101114664 ], [ 72.914516551454398, 19.162969856351765 ], [ 72.919268640082606, 19.163023773640095 ], [ 72.919325306503836, 19.15850800473363 ], [ 72.914573347065087, 19.158454101114664 ] ] ] } },
{ "type": "Feature", "properties": { "grid_id": "MUM_001441", "locality": "Mulund West", "centroid_lat": 19.205842, "centroid_lon": 72.9116, "area_sqkm": 0.25 }, "geometry": { "type": "Polygon", "coordinates": [ [ [ 72.914516551454398, 19.162969856351765 ], [ 72.914459739867794, 19.167485609208835 ], [ 72.919211957721814, 19.167539540167251 ], [ 72.919268640082606, 19.163023773640095 ], [ 72.914516551454398, 19.162969856351765 ] ] ] } },
{ "type": "Feature", "properties": { "grid_id": "MUM_001442", "locality": "Mulund West", "centroid_lat": 19.210358, "centroid_lon": 72.911543, "area_sqkm": 0.25 }, "geometry": { "type": "Polygon", "coordinates": [ [ [ 72.914459739867794, 19.167485609208835 ], [ 72.914402912303331, 19.172001359685396 ], [ 72.919155259419455, 19.172055304314615 ], [ 72.919211957721814, 19.167539540167251 ], [ 72.914459739867794, 19.167485609208835 ] ] ] } },
{ "type": "Feature", "properties": { "grid_id": "MUM_001443", "locality": "Mulund West", "centroid_lat": 19.214874, "centroid_lon": 72.911485, "area_sqkm": 0.25 }, "geometry": { "type": "Polygon", "coordinates": [ [ [ 72.914402912303331, 19.172001359685396 ], [ 72.91434606875896, 19.176517107780953 ], [ 72.91909854517354, 19.176571066081696 ], [ 72.919155259419455, 19.172055304314615 ], [ 72.914402912303331, 19.172001359685396 ] ] ] } },
{ "type": "Feature", "properties": { "grid_id": "MUM_001444", "locality": "Mulund West", "centroid_lat": 19.21939, "centroid_lon": 72.911428, "area_sqkm": 0.25 }, "geometry": { "type": "Polygon", "coordinates": [ [ [ 72.91434606875896, 19.176517107780953 ], [ 72.91428920923272, 19.181032853495012 ], [ 72.91904181498208, 19.181086825467986 ], [ 72.91909854517354, 19.176571066081696 ], [ 72.91434606875896, 19.176517107780953 ] ] ] } },
{ "type": "Feature", "properties": { "grid_id": "MUM_001445", "locality": "Borivali / Dahisar Subway", "centroid_lat": 19.223905, "centroid_lon": 72.911371, "area_sqkm": 0.25 }, "geometry": { "type": "Polygon", "coordinates": [ [ [ 72.91428920923272, 19.181032853495012 ], [ 72.914232333722595, 19.185548596827076 ], [ 72.918985068843071, 19.185602582473017 ], [ 72.91904181498208, 19.181086825467986 ], [ 72.91428920923272, 19.181032853495012 ] ] ] } },
{ "type": "Feature", "properties": { "grid_id": "MUM_001446", "locality": "Borivali / Dahisar Subway", "centroid_lat": 19.228421, "centroid_lon": 72.911314, "area_sqkm": 0.25 }, "geometry": { "type": "Polygon", "coordinates": [ [ [ 72.914232333722595, 19.185548596827076 ], [ 72.914175442226579, 19.190064337776668 ], [ 72.918928306754509, 19.19011833709629 ], [ 72.918985068843071, 19.185602582473017 ], [ 72.914232333722595, 19.185548596827076 ] ] ] } },
{ "type": "Feature", "properties": { "grid_id": "MUM_001447", "locality": "Borivali / Dahisar Subway", "centroid_lat": 19.232937, "centroid_lon": 72.911257, "area_sqkm": 0.25 }, "geometry": { "type": "Polygon", "coordinates": [ [ [ 72.914175442226579, 19.190064337776668 ], [ 72.914118534742684, 19.194580076343282 ], [ 72.918871528714419, 19.194634089337306 ], [ 72.918928306754509, 19.19011833709629 ], [ 72.914175442226579, 19.190064337776668 ] ] ] } },
{ "type": "Feature", "properties": { "grid_id": "MUM_001448", "locality": "Borivali / Dahisar Subway", "centroid_lat": 19.237452, "centroid_lon": 72.9112, "area_sqkm": 0.25 }, "geometry": { "type": "Polygon", "coordinates": [ [ [ 72.914118534742684, 19.194580076343282 ], [ 72.914061611268892, 19.199095812526451 ], [ 72.918814734720797, 19.199149839195595 ], [ 72.918871528714419, 19.194634089337306 ], [ 72.914118534742684, 19.194580076343282 ] ] ] } },
{ "type": "Feature", "properties": { "grid_id": "MUM_001449", "locality": "Borivali / Dahisar Subway", "centroid_lat": 19.241968, "centroid_lon": 72.911143, "area_sqkm": 0.25 }, "geometry": { "type": "Polygon", "coordinates": [ [ [ 72.914061611268892, 19.199095812526451 ], [ 72.914004671803212, 19.203611546325668 ], [ 72.91875792477164, 19.203665586670649 ], [ 72.918814734720797, 19.199149839195595 ], [ 72.914061611268892, 19.199095812526451 ] ] ] } },
{ "type": "Feature", "properties": { "grid_id": "MUM_001450", "locality": "Borivali / Dahisar Subway", "centroid_lat": 19.246484, "centroid_lon": 72.911086, "area_sqkm": 0.25 }, "geometry": { "type": "Polygon", "coordinates": [ [ [ 72.914004671803212, 19.203611546325668 ], [ 72.913947716343642, 19.208127277740441 ], [ 72.918701098864958, 19.208181331761988 ], [ 72.91875792477164, 19.203665586670649 ], [ 72.914004671803212, 19.203611546325668 ] ] ] } },
{ "type": "Feature", "properties": { "grid_id": "MUM_001451", "locality": "Borivali / Dahisar Subway", "centroid_lat": 19.250999, "centroid_lon": 72.911029, "area_sqkm": 0.25 }, "geometry": { "type": "Polygon", "coordinates": [ [ [ 72.913947716343642, 19.208127277740441 ], [ 72.913890744888178, 19.212643006770286 ], [ 72.918644256998746, 19.212697074469116 ], [ 72.918701098864958, 19.208181331761988 ], [ 72.913947716343642, 19.208127277740441 ] ] ] } },
{ "type": "Feature", "properties": { "grid_id": "MUM_001452", "locality": "Borivali / Dahisar Subway", "centroid_lat": 19.255515, "centroid_lon": 72.910971, "area_sqkm": 0.25 }, "geometry": { "type": "Polygon", "coordinates": [ [ [ 72.913890744888178, 19.212643006770286 ], [ 72.913833757434801, 19.217158733414717 ], [ 72.918587399170988, 19.217212814791544 ], [ 72.918644256998746, 19.212697074469116 ], [ 72.913890744888178, 19.212643006770286 ] ] ] } },
{ "type": "Feature", "properties": { "grid_id": "MUM_001453", "locality": "Borivali / Dahisar Subway", "centroid_lat": 19.260031, "centroid_lon": 72.910914, "area_sqkm": 0.25 }, "geometry": { "type": "Polygon", "coordinates": [ [ [ 72.913833757434801, 19.217158733414717 ], [ 72.913776753981537, 19.221674457673231 ], [ 72.918530525379708, 19.221728552728788 ], [ 72.918587399170988, 19.217212814791544 ], [ 72.913833757434801, 19.217158733414717 ] ] ] } },
{ "type": "Feature", "properties": { "grid_id": "MUM_001454", "locality": "Borivali / Dahisar Subway", "centroid_lat": 19.264547, "centroid_lon": 72.910857, "area_sqkm": 0.25 }, "geometry": { "type": "Polygon", "coordinates": [ [ [ 72.913776753981537, 19.221674457673231 ], [ 72.913719734526339, 19.226190179545345 ], [ 72.918473635622888, 19.226244288280345 ], [ 72.918530525379708, 19.221728552728788 ], [ 72.913776753981537, 19.221674457673231 ] ] ] } },
{ "type": "Feature", "properties": { "grid_id": "MUM_001455", "locality": "Borivali / Dahisar Subway", "centroid_lat": 19.268862, "centroid_lon": 72.91065, "area_sqkm": 0.25 }, "geometry": { "type": "Polygon", "coordinates": [ [ [ 72.913719734526339, 19.226190179545345 ], [ 72.913662699067231, 19.230705899030578 ], [ 72.918416729898539, 19.230760021445743 ], [ 72.918473635622888, 19.226244288280345 ], [ 72.913719734526339, 19.226190179545345 ] ] ] } },
{ "type": "Feature", "properties": { "grid_id": "MUM_001456", "locality": "Mumbai Central", "centroid_lat": null, "centroid_lon": null, "area_sqkm": 0.25 }, "geometry": { "type": "Polygon", "coordinates": [ [ [ 72.913662699067231, 19.230705899030578 ], [ 72.913605647602196, 19.23522161612842 ], [ 72.918359808204656, 19.235275752224471 ], [ 72.918416729898539, 19.230760021445743 ], [ 72.913662699067231, 19.230705899030578 ] ] ] } },
{ "type": "Feature", "properties": { "grid_id": "MUM_001457", "locality": "Mumbai Central", "centroid_lat": null, "centroid_lon": null, "area_sqkm": 0.25 }, "geometry": { "type": "Polygon", "coordinates": [ [ [ 72.913605647602196, 19.23522161612842 ], [ 72.913548580129216, 19.239737330838398 ], [ 72.918302870539208, 19.239791480616063 ], [ 72.918359808204656, 19.235275752224471 ], [ 72.913605647602196, 19.23522161612842 ] ] ] } },
{ "type": "Feature", "properties": { "grid_id": "MUM_001458", "locality": "Chembur East", "centroid_lat": 19.052946, "centroid_lon": 72.916997, "area_sqkm": 0.25 }, "geometry": { "type": "Polygon", "coordinates": [ [ [ 72.913548580129216, 19.239737330838398 ], [ 72.913491496646301, 19.244253043160015 ], [ 72.918245916900247, 19.244307206620011 ], [ 72.918302870539208, 19.239791480616063 ], [ 72.913548580129216, 19.239737330838398 ] ] ] } },
{ "type": "Feature", "properties": { "grid_id": "MUM_001459", "locality": "Chembur East", "centroid_lat": 19.057003, "centroid_lon": 72.918057, "area_sqkm": 0.25 }, "geometry": { "type": "Polygon", "coordinates": [ [ [ 72.913491496646301, 19.244253043160015 ], [ 72.913434397151434, 19.248768753092776 ], [ 72.918188947285714, 19.248822930235836 ], [ 72.918245916900247, 19.244307206620011 ], [ 72.913491496646301, 19.244253043160015 ] ] ] } },
{ "type": "Feature", "properties": { "grid_id": "MUM_001460", "locality": "Chembur East", "centroid_lat": 19.061392, "centroid_lon": 72.918165, "area_sqkm": 0.25 }, "geometry": { "type": "Polygon", "coordinates": [ [ [ 72.913434397151434, 19.248768753092776 ], [ 72.91337728164261, 19.253284460636209 ], [ 72.918131961693632, 19.253338651463046 ], [ 72.918188947285714, 19.248822930235836 ], [ 72.913434397151434, 19.248768753092776 ] ] ] } },
{ "type": "Feature", "properties": { "grid_id": "MUM_001461", "locality": "Chembur East", "centroid_lat": 19.065907, "centroid_lon": 72.918109, "area_sqkm": 0.25 }, "geometry": { "type": "Polygon", "coordinates": [ [ [ 72.91337728164261, 19.253284460636209 ], [ 72.913320150117798, 19.257800165789803 ], [ 72.918074960121984, 19.257854370301146 ], [ 72.918131961693632, 19.253338651463046 ], [ 72.91337728164261, 19.253284460636209 ] ] ] } },
{ "type": "Feature", "properties": { "grid_id": "MUM_001462", "locality": "Ghatkopar West", "centroid_lat": 19.070423, "centroid_lon": 72.918052, "area_sqkm": 0.25 }, "geometry": { "type": "Polygon", "coordinates": [ [ [ 72.913320150117798, 19.257800165789803 ], [ 72.913263002575007, 19.262315868553085 ], [ 72.918017942568767, 19.262370086749652 ], [ 72.918074960121984, 19.257854370301146 ], [ 72.913320150117798, 19.257800165789803 ] ] ] } },
{ "type": "Feature", "properties": { "grid_id": "MUM_001463", "locality": "Ghatkopar West", "centroid_lat": 19.074939, "centroid_lon": 72.917996, "area_sqkm": 0.25 }, "geometry": { "type": "Polygon", "coordinates": [ [ [ 72.913263002575007, 19.262315868553085 ], [ 72.913205839012221, 19.266831568925557 ], [ 72.917960909031976, 19.266885800808073 ], [ 72.918017942568767, 19.262370086749652 ], [ 72.913263002575007, 19.262315868553085 ] ] ] } },
{ "type": "Feature", "properties": { "grid_id": "MUM_001464", "locality": "Ghatkopar West", "centroid_lat": 19.079455, "centroid_lon": 72.91794, "area_sqkm": 0.1097 }, "geometry": { "type": "Polygon", "coordinates": [ [ [ 72.917960909031976, 19.266885800808073 ], [ 72.913205839012221, 19.266831568925557 ], [ 72.91316664174731, 19.269927268629882 ], [ 72.917949958087377, 19.267752712850825 ], [ 72.917960909031976, 19.266885800808073 ] ] ] } },
{ "type": "Feature", "properties": { "grid_id": "MUM_001465", "locality": "Ghatkopar West", "centroid_lat": 19.083971, "centroid_lon": 72.917883, "area_sqkm": 0.1508 }, "geometry": { "type": "Polygon", "coordinates": [ [ [ 72.920567939085359, 19.059160487820112 ], [ 72.920511622831768, 19.063676308947137 ], [ 72.924826520454786, 19.06372491596845 ], [ 72.921983672354912, 19.05917644345109 ], [ 72.920567939085359, 19.059160487820112 ] ] ] } },
{ "type": "Feature", "properties": { "grid_id": "MUM_001466", "locality": "Ghatkopar West", "centroid_lat": 19.088486, "centroid_lon": 72.917827, "area_sqkm": 0.2483 }, "geometry": { "type": "Polygon", "coordinates": [ [ [ 72.920511622831768, 19.063676308947137 ], [ 72.920455290682284, 19.068192127705665 ], [ 72.925204689849878, 19.06824563594045 ], [ 72.925252473643411, 19.064406405493582 ], [ 72.924826520454786, 19.06372491596845 ], [ 72.920511622831768, 19.063676308947137 ] ] ] } },
{ "type": "Feature", "properties": { "grid_id": "MUM_001467", "locality": "Ghatkopar West", "centroid_lat": 19.093002, "centroid_lon": 72.91777, "area_sqkm": 0.25 }, "geometry": { "type": "Polygon", "coordinates": [ [ [ 72.920455290682284, 19.068192127705665 ], [ 72.920398942634918, 19.072707944095196 ], [ 72.92514847026851, 19.072761465953931 ], [ 72.925204689849878, 19.06824563594045 ], [ 72.920455290682284, 19.068192127705665 ] ] ] } },
{ "type": "Feature", "properties": { "grid_id": "MUM_001468", "locality": "Ghatkopar West", "centroid_lat": 19.097518, "centroid_lon": 72.917714, "area_sqkm": 0.25 }, "geometry": { "type": "Polygon", "coordinates": [ [ [ 72.920398942634918, 19.072707944095196 ], [ 72.920342578687723, 19.077223758115231 ], [ 72.925092234823524, 19.07727729359863 ], [ 72.92514847026851, 19.072761465953931 ], [ 72.920398942634918, 19.072707944095196 ] ] ] } },
{ "type": "Feature", "properties": { "grid_id": "MUM_001469", "locality": "Ghatkopar West", "centroid_lat": 19.102034, "centroid_lon": 72.917657, "area_sqkm": 0.25 }, "geometry": { "type": "Polygon", "coordinates": [ [ [ 72.920342578687723, 19.077223758115231 ], [ 72.920286198838696, 19.081739569765301 ], [ 72.925035983512942, 19.081793118874074 ], [ 72.925092234823524, 19.07727729359863 ], [ 72.920342578687723, 19.077223758115231 ] ] ] } },
{ "type": "Feature", "properties": { "grid_id": "MUM_001470", "locality": "Vikhroli East", "centroid_lat": 19.10655, "centroid_lon": 72.917601, "area_sqkm": 0.25 }, "geometry": { "type": "Polygon", "coordinates": [ [ [ 72.920286198838696, 19.081739569765301 ], [ 72.92022980308586, 19.086255379044889 ], [ 72.924979716334789, 19.086308941779748 ], [ 72.925035983512942, 19.081793118874074 ], [ 72.920286198838696, 19.081739569765301 ] ] ] } },
{ "type": "Feature", "properties": { "grid_id": "MUM_001471", "locality": "Powai / Hiranandani", "centroid_lat": 19.111065, "centroid_lon": 72.917544, "area_sqkm": 0.25 }, "geometry": { "type": "Polygon", "coordinates": [ [ [ 72.92022980308586, 19.086255379044889 ], [ 72.920173391427213, 19.090771185953518 ], [ 72.924923433287091, 19.090824762315176 ], [ 72.924979716334789, 19.086308941779748 ], [ 72.92022980308586, 19.086255379044889 ] ] ] } },
{ "type": "Feature", "properties": { "grid_id": "MUM_001472", "locality": "Powai / Hiranandani", "centroid_lat": 19.115581, "centroid_lon": 72.917487, "area_sqkm": 0.25 }, "geometry": { "type": "Polygon", "coordinates": [ [ [ 72.920173391427213, 19.090771185953518 ], [ 72.920116963860821, 19.095286990490695 ], [ 72.924867134367858, 19.095340580479874 ], [ 72.924923433287091, 19.090824762315176 ], [ 72.920173391427213, 19.090771185953518 ] ] ] } },
{ "type": "Feature", "properties": { "grid_id": "MUM_001473", "locality": "Powai / Hiranandani", "centroid_lat": 19.120097, "centroid_lon": 72.917431, "area_sqkm": 0.25 }, "geometry": { "type": "Polygon", "coordinates": [ [ [ 72.920116963860821, 19.095286990490695 ], [ 72.920060520384652, 19.099802792655929 ], [ 72.924810819575143, 19.099856396273328 ], [ 72.924867134367858, 19.095340580479874 ], [ 72.920116963860821, 19.095286990490695 ] ] ] } },
{ "type": "Feature", "properties": { "grid_id": "MUM_001474", "locality": "Powai / Hiranandani", "centroid_lat": 19.124613, "centroid_lon": 72.917374, "area_sqkm": 0.25 }, "geometry": { "type": "Polygon", "coordinates": [ [ [ 72.920060520384652, 19.099802792655929 ], [ 72.92000406099676, 19.104318592448724 ], [ 72.924754488906956, 19.104372209695068 ], [ 72.924810819575143, 19.099856396273328 ], [ 72.920060520384652, 19.099802792655929 ] ] ] } },
{ "type": "Feature", "properties": { "grid_id": "MUM_001475", "locality": "Powai / Hiranandani", "centroid_lat": 19.129129, "centroid_lon": 72.917318, "area_sqkm": 0.25 }, "geometry": { "type": "Polygon", "coordinates": [ [ [ 72.92000406099676, 19.104318592448724 ], [ 72.919947585695141, 19.108834389868598 ], [ 72.924698142361294, 19.108888020744594 ], [ 72.924754488906956, 19.104372209695068 ], [ 72.92000406099676, 19.104318592448724 ] ] ] } },
{ "type": "Feature", "properties": { "grid_id": "MUM_001476", "locality": "Powai / Hiranandani", "centroid_lat": 19.133644, "centroid_lon": 72.917261, "area_sqkm": 0.25 }, "geometry": { "type": "Polygon", "coordinates": [ [ [ 72.919947585695141, 19.108834389868598 ], [ 72.919891094477819, 19.113350184915049 ], [ 72.924641779936195, 19.113403829421419 ], [ 72.924698142361294, 19.108888020744594 ], [ 72.919947585695141, 19.108834389868598 ] ] ] } },
{ "type": "Feature", "properties": { "grid_id": "MUM_001477", "locality": "Powai / Hiranandani", "centroid_lat": 19.13816, "centroid_lon": 72.917204, "area_sqkm": 0.25 }, "geometry": { "type": "Polygon", "coordinates": [ [ [ 72.919891094477819, 19.113350184915049 ], [ 72.919834587342805, 19.117865977587595 ], [ 72.924585401629685, 19.117919635725045 ], [ 72.924641779936195, 19.113403829421419 ], [ 72.919891094477819, 19.113350184915049 ] ] ] } },
{ "type": "Feature", "properties": { "grid_id": "MUM_001478", "locality": "Powai / Hiranandani", "centroid_lat": 19.142676, "centroid_lon": 72.917148, "area_sqkm": 0.25 }, "geometry": { "type": "Polygon", "coordinates": [ [ [ 72.919834587342805, 19.117865977587595 ], [ 72.919778064288124, 19.122381767885742 ], [ 72.924529007439759, 19.122435439654996 ], [ 72.924585401629685, 19.117919635725045 ], [ 72.919834587342805, 19.117865977587595 ] ] ] } },
{ "type": "Feature", "properties": { "grid_id": "MUM_001479", "locality": "Powai / Hiranandani", "centroid_lat": 19.147192, "centroid_lon": 72.917091, "area_sqkm": 0.25 }, "geometry": { "type": "Polygon", "coordinates": [ [ [ 72.919778064288124, 19.122381767885742 ], [ 72.919721525311772, 19.126897555808998 ], [ 72.924472597364485, 19.126951241210762 ], [ 72.924529007439759, 19.122435439654996 ], [ 72.919778064288124, 19.122381767885742 ] ] ] } },
{ "type": "Feature", "properties": { "grid_id": "MUM_001480", "locality": "Powai / Hiranandani", "centroid_lat": 19.151707, "centroid_lon": 72.917034, "area_sqkm": 0.25 }, "geometry": { "type": "Polygon", "coordinates": [ [ [ 72.919721525311772, 19.126897555808998 ], [ 72.919664970411773, 19.131413341356875 ], [ 72.924416171401816, 19.131467040391865 ], [ 72.924472597364485, 19.126951241210762 ], [ 72.919721525311772, 19.126897555808998 ] ] ] } },
{ "type": "Feature", "properties": { "grid_id": "MUM_001481", "locality": "Powai / Hiranandani", "centroid_lat": 19.156223, "centroid_lon": 72.916978, "area_sqkm": 0.25 }, "geometry": { "type": "Polygon", "coordinates": [ [ [ 72.919664970411773, 19.131413341356875 ], [ 72.919608399586153, 19.135929124528875 ], [ 72.92435972954982, 19.135982837197812 ], [ 72.924416171401816, 19.131467040391865 ], [ 72.919664970411773, 19.131413341356875 ] ] ] } },
{ "type": "Feature", "properties": { "grid_id": "MUM_001482", "locality": "Powai / Hiranandani", "centroid_lat": 19.160739, "centroid_lon": 72.916921, "area_sqkm": 0.25 }, "geometry": { "type": "Polygon", "coordinates": [ [ [ 72.919608399586153, 19.135929124528875 ], [ 72.919551812832893, 19.140444905324511 ], [ 72.92430327180648, 19.140498631628109 ], [ 72.92435972954982, 19.135982837197812 ], [ 72.919608399586153, 19.135929124528875 ] ] ] } },
{ "type": "Feature", "properties": { "grid_id": "MUM_001483", "locality": "Mulund West", "centroid_lat": 19.165255, "centroid_lon": 72.916864, "area_sqkm": 0.25 }, "geometry": { "type": "Polygon", "coordinates": [ [ [ 72.919551812832893, 19.140444905324511 ], [ 72.919495210150018, 19.1449606837433 ], [ 72.924246798169847, 19.145014423682269 ], [ 72.92430327180648, 19.140498631628109 ], [ 72.919551812832893, 19.140444905324511 ] ] ] } },
{ "type": "Feature", "properties": { "grid_id": "MUM_001484", "locality": "Mulund West", "centroid_lat": 19.16977, "centroid_lon": 72.916807, "area_sqkm": 0.25 }, "geometry": { "type": "Polygon", "coordinates": [ [ [ 72.919495210150018, 19.1449606837433 ], [ 72.919438591535553, 19.14947645978474 ], [ 72.92419030863789, 19.149530213359807 ], [ 72.924246798169847, 19.145014423682269 ], [ 72.919495210150018, 19.1449606837433 ] ] ] } },
{ "type": "Feature", "properties": { "grid_id": "MUM_001485", "locality": "Mulund West", "centroid_lat": 19.174286, "centroid_lon": 72.916751, "area_sqkm": 0.25 }, "geometry": { "type": "Polygon", "coordinates": [ [ [ 72.919438591535553, 19.14947645978474 ], [ 72.919381956987479, 19.153992233448349 ], [ 72.924133803208662, 19.154046000660223 ], [ 72.92419030863789, 19.149530213359807 ], [ 72.919438591535553, 19.14947645978474 ] ] ] } },
{ "type": "Feature", "properties": { "grid_id": "MUM_001486", "locality": "Mulund West", "centroid_lat": 19.178802, "centroid_lon": 72.916694, "area_sqkm": 0.25 }, "geometry": { "type": "Polygon", "coordinates": [ [ [ 72.919381956987479, 19.153992233448349 ], [ 72.919325306503836, 19.15850800473363 ], [ 72.924077281880159, 19.158561785583025 ], [ 72.924133803208662, 19.154046000660223 ], [ 72.919381956987479, 19.153992233448349 ] ] ] } },
{ "type": "Feature", "properties": { "grid_id": "MUM_001487", "locality": "Mulund West", "centroid_lat": 19.183318, "centroid_lon": 72.916637, "area_sqkm": 0.25 }, "geometry": { "type": "Polygon", "coordinates": [ [ [ 72.919325306503836, 19.15850800473363 ], [ 72.919268640082606, 19.163023773640095 ], [ 72.924020744650392, 19.163077568127733 ], [ 72.924077281880159, 19.158561785583025 ], [ 72.919325306503836, 19.15850800473363 ] ] ] } },
{ "type": "Feature", "properties": { "grid_id": "MUM_001488", "locality": "Mulund West", "centroid_lat": 19.187833, "centroid_lon": 72.91658, "area_sqkm": 0.25 }, "geometry": { "type": "Polygon", "coordinates": [ [ [ 72.919268640082606, 19.163023773640095 ], [ 72.919211957721814, 19.167539540167251 ], [ 72.923964191517385, 19.167593348293845 ], [ 72.924020744650392, 19.163077568127733 ], [ 72.919268640082606, 19.163023773640095 ] ] ] } },
{ "type": "Feature", "properties": { "grid_id": "MUM_001489", "locality": "Mulund West", "centroid_lat": 19.192349, "centroid_lon": 72.916523, "area_sqkm": 0.25 }, "geometry": { "type": "Polygon", "coordinates": [ [ [ 72.919211957721814, 19.167539540167251 ], [ 72.919155259419455, 19.172055304314615 ], [ 72.923907622479135, 19.17210912608089 ], [ 72.923964191517385, 19.167593348293845 ], [ 72.919211957721814, 19.167539540167251 ] ] ] } },
{ "type": "Feature", "properties": { "grid_id": "MUM_001490", "locality": "Mulund West", "centroid_lat": 19.196865, "centroid_lon": 72.916467, "area_sqkm": 0.25 }, "geometry": { "type": "Polygon", "coordinates": [ [ [ 72.919155259419455, 19.172055304314615 ], [ 72.91909854517354, 19.176571066081696 ], [ 72.923851037533666, 19.176624901488356 ], [ 72.923907622479135, 19.17210912608089 ], [ 72.919155259419455, 19.172055304314615 ] ] ] } },
{ "type": "Feature", "properties": { "grid_id": "MUM_001491", "locality": "Mulund West", "centroid_lat": 19.201381, "centroid_lon": 72.91641, "area_sqkm": 0.25 }, "geometry": { "type": "Polygon", "coordinates": [ [ [ 72.91909854517354, 19.176571066081696 ], [ 72.91904181498208, 19.181086825467986 ], [ 72.923794436678989, 19.181140674515763 ], [ 72.923851037533666, 19.176624901488356 ], [ 72.91909854517354, 19.176571066081696 ] ] ] } },
{ "type": "Feature", "properties": { "grid_id": "MUM_001492", "locality": "Mulund West", "centroid_lat": 19.205896, "centroid_lon": 72.916353, "area_sqkm": 0.25 }, "geometry": { "type": "Polygon", "coordinates": [ [ [ 72.91904181498208, 19.181086825467986 ], [ 72.918985068843071, 19.185602582473017 ], [ 72.923737819913072, 19.185656445162621 ], [ 72.923794436678989, 19.181140674515763 ], [ 72.91904181498208, 19.181086825467986 ] ] ] } },
{ "type": "Feature", "properties": { "grid_id": "MUM_001493", "locality": "Mulund West", "centroid_lat": 19.210412, "centroid_lon": 72.916296, "area_sqkm": 0.25 }, "geometry": { "type": "Polygon", "coordinates": [ [ [ 72.918985068843071, 19.185602582473017 ], [ 72.918928306754509, 19.19011833709629 ], [ 72.923681187233996, 19.190172213428443 ], [ 72.923737819913072, 19.185656445162621 ], [ 72.918985068843071, 19.185602582473017 ] ] ] } },
{ "type": "Feature", "properties": { "grid_id": "MUM_001494", "locality": "Mulund West", "centroid_lat": 19.214928, "centroid_lon": 72.916239, "area_sqkm": 0.25 }, "geometry": { "type": "Polygon", "coordinates": [ [ [ 72.918928306754509, 19.19011833709629 ], [ 72.918871528714419, 19.194634089337306 ], [ 72.923624538639714, 19.194687979312722 ], [ 72.923681187233996, 19.190172213428443 ], [ 72.918928306754509, 19.19011833709629 ] ] ] } },
{ "type": "Feature", "properties": { "grid_id": "MUM_001495", "locality": "Mulund West", "centroid_lat": 19.219444, "centroid_lon": 72.916182, "area_sqkm": 0.25 }, "geometry": { "type": "Polygon", "coordinates": [ [ [ 72.918871528714419, 19.194634089337306 ], [ 72.918814734720797, 19.199149839195595 ], [ 72.923567874128253, 19.199203742814991 ], [ 72.923624538639714, 19.194687979312722 ], [ 72.918871528714419, 19.194634089337306 ] ] ] } },
{ "type": "Feature", "properties": { "grid_id": "MUM_001496", "locality": "Mulund West", "centroid_lat": 19.223959, "centroid_lon": 72.916125, "area_sqkm": 0.25 }, "geometry": { "type": "Polygon", "coordinates": [ [ [ 72.918814734720797, 19.199149839195595 ], [ 72.91875792477164, 19.203665586670649 ], [ 72.923511193697621, 19.203719503934753 ], [ 72.923567874128253, 19.199203742814991 ], [ 72.918814734720797, 19.199149839195595 ] ] ] } },
{ "type": "Feature", "properties": { "grid_id": "MUM_001497", "locality": "Mulund West", "centroid_lat": 19.228475, "centroid_lon": 72.916068, "area_sqkm": 0.25 }, "geometry": { "type": "Polygon", "coordinates": [ [ [ 72.91875792477164, 19.203665586670649 ], [ 72.918701098864958, 19.208181331761988 ], [ 72.923454497345801, 19.208235262671508 ], [ 72.923511193697621, 19.203719503934753 ], [ 72.91875792477164, 19.203665586670649 ] ] ] } },
{ "type": "Feature", "properties": { "grid_id": "MUM_001498", "locality": "Borivali / Dahisar Subway", "centroid_lat": 19.232991, "centroid_lon": 72.916011, "area_sqkm": 0.25 }, "geometry": { "type": "Polygon", "coordinates": [ [ [ 72.918701098864958, 19.208181331761988 ], [ 72.918644256998746, 19.212697074469116 ], [ 72.923397785070833, 19.212751019024775 ], [ 72.923454497345801, 19.208235262671508 ], [ 72.918701098864958, 19.208181331761988 ] ] ] } },
{ "type": "Feature", "properties": { "grid_id": "MUM_001499", "locality": "Borivali / Dahisar Subway", "centroid_lat": 19.237507, "centroid_lon": 72.915954, "area_sqkm": 0.25 }, "geometry": { "type": "Polygon", "coordinates": [ [ [ 72.918644256998746, 19.212697074469116 ], [ 72.918587399170988, 19.217212814791544 ], [ 72.923341056870711, 19.217266772994058 ], [ 72.923397785070833, 19.212751019024775 ], [ 72.918644256998746, 19.212697074469116 ] ] ] } },
{ "type": "Feature", "properties": { "grid_id": "MUM_001500", "locality": "Borivali / Dahisar Subway", "centroid_lat": 19.242022, "centroid_lon": 72.915897, "area_sqkm": 0.25 }, "geometry": { "type": "Polygon", "coordinates": [ [ [ 72.918587399170988, 19.217212814791544 ], [ 72.918530525379708, 19.221728552728788 ], [ 72.923284312743419, 19.221782524578881 ], [ 72.923341056870711, 19.217266772994058 ], [ 72.918587399170988, 19.217212814791544 ] ] ] } },
{ "type": "Feature", "properties": { "grid_id": "MUM_001501", "locality": "Borivali / Dahisar Subway", "centroid_lat": 19.246538, "centroid_lon": 72.91584, "area_sqkm": 0.25 }, "geometry": { "type": "Polygon", "coordinates": [ [ [ 72.918530525379708, 19.221728552728788 ], [ 72.918473635622888, 19.226244288280345 ], [ 72.923227552686981, 19.226298273778738 ], [ 72.923284312743419, 19.221782524578881 ], [ 72.918530525379708, 19.221728552728788 ] ] ] } },
{ "type": "Feature", "properties": { "grid_id": "MUM_001502", "locality": "Borivali / Dahisar Subway", "centroid_lat": 19.251054, "centroid_lon": 72.915783, "area_sqkm": 0.25 }, "geometry": { "type": "Polygon", "coordinates": [ [ [ 72.918473635622888, 19.226244288280345 ], [ 72.918416729898539, 19.230760021445743 ], [ 72.923170776699394, 19.230814020593158 ], [ 72.923227552686981, 19.226298273778738 ], [ 72.918473635622888, 19.226244288280345 ] ] ] } },
{ "type": "Feature", "properties": { "grid_id": "MUM_001503", "locality": "Borivali / Dahisar Subway", "centroid_lat": 19.255569, "centroid_lon": 72.915726, "area_sqkm": 0.25 }, "geometry": { "type": "Polygon", "coordinates": [ [ [ 72.918416729898539, 19.230760021445743 ], [ 72.918359808204656, 19.235275752224471 ], [ 72.923113984778638, 19.235329765021628 ], [ 72.923170776699394, 19.230814020593158 ], [ 72.918416729898539, 19.230760021445743 ] ] ] } },
{ "type": "Feature", "properties": { "grid_id": "MUM_001504", "locality": "Borivali / Dahisar Subway", "centroid_lat": 19.260085, "centroid_lon": 72.915669, "area_sqkm": 0.25 }, "geometry": { "type": "Polygon", "coordinates": [ [ [ 72.918359808204656, 19.235275752224471 ], [ 72.918302870539208, 19.239791480616063 ], [ 72.923057176922768, 19.239845507063681 ], [ 72.923113984778638, 19.235329765021628 ], [ 72.918359808204656, 19.235275752224471 ] ] ] } },
{ "type": "Feature", "properties": { "grid_id": "MUM_001505", "locality": "Borivali / Dahisar Subway", "centroid_lat": 19.264601, "centroid_lon": 72.915612, "area_sqkm": 0.25 }, "geometry": { "type": "Polygon", "coordinates": [ [ [ 72.918302870539208, 19.239791480616063 ], [ 72.918245916900247, 19.244307206620011 ], [ 72.923000353129737, 19.244361246718807 ], [ 72.923057176922768, 19.239845507063681 ], [ 72.918302870539208, 19.239791480616063 ] ] ] } },
{ "type": "Feature", "properties": { "grid_id": "MUM_001506", "locality": "Borivali / Dahisar Subway", "centroid_lat": 19.267949, "centroid_lon": 72.915124, "area_sqkm": 0.25 }, "geometry": { "type": "Polygon", "coordinates": [ [ [ 72.918245916900247, 19.244307206620011 ], [ 72.918188947285714, 19.248822930235836 ], [ 72.922943513397541, 19.248876983986531 ], [ 72.923000353129737, 19.244361246718807 ], [ 72.918245916900247, 19.244307206620011 ] ] ] } },
{ "type": "Feature", "properties": { "grid_id": "MUM_001507", "locality": "Mumbai Central", "centroid_lat": null, "centroid_lon": null, "area_sqkm": 0.25 }, "geometry": { "type": "Polygon", "coordinates": [ [ [ 72.918188947285714, 19.248822930235836 ], [ 72.918131961693632, 19.253338651463046 ], [ 72.92288665772422, 19.253392718866358 ], [ 72.922943513397541, 19.248876983986531 ], [ 72.918188947285714, 19.248822930235836 ] ] ] } },
{ "type": "Feature", "properties": { "grid_id": "MUM_001508", "locality": "Chembur East", "centroid_lat": 19.061817, "centroid_lon": 72.92209, "area_sqkm": 0.25 }, "geometry": { "type": "Polygon", "coordinates": [ [ [ 72.918131961693632, 19.253338651463046 ], [ 72.918074960121984, 19.257854370301146 ], [ 72.922829786107741, 19.257908451357803 ], [ 72.92288665772422, 19.253392718866358 ], [ 72.918131961693632, 19.253338651463046 ] ] ] } },
{ "type": "Feature", "properties": { "grid_id": "MUM_001509", "locality": "Chembur East", "centroid_lat": 19.065975, "centroid_lon": 72.922843, "area_sqkm": 0.25 }, "geometry": { "type": "Polygon", "coordinates": [ [ [ 72.918074960121984, 19.257854370301146 ], [ 72.918017942568767, 19.262370086749652 ], [ 72.9227728985461, 19.262424181460375 ], [ 72.922829786107741, 19.257908451357803 ], [ 72.918074960121984, 19.257854370301146 ] ] ] } },
{ "type": "Feature", "properties": { "grid_id": "MUM_001510", "locality": "Ghatkopar West", "centroid_lat": 19.070477, "centroid_lon": 72.922802, "area_sqkm": 0.227 }, "geometry": { "type": "Polygon", "coordinates": [ [ [ 72.9227728985461, 19.262424181460375 ], [ 72.918017942568767, 19.262370086749652 ], [ 72.917960909031976, 19.266885800808073 ], [ 72.919810443225956, 19.26690686145157 ], [ 72.922733158140716, 19.265578019471484 ], [ 72.9227728985461, 19.262424181460375 ] ] ] } },
{ "type": "Feature", "properties": { "grid_id": "MUM_001511", "locality": "Ghatkopar West", "centroid_lat": 19.074993, "centroid_lon": 72.922746, "area_sqkm": 0.0552 }, "geometry": { "type": "Polygon", "coordinates": [ [ [ 72.925204689849878, 19.06824563594045 ], [ 72.927669515377872, 19.068273357229199 ], [ 72.925252473643411, 19.064406405493582 ], [ 72.925204689849878, 19.06824563594045 ] ] ] } },
{ "type": "Feature", "properties": { "grid_id": "MUM_001512", "locality": "Ghatkopar West", "centroid_lat": 19.079508, "centroid_lon": 72.922689, "area_sqkm": 0.2026 }, "geometry": { "type": "Polygon", "coordinates": [ [ [ 72.925204689849878, 19.06824563594045 ], [ 72.92514847026851, 19.072761465953931 ], [ 72.929898013765722, 19.072814865632392 ], [ 72.929909906257535, 19.071857518753788 ], [ 72.927669515377872, 19.068273357229199 ], [ 72.925204689849878, 19.06824563594045 ] ] ] } },
{ "type": "Feature", "properties": { "grid_id": "MUM_001513", "locality": "Ghatkopar West", "centroid_lat": 19.084024, "centroid_lon": 72.922633, "area_sqkm": 0.25 }, "geometry": { "type": "Polygon", "coordinates": [ [ [ 72.92514847026851, 19.072761465953931 ], [ 72.925092234823524, 19.07727729359863 ], [ 72.929841906824919, 19.077330706870658 ], [ 72.929898013765722, 19.072814865632392 ], [ 72.92514847026851, 19.072761465953931 ] ] ] } },
{ "type": "Feature", "properties": { "grid_id": "MUM_001514", "locality": "Ghatkopar West", "centroid_lat": 19.08854, "centroid_lon": 72.922577, "area_sqkm": 0.25 }, "geometry": { "type": "Polygon", "coordinates": [ [ [ 72.925092234823524, 19.07727729359863 ], [ 72.925035983512942, 19.081793118874074 ], [ 72.929785784054744, 19.081846545740376 ], [ 72.929841906824919, 19.077330706870658 ], [ 72.925092234823524, 19.07727729359863 ] ] ] } },
{ "type": "Feature", "properties": { "grid_id": "MUM_001515", "locality": "Ghatkopar West", "centroid_lat": 19.093056, "centroid_lon": 72.92252, "area_sqkm": 0.25 }, "geometry": { "type": "Polygon", "coordinates": [ [ [ 72.925035983512942, 19.081793118874074 ], [ 72.924979716334789, 19.086308941779748 ], [ 72.929729645453264, 19.086362382241045 ], [ 72.929785784054744, 19.081846545740376 ], [ 72.925035983512942, 19.081793118874074 ] ] ] } },
{ "type": "Feature", "properties": { "grid_id": "MUM_001516", "locality": "Ghatkopar West", "centroid_lat": 19.097572, "centroid_lon": 72.922464, "area_sqkm": 0.25 }, "geometry": { "type": "Polygon", "coordinates": [ [ [ 72.924979716334789, 19.086308941779748 ], [ 72.924923433287091, 19.090824762315176 ], [ 72.929673491018477, 19.090878216372182 ], [ 72.929729645453264, 19.086362382241045 ], [ 72.924979716334789, 19.086308941779748 ] ] ] } },
{ "type": "Feature", "properties": { "grid_id": "MUM_001517", "locality": "Vikhroli East", "centroid_lat": 19.102088, "centroid_lon": 72.922407, "area_sqkm": 0.25 }, "geometry": { "type": "Polygon", "coordinates": [ [ [ 72.924923433287091, 19.090824762315176 ], [ 72.924867134367858, 19.095340580479874 ], [ 72.92961732074842, 19.095394048133286 ], [ 72.929673491018477, 19.090878216372182 ], [ 72.924923433287091, 19.090824762315176 ] ] ] } },
{ "type": "Feature", "properties": { "grid_id": "MUM_001518", "locality": "Vikhroli East", "centroid_lat": 19.106603, "centroid_lon": 72.922351, "area_sqkm": 0.25 }, "geometry": { "type": "Polygon", "coordinates": [ [ [ 72.924867134367858, 19.095340580479874 ], [ 72.924810819575143, 19.099856396273328 ], [ 72.929561134641119, 19.099909877523871 ], [ 72.92961732074842, 19.095394048133286 ], [ 72.924867134367858, 19.095340580479874 ] ] ] } },
{ "type": "Feature", "properties": { "grid_id": "MUM_001519", "locality": "Vikhroli East", "centroid_lat": 19.111119, "centroid_lon": 72.922295, "area_sqkm": 0.25 }, "geometry": { "type": "Polygon", "coordinates": [ [ [ 72.924810819575143, 19.099856396273328 ], [ 72.924754488906956, 19.104372209695068 ], [ 72.929504932694599, 19.104425704543448 ], [ 72.929561134641119, 19.099909877523871 ], [ 72.924810819575143, 19.099856396273328 ] ] ] } },
{ "type": "Feature", "properties": { "grid_id": "MUM_001520", "locality": "Powai / Hiranandani", "centroid_lat": 19.115635, "centroid_lon": 72.922238, "area_sqkm": 0.25 }, "geometry": { "type": "Polygon", "coordinates": [ [ [ 72.924754488906956, 19.104372209695068 ], [ 72.924698142361294, 19.108888020744594 ], [ 72.929448714906869, 19.108941529191522 ], [ 72.929504932694599, 19.104425704543448 ], [ 72.924754488906956, 19.104372209695068 ] ] ] } },
{ "type": "Feature", "properties": { "grid_id": "MUM_001521", "locality": "Powai / Hiranandani", "centroid_lat": 19.120151, "centroid_lon": 72.922182, "area_sqkm": 0.25 }, "geometry": { "type": "Polygon", "coordinates": [ [ [ 72.924698142361294, 19.108888020744594 ], [ 72.924641779936195, 19.113403829421419 ], [ 72.929392481275997, 19.113457351467613 ], [ 72.929448714906869, 19.108941529191522 ], [ 72.924698142361294, 19.108888020744594 ] ] ] } },
{ "type": "Feature", "properties": { "grid_id": "MUM_001522", "locality": "Powai / Hiranandani", "centroid_lat": 19.124667, "centroid_lon": 72.922125, "area_sqkm": 0.25 }, "geometry": { "type": "Polygon", "coordinates": [ [ [ 72.924641779936195, 19.113403829421419 ], [ 72.924585401629685, 19.117919635725045 ], [ 72.929336231799965, 19.117973171371215 ], [ 72.929392481275997, 19.113457351467613 ], [ 72.924641779936195, 19.113403829421419 ] ] ] } },
{ "type": "Feature", "properties": { "grid_id": "MUM_001523", "locality": "Powai / Hiranandani", "centroid_lat": 19.129182, "centroid_lon": 72.922069, "area_sqkm": 0.25 }, "geometry": { "type": "Polygon", "coordinates": [ [ [ 72.924585401629685, 19.117919635725045 ], [ 72.924529007439759, 19.122435439654996 ], [ 72.929279966476798, 19.12248898890185 ], [ 72.929336231799965, 19.117973171371215 ], [ 72.924585401629685, 19.117919635725045 ] ] ] } },
{ "type": "Feature", "properties": { "grid_id": "MUM_001524", "locality": "Powai / Hiranandani", "centroid_lat": 19.133698, "centroid_lon": 72.922012, "area_sqkm": 0.25 }, "geometry": { "type": "Polygon", "coordinates": [ [ [ 72.924529007439759, 19.122435439654996 ], [ 72.924472597364485, 19.126951241210762 ], [ 72.929223685304535, 19.127004804059016 ], [ 72.929279966476798, 19.12248898890185 ], [ 72.924529007439759, 19.122435439654996 ] ] ] } },
{ "type": "Feature", "properties": { "grid_id": "MUM_001525", "locality": "Powai / Hiranandani", "centroid_lat": 19.138214, "centroid_lon": 72.921956, "area_sqkm": 0.25 }, "geometry": { "type": "Polygon", "coordinates": [ [ [ 72.924472597364485, 19.126951241210762 ], [ 72.924416171401816, 19.131467040391865 ], [ 72.929167388281201, 19.131520616842238 ], [ 72.929223685304535, 19.127004804059016 ], [ 72.924472597364485, 19.126951241210762 ] ] ] } },
{ "type": "Feature", "properties": { "grid_id": "MUM_001526", "locality": "Powai / Hiranandani", "centroid_lat": 19.14273, "centroid_lon": 72.921899, "area_sqkm": 0.25 }, "geometry": { "type": "Polygon", "coordinates": [ [ [ 72.924416171401816, 19.131467040391865 ], [ 72.92435972954982, 19.135982837197812 ], [ 72.929111075404819, 19.136036427251017 ], [ 72.929167388281201, 19.131520616842238 ], [ 72.924416171401816, 19.131467040391865 ] ] ] } },
{ "type": "Feature", "properties": { "grid_id": "MUM_001527", "locality": "Powai / Hiranandani", "centroid_lat": 19.147245, "centroid_lon": 72.921843, "area_sqkm": 0.25 }, "geometry": { "type": "Polygon", "coordinates": [ [ [ 72.92435972954982, 19.135982837197812 ], [ 72.92430327180648, 19.140498631628109 ], [ 72.929054746673401, 19.140552235284854 ], [ 72.929111075404819, 19.136036427251017 ], [ 72.92435972954982, 19.135982837197812 ] ] ] } },
{ "type": "Feature", "properties": { "grid_id": "MUM_001528", "locality": "Powai / Hiranandani", "centroid_lat": 19.151761, "centroid_lon": 72.921786, "area_sqkm": 0.25 }, "geometry": { "type": "Polygon", "coordinates": [ [ [ 72.92430327180648, 19.140498631628109 ], [ 72.924246798169847, 19.145014423682269 ], [ 72.928998402084957, 19.145068040943279 ], [ 72.929054746673401, 19.140552235284854 ], [ 72.92430327180648, 19.140498631628109 ] ] ] } },
{ "type": "Feature", "properties": { "grid_id": "MUM_001529", "locality": "Powai / Hiranandani", "centroid_lat": 19.156277, "centroid_lon": 72.92173, "area_sqkm": 0.25 }, "geometry": { "type": "Polygon", "coordinates": [ [ [ 72.924246798169847, 19.145014423682269 ], [ 72.92419030863789, 19.149530213359807 ], [ 72.928942041637526, 19.149583844225784 ], [ 72.928998402084957, 19.145068040943279 ], [ 72.924246798169847, 19.145014423682269 ] ] ] } },
{ "type": "Feature", "properties": { "grid_id": "MUM_001530", "locality": "Mulund West", "centroid_lat": 19.160793, "centroid_lon": 72.921673, "area_sqkm": 0.25 }, "geometry": { "type": "Polygon", "coordinates": [ [ [ 72.92419030863789, 19.149530213359807 ], [ 72.924133803208662, 19.154046000660223 ], [ 72.928885665329119, 19.154099645131883 ], [ 72.928942041637526, 19.149583844225784 ], [ 72.92419030863789, 19.149530213359807 ] ] ] } },
{ "type": "Feature", "properties": { "grid_id": "MUM_001531", "locality": "Mulund West", "centroid_lat": 19.165309, "centroid_lon": 72.921616, "area_sqkm": 0.25 }, "geometry": { "type": "Polygon", "coordinates": [ [ [ 72.924133803208662, 19.154046000660223 ], [ 72.924077281880159, 19.158561785583025 ], [ 72.928829273157746, 19.158615443661088 ], [ 72.928885665329119, 19.154099645131883 ], [ 72.924133803208662, 19.154046000660223 ] ] ] } },
{ "type": "Feature", "properties": { "grid_id": "MUM_001532", "locality": "Mulund West", "centroid_lat": 19.169824, "centroid_lon": 72.92156, "area_sqkm": 0.25 }, "geometry": { "type": "Polygon", "coordinates": [ [ [ 72.924077281880159, 19.158561785583025 ], [ 72.924020744650392, 19.163077568127733 ], [ 72.928772865121431, 19.163131239812913 ], [ 72.928829273157746, 19.158615443661088 ], [ 72.924077281880159, 19.158561785583025 ] ] ] } },
{ "type": "Feature", "properties": { "grid_id": "MUM_001533", "locality": "Mulund West", "centroid_lat": 19.17434, "centroid_lon": 72.921503, "area_sqkm": 0.25 }, "geometry": { "type": "Polygon", "coordinates": [ [ [ 72.924020744650392, 19.163077568127733 ], [ 72.923964191517385, 19.167593348293845 ], [ 72.928716441218185, 19.167647033586857 ], [ 72.928772865121431, 19.163131239812913 ], [ 72.924020744650392, 19.163077568127733 ] ] ] } },
{ "type": "Feature", "properties": { "grid_id": "MUM_001534", "locality": "Mulund West", "centroid_lat": 19.178856, "centroid_lon": 72.921446, "area_sqkm": 0.25 }, "geometry": { "type": "Polygon", "coordinates": [ [ [ 72.923964191517385, 19.167593348293845 ], [ 72.923907622479135, 19.17210912608089 ], [ 72.928660001446048, 19.17216282498244 ], [ 72.928716441218185, 19.167647033586857 ], [ 72.923964191517385, 19.167593348293845 ] ] ] } },
{ "type": "Feature", "properties": { "grid_id": "MUM_001535", "locality": "Mulund West", "centroid_lat": 19.183372, "centroid_lon": 72.92139, "area_sqkm": 0.25 }, "geometry": { "type": "Polygon", "coordinates": [ [ [ 72.923907622479135, 19.17210912608089 ], [ 72.923851037533666, 19.176624901488356 ], [ 72.928603545803014, 19.176678613999176 ], [ 72.928660001446048, 19.17216282498244 ], [ 72.923907622479135, 19.17210912608089 ] ] ] } },
{ "type": "Feature", "properties": { "grid_id": "MUM_001536", "locality": "Mulund West", "centroid_lat": 19.187887, "centroid_lon": 72.921333, "area_sqkm": 0.25 }, "geometry": { "type": "Polygon", "coordinates": [ [ [ 72.923851037533666, 19.176624901488356 ], [ 72.923794436678989, 19.181140674515763 ], [ 72.928547074287081, 19.18119440063656 ], [ 72.928603545803014, 19.176678613999176 ], [ 72.923851037533666, 19.176624901488356 ] ] ] } },
{ "type": "Feature", "properties": { "grid_id": "MUM_001537", "locality": "Mulund West", "centroid_lat": 19.192403, "centroid_lon": 72.921276, "area_sqkm": 0.25 }, "geometry": { "type": "Polygon", "coordinates": [ [ [ 72.923794436678989, 19.181140674515763 ], [ 72.923737819913072, 19.185656445162621 ], [ 72.928490586896288, 19.185710184894113 ], [ 72.928547074287081, 19.18119440063656 ], [ 72.923794436678989, 19.181140674515763 ] ] ] } },
{ "type": "Feature", "properties": { "grid_id": "MUM_001538", "locality": "Mulund West", "centroid_lat": 19.196919, "centroid_lon": 72.92122, "area_sqkm": 0.25 }, "geometry": { "type": "Polygon", "coordinates": [ [ [ 72.923737819913072, 19.185656445162621 ], [ 72.923681187233996, 19.190172213428443 ], [ 72.928434083628659, 19.19022596677134 ], [ 72.928490586896288, 19.185710184894113 ], [ 72.923737819913072, 19.185656445162621 ] ] ] } },
{ "type": "Feature", "properties": { "grid_id": "MUM_001539", "locality": "Mulund West", "centroid_lat": 19.201435, "centroid_lon": 72.921163, "area_sqkm": 0.25 }, "geometry": { "type": "Polygon", "coordinates": [ [ [ 72.923681187233996, 19.190172213428443 ], [ 72.923624538639714, 19.194687979312722 ], [ 72.92837756448219, 19.194741746267759 ], [ 72.928434083628659, 19.19022596677134 ], [ 72.923681187233996, 19.190172213428443 ] ] ] } },
{ "type": "Feature", "properties": { "grid_id": "MUM_001540", "locality": "Mulund West", "centroid_lat": 19.20595, "centroid_lon": 72.921106, "area_sqkm": 0.25 }, "geometry": { "type": "Polygon", "coordinates": [ [ [ 72.923624538639714, 19.194687979312722 ], [ 72.923567874128253, 19.199203742814991 ], [ 72.928321029454864, 19.199257523382869 ], [ 72.92837756448219, 19.194741746267759 ], [ 72.923624538639714, 19.194687979312722 ] ] ] } },
{ "type": "Feature", "properties": { "grid_id": "MUM_001541", "locality": "Mulund West", "centroid_lat": 19.210466, "centroid_lon": 72.921049, "area_sqkm": 0.25 }, "geometry": { "type": "Polygon", "coordinates": [ [ [ 72.923567874128253, 19.199203742814991 ], [ 72.923511193697621, 19.203719503934753 ], [ 72.928264478544762, 19.203773298116193 ], [ 72.928321029454864, 19.199257523382869 ], [ 72.923567874128253, 19.199203742814991 ] ] ] } },
{ "type": "Feature", "properties": { "grid_id": "MUM_001542", "locality": "Mulund West", "centroid_lat": 19.214982, "centroid_lon": 72.920993, "area_sqkm": 0.25 }, "geometry": { "type": "Polygon", "coordinates": [ [ [ 72.923511193697621, 19.203719503934753 ], [ 72.923454497345801, 19.208235262671508 ], [ 72.928207911749823, 19.208289070467227 ], [ 72.928264478544762, 19.203773298116193 ], [ 72.923511193697621, 19.203719503934753 ] ] ] } },
{ "type": "Feature", "properties": { "grid_id": "MUM_001543", "locality": "Mulund West", "centroid_lat": 19.219498, "centroid_lon": 72.920936, "area_sqkm": 0.25 }, "geometry": { "type": "Polygon", "coordinates": [ [ [ 72.923454497345801, 19.208235262671508 ], [ 72.923397785070833, 19.212751019024775 ], [ 72.9281513290681, 19.212804840435492 ], [ 72.928207911749823, 19.208289070467227 ], [ 72.923454497345801, 19.208235262671508 ] ] ] } },
{ "type": "Feature", "properties": { "grid_id": "MUM_001544", "locality": "Mulund West", "centroid_lat": 19.224013, "centroid_lon": 72.920879, "area_sqkm": 0.25 }, "geometry": { "type": "Polygon", "coordinates": [ [ [ 72.923397785070833, 19.212751019024775 ], [ 72.923341056870711, 19.217266772994058 ], [ 72.928094730497577, 19.217320608020493 ], [ 72.9281513290681, 19.212804840435492 ], [ 72.923397785070833, 19.212751019024775 ] ] ] } },
{ "type": "Feature", "properties": { "grid_id": "MUM_001545", "locality": "Mulund West", "centroid_lat": 19.228529, "centroid_lon": 72.920822, "area_sqkm": 0.25 }, "geometry": { "type": "Polygon", "coordinates": [ [ [ 72.923341056870711, 19.217266772994058 ], [ 72.923284312743419, 19.221782524578881 ], [ 72.928038116036291, 19.221836373221745 ], [ 72.928094730497577, 19.217320608020493 ], [ 72.923341056870711, 19.217266772994058 ] ] ] } },
{ "type": "Feature", "properties": { "grid_id": "MUM_001546", "locality": "Mulund West", "centroid_lat": 19.233045, "centroid_lon": 72.920765, "area_sqkm": 0.25 }, "geometry": { "type": "Polygon", "coordinates": [ [ [ 72.923284312743419, 19.221782524578881 ], [ 72.923227552686981, 19.226298273778738 ], [ 72.92798148568221, 19.226352136038756 ], [ 72.928038116036291, 19.221836373221745 ], [ 72.923284312743419, 19.221782524578881 ] ] ] } },
{ "type": "Feature", "properties": { "grid_id": "MUM_001547", "locality": "Borivali / Dahisar Subway", "centroid_lat": 19.237561, "centroid_lon": 72.920708, "area_sqkm": 0.25 }, "geometry": { "type": "Polygon", "coordinates": [ [ [ 72.923227552686981, 19.226298273778738 ], [ 72.923170776699394, 19.230814020593158 ], [ 72.927924839433373, 19.23086789647104 ], [ 72.92798148568221, 19.226352136038756 ], [ 72.923227552686981, 19.226298273778738 ] ] ] } },
{ "type": "Feature", "properties": { "grid_id": "MUM_001548", "locality": "Borivali / Dahisar Subway", "centroid_lat": 19.242076, "centroid_lon": 72.920652, "area_sqkm": 0.25 }, "geometry": { "type": "Polygon", "coordinates": [ [ [ 72.923170776699394, 19.230814020593158 ], [ 72.923113984778638, 19.235329765021628 ], [ 72.927868177287792, 19.235383654518099 ], [ 72.927924839433373, 19.23086789647104 ], [ 72.923170776699394, 19.230814020593158 ] ] ] } },
{ "type": "Feature", "properties": { "grid_id": "MUM_001549", "locality": "Borivali / Dahisar Subway", "centroid_lat": 19.246592, "centroid_lon": 72.920595, "area_sqkm": 0.25 }, "geometry": { "type": "Polygon", "coordinates": [ [ [ 72.923113984778638, 19.235329765021628 ], [ 72.923057176922768, 19.239845507063681 ], [ 72.927811499243447, 19.239899410179458 ], [ 72.927868177287792, 19.235383654518099 ], [ 72.923113984778638, 19.235329765021628 ] ] ] } },
{ "type": "Feature", "properties": { "grid_id": "MUM_001550", "locality": "Borivali / Dahisar Subway", "centroid_lat": 19.251108, "centroid_lon": 72.920538, "area_sqkm": 0.25 }, "geometry": { "type": "Polygon", "coordinates": [ [ [ 72.923057176922768, 19.239845507063681 ], [ 72.923000353129737, 19.244361246718807 ], [ 72.927754805298363, 19.244415163454615 ], [ 72.927811499243447, 19.239899410179458 ], [ 72.923057176922768, 19.239845507063681 ] ] ] } },
{ "type": "Feature", "properties": { "grid_id": "MUM_001551", "locality": "Borivali / Dahisar Subway", "centroid_lat": 19.255624, "centroid_lon": 72.920481, "area_sqkm": 0.25 }, "geometry": { "type": "Polygon", "coordinates": [ [ [ 72.923000353129737, 19.244361246718807 ], [ 72.922943513397541, 19.248876983986531 ], [ 72.927698095450538, 19.248930914343081 ], [ 72.927754805298363, 19.244415163454615 ], [ 72.923000353129737, 19.244361246718807 ] ] ] } },
{ "type": "Feature", "properties": { "grid_id": "MUM_001552", "locality": "Borivali / Dahisar Subway", "centroid_lat": 19.260139, "centroid_lon": 72.920424, "area_sqkm": 0.25 }, "geometry": { "type": "Polygon", "coordinates": [ [ [ 72.922943513397541, 19.248876983986531 ], [ 72.92288665772422, 19.253392718866358 ], [ 72.927641369697966, 19.253446662844379 ], [ 72.927698095450538, 19.248930914343081 ], [ 72.922943513397541, 19.248876983986531 ] ] ] } },
{ "type": "Feature", "properties": { "grid_id": "MUM_001553", "locality": "Borivali / Dahisar Subway", "centroid_lat": 19.26447, "centroid_lon": 72.920226, "area_sqkm": 0.25 }, "geometry": { "type": "Polygon", "coordinates": [ [ [ 72.92288665772422, 19.253392718866358 ], [ 72.922829786107741, 19.257908451357803 ], [ 72.927584628038645, 19.257962408958008 ], [ 72.927641369697966, 19.253446662844379 ], [ 72.92288665772422, 19.253392718866358 ] ] ] } },
{ "type": "Feature", "properties": { "grid_id": "MUM_001554", "locality": "Mumbai Central", "centroid_lat": null, "centroid_lon": null, "area_sqkm": 0.25 }, "geometry": { "type": "Polygon", "coordinates": [ [ [ 72.922829786107741, 19.257908451357803 ], [ 72.9227728985461, 19.262424181460375 ], [ 72.927527870470598, 19.262478152683482 ], [ 72.927584628038645, 19.257962408958008 ], [ 72.922829786107741, 19.257908451357803 ] ] ] } },
{ "type": "Feature", "properties": { "grid_id": "MUM_001555", "locality": "Ghatkopar West", "centroid_lat": 19.066975, "centroid_lon": 72.926042, "area_sqkm": 0.1129 }, "geometry": { "type": "Polygon", "coordinates": [ [ [ 72.927527870470598, 19.262478152683482 ], [ 72.9227728985461, 19.262424181460375 ], [ 72.922733158140716, 19.265578019471484 ], [ 72.927516241894779, 19.263403188536795 ], [ 72.927527870470598, 19.262478152683482 ] ] ] } },
{ "type": "Feature", "properties": { "grid_id": "MUM_001556", "locality": "Ghatkopar West", "centroid_lat": 19.070777, "centroid_lon": 72.927171, "area_sqkm": 0.1087 }, "geometry": { "type": "Polygon", "coordinates": [ [ [ 72.929898013765722, 19.072814865632392 ], [ 72.929841906824919, 19.077330706870658 ], [ 72.933355945926948, 19.077370145843489 ], [ 72.930512657182476, 19.072821767199002 ], [ 72.929898013765722, 19.072814865632392 ] ] ] } },
{ "type": "Feature", "properties": { "grid_id": "MUM_001557", "locality": "Ghatkopar West", "centroid_lat": 19.075046, "centroid_lon": 72.927495, "area_sqkm": 0.2361 }, "geometry": { "type": "Polygon", "coordinates": [ [ [ 72.929841906824919, 19.077330706870658 ], [ 72.929785784054744, 19.081846545740376 ], [ 72.934535600427893, 19.081899850362472 ], [ 72.934567733168265, 19.07930854796853 ], [ 72.933355945926948, 19.077370145843489 ], [ 72.929841906824919, 19.077330706870658 ] ] ] } },
{ "type": "Feature", "properties": { "grid_id": "MUM_001558", "locality": "Ghatkopar West", "centroid_lat": 19.079562, "centroid_lon": 72.927439, "area_sqkm": 0.25 }, "geometry": { "type": "Polygon", "coordinates": [ [ [ 72.929785784054744, 19.081846545740376 ], [ 72.929729645453264, 19.086362382241045 ], [ 72.934479590405047, 19.086415700427033 ], [ 72.934535600427893, 19.081899850362472 ], [ 72.929785784054744, 19.081846545740376 ] ] ] } },
{ "type": "Feature", "properties": { "grid_id": "MUM_001559", "locality": "Ghatkopar West", "centroid_lat": 19.084078, "centroid_lon": 72.927383, "area_sqkm": 0.25 }, "geometry": { "type": "Polygon", "coordinates": [ [ [ 72.929729645453264, 19.086362382241045 ], [ 72.929673491018477, 19.090878216372182 ], [ 72.934423564585146, 19.090931548122768 ], [ 72.934479590405047, 19.086415700427033 ], [ 72.929729645453264, 19.086362382241045 ] ] ] } },
{ "type": "Feature", "properties": { "grid_id": "MUM_001560", "locality": "Ghatkopar West", "centroid_lat": 19.088594, "centroid_lon": 72.927327, "area_sqkm": 0.25 }, "geometry": { "type": "Polygon", "coordinates": [ [ [ 72.929673491018477, 19.090878216372182 ], [ 72.92961732074842, 19.095394048133286 ], [ 72.934367522966227, 19.095447393449181 ], [ 72.934423564585146, 19.090931548122768 ], [ 72.929673491018477, 19.090878216372182 ] ] ] } },
{ "type": "Feature", "properties": { "grid_id": "MUM_001561", "locality": "Ghatkopar West", "centroid_lat": 19.093109, "centroid_lon": 72.92727, "area_sqkm": 0.25 }, "geometry": { "type": "Polygon", "coordinates": [ [ [ 72.92961732074842, 19.095394048133286 ], [ 72.929561134641119, 19.099909877523871 ], [ 72.934311465546315, 19.099963236405788 ], [ 72.934367522966227, 19.095447393449181 ], [ 72.92961732074842, 19.095394048133286 ] ] ] } },
{ "type": "Feature", "properties": { "grid_id": "MUM_001562", "locality": "Vikhroli East", "centroid_lat": 19.097625, "centroid_lon": 72.927214, "area_sqkm": 0.25 }, "geometry": { "type": "Polygon", "coordinates": [ [ [ 72.929561134641119, 19.099909877523871 ], [ 72.929504932694599, 19.104425704543448 ], [ 72.934255392323436, 19.104479076992103 ], [ 72.934311465546315, 19.099963236405788 ], [ 72.929561134641119, 19.099909877523871 ] ] ] } },
{ "type": "Feature", "properties": { "grid_id": "MUM_001563", "locality": "Vikhroli East", "centroid_lat": 19.102141, "centroid_lon": 72.927158, "area_sqkm": 0.25 }, "geometry": { "type": "Polygon", "coordinates": [ [ [ 72.929504932694599, 19.104425704543448 ], [ 72.929448714906869, 19.108941529191522 ], [ 72.934199303295628, 19.108994915207624 ], [ 72.934255392323436, 19.104479076992103 ], [ 72.929504932694599, 19.104425704543448 ] ] ] } },
{ "type": "Feature", "properties": { "grid_id": "MUM_001564", "locality": "Vikhroli East", "centroid_lat": 19.106657, "centroid_lon": 72.927102, "area_sqkm": 0.25 }, "geometry": { "type": "Polygon", "coordinates": [ [ [ 72.929448714906869, 19.108941529191522 ], [ 72.929392481275997, 19.113457351467613 ], [ 72.93414319846093, 19.113510751051862 ], [ 72.934199303295628, 19.108994915207624 ], [ 72.929448714906869, 19.108941529191522 ] ] ] } },
{ "type": "Feature", "properties": { "grid_id": "MUM_001565", "locality": "Vikhroli East", "centroid_lat": 19.111173, "centroid_lon": 72.927045, "area_sqkm": 0.25 }, "geometry": { "type": "Polygon", "coordinates": [ [ [ 72.929392481275997, 19.113457351467613 ], [ 72.929336231799965, 19.117973171371215 ], [ 72.934087077817338, 19.118026584524333 ], [ 72.93414319846093, 19.113510751051862 ], [ 72.929392481275997, 19.113457351467613 ] ] ] } },
{ "type": "Feature", "properties": { "grid_id": "MUM_001566", "locality": "Vikhroli East", "centroid_lat": 19.115689, "centroid_lon": 72.926989, "area_sqkm": 0.25 }, "geometry": { "type": "Polygon", "coordinates": [ [ [ 72.929336231799965, 19.117973171371215 ], [ 72.929279966476798, 19.12248898890185 ], [ 72.934030941362934, 19.122542415624551 ], [ 72.934087077817338, 19.118026584524333 ], [ 72.929336231799965, 19.117973171371215 ] ] ] } },
{ "type": "Feature", "properties": { "grid_id": "MUM_001567", "locality": "Vikhroli East", "centroid_lat": 19.120204, "centroid_lon": 72.926933, "area_sqkm": 0.25 }, "geometry": { "type": "Polygon", "coordinates": [ [ [ 72.929279966476798, 19.12248898890185 ], [ 72.929223685304535, 19.127004804059016 ], [ 72.933974789095686, 19.127058244352003 ], [ 72.934030941362934, 19.122542415624551 ], [ 72.929279966476798, 19.12248898890185 ] ] ] } },
{ "type": "Feature", "properties": { "grid_id": "MUM_001568", "locality": "Powai / Hiranandani", "centroid_lat": 19.12472, "centroid_lon": 72.926876, "area_sqkm": 0.25 }, "geometry": { "type": "Polygon", "coordinates": [ [ [ 72.929223685304535, 19.127004804059016 ], [ 72.929167388281201, 19.131520616842238 ], [ 72.933918621013646, 19.131574070706222 ], [ 72.933974789095686, 19.127058244352003 ], [ 72.929223685304535, 19.127004804059016 ] ] ] } },
{ "type": "Feature", "properties": { "grid_id": "MUM_001569", "locality": "Powai / Hiranandani", "centroid_lat": 19.129236, "centroid_lon": 72.92682, "area_sqkm": 0.25 }, "geometry": { "type": "Polygon", "coordinates": [ [ [ 72.929167388281201, 19.131520616842238 ], [ 72.929111075404819, 19.136036427251017 ], [ 72.933862437114854, 19.136089894686716 ], [ 72.933918621013646, 19.131574070706222 ], [ 72.929167388281201, 19.131520616842238 ] ] ] } },
{ "type": "Feature", "properties": { "grid_id": "MUM_001570", "locality": "Powai / Hiranandani", "centroid_lat": 19.133752, "centroid_lon": 72.926764, "area_sqkm": 0.25 }, "geometry": { "type": "Polygon", "coordinates": [ [ [ 72.929111075404819, 19.136036427251017 ], [ 72.929054746673401, 19.140552235284854 ], [ 72.93380623739732, 19.140605716292985 ], [ 72.933862437114854, 19.136089894686716 ], [ 72.929111075404819, 19.136036427251017 ] ] ] } },
{ "type": "Feature", "properties": { "grid_id": "MUM_001571", "locality": "Powai / Hiranandani", "centroid_lat": 19.138268, "centroid_lon": 72.926707, "area_sqkm": 0.25 }, "geometry": { "type": "Polygon", "coordinates": [ [ [ 72.929054746673401, 19.140552235284854 ], [ 72.928998402084957, 19.145068040943279 ], [ 72.933750021859069, 19.145121535524542 ], [ 72.93380623739732, 19.140605716292985 ], [ 72.929054746673401, 19.140552235284854 ] ] ] } },
{ "type": "Feature", "properties": { "grid_id": "MUM_001572", "locality": "Powai / Hiranandani", "centroid_lat": 19.142783, "centroid_lon": 72.926651, "area_sqkm": 0.25 }, "geometry": { "type": "Polygon", "coordinates": [ [ [ 72.928998402084957, 19.145068040943279 ], [ 72.928942041637526, 19.149583844225784 ], [ 72.933693790498126, 19.149637352380896 ], [ 72.933750021859069, 19.145121535524542 ], [ 72.928998402084957, 19.145068040943279 ] ] ] } },
{ "type": "Feature", "properties": { "grid_id": "MUM_001573", "locality": "Powai / Hiranandani", "centroid_lat": 19.147299, "centroid_lon": 72.926594, "area_sqkm": 0.25 }, "geometry": { "type": "Polygon", "coordinates": [ [ [ 72.928942041637526, 19.149583844225784 ], [ 72.928885665329119, 19.154099645131883 ], [ 72.933637543312528, 19.154153166861562 ], [ 72.933693790498126, 19.149637352380896 ], [ 72.928942041637526, 19.149583844225784 ] ] ] } },
{ "type": "Feature", "properties": { "grid_id": "MUM_001574", "locality": "Powai / Hiranandani", "centroid_lat": 19.151815, "centroid_lon": 72.926538, "area_sqkm": 0.25 }, "geometry": { "type": "Polygon", "coordinates": [ [ [ 72.928885665329119, 19.154099645131883 ], [ 72.928829273157746, 19.158615443661088 ], [ 72.93358128030026, 19.158668978966048 ], [ 72.933637543312528, 19.154153166861562 ], [ 72.928885665329119, 19.154099645131883 ] ] ] } },
{ "type": "Feature", "properties": { "grid_id": "MUM_001575", "locality": "Mulund West", "centroid_lat": 19.156331, "centroid_lon": 72.926482, "area_sqkm": 0.25 }, "geometry": { "type": "Polygon", "coordinates": [ [ [ 72.928829273157746, 19.158615443661088 ], [ 72.928772865121431, 19.163131239812913 ], [ 72.933525001459387, 19.163184788693865 ], [ 72.93358128030026, 19.158668978966048 ], [ 72.928829273157746, 19.158615443661088 ] ] ] } },
{ "type": "Feature", "properties": { "grid_id": "MUM_001576", "locality": "Mulund West", "centroid_lat": 19.160847, "centroid_lon": 72.926425, "area_sqkm": 0.25 }, "geometry": { "type": "Polygon", "coordinates": [ [ [ 72.928772865121431, 19.163131239812913 ], [ 72.928716441218185, 19.167647033586857 ], [ 72.93346870678792, 19.167700596044519 ], [ 72.933525001459387, 19.163184788693865 ], [ 72.928772865121431, 19.163131239812913 ] ] ] } },
{ "type": "Feature", "properties": { "grid_id": "MUM_001577", "locality": "Mulund West", "centroid_lat": 19.165362, "centroid_lon": 72.926369, "area_sqkm": 0.25 }, "geometry": { "type": "Polygon", "coordinates": [ [ [ 72.928716441218185, 19.167647033586857 ], [ 72.928660001446048, 19.17216282498244 ], [ 72.933412396283842, 19.172216401017522 ], [ 72.93346870678792, 19.167700596044519 ], [ 72.928716441218185, 19.167647033586857 ] ] ] } },
{ "type": "Feature", "properties": { "grid_id": "MUM_001578", "locality": "Mulund West", "centroid_lat": 19.169878, "centroid_lon": 72.926312, "area_sqkm": 0.25 }, "geometry": { "type": "Polygon", "coordinates": [ [ [ 72.928660001446048, 19.17216282498244 ], [ 72.928603545803014, 19.176678613999176 ], [ 72.933356069945219, 19.176732203612385 ], [ 72.933412396283842, 19.172216401017522 ], [ 72.928660001446048, 19.17216282498244 ] ] ] } },
{ "type": "Feature", "properties": { "grid_id": "MUM_001579", "locality": "Mulund West", "centroid_lat": 19.174394, "centroid_lon": 72.926256, "area_sqkm": 0.25 }, "geometry": { "type": "Polygon", "coordinates": [ [ [ 72.928603545803014, 19.176678613999176 ], [ 72.928547074287081, 19.18119440063656 ], [ 72.933299727770049, 19.181248003828621 ], [ 72.933356069945219, 19.176732203612385 ], [ 72.928603545803014, 19.176678613999176 ] ] ] } },
{ "type": "Feature", "properties": { "grid_id": "MUM_001580", "locality": "Mulund West", "centroid_lat": 19.17891, "centroid_lon": 72.926199, "area_sqkm": 0.25 }, "geometry": { "type": "Polygon", "coordinates": [ [ [ 72.928547074287081, 19.18119440063656 ], [ 72.928490586896288, 19.185710184894113 ], [ 72.933243369756369, 19.185763801665729 ], [ 72.933299727770049, 19.181248003828621 ], [ 72.928547074287081, 19.18119440063656 ] ] ] } },
{ "type": "Feature", "properties": { "grid_id": "MUM_001581", "locality": "Mulund West", "centroid_lat": 19.183425, "centroid_lon": 72.926142, "area_sqkm": 0.25 }, "geometry": { "type": "Polygon", "coordinates": [ [ [ 72.928490586896288, 19.185710184894113 ], [ 72.928434083628659, 19.19022596677134 ], [ 72.933186995902162, 19.190279597123236 ], [ 72.933243369756369, 19.185763801665729 ], [ 72.928490586896288, 19.185710184894113 ] ] ] } },
{ "type": "Feature", "properties": { "grid_id": "MUM_001582", "locality": "Mulund West", "centroid_lat": 19.187941, "centroid_lon": 72.926086, "area_sqkm": 0.25 }, "geometry": { "type": "Polygon", "coordinates": [ [ [ 72.928434083628659, 19.19022596677134 ], [ 72.92837756448219, 19.194741746267759 ], [ 72.933130606205481, 19.194795390200643 ], [ 72.933186995902162, 19.190279597123236 ], [ 72.928434083628659, 19.19022596677134 ] ] ] } },
{ "type": "Feature", "properties": { "grid_id": "MUM_001583", "locality": "Mulund West", "centroid_lat": 19.192457, "centroid_lon": 72.926029, "area_sqkm": 0.25 }, "geometry": { "type": "Polygon", "coordinates": [ [ [ 72.92837756448219, 19.194741746267759 ], [ 72.928321029454864, 19.199257523382869 ], [ 72.933074200664308, 19.199311180897467 ], [ 72.933130606205481, 19.194795390200643 ], [ 72.92837756448219, 19.194741746267759 ] ] ] } },
{ "type": "Feature", "properties": { "grid_id": "MUM_001584", "locality": "Mulund West", "centroid_lat": 19.196973, "centroid_lon": 72.925973, "area_sqkm": 0.25 }, "geometry": { "type": "Polygon", "coordinates": [ [ [ 72.928321029454864, 19.199257523382869 ], [ 72.928264478544762, 19.203773298116193 ], [ 72.933017779276682, 19.203826969213203 ], [ 72.933074200664308, 19.199311180897467 ], [ 72.928321029454864, 19.199257523382869 ] ] ] } },
{ "type": "Feature", "properties": { "grid_id": "MUM_001585", "locality": "Mulund West", "centroid_lat": 19.201489, "centroid_lon": 72.925916, "area_sqkm": 0.25 }, "geometry": { "type": "Polygon", "coordinates": [ [ [ 72.928264478544762, 19.203773298116193 ], [ 72.928207911749823, 19.208289070467227 ], [ 72.932961342040628, 19.208342755147374 ], [ 72.933017779276682, 19.203826969213203 ], [ 72.928264478544762, 19.203773298116193 ] ] ] } },
{ "type": "Feature", "properties": { "grid_id": "MUM_001586", "locality": "Mulund West", "centroid_lat": 19.206004, "centroid_lon": 72.92586, "area_sqkm": 0.25 }, "geometry": { "type": "Polygon", "coordinates": [ [ [ 72.928207911749823, 19.208289070467227 ], [ 72.9281513290681, 19.212804840435492 ], [ 72.932904888954127, 19.212858538699493 ], [ 72.932961342040628, 19.208342755147374 ], [ 72.928207911749823, 19.208289070467227 ] ] ] } },
{ "type": "Feature", "properties": { "grid_id": "MUM_001587", "locality": "Mulund West", "centroid_lat": 19.21052, "centroid_lon": 72.925803, "area_sqkm": 0.25 }, "geometry": { "type": "Polygon", "coordinates": [ [ [ 72.9281513290681, 19.212804840435492 ], [ 72.928094730497577, 19.217320608020493 ], [ 72.932848420015233, 19.217374319869062 ], [ 72.932904888954127, 19.212858538699493 ], [ 72.9281513290681, 19.212804840435492 ] ] ] } },
{ "type": "Feature", "properties": { "grid_id": "MUM_001588", "locality": "Mulund West", "centroid_lat": 19.215036, "centroid_lon": 72.925746, "area_sqkm": 0.25 }, "geometry": { "type": "Polygon", "coordinates": [ [ [ 72.928094730497577, 19.217320608020493 ], [ 72.928038116036291, 19.221836373221745 ], [ 72.932791935221914, 19.221890098655606 ], [ 72.932848420015233, 19.217374319869062 ], [ 72.928094730497577, 19.217320608020493 ] ] ] } },
{ "type": "Feature", "properties": { "grid_id": "MUM_001589", "locality": "Mulund West", "centroid_lat": 19.219552, "centroid_lon": 72.92569, "area_sqkm": 0.25 }, "geometry": { "type": "Polygon", "coordinates": [ [ [ 72.928038116036291, 19.221836373221745 ], [ 72.92798148568221, 19.226352136038756 ], [ 72.932735434572223, 19.226405875058617 ], [ 72.932791935221914, 19.221890098655606 ], [ 72.928038116036291, 19.221836373221745 ] ] ] } },
{ "type": "Feature", "properties": { "grid_id": "MUM_001590", "locality": "Mulund West", "centroid_lat": 19.224067, "centroid_lon": 72.925633, "area_sqkm": 0.25 }, "geometry": { "type": "Polygon", "coordinates": [ [ [ 72.92798148568221, 19.226352136038756 ], [ 72.927924839433373, 19.23086789647104 ], [ 72.932678918064141, 19.230921649077626 ], [ 72.932735434572223, 19.226405875058617 ], [ 72.92798148568221, 19.226352136038756 ] ] ] } },
{ "type": "Feature", "properties": { "grid_id": "MUM_001591", "locality": "Mulund West", "centroid_lat": 19.228583, "centroid_lon": 72.925576, "area_sqkm": 0.25 }, "geometry": { "type": "Polygon", "coordinates": [ [ [ 72.927924839433373, 19.23086789647104 ], [ 72.927868177287792, 19.235383654518099 ], [ 72.932622385695694, 19.235437420712117 ], [ 72.932678918064141, 19.230921649077626 ], [ 72.927924839433373, 19.23086789647104 ] ] ] } },
{ "type": "Feature", "properties": { "grid_id": "MUM_001592", "locality": "Mulund West", "centroid_lat": 19.233099, "centroid_lon": 72.925519, "area_sqkm": 0.25 }, "geometry": { "type": "Polygon", "coordinates": [ [ [ 72.927868177287792, 19.235383654518099 ], [ 72.927811499243447, 19.239899410179458 ], [ 72.932565837464892, 19.239953189961625 ], [ 72.932622385695694, 19.235437420712117 ], [ 72.927868177287792, 19.235383654518099 ] ] ] } },
{ "type": "Feature", "properties": { "grid_id": "MUM_001593", "locality": "Mulund West", "centroid_lat": 19.237615, "centroid_lon": 72.925463, "area_sqkm": 0.25 }, "geometry": { "type": "Polygon", "coordinates": [ [ [ 72.927811499243447, 19.239899410179458 ], [ 72.927754805298363, 19.244415163454615 ], [ 72.932509273369732, 19.244468956825653 ], [ 72.932565837464892, 19.239953189961625 ], [ 72.927811499243447, 19.239899410179458 ] ] ] } },
{ "type": "Feature", "properties": { "grid_id": "MUM_001594", "locality": "Borivali / Dahisar Subway", "centroid_lat": 19.24213, "centroid_lon": 72.925406, "area_sqkm": 0.25 }, "geometry": { "type": "Polygon", "coordinates": [ [ [ 72.927754805298363, 19.244415163454615 ], [ 72.927698095450538, 19.248930914343081 ], [ 72.932452693408251, 19.24898472130371 ], [ 72.932509273369732, 19.244468956825653 ], [ 72.927754805298363, 19.244415163454615 ] ] ] } },
{ "type": "Feature", "properties": { "grid_id": "MUM_001595", "locality": "Borivali / Dahisar Subway", "centroid_lat": 19.246646, "centroid_lon": 72.925349, "area_sqkm": 0.25 }, "geometry": { "type": "Polygon", "coordinates": [ [ [ 72.927698095450538, 19.248930914343081 ], [ 72.927641369697966, 19.253446662844379 ], [ 72.932396097578433, 19.25350048339531 ], [ 72.932452693408251, 19.24898472130371 ], [ 72.927698095450538, 19.248930914343081 ] ] ] } },
{ "type": "Feature", "properties": { "grid_id": "MUM_001596", "locality": "Borivali / Dahisar Subway", "centroid_lat": 19.251162, "centroid_lon": 72.925292, "area_sqkm": 0.25 }, "geometry": { "type": "Polygon", "coordinates": [ [ [ 72.927641369697966, 19.253446662844379 ], [ 72.927584628038645, 19.257962408958008 ], [ 72.932339485878273, 19.258016243099966 ], [ 72.932396097578433, 19.25350048339531 ], [ 72.927641369697966, 19.253446662844379 ] ] ] } },
{ "type": "Feature", "properties": { "grid_id": "MUM_001597", "locality": "Borivali / Dahisar Subway", "centroid_lat": 19.255678, "centroid_lon": 72.925236, "area_sqkm": 0.2289 }, "geometry": { "type": "Polygon", "coordinates": [ [ [ 72.932339485878273, 19.258016243099966 ], [ 72.927584628038645, 19.257962408958008 ], [ 72.927527870470598, 19.262478152683482 ], [ 72.929501356687979, 19.262500516388229 ], [ 72.932299209337046, 19.26122822009172 ], [ 72.932339485878273, 19.258016243099966 ] ] ] } },
{ "type": "Feature", "properties": { "grid_id": "MUM_001598", "locality": "Borivali / Dahisar Subway", "centroid_lat": 19.260193, "centroid_lon": 72.925179, "area_sqkm": 0.0992 }, "geometry": { "type": "Polygon", "coordinates": [ [ [ 72.934535600427893, 19.081899850362472 ], [ 72.934479590405047, 19.086415700427033 ], [ 72.937147918606243, 19.08644559872495 ], [ 72.93563720087657, 19.081912195540013 ], [ 72.934535600427893, 19.081899850362472 ] ] ] } },
{ "type": "Feature", "properties": { "grid_id": "MUM_001599", "locality": "Borivali / Dahisar Subway", "centroid_lat": 19.263567, "centroid_lon": 72.924703, "area_sqkm": 0.1817 }, "geometry": { "type": "Polygon", "coordinates": [ [ [ 72.934479590405047, 19.086415700427033 ], [ 72.934423564585146, 19.090931548122768 ], [ 72.938658707108118, 19.090978995164885 ], [ 72.937147918606243, 19.08644559872495 ], [ 72.934479590405047, 19.086415700427033 ] ] ] } },
{ "type": "Feature", "properties": { "grid_id": "MUM_001600", "locality": "Mumbai Central", "centroid_lat": null, "centroid_lon": null, "area_sqkm": 0.2455 }, "geometry": { "type": "Polygon", "coordinates": [ [ [ 72.934423564585146, 19.090931548122768 ], [ 72.934367522966227, 19.095447393449181 ], [ 72.939117740985026, 19.095500616425813 ], [ 72.939155278584479, 19.092469000583964 ], [ 72.938658707108118, 19.090978995164885 ], [ 72.934423564585146, 19.090931548122768 ] ] ] } },
{ "type": "Feature", "properties": { "grid_id": "MUM_001601", "locality": "Ghatkopar West", "centroid_lat": 19.075615, "centroid_lon": 72.931065, "area_sqkm": 0.25 }, "geometry": { "type": "Polygon", "coordinates": [ [ [ 72.934367522966227, 19.095447393449181 ], [ 72.934311465546315, 19.099963236405788 ], [ 72.939061812254465, 19.100016472917332 ], [ 72.939117740985026, 19.095500616425813 ], [ 72.934367522966227, 19.095447393449181 ] ] ] } },
{ "type": "Feature", "properties": { "grid_id": "MUM_001602", "locality": "Ghatkopar West", "centroid_lat": 19.079709, "centroid_lon": 72.932072, "area_sqkm": 0.25 }, "geometry": { "type": "Polygon", "coordinates": [ [ [ 72.934311465546315, 19.099963236405788 ], [ 72.934255392323436, 19.104479076992103 ], [ 72.939005867757217, 19.104532327039276 ], [ 72.939061812254465, 19.100016472917332 ], [ 72.934311465546315, 19.099963236405788 ] ] ] } },
{ "type": "Feature", "properties": { "grid_id": "MUM_001603", "locality": "Ghatkopar West", "centroid_lat": 19.084131, "centroid_lon": 72.932133, "area_sqkm": 0.25 }, "geometry": { "type": "Polygon", "coordinates": [ [ [ 72.934255392323436, 19.104479076992103 ], [ 72.934199303295628, 19.108994915207624 ], [ 72.938949907491292, 19.109048178791138 ], [ 72.939005867757217, 19.104532327039276 ], [ 72.934255392323436, 19.104479076992103 ] ] ] } },
{ "type": "Feature", "properties": { "grid_id": "MUM_001604", "locality": "Ghatkopar West", "centroid_lat": 19.088647, "centroid_lon": 72.932077, "area_sqkm": 0.25 }, "geometry": { "type": "Polygon", "coordinates": [ [ [ 72.934199303295628, 19.108994915207624 ], [ 72.93414319846093, 19.113510751051862 ], [ 72.938893931454743, 19.113564028172423 ], [ 72.938949907491292, 19.109048178791138 ], [ 72.934199303295628, 19.108994915207624 ] ] ] } },
{ "type": "Feature", "properties": { "grid_id": "MUM_001605", "locality": "Vikhroli East", "centroid_lat": 19.093163, "centroid_lon": 72.93202, "area_sqkm": 0.25 }, "geometry": { "type": "Polygon", "coordinates": [ [ [ 72.93414319846093, 19.113510751051862 ], [ 72.934087077817338, 19.118026584524333 ], [ 72.93883793964558, 19.118079875182652 ], [ 72.938893931454743, 19.113564028172423 ], [ 72.93414319846093, 19.113510751051862 ] ] ] } },
{ "type": "Feature", "properties": { "grid_id": "MUM_001606", "locality": "Vikhroli East", "centroid_lat": 19.097679, "centroid_lon": 72.931964, "area_sqkm": 0.25 }, "geometry": { "type": "Polygon", "coordinates": [ [ [ 72.934087077817338, 19.118026584524333 ], [ 72.934030941362934, 19.122542415624551 ], [ 72.938781932061858, 19.12259571982133 ], [ 72.93883793964558, 19.118079875182652 ], [ 72.934087077817338, 19.118026584524333 ] ] ] } },
{ "type": "Feature", "properties": { "grid_id": "MUM_001607", "locality": "Vikhroli East", "centroid_lat": 19.102194, "centroid_lon": 72.931908, "area_sqkm": 0.25 }, "geometry": { "type": "Polygon", "coordinates": [ [ [ 72.934030941362934, 19.122542415624551 ], [ 72.933974789095686, 19.127058244352003 ], [ 72.938725908701613, 19.127111562087965 ], [ 72.938781932061858, 19.12259571982133 ], [ 72.934030941362934, 19.122542415624551 ] ] ] } },
{ "type": "Feature", "properties": { "grid_id": "MUM_001608", "locality": "Vikhroli East", "centroid_lat": 19.10671, "centroid_lon": 72.931852, "area_sqkm": 0.25 }, "geometry": { "type": "Polygon", "coordinates": [ [ [ 72.933974789095686, 19.127058244352003 ], [ 72.933918621013646, 19.131574070706222 ], [ 72.938669869562858, 19.131627401982076 ], [ 72.938725908701613, 19.127111562087965 ], [ 72.933974789095686, 19.127058244352003 ] ] ] } },
{ "type": "Feature", "properties": { "grid_id": "MUM_001609", "locality": "Vikhroli East", "centroid_lat": 19.111226, "centroid_lon": 72.931796, "area_sqkm": 0.25 }, "geometry": { "type": "Polygon", "coordinates": [ [ [ 72.933918621013646, 19.131574070706222 ], [ 72.933862437114854, 19.136089894686716 ], [ 72.938613814643631, 19.136143239503163 ], [ 72.938669869562858, 19.131627401982076 ], [ 72.933918621013646, 19.131574070706222 ] ] ] } },
{ "type": "Feature", "properties": { "grid_id": "MUM_001610", "locality": "Vikhroli East", "centroid_lat": 19.115742, "centroid_lon": 72.93174, "area_sqkm": 0.25 }, "geometry": { "type": "Polygon", "coordinates": [ [ [ 72.933862437114854, 19.136089894686716 ], [ 72.93380623739732, 19.140605716292985 ], [ 72.938557743941956, 19.140659074650738 ], [ 72.938613814643631, 19.136143239503163 ], [ 72.933862437114854, 19.136089894686716 ] ] ] } },
{ "type": "Feature", "properties": { "grid_id": "MUM_001611", "locality": "Vikhroli East", "centroid_lat": 19.120258, "centroid_lon": 72.931684, "area_sqkm": 0.25 }, "geometry": { "type": "Polygon", "coordinates": [ [ [ 72.93380623739732, 19.140605716292985 ], [ 72.933750021859069, 19.145121535524542 ], [ 72.938501657455873, 19.145174907424312 ], [ 72.938557743941956, 19.140659074650738 ], [ 72.93380623739732, 19.140605716292985 ] ] ] } },
{ "type": "Feature", "properties": { "grid_id": "MUM_001612", "locality": "Vikhroli East", "centroid_lat": 19.124774, "centroid_lon": 72.931627, "area_sqkm": 0.25 }, "geometry": { "type": "Polygon", "coordinates": [ [ [ 72.933750021859069, 19.145121535524542 ], [ 72.933693790498126, 19.149637352380896 ], [ 72.938445555183407, 19.149690737823402 ], [ 72.938501657455873, 19.145174907424312 ], [ 72.933750021859069, 19.145121535524542 ] ] ] } },
{ "type": "Feature", "properties": { "grid_id": "MUM_001613", "locality": "Powai / Hiranandani", "centroid_lat": 19.129289, "centroid_lon": 72.931571, "area_sqkm": 0.25 }, "geometry": { "type": "Polygon", "coordinates": [ [ [ 72.933693790498126, 19.149637352380896 ], [ 72.933637543312528, 19.154153166861562 ], [ 72.938389437122567, 19.154206565847506 ], [ 72.938445555183407, 19.149690737823402 ], [ 72.933693790498126, 19.149637352380896 ] ] ] } },
{ "type": "Feature", "properties": { "grid_id": "MUM_001614", "locality": "Powai / Hiranandani", "centroid_lat": 19.133805, "centroid_lon": 72.931515, "area_sqkm": 0.25 }, "geometry": { "type": "Polygon", "coordinates": [ [ [ 72.933637543312528, 19.154153166861562 ], [ 72.93358128030026, 19.158668978966048 ], [ 72.938333303271421, 19.158722391496148 ], [ 72.938389437122567, 19.154206565847506 ], [ 72.933637543312528, 19.154153166861562 ] ] ] } },
{ "type": "Feature", "properties": { "grid_id": "MUM_001615", "locality": "Powai / Hiranandani", "centroid_lat": 19.138321, "centroid_lon": 72.931459, "area_sqkm": 0.25 }, "geometry": { "type": "Polygon", "coordinates": [ [ [ 72.93358128030026, 19.158668978966048 ], [ 72.933525001459387, 19.163184788693865 ], [ 72.938277153627951, 19.163238214768828 ], [ 72.938333303271421, 19.158722391496148 ], [ 72.93358128030026, 19.158668978966048 ] ] ] } },
{ "type": "Feature", "properties": { "grid_id": "MUM_001616", "locality": "Powai / Hiranandani", "centroid_lat": 19.142837, "centroid_lon": 72.931402, "area_sqkm": 0.25 }, "geometry": { "type": "Polygon", "coordinates": [ [ [ 72.933525001459387, 19.163184788693865 ], [ 72.93346870678792, 19.167700596044519 ], [ 72.93822098819021, 19.167754035665059 ], [ 72.938277153627951, 19.163238214768828 ], [ 72.933525001459387, 19.163184788693865 ] ] ] } },
{ "type": "Feature", "properties": { "grid_id": "MUM_001617", "locality": "Powai / Hiranandani", "centroid_lat": 19.147353, "centroid_lon": 72.931346, "area_sqkm": 0.25 }, "geometry": { "type": "Polygon", "coordinates": [ [ [ 72.93346870678792, 19.167700596044519 ], [ 72.933412396283842, 19.172216401017522 ], [ 72.938164806956209, 19.172269854184346 ], [ 72.93822098819021, 19.167754035665059 ], [ 72.93346870678792, 19.167700596044519 ] ] ] } },
{ "type": "Feature", "properties": { "grid_id": "MUM_001618", "locality": "Mulund West", "centroid_lat": 19.151869, "centroid_lon": 72.93129, "area_sqkm": 0.25 }, "geometry": { "type": "Polygon", "coordinates": [ [ [ 72.933412396283842, 19.172216401017522 ], [ 72.933356069945219, 19.176732203612385 ], [ 72.938108609923987, 19.176785670326215 ], [ 72.938164806956209, 19.172269854184346 ], [ 72.933412396283842, 19.172216401017522 ] ] ] } },
{ "type": "Feature", "properties": { "grid_id": "MUM_001619", "locality": "Mulund West", "centroid_lat": 19.156384, "centroid_lon": 72.931233, "area_sqkm": 0.25 }, "geometry": { "type": "Polygon", "coordinates": [ [ [ 72.933356069945219, 19.176732203612385 ], [ 72.933299727770049, 19.181248003828621 ], [ 72.938052397091553, 19.181301484090163 ], [ 72.938108609923987, 19.176785670326215 ], [ 72.933356069945219, 19.176732203612385 ] ] ] } },
{ "type": "Feature", "properties": { "grid_id": "MUM_001620", "locality": "Mulund West", "centroid_lat": 19.1609, "centroid_lon": 72.931177, "area_sqkm": 0.25 }, "geometry": { "type": "Polygon", "coordinates": [ [ [ 72.933299727770049, 19.181248003828621 ], [ 72.933243369756369, 19.185763801665729 ], [ 72.937996168456934, 19.185817295475704 ], [ 72.938052397091553, 19.181301484090163 ], [ 72.933299727770049, 19.181248003828621 ] ] ] } },
{ "type": "Feature", "properties": { "grid_id": "MUM_001621", "locality": "Mulund West", "centroid_lat": 19.165416, "centroid_lon": 72.931121, "area_sqkm": 0.25 }, "geometry": { "type": "Polygon", "coordinates": [ [ [ 72.933243369756369, 19.185763801665729 ], [ 72.933186995902162, 19.190279597123236 ], [ 72.937939924018167, 19.190333104482349 ], [ 72.937996168456934, 19.185817295475704 ], [ 72.933243369756369, 19.185763801665729 ] ] ] } },
{ "type": "Feature", "properties": { "grid_id": "MUM_001622", "locality": "Mulund West", "centroid_lat": 19.169932, "centroid_lon": 72.931064, "area_sqkm": 0.25 }, "geometry": { "type": "Polygon", "coordinates": [ [ [ 72.933186995902162, 19.190279597123236 ], [ 72.933130606205481, 19.194795390200643 ], [ 72.937883663773249, 19.194848911109606 ], [ 72.937939924018167, 19.190333104482349 ], [ 72.933186995902162, 19.190279597123236 ] ] ] } },
{ "type": "Feature", "properties": { "grid_id": "MUM_001623", "locality": "Mulund West", "centroid_lat": 19.174448, "centroid_lon": 72.931008, "area_sqkm": 0.25 }, "geometry": { "type": "Polygon", "coordinates": [ [ [ 72.933130606205481, 19.194795390200643 ], [ 72.933074200664308, 19.199311180897467 ], [ 72.937827387720219, 19.199364715357 ], [ 72.937883663773249, 19.194848911109606 ], [ 72.933130606205481, 19.194795390200643 ] ] ] } },
{ "type": "Feature", "properties": { "grid_id": "MUM_001624", "locality": "Mulund West", "centroid_lat": 19.178963, "centroid_lon": 72.930952, "area_sqkm": 0.25 }, "geometry": { "type": "Polygon", "coordinates": [ [ [ 72.933074200664308, 19.199311180897467 ], [ 72.933017779276682, 19.203826969213203 ], [ 72.937771095857073, 19.203880517224015 ], [ 72.937827387720219, 19.199364715357 ], [ 72.933074200664308, 19.199311180897467 ] ] ] } },
{ "type": "Feature", "properties": { "grid_id": "MUM_001625", "locality": "Mulund West", "centroid_lat": 19.183479, "centroid_lon": 72.930895, "area_sqkm": 0.25 }, "geometry": { "type": "Polygon", "coordinates": [ [ [ 72.933017779276682, 19.203826969213203 ], [ 72.932961342040628, 19.208342755147374 ], [ 72.937714788181864, 19.208396316710186 ], [ 72.937771095857073, 19.203880517224015 ], [ 72.933017779276682, 19.203826969213203 ] ] ] } },
{ "type": "Feature", "properties": { "grid_id": "MUM_001626", "locality": "Mulund West", "centroid_lat": 19.187995, "centroid_lon": 72.930839, "area_sqkm": 0.25 }, "geometry": { "type": "Polygon", "coordinates": [ [ [ 72.932961342040628, 19.208342755147374 ], [ 72.932904888954127, 19.212858538699493 ], [ 72.937658464692589, 19.212912113815015 ], [ 72.937714788181864, 19.208396316710186 ], [ 72.932961342040628, 19.208342755147374 ] ] ] } },
{ "type": "Feature", "properties": { "grid_id": "MUM_001627", "locality": "Mulund West", "centroid_lat": 19.192511, "centroid_lon": 72.930782, "area_sqkm": 0.25 }, "geometry": { "type": "Polygon", "coordinates": [ [ [ 72.932904888954127, 19.212858538699493 ], [ 72.932848420015233, 19.217374319869062 ], [ 72.937602125387272, 19.217427908538017 ], [ 72.937658464692589, 19.212912113815015 ], [ 72.932904888954127, 19.212858538699493 ] ] ] } },
{ "type": "Feature", "properties": { "grid_id": "MUM_001628", "locality": "Mulund West", "centroid_lat": 19.197026, "centroid_lon": 72.930726, "area_sqkm": 0.25 }, "geometry": { "type": "Polygon", "coordinates": [ [ [ 72.932848420015233, 19.217374319869062 ], [ 72.932791935221914, 19.221890098655606 ], [ 72.937545770263938, 19.22194370087869 ], [ 72.937602125387272, 19.217427908538017 ], [ 72.932848420015233, 19.217374319869062 ] ] ] } },
{ "type": "Feature", "properties": { "grid_id": "MUM_001629", "locality": "Mulund West", "centroid_lat": 19.201542, "centroid_lon": 72.930669, "area_sqkm": 0.25 }, "geometry": { "type": "Polygon", "coordinates": [ [ [ 72.932791935221914, 19.221890098655606 ], [ 72.932735434572223, 19.226405875058617 ], [ 72.937489399320597, 19.226459490836557 ], [ 72.937545770263938, 19.22194370087869 ], [ 72.932791935221914, 19.221890098655606 ] ] ] } },
{ "type": "Feature", "properties": { "grid_id": "MUM_001630", "locality": "Mulund West", "centroid_lat": 19.206058, "centroid_lon": 72.930613, "area_sqkm": 0.25 }, "geometry": { "type": "Polygon", "coordinates": [ [ [ 72.932735434572223, 19.226405875058617 ], [ 72.932678918064141, 19.230921649077626 ], [ 72.93743301255526, 19.23097527841113 ], [ 72.937489399320597, 19.226459490836557 ], [ 72.932735434572223, 19.226405875058617 ] ] ] } },
{ "type": "Feature", "properties": { "grid_id": "MUM_001631", "locality": "Mulund West", "centroid_lat": 19.210574, "centroid_lon": 72.930556, "area_sqkm": 0.25 }, "geometry": { "type": "Polygon", "coordinates": [ [ [ 72.932678918064141, 19.230921649077626 ], [ 72.932622385695694, 19.235437420712117 ], [ 72.937376609965952, 19.235491063601909 ], [ 72.93743301255526, 19.23097527841113 ], [ 72.932678918064141, 19.230921649077626 ] ] ] } },
{ "type": "Feature", "properties": { "grid_id": "MUM_001632", "locality": "Mulund West", "centroid_lat": 19.21509, "centroid_lon": 72.9305, "area_sqkm": 0.25 }, "geometry": { "type": "Polygon", "coordinates": [ [ [ 72.932622385695694, 19.235437420712117 ], [ 72.932565837464892, 19.239953189961625 ], [ 72.937320191550683, 19.240006846408424 ], [ 72.937376609965952, 19.235491063601909 ], [ 72.932622385695694, 19.235437420712117 ] ] ] } },
{ "type": "Feature", "properties": { "grid_id": "MUM_001633", "locality": "Mulund West", "centroid_lat": 19.219605, "centroid_lon": 72.930443, "area_sqkm": 0.25 }, "geometry": { "type": "Polygon", "coordinates": [ [ [ 72.932565837464892, 19.239953189961625 ], [ 72.932509273369732, 19.244468956825653 ], [ 72.937263757307463, 19.244522626830165 ], [ 72.937320191550683, 19.240006846408424 ], [ 72.932565837464892, 19.239953189961625 ] ] ] } },
{ "type": "Feature", "properties": { "grid_id": "MUM_001634", "locality": "Mulund West", "centroid_lat": 19.224121, "centroid_lon": 72.930387, "area_sqkm": 0.25 }, "geometry": { "type": "Polygon", "coordinates": [ [ [ 72.932509273369732, 19.244468956825653 ], [ 72.932452693408251, 19.24898472130371 ], [ 72.937207307234303, 19.249038404866649 ], [ 72.937263757307463, 19.244522626830165 ], [ 72.932509273369732, 19.244468956825653 ] ] ] } },
{ "type": "Feature", "properties": { "grid_id": "MUM_001635", "locality": "Mulund West", "centroid_lat": 19.228637, "centroid_lon": 72.93033, "area_sqkm": 0.25 }, "geometry": { "type": "Polygon", "coordinates": [ [ [ 72.932452693408251, 19.24898472130371 ], [ 72.932396097578433, 19.25350048339531 ], [ 72.937150841329228, 19.253554180517401 ], [ 72.937207307234303, 19.249038404866649 ], [ 72.932452693408251, 19.24898472130371 ] ] ] } },
{ "type": "Feature", "properties": { "grid_id": "MUM_001636", "locality": "Mulund West", "centroid_lat": 19.233153, "centroid_lon": 72.930274, "area_sqkm": 0.2349 }, "geometry": { "type": "Polygon", "coordinates": [ [ [ 72.937150841329228, 19.253554180517401 ], [ 72.932396097578433, 19.25350048339531 ], [ 72.932339485878273, 19.258016243099966 ], [ 72.935971784169411, 19.258057284406984 ], [ 72.937123314206218, 19.255755160832067 ], [ 72.937150841329228, 19.253554180517401 ] ] ] } },
{ "type": "Feature", "properties": { "grid_id": "MUM_001637", "locality": "Mulund West", "centroid_lat": 19.237668, "centroid_lon": 72.930217, "area_sqkm": 0.0915 }, "geometry": { "type": "Polygon", "coordinates": [ [ [ 72.932339485878273, 19.258016243099966 ], [ 72.932299209337046, 19.26122822009172 ], [ 72.935, 19.26 ], [ 72.935971784169411, 19.258057284406984 ], [ 72.932339485878273, 19.258016243099966 ] ] ] } },
{ "type": "Feature", "properties": { "grid_id": "MUM_001638", "locality": "Mulund West", "centroid_lat": 19.242184, "centroid_lon": 72.93016, "area_sqkm": 0.0966 }, "geometry": { "type": "Polygon", "coordinates": [ [ [ 72.939117740985026, 19.095500616425813 ], [ 72.939061812254465, 19.100016472917332 ], [ 72.941680496561474, 19.100045767769753 ], [ 72.940169566415449, 19.095512384849819 ], [ 72.939117740985026, 19.095500616425813 ] ] ] } },
{ "type": "Feature", "properties": { "grid_id": "MUM_001639", "locality": "Borivali / Dahisar Subway", "centroid_lat": 19.2467, "centroid_lon": 72.930104, "area_sqkm": 0.179 }, "geometry": { "type": "Polygon", "coordinates": [ [ [ 72.939061812254465, 19.100016472917332 ], [ 72.939005867757217, 19.104532327039276 ], [ 72.943191497579448, 19.10457914391468 ], [ 72.941680496561474, 19.100045767769753 ], [ 72.939061812254465, 19.100016472917332 ] ] ] } },
{ "type": "Feature", "properties": { "grid_id": "MUM_001640", "locality": "Borivali / Dahisar Subway", "centroid_lat": 19.251216, "centroid_lon": 72.930047, "area_sqkm": 0.2446 }, "geometry": { "type": "Polygon", "coordinates": [ [ [ 72.939005867757217, 19.104532327039276 ], [ 72.938949907491292, 19.109048178791138 ], [ 72.94370052745758, 19.109101319940308 ], [ 72.943736233421092, 19.106213432116821 ], [ 72.943191497579448, 19.10457914391468 ], [ 72.939005867757217, 19.104532327039276 ] ] ] } },
{ "type": "Feature", "properties": { "grid_id": "MUM_001641", "locality": "Borivali / Dahisar Subway", "centroid_lat": 19.255731, "centroid_lon": 72.92999, "area_sqkm": 0.25 }, "geometry": { "type": "Polygon", "coordinates": [ [ [ 72.938949907491292, 19.109048178791138 ], [ 72.938893931454743, 19.113564028172423 ], [ 72.943644680221141, 19.113617182827539 ], [ 72.94370052745758, 19.109101319940308 ], [ 72.938949907491292, 19.109048178791138 ] ] ] } },
{ "type": "Feature", "properties": { "grid_id": "MUM_001642", "locality": "Borivali / Dahisar Subway", "centroid_lat": 19.260078, "centroid_lon": 72.929802, "area_sqkm": 0.25 }, "geometry": { "type": "Polygon", "coordinates": [ [ [ 72.938893931454743, 19.113564028172423 ], [ 72.93883793964558, 19.118079875182652 ], [ 72.943588817248397, 19.118133043344415 ], [ 72.943644680221141, 19.113617182827539 ], [ 72.938893931454743, 19.113564028172423 ] ] ] } },
{ "type": "Feature", "properties": { "grid_id": "MUM_001643", "locality": "Mumbai Central", "centroid_lat": null, "centroid_lon": null, "area_sqkm": 0.25 }, "geometry": { "type": "Polygon", "coordinates": [ [ [ 72.93883793964558, 19.118079875182652 ], [ 72.938781932061858, 19.12259571982133 ], [ 72.943532938537345, 19.12264890149045 ], [ 72.943588817248397, 19.118133043344415 ], [ 72.93883793964558, 19.118079875182652 ] ] ] } },
{ "type": "Feature", "properties": { "grid_id": "MUM_001644", "locality": "Mumbai Central", "centroid_lat": null, "centroid_lon": null, "area_sqkm": 0.25 }, "geometry": { "type": "Polygon", "coordinates": [ [ [ 72.938781932061858, 19.12259571982133 ], [ 72.938725908701613, 19.127111562087965 ], [ 72.943477044086052, 19.127164757265142 ], [ 72.943532938537345, 19.12264890149045 ], [ 72.938781932061858, 19.12259571982133 ] ] ] } },
{ "type": "Feature", "properties": { "grid_id": "MUM_001645", "locality": "Ghatkopar West", "centroid_lat": 19.084482, "centroid_lon": 72.9355, "area_sqkm": 0.25 }, "geometry": { "type": "Polygon", "coordinates": [ [ [ 72.938725908701613, 19.127111562087965 ], [ 72.938669869562858, 19.131627401982076 ], [ 72.943421133892542, 19.131680610668027 ], [ 72.943477044086052, 19.127164757265142 ], [ 72.938725908701613, 19.127111562087965 ] ] ] } },
{ "type": "Feature", "properties": { "grid_id": "MUM_001646", "locality": "Vikhroli East", "centroid_lat": 19.088864, "centroid_lon": 72.936205, "area_sqkm": 0.25 }, "geometry": { "type": "Polygon", "coordinates": [ [ [ 72.938669869562858, 19.131627401982076 ], [ 72.938613814643631, 19.136143239503163 ], [ 72.943365207954841, 19.136196461698596 ], [ 72.943421133892542, 19.131680610668027 ], [ 72.938669869562858, 19.131627401982076 ] ] ] } },
{ "type": "Feature", "properties": { "grid_id": "MUM_001647", "locality": "Vikhroli East", "centroid_lat": 19.093248, "centroid_lon": 72.93673, "area_sqkm": 0.25 }, "geometry": { "type": "Polygon", "coordinates": [ [ [ 72.938613814643631, 19.136143239503163 ], [ 72.938557743941956, 19.140659074650738 ], [ 72.943309266271015, 19.14071231035636 ], [ 72.943365207954841, 19.136196461698596 ], [ 72.938613814643631, 19.136143239503163 ] ] ] } },
{ "type": "Feature", "properties": { "grid_id": "MUM_001648", "locality": "Vikhroli East", "centroid_lat": 19.097732, "centroid_lon": 72.936715, "area_sqkm": 0.25 }, "geometry": { "type": "Polygon", "coordinates": [ [ [ 72.938557743941956, 19.140659074650738 ], [ 72.938501657455873, 19.145174907424312 ], [ 72.943253308839061, 19.145228156640837 ], [ 72.943309266271015, 19.14071231035636 ], [ 72.938557743941956, 19.140659074650738 ] ] ] } },
{ "type": "Feature", "properties": { "grid_id": "MUM_001649", "locality": "Vikhroli East", "centroid_lat": 19.102248, "centroid_lon": 72.936659, "area_sqkm": 0.25 }, "geometry": { "type": "Polygon", "coordinates": [ [ [ 72.938501657455873, 19.145174907424312 ], [ 72.938445555183407, 19.149690737823402 ], [ 72.943197335657032, 19.149744000551536 ], [ 72.943253308839061, 19.145228156640837 ], [ 72.938501657455873, 19.145174907424312 ] ] ] } },
{ "type": "Feature", "properties": { "grid_id": "MUM_001650", "locality": "Vikhroli East", "centroid_lat": 19.106764, "centroid_lon": 72.936603, "area_sqkm": 0.25 }, "geometry": { "type": "Polygon", "coordinates": [ [ [ 72.938445555183407, 19.149690737823402 ], [ 72.938389437122567, 19.154206565847506 ], [ 72.943141346722953, 19.154259842087956 ], [ 72.943197335657032, 19.149744000551536 ], [ 72.938445555183407, 19.149690737823402 ] ] ] } },
{ "type": "Feature", "properties": { "grid_id": "MUM_001651", "locality": "Vikhroli East", "centroid_lat": 19.111279, "centroid_lon": 72.936547, "area_sqkm": 0.25 }, "geometry": { "type": "Polygon", "coordinates": [ [ [ 72.938389437122567, 19.154206565847506 ], [ 72.938333303271421, 19.158722391496148 ], [ 72.943085342034863, 19.158775681249626 ], [ 72.943141346722953, 19.154259842087956 ], [ 72.938389437122567, 19.154206565847506 ] ] ] } },
{ "type": "Feature", "properties": { "grid_id": "MUM_001652", "locality": "Vikhroli East", "centroid_lat": 19.115795, "centroid_lon": 72.936491, "area_sqkm": 0.25 }, "geometry": { "type": "Polygon", "coordinates": [ [ [ 72.938333303271421, 19.158722391496148 ], [ 72.938277153627951, 19.163238214768828 ], [ 72.943029321590785, 19.163291518036043 ], [ 72.943085342034863, 19.158775681249626 ], [ 72.938333303271421, 19.158722391496148 ] ] ] } },
{ "type": "Feature", "properties": { "grid_id": "MUM_001653", "locality": "Vikhroli East", "centroid_lat": 19.120311, "centroid_lon": 72.936434, "area_sqkm": 0.25 }, "geometry": { "type": "Polygon", "coordinates": [ [ [ 72.938277153627951, 19.163238214768828 ], [ 72.93822098819021, 19.167754035665059 ], [ 72.94297328538876, 19.167807352446722 ], [ 72.943029321590785, 19.163291518036043 ], [ 72.938277153627951, 19.163238214768828 ] ] ] } },
{ "type": "Feature", "properties": { "grid_id": "MUM_001654", "locality": "Vikhroli East", "centroid_lat": 19.124827, "centroid_lon": 72.936378, "area_sqkm": 0.25 }, "geometry": { "type": "Polygon", "coordinates": [ [ [ 72.93822098819021, 19.167754035665059 ], [ 72.938164806956209, 19.172269854184346 ], [ 72.942917233426812, 19.172323184481172 ], [ 72.94297328538876, 19.167807352446722 ], [ 72.93822098819021, 19.167754035665059 ] ] ] } },
{ "type": "Feature", "properties": { "grid_id": "MUM_001655", "locality": "Vikhroli East", "centroid_lat": 19.129343, "centroid_lon": 72.936322, "area_sqkm": 0.25 }, "geometry": { "type": "Polygon", "coordinates": [ [ [ 72.938164806956209, 19.172269854184346 ], [ 72.938108609923987, 19.176785670326215 ], [ 72.942861165702951, 19.176839014138913 ], [ 72.942917233426812, 19.172323184481172 ], [ 72.938164806956209, 19.172269854184346 ] ] ] } },
{ "type": "Feature", "properties": { "grid_id": "MUM_001656", "locality": "Vikhroli East", "centroid_lat": 19.133859, "centroid_lon": 72.936266, "area_sqkm": 0.25 }, "geometry": { "type": "Polygon", "coordinates": [ [ [ 72.938108609923987, 19.176785670326215 ], [ 72.938052397091553, 19.181301484090163 ], [ 72.94280508221523, 19.181354841419434 ], [ 72.942861165702951, 19.176839014138913 ], [ 72.938108609923987, 19.176785670326215 ] ] ] } },
{ "type": "Feature", "properties": { "grid_id": "MUM_001657", "locality": "Powai / Hiranandani", "centroid_lat": 19.138374, "centroid_lon": 72.93621, "area_sqkm": 0.25 }, "geometry": { "type": "Polygon", "coordinates": [ [ [ 72.938052397091553, 19.181301484090163 ], [ 72.937996168456934, 19.185817295475704 ], [ 72.94274898296166, 19.18587066632228 ], [ 72.94280508221523, 19.181354841419434 ], [ 72.938052397091553, 19.181301484090163 ] ] ] } },
{ "type": "Feature", "properties": { "grid_id": "MUM_001658", "locality": "Powai / Hiranandani", "centroid_lat": 19.14289, "centroid_lon": 72.936154, "area_sqkm": 0.25 }, "geometry": { "type": "Polygon", "coordinates": [ [ [ 72.937996168456934, 19.185817295475704 ], [ 72.937939924018167, 19.190333104482349 ], [ 72.942692867940295, 19.190386488846929 ], [ 72.94274898296166, 19.18587066632228 ], [ 72.937996168456934, 19.185817295475704 ] ] ] } },
{ "type": "Feature", "properties": { "grid_id": "MUM_001659", "locality": "Powai / Hiranandani", "centroid_lat": 19.147406, "centroid_lon": 72.936098, "area_sqkm": 0.25 }, "geometry": { "type": "Polygon", "coordinates": [ [ [ 72.937939924018167, 19.190333104482349 ], [ 72.937883663773249, 19.194848911109606 ], [ 72.94263673714913, 19.194902308992898 ], [ 72.942692867940295, 19.190386488846929 ], [ 72.937939924018167, 19.190333104482349 ] ] ] } },
{ "type": "Feature", "properties": { "grid_id": "MUM_001660", "locality": "Mulund West", "centroid_lat": 19.151922, "centroid_lon": 72.936042, "area_sqkm": 0.25 }, "geometry": { "type": "Polygon", "coordinates": [ [ [ 72.937883663773249, 19.194848911109606 ], [ 72.937827387720219, 19.199364715357 ], [ 72.942580590586203, 19.199418126759717 ], [ 72.94263673714913, 19.194902308992898 ], [ 72.937883663773249, 19.194848911109606 ] ] ] } },
{ "type": "Feature", "properties": { "grid_id": "MUM_001661", "locality": "Mulund West", "centroid_lat": 19.156438, "centroid_lon": 72.935985, "area_sqkm": 0.25 }, "geometry": { "type": "Polygon", "coordinates": [ [ [ 72.937827387720219, 19.199364715357 ], [ 72.937771095857073, 19.203880517224015 ], [ 72.942524428249541, 19.203933942146879 ], [ 72.942580590586203, 19.199418126759717 ], [ 72.937827387720219, 19.199364715357 ] ] ] } },
{ "type": "Feature", "properties": { "grid_id": "MUM_001662", "locality": "Mulund West", "centroid_lat": 19.160954, "centroid_lon": 72.935929, "area_sqkm": 0.25 }, "geometry": { "type": "Polygon", "coordinates": [ [ [ 72.937771095857073, 19.203880517224015 ], [ 72.937714788181864, 19.208396316710186 ], [ 72.942468250137154, 19.2084497551539 ], [ 72.942524428249541, 19.203933942146879 ], [ 72.937771095857073, 19.203880517224015 ] ] ] } },
{ "type": "Feature", "properties": { "grid_id": "MUM_001663", "locality": "Mulund West", "centroid_lat": 19.165469, "centroid_lon": 72.935873, "area_sqkm": 0.25 }, "geometry": { "type": "Polygon", "coordinates": [ [ [ 72.937714788181864, 19.208396316710186 ], [ 72.937658464692589, 19.212912113815015 ], [ 72.942412056247093, 19.212965565780291 ], [ 72.942468250137154, 19.2084497551539 ], [ 72.937714788181864, 19.208396316710186 ] ] ] } },
{ "type": "Feature", "properties": { "grid_id": "MUM_001664", "locality": "Mulund West", "centroid_lat": 19.169985, "centroid_lon": 72.935817, "area_sqkm": 0.25 }, "geometry": { "type": "Polygon", "coordinates": [ [ [ 72.937658464692589, 19.212912113815015 ], [ 72.937602125387272, 19.217427908538017 ], [ 72.942355846577357, 19.217481374025571 ], [ 72.942412056247093, 19.212965565780291 ], [ 72.937658464692589, 19.212912113815015 ] ] ] } },
{ "type": "Feature", "properties": { "grid_id": "MUM_001665", "locality": "Mulund West", "centroid_lat": 19.174501, "centroid_lon": 72.93576, "area_sqkm": 0.25 }, "geometry": { "type": "Polygon", "coordinates": [ [ [ 72.937602125387272, 19.217427908538017 ], [ 72.937545770263938, 19.22194370087869 ], [ 72.942299621125983, 19.221997179889236 ], [ 72.942355846577357, 19.217481374025571 ], [ 72.937602125387272, 19.217427908538017 ] ] ] } },
{ "type": "Feature", "properties": { "grid_id": "MUM_001666", "locality": "Mulund West", "centroid_lat": 19.179017, "centroid_lon": 72.935704, "area_sqkm": 0.25 }, "geometry": { "type": "Polygon", "coordinates": [ [ [ 72.937545770263938, 19.22194370087869 ], [ 72.937489399320597, 19.226459490836557 ], [ 72.942243379890968, 19.22651298337081 ], [ 72.942299621125983, 19.221997179889236 ], [ 72.937545770263938, 19.22194370087869 ] ] ] } },
{ "type": "Feature", "properties": { "grid_id": "MUM_001667", "locality": "Mulund West", "centroid_lat": 19.183533, "centroid_lon": 72.935648, "area_sqkm": 0.25 }, "geometry": { "type": "Polygon", "coordinates": [ [ [ 72.937489399320597, 19.226459490836557 ], [ 72.93743301255526, 19.23097527841113 ], [ 72.942187122870365, 19.231028784469803 ], [ 72.942243379890968, 19.22651298337081 ], [ 72.937489399320597, 19.226459490836557 ] ] ] } },
{ "type": "Feature", "properties": { "grid_id": "MUM_001668", "locality": "Mulund West", "centroid_lat": 19.188048, "centroid_lon": 72.935592, "area_sqkm": 0.25 }, "geometry": { "type": "Polygon", "coordinates": [ [ [ 72.93743301255526, 19.23097527841113 ], [ 72.937376609965952, 19.235491063601909 ], [ 72.942130850062171, 19.23554458318571 ], [ 72.942187122870365, 19.231028784469803 ], [ 72.93743301255526, 19.23097527841113 ] ] ] } },
{ "type": "Feature", "properties": { "grid_id": "MUM_001669", "locality": "Mulund West", "centroid_lat": 19.192564, "centroid_lon": 72.935535, "area_sqkm": 0.25 }, "geometry": { "type": "Polygon", "coordinates": [ [ [ 72.937376609965952, 19.235491063601909 ], [ 72.937320191550683, 19.240006846408424 ], [ 72.942074561464409, 19.24006037951807 ], [ 72.942130850062171, 19.23554458318571 ], [ 72.937376609965952, 19.235491063601909 ] ] ] } },
{ "type": "Feature", "properties": { "grid_id": "MUM_001670", "locality": "Mulund West", "centroid_lat": 19.19708, "centroid_lon": 72.935479, "area_sqkm": 0.25 }, "geometry": { "type": "Polygon", "coordinates": [ [ [ 72.937320191550683, 19.240006846408424 ], [ 72.937263757307463, 19.244522626830165 ], [ 72.942018257075105, 19.244576173466371 ], [ 72.942074561464409, 19.24006037951807 ], [ 72.937320191550683, 19.240006846408424 ] ] ] } },
{ "type": "Feature", "properties": { "grid_id": "MUM_001671", "locality": "Mulund West", "centroid_lat": 19.201596, "centroid_lon": 72.935423, "area_sqkm": 0.2231 }, "geometry": { "type": "Polygon", "coordinates": [ [ [ 72.942018257075105, 19.244576173466371 ], [ 72.937263757307463, 19.244522626830165 ], [ 72.937207307234303, 19.249038404866649 ], [ 72.940464471384672, 19.249075109645535 ], [ 72.942000451638208, 19.246003962985498 ], [ 72.942018257075105, 19.244576173466371 ] ] ] } },
{ "type": "Feature", "properties": { "grid_id": "MUM_001672", "locality": "Mulund West", "centroid_lat": 19.206112, "centroid_lon": 72.935366, "area_sqkm": 0.1137 }, "geometry": { "type": "Polygon", "coordinates": [ [ [ 72.937207307234303, 19.249038404866649 ], [ 72.937150841329228, 19.253554180517401 ], [ 72.93821819385991, 19.253566217545405 ], [ 72.940464471384672, 19.249075109645535 ], [ 72.937207307234303, 19.249038404866649 ] ] ] } },
{ "type": "Feature", "properties": { "grid_id": "MUM_001673", "locality": "Mulund West", "centroid_lat": 19.210627, "centroid_lon": 72.93531, "area_sqkm": 0.094 }, "geometry": { "type": "Polygon", "coordinates": [ [ [ 72.94370052745758, 19.109101319940308 ], [ 72.943644680221141, 19.113617182827539 ], [ 72.946213712364298, 19.113645875839492 ], [ 72.944702569502624, 19.109112513274596 ], [ 72.94370052745758, 19.109101319940308 ] ] ] } },
{ "type": "Feature", "properties": { "grid_id": "MUM_001674", "locality": "Mulund West", "centroid_lat": 19.215143, "centroid_lon": 72.935253, "area_sqkm": 0.1764 }, "geometry": { "type": "Polygon", "coordinates": [ [ [ 72.943644680221141, 19.113617182827539 ], [ 72.943588817248397, 19.118133043344415 ], [ 72.947724926197694, 19.11817923159936 ], [ 72.946213712364298, 19.113645875839492 ], [ 72.943644680221141, 19.113617182827539 ] ] ] } },
{ "type": "Feature", "properties": { "grid_id": "MUM_001675", "locality": "Mulund West", "centroid_lat": 19.219659, "centroid_lon": 72.935197, "area_sqkm": 0.2437 }, "geometry": { "type": "Polygon", "coordinates": [ [ [ 72.943588817248397, 19.118133043344415 ], [ 72.943532938537345, 19.12264890149045 ], [ 72.948283960753074, 19.122701960630145 ], [ 72.948317840127459, 19.119957801248795 ], [ 72.947724926197694, 19.11817923159936 ], [ 72.943588817248397, 19.118133043344415 ] ] ] } },
{ "type": "Feature", "properties": { "grid_id": "MUM_001676", "locality": "Mulund West", "centroid_lat": 19.224175, "centroid_lon": 72.935141, "area_sqkm": 0.25 }, "geometry": { "type": "Polygon", "coordinates": [ [ [ 72.943532938537345, 19.12264890149045 ], [ 72.943477044086052, 19.127164757265142 ], [ 72.948228195212693, 19.127217829881797 ], [ 72.948283960753074, 19.122701960630145 ], [ 72.943532938537345, 19.12264890149045 ] ] ] } },
{ "type": "Feature", "properties": { "grid_id": "MUM_001677", "locality": "Mulund West", "centroid_lat": 19.228691, "centroid_lon": 72.935084, "area_sqkm": 0.25 }, "geometry": { "type": "Polygon", "coordinates": [ [ [ 72.943477044086052, 19.127164757265142 ], [ 72.943421133892542, 19.131680610668027 ], [ 72.94817241396639, 19.131733696762328 ], [ 72.948228195212693, 19.127217829881797 ], [ 72.943477044086052, 19.127164757265142 ] ] ] } },
{ "type": "Feature", "properties": { "grid_id": "MUM_001678", "locality": "Mulund West", "centroid_lat": 19.233206, "centroid_lon": 72.935028, "area_sqkm": 0.25 }, "geometry": { "type": "Polygon", "coordinates": [ [ [ 72.943421133892542, 19.131680610668027 ], [ 72.943365207954841, 19.136196461698596 ], [ 72.948116617012218, 19.136249561271264 ], [ 72.94817241396639, 19.131733696762328 ], [ 72.943421133892542, 19.131680610668027 ] ] ] } },
{ "type": "Feature", "properties": { "grid_id": "MUM_001679", "locality": "Mulund West", "centroid_lat": 19.237722, "centroid_lon": 72.934971, "area_sqkm": 0.25 }, "geometry": { "type": "Polygon", "coordinates": [ [ [ 72.943365207954841, 19.136196461698596 ], [ 72.943309266271015, 19.14071231035636 ], [ 72.948060804348174, 19.140765423408101 ], [ 72.948116617012218, 19.136249561271264 ], [ 72.943365207954841, 19.136196461698596 ] ] ] } },
{ "type": "Feature", "properties": { "grid_id": "MUM_001680", "locality": "Mulund West", "centroid_lat": 19.242238, "centroid_lon": 72.934915, "area_sqkm": 0.25 }, "geometry": { "type": "Polygon", "coordinates": [ [ [ 72.943309266271015, 19.14071231035636 ], [ 72.943253308839061, 19.145228156640837 ], [ 72.948004975972339, 19.145281283172356 ], [ 72.948060804348174, 19.140765423408101 ], [ 72.943309266271015, 19.14071231035636 ] ] ] } },
{ "type": "Feature", "properties": { "grid_id": "MUM_001681", "locality": "Mulund West", "centroid_lat": 19.246754, "centroid_lon": 72.934858, "area_sqkm": 0.25 }, "geometry": { "type": "Polygon", "coordinates": [ [ [ 72.943253308839061, 19.145228156640837 ], [ 72.943197335657032, 19.149744000551536 ], [ 72.947949131882723, 19.149797140563539 ], [ 72.948004975972339, 19.145281283172356 ], [ 72.943253308839061, 19.145228156640837 ] ] ] } },
{ "type": "Feature", "properties": { "grid_id": "MUM_001682", "locality": "Borivali / Dahisar Subway", "centroid_lat": 19.251269, "centroid_lon": 72.934802, "area_sqkm": 0.25 }, "geometry": { "type": "Polygon", "coordinates": [ [ [ 72.943197335657032, 19.149744000551536 ], [ 72.943141346722953, 19.154259842087956 ], [ 72.947893272077366, 19.154312995581162 ], [ 72.947949131882723, 19.149797140563539 ], [ 72.943197335657032, 19.149744000551536 ] ] ] } },
{ "type": "Feature", "properties": { "grid_id": "MUM_001683", "locality": "Borivali / Dahisar Subway", "centroid_lat": 19.255688, "centroid_lon": 72.934617, "area_sqkm": 0.25 }, "geometry": { "type": "Polygon", "coordinates": [ [ [ 72.943141346722953, 19.154259842087956 ], [ 72.943085342034863, 19.158775681249626 ], [ 72.947837396554306, 19.158828848224726 ], [ 72.947893272077366, 19.154312995581162 ], [ 72.943141346722953, 19.154259842087956 ] ] ] } },
{ "type": "Feature", "properties": { "grid_id": "MUM_001684", "locality": "Borivali / Dahisar Subway", "centroid_lat": 19.259271, "centroid_lon": 72.933765, "area_sqkm": 0.25 }, "geometry": { "type": "Polygon", "coordinates": [ [ [ 72.943085342034863, 19.158775681249626 ], [ 72.943029321590785, 19.163291518036043 ], [ 72.947781505311582, 19.163344698493759 ], [ 72.947837396554306, 19.158828848224726 ], [ 72.943085342034863, 19.158775681249626 ] ] ] } },
{ "type": "Feature", "properties": { "grid_id": "MUM_001685", "locality": "Mumbai Central", "centroid_lat": null, "centroid_lon": null, "area_sqkm": 0.25 }, "geometry": { "type": "Polygon", "coordinates": [ [ [ 72.943029321590785, 19.163291518036043 ], [ 72.94297328538876, 19.167807352446722 ], [ 72.947725598347233, 19.167860546387761 ], [ 72.947781505311582, 19.163344698493759 ], [ 72.943029321590785, 19.163291518036043 ] ] ] } },
{ "type": "Feature", "properties": { "grid_id": "MUM_001686", "locality": "Vikhroli East", "centroid_lat": 19.098091, "centroid_lon": 72.940059, "area_sqkm": 0.25 }, "geometry": { "type": "Polygon", "coordinates": [ [ [ 72.94297328538876, 19.167807352446722 ], [ 72.942917233426812, 19.172323184481172 ], [ 72.947669675659299, 19.172376391906241 ], [ 72.947725598347233, 19.167860546387761 ], [ 72.94297328538876, 19.167807352446722 ] ] ] } },
{ "type": "Feature", "properties": { "grid_id": "MUM_001687", "locality": "Vikhroli East", "centroid_lat": 19.102467, "centroid_lon": 72.940763, "area_sqkm": 0.25 }, "geometry": { "type": "Polygon", "coordinates": [ [ [ 72.942917233426812, 19.172323184481172 ], [ 72.942861165702951, 19.176839014138913 ], [ 72.947613737245788, 19.176892235048715 ], [ 72.947669675659299, 19.172376391906241 ], [ 72.942917233426812, 19.172323184481172 ] ] ] } },
{ "type": "Feature", "properties": { "grid_id": "MUM_001688", "locality": "Vikhroli East", "centroid_lat": 19.106854, "centroid_lon": 72.941305, "area_sqkm": 0.25 }, "geometry": { "type": "Polygon", "coordinates": [ [ [ 72.942861165702951, 19.176839014138913 ], [ 72.94280508221523, 19.181354841419434 ], [ 72.947557783104756, 19.181408075814687 ], [ 72.947613737245788, 19.176892235048715 ], [ 72.942861165702951, 19.176839014138913 ] ] ] } },
{ "type": "Feature", "properties": { "grid_id": "MUM_001689", "locality": "Vikhroli East", "centroid_lat": 19.111333, "centroid_lon": 72.941297, "area_sqkm": 0.25 }, "geometry": { "type": "Polygon", "coordinates": [ [ [ 72.94280508221523, 19.181354841419434 ], [ 72.94274898296166, 19.18587066632228 ], [ 72.947501813234211, 19.185923914203688 ], [ 72.947557783104756, 19.181408075814687 ], [ 72.94280508221523, 19.181354841419434 ] ] ] } },
{ "type": "Feature", "properties": { "grid_id": "MUM_001690", "locality": "Vikhroli East", "centroid_lat": 19.115849, "centroid_lon": 72.941241, "area_sqkm": 0.25 }, "geometry": { "type": "Polygon", "coordinates": [ [ [ 72.94274898296166, 19.18587066632228 ], [ 72.942692867940295, 19.190386488846929 ], [ 72.947445827632208, 19.190439750215202 ], [ 72.947501813234211, 19.185923914203688 ], [ 72.94274898296166, 19.18587066632228 ] ] ] } },
{ "type": "Feature", "properties": { "grid_id": "MUM_001691", "locality": "Vikhroli East", "centroid_lat": 19.120364, "centroid_lon": 72.941185, "area_sqkm": 0.25 }, "geometry": { "type": "Polygon", "coordinates": [ [ [ 72.942692867940295, 19.190386488846929 ], [ 72.94263673714913, 19.194902308992898 ], [ 72.947389826296785, 19.194955583848753 ], [ 72.947445827632208, 19.190439750215202 ], [ 72.942692867940295, 19.190386488846929 ] ] ] } },
{ "type": "Feature", "properties": { "grid_id": "MUM_001692", "locality": "Vikhroli East", "centroid_lat": 19.12488, "centroid_lon": 72.941129, "area_sqkm": 0.25 }, "geometry": { "type": "Polygon", "coordinates": [ [ [ 72.94263673714913, 19.194902308992898 ], [ 72.942580590586203, 19.199418126759717 ], [ 72.947333809225938, 19.199471415103861 ], [ 72.947389826296785, 19.194955583848753 ], [ 72.94263673714913, 19.194902308992898 ] ] ] } },
{ "type": "Feature", "properties": { "grid_id": "MUM_001693", "locality": "Vikhroli East", "centroid_lat": 19.129396, "centroid_lon": 72.941073, "area_sqkm": 0.25 }, "geometry": { "type": "Polygon", "coordinates": [ [ [ 72.942580590586203, 19.199418126759717 ], [ 72.942524428249541, 19.203933942146879 ], [ 72.947277776417721, 19.203987243980023 ], [ 72.947333809225938, 19.199471415103861 ], [ 72.942580590586203, 19.199418126759717 ] ] ] } },
{ "type": "Feature", "properties": { "grid_id": "MUM_001694", "locality": "Vikhroli East", "centroid_lat": 19.133912, "centroid_lon": 72.941018, "area_sqkm": 0.25 }, "geometry": { "type": "Polygon", "coordinates": [ [ [ 72.942524428249541, 19.203933942146879 ], [ 72.942468250137154, 19.2084497551539 ], [ 72.947221727870144, 19.208503070476755 ], [ 72.947277776417721, 19.203987243980023 ], [ 72.942524428249541, 19.203933942146879 ] ] ] } },
{ "type": "Feature", "properties": { "grid_id": "MUM_001695", "locality": "Vikhroli East", "centroid_lat": 19.138428, "centroid_lon": 72.940962, "area_sqkm": 0.25 }, "geometry": { "type": "Polygon", "coordinates": [ [ [ 72.942468250137154, 19.2084497551539 ], [ 72.942412056247093, 19.212965565780291 ], [ 72.947165663581259, 19.213018894593567 ], [ 72.947221727870144, 19.208503070476755 ], [ 72.942468250137154, 19.2084497551539 ] ] ] } },
{ "type": "Feature", "properties": { "grid_id": "MUM_001696", "locality": "Vikhroli East", "centroid_lat": 19.142944, "centroid_lon": 72.940905, "area_sqkm": 0.25 }, "geometry": { "type": "Polygon", "coordinates": [ [ [ 72.942412056247093, 19.212965565780291 ], [ 72.942355846577357, 19.217481374025571 ], [ 72.947109583549079, 19.217534716329975 ], [ 72.947165663581259, 19.213018894593567 ], [ 72.942412056247093, 19.212965565780291 ] ] ] } },
{ "type": "Feature", "properties": { "grid_id": "MUM_001697", "locality": "Mulund West", "centroid_lat": 19.147459, "centroid_lon": 72.940849, "area_sqkm": 0.25 }, "geometry": { "type": "Polygon", "coordinates": [ [ [ 72.942355846577357, 19.217481374025571 ], [ 72.942299621125983, 19.221997179889236 ], [ 72.94705348777164, 19.222050535685483 ], [ 72.947109583549079, 19.217534716329975 ], [ 72.942355846577357, 19.217481374025571 ] ] ] } },
{ "type": "Feature", "properties": { "grid_id": "MUM_001698", "locality": "Mulund West", "centroid_lat": 19.151975, "centroid_lon": 72.940793, "area_sqkm": 0.25 }, "geometry": { "type": "Polygon", "coordinates": [ [ [ 72.942299621125983, 19.221997179889236 ], [ 72.942243379890968, 19.22651298337081 ], [ 72.946997376246941, 19.22656635265961 ], [ 72.94705348777164, 19.222050535685483 ], [ 72.942299621125983, 19.221997179889236 ] ] ] } },
{ "type": "Feature", "properties": { "grid_id": "MUM_001699", "locality": "Mulund West", "centroid_lat": 19.156491, "centroid_lon": 72.940737, "area_sqkm": 0.25 }, "geometry": { "type": "Polygon", "coordinates": [ [ [ 72.942243379890968, 19.22651298337081 ], [ 72.942187122870365, 19.231028784469803 ], [ 72.946941248973033, 19.231082167251873 ], [ 72.946997376246941, 19.22656635265961 ], [ 72.942243379890968, 19.22651298337081 ] ] ] } },
{ "type": "Feature", "properties": { "grid_id": "MUM_001700", "locality": "Mulund West", "centroid_lat": 19.161007, "centroid_lon": 72.940681, "area_sqkm": 0.25 }, "geometry": { "type": "Polygon", "coordinates": [ [ [ 72.942187122870365, 19.231028784469803 ], [ 72.942130850062171, 19.23554458318571 ], [ 72.946885105947942, 19.235597979461758 ], [ 72.946941248973033, 19.231082167251873 ], [ 72.942187122870365, 19.231028784469803 ] ] ] } },
{ "type": "Feature", "properties": { "grid_id": "MUM_001701", "locality": "Mulund West", "centroid_lat": 19.165523, "centroid_lon": 72.940625, "area_sqkm": 0.2079 }, "geometry": { "type": "Polygon", "coordinates": [ [ [ 72.946885105947942, 19.235597979461758 ], [ 72.942130850062171, 19.23554458318571 ], [ 72.942074561464409, 19.24006037951807 ], [ 72.944956630126825, 19.240092770815469 ], [ 72.946876966390974, 19.236252571843906 ], [ 72.946885105947942, 19.235597979461758 ] ] ] } },
{ "type": "Feature", "properties": { "grid_id": "MUM_001702", "locality": "Mulund West", "centroid_lat": 19.170039, "centroid_lon": 72.940569, "area_sqkm": 0.094 }, "geometry": { "type": "Polygon", "coordinates": [ [ [ 72.942074561464409, 19.24006037951807 ], [ 72.942018257075105, 19.244576173466371 ], [ 72.942710616791146, 19.244583960728519 ], [ 72.944956630126825, 19.240092770815469 ], [ 72.942074561464409, 19.24006037951807 ] ] ] } },
{ "type": "Feature", "properties": { "grid_id": "MUM_001703", "locality": "Mulund West", "centroid_lat": 19.174554, "centroid_lon": 72.940513, "area_sqkm": 0.0913 }, "geometry": { "type": "Polygon", "coordinates": [ [ [ 72.948283960753074, 19.122701960630145 ], [ 72.948228195212693, 19.127217829881797 ], [ 72.950747566912838, 19.127245922663995 ], [ 72.949236211036109, 19.122712580544203 ], [ 72.948283960753074, 19.122701960630145 ] ] ] } },
{ "type": "Feature", "properties": { "grid_id": "MUM_001704", "locality": "Mulund West", "centroid_lat": 19.17907, "centroid_lon": 72.940457, "area_sqkm": 0.1738 }, "geometry": { "type": "Polygon", "coordinates": [ [ [ 72.948228195212693, 19.127217829881797 ], [ 72.94817241396639, 19.131733696762328 ], [ 72.95225899386115, 19.131779257948747 ], [ 72.950747566912838, 19.127245922663995 ], [ 72.948228195212693, 19.127217829881797 ] ] ] } },
{ "type": "Feature", "properties": { "grid_id": "MUM_001705", "locality": "Mulund West", "centroid_lat": 19.183586, "centroid_lon": 72.940401, "area_sqkm": 0.2426 }, "geometry": { "type": "Polygon", "coordinates": [ [ [ 72.94817241396639, 19.131733696762328 ], [ 72.948116617012218, 19.136249561271264 ], [ 72.952868041779425, 19.136302538219422 ], [ 72.952900099630767, 19.133702107701019 ], [ 72.95225899386115, 19.131779257948747 ], [ 72.94817241396639, 19.131733696762328 ] ] ] } },
{ "type": "Feature", "properties": { "grid_id": "MUM_001706", "locality": "Mulund West", "centroid_lat": 19.188102, "centroid_lon": 72.940344, "area_sqkm": 0.25 }, "geometry": { "type": "Polygon", "coordinates": [ [ [ 72.948116617012218, 19.136249561271264 ], [ 72.948060804348174, 19.140765423408101 ], [ 72.952812358137152, 19.140818413804208 ], [ 72.952868041779425, 19.136302538219422 ], [ 72.948116617012218, 19.136249561271264 ] ] ] } },
{ "type": "Feature", "properties": { "grid_id": "MUM_001707", "locality": "Mulund West", "centroid_lat": 19.192618, "centroid_lon": 72.940288, "area_sqkm": 0.25 }, "geometry": { "type": "Polygon", "coordinates": [ [ [ 72.948060804348174, 19.140765423408101 ], [ 72.948004975972339, 19.145281283172356 ], [ 72.952756658819368, 19.145334287017128 ], [ 72.952812358137152, 19.140818413804208 ], [ 72.948060804348174, 19.140765423408101 ] ] ] } },
{ "type": "Feature", "properties": { "grid_id": "MUM_001708", "locality": "Mulund West", "centroid_lat": 19.197134, "centroid_lon": 72.940232, "area_sqkm": 0.25 }, "geometry": { "type": "Polygon", "coordinates": [ [ [ 72.948004975972339, 19.145281283172356 ], [ 72.947949131882723, 19.149797140563539 ], [ 72.952700943824127, 19.149850157857667 ], [ 72.952756658819368, 19.145334287017128 ], [ 72.948004975972339, 19.145281283172356 ] ] ] } },
{ "type": "Feature", "properties": { "grid_id": "MUM_001709", "locality": "Mulund West", "centroid_lat": 19.201649, "centroid_lon": 72.940176, "area_sqkm": 0.25 }, "geometry": { "type": "Polygon", "coordinates": [ [ [ 72.947949131882723, 19.149797140563539 ], [ 72.947893272077366, 19.154312995581162 ], [ 72.952645213149452, 19.154366026325363 ], [ 72.952700943824127, 19.149850157857667 ], [ 72.947949131882723, 19.149797140563539 ] ] ] } },
{ "type": "Feature", "properties": { "grid_id": "MUM_001710", "locality": "Mulund West", "centroid_lat": 19.206165, "centroid_lon": 72.94012, "area_sqkm": 0.25 }, "geometry": { "type": "Polygon", "coordinates": [ [ [ 72.947893272077366, 19.154312995581162 ], [ 72.947837396554306, 19.158828848224726 ], [ 72.952589466793412, 19.158881892419711 ], [ 72.952645213149452, 19.154366026325363 ], [ 72.947893272077366, 19.154312995581162 ] ] ] } },
{ "type": "Feature", "properties": { "grid_id": "MUM_001711", "locality": "Mulund West", "centroid_lat": 19.210681, "centroid_lon": 72.940063, "area_sqkm": 0.25 }, "geometry": { "type": "Polygon", "coordinates": [ [ [ 72.947837396554306, 19.158828848224726 ], [ 72.947781505311582, 19.163344698493759 ], [ 72.952533704754018, 19.163397756140228 ], [ 72.952589466793412, 19.158881892419711 ], [ 72.947837396554306, 19.158828848224726 ] ] ] } },
{ "type": "Feature", "properties": { "grid_id": "MUM_001712", "locality": "Mulund West", "centroid_lat": 19.215197, "centroid_lon": 72.940007, "area_sqkm": 0.25 }, "geometry": { "type": "Polygon", "coordinates": [ [ [ 72.947781505311582, 19.163344698493759 ], [ 72.947725598347233, 19.167860546387761 ], [ 72.952477927029321, 19.167913617486416 ], [ 72.952533704754018, 19.163397756140228 ], [ 72.947781505311582, 19.163344698493759 ] ] ] } },
{ "type": "Feature", "properties": { "grid_id": "MUM_001713", "locality": "Mulund West", "centroid_lat": 19.219713, "centroid_lon": 72.939951, "area_sqkm": 0.25 }, "geometry": { "type": "Polygon", "coordinates": [ [ [ 72.947725598347233, 19.167860546387761 ], [ 72.947669675659299, 19.172376391906241 ], [ 72.952422133617347, 19.172429476457793 ], [ 72.952477927029321, 19.167913617486416 ], [ 72.947725598347233, 19.167860546387761 ] ] ] } },
{ "type": "Feature", "properties": { "grid_id": "MUM_001714", "locality": "Mulund West", "centroid_lat": 19.224228, "centroid_lon": 72.939895, "area_sqkm": 0.25 }, "geometry": { "type": "Polygon", "coordinates": [ [ [ 72.947669675659299, 19.172376391906241 ], [ 72.947613737245788, 19.176892235048715 ], [ 72.952366324516149, 19.176945333053876 ], [ 72.952422133617347, 19.172429476457793 ], [ 72.947669675659299, 19.172376391906241 ] ] ] } },
{ "type": "Feature", "properties": { "grid_id": "MUM_001715", "locality": "Mulund West", "centroid_lat": 19.228744, "centroid_lon": 72.939838, "area_sqkm": 0.25 }, "geometry": { "type": "Polygon", "coordinates": [ [ [ 72.947613737245788, 19.176892235048715 ], [ 72.947557783104756, 19.181408075814687 ], [ 72.952310499723765, 19.181461187274163 ], [ 72.952366324516149, 19.176945333053876 ], [ 72.947613737245788, 19.176892235048715 ] ] ] } },
{ "type": "Feature", "properties": { "grid_id": "MUM_001716", "locality": "Mulund West", "centroid_lat": 19.23326, "centroid_lon": 72.939782, "area_sqkm": 0.25 }, "geometry": { "type": "Polygon", "coordinates": [ [ [ 72.947557783104756, 19.181408075814687 ], [ 72.947501813234211, 19.185923914203688 ], [ 72.952254659238235, 19.185977039118185 ], [ 72.952310499723765, 19.181461187274163 ], [ 72.947557783104756, 19.181408075814687 ] ] ] } },
{ "type": "Feature", "properties": { "grid_id": "MUM_001717", "locality": "Mulund West", "centroid_lat": 19.237776, "centroid_lon": 72.939726, "area_sqkm": 0.25 }, "geometry": { "type": "Polygon", "coordinates": [ [ [ 72.947501813234211, 19.185923914203688 ], [ 72.947445827632208, 19.190439750215202 ], [ 72.95219880305757, 19.190492888585432 ], [ 72.952254659238235, 19.185977039118185 ], [ 72.947501813234211, 19.185923914203688 ] ] ] } },
{ "type": "Feature", "properties": { "grid_id": "MUM_001718", "locality": "Mulund West", "centroid_lat": 19.242292, "centroid_lon": 72.939669, "area_sqkm": 0.25 }, "geometry": { "type": "Polygon", "coordinates": [ [ [ 72.947445827632208, 19.190439750215202 ], [ 72.947389826296785, 19.194955583848753 ], [ 72.952142931179836, 19.195008735675426 ], [ 72.95219880305757, 19.190492888585432 ], [ 72.947445827632208, 19.190439750215202 ] ] ] } },
{ "type": "Feature", "properties": { "grid_id": "MUM_001719", "locality": "Mulund West", "centroid_lat": 19.246656, "centroid_lon": 72.939388, "area_sqkm": 0.25 }, "geometry": { "type": "Polygon", "coordinates": [ [ [ 72.947389826296785, 19.194955583848753 ], [ 72.947333809225938, 19.199471415103861 ], [ 72.952087043603044, 19.199524580387678 ], [ 72.952142931179836, 19.195008735675426 ], [ 72.947389826296785, 19.194955583848753 ] ] ] } },
{ "type": "Feature", "properties": { "grid_id": "MUM_001720", "locality": "Mulund West", "centroid_lat": 19.250928, "centroid_lon": 72.938357, "area_sqkm": 0.25 }, "geometry": { "type": "Polygon", "coordinates": [ [ [ 72.947333809225938, 19.199471415103861 ], [ 72.947277776417721, 19.203987243980023 ], [ 72.952031140325246, 19.2040404227217 ], [ 72.952087043603044, 19.199524580387678 ], [ 72.947333809225938, 19.199471415103861 ] ] ] } },
{ "type": "Feature", "properties": { "grid_id": "MUM_001721", "locality": "Mumbai Central", "centroid_lat": null, "centroid_lon": null, "area_sqkm": 0.25 }, "geometry": { "type": "Polygon", "coordinates": [ [ [ 72.947277776417721, 19.203987243980023 ], [ 72.947221727870144, 19.208503070476755 ], [ 72.951975221344455, 19.208556262676993 ], [ 72.952031140325246, 19.2040404227217 ], [ 72.947277776417721, 19.203987243980023 ] ] ] } },
{ "type": "Feature", "properties": { "grid_id": "MUM_001722", "locality": "Mumbai Central", "centroid_lat": null, "centroid_lon": null, "area_sqkm": 0.25 }, "geometry": { "type": "Polygon", "coordinates": [ [ [ 72.947221727870144, 19.208503070476755 ], [ 72.947165663581259, 19.213018894593567 ], [ 72.951919286658722, 19.213072100253083 ], [ 72.951975221344455, 19.208556262676993 ], [ 72.947221727870144, 19.208503070476755 ] ] ] } },
{ "type": "Feature", "properties": { "grid_id": "MUM_001723", "locality": "Vikhroli East", "centroid_lat": 19.1117, "centroid_lon": 72.944619, "area_sqkm": 0.25 }, "geometry": { "type": "Polygon", "coordinates": [ [ [ 72.947165663581259, 19.213018894593567 ], [ 72.947109583549079, 19.217534716329975 ], [ 72.951863336266072, 19.217587935449473 ], [ 72.951919286658722, 19.213072100253083 ], [ 72.947165663581259, 19.213018894593567 ] ] ] } },
{ "type": "Feature", "properties": { "grid_id": "MUM_001724", "locality": "Vikhroli East", "centroid_lat": 19.11607, "centroid_lon": 72.945321, "area_sqkm": 0.25 }, "geometry": { "type": "Polygon", "coordinates": [ [ [ 72.947109583549079, 19.217534716329975 ], [ 72.94705348777164, 19.222050535685483 ], [ 72.951807370164531, 19.222103768265679 ], [ 72.951863336266072, 19.217587935449473 ], [ 72.947109583549079, 19.217534716329975 ] ] ] } },
{ "type": "Feature", "properties": { "grid_id": "MUM_001725", "locality": "Vikhroli East", "centroid_lat": 19.12046, "centroid_lon": 72.945879, "area_sqkm": 0.25 }, "geometry": { "type": "Polygon", "coordinates": [ [ [ 72.951807370164531, 19.222103768265679 ], [ 72.94705348777164, 19.222050535685483 ], [ 72.946997376246941, 19.22656635265961 ], [ 72.951693878183605, 19.226618955311455 ], [ 72.951752858950343, 19.226500987623535 ], [ 72.951807370164531, 19.222103768265679 ] ] ] } },
{ "type": "Feature", "properties": { "grid_id": "MUM_001726", "locality": "Vikhroli East", "centroid_lat": 19.124933, "centroid_lon": 72.945881, "area_sqkm": 0.1894 }, "geometry": { "type": "Polygon", "coordinates": [ [ [ 72.946997376246941, 19.22656635265961 ], [ 72.946941248973033, 19.231082167251873 ], [ 72.949448260775597, 19.231110268085814 ], [ 72.951693878183605, 19.226618955311455 ], [ 72.946997376246941, 19.22656635265961 ] ] ] } },
{ "type": "Feature", "properties": { "grid_id": "MUM_001727", "locality": "Vikhroli East", "centroid_lat": 19.129449, "centroid_lon": 72.945825, "area_sqkm": 0.0743 }, "geometry": { "type": "Polygon", "coordinates": [ [ [ 72.946941248973033, 19.231082167251873 ], [ 72.946885105947942, 19.235597979461758 ], [ 72.947202511439158, 19.235601539927522 ], [ 72.949448260775597, 19.231110268085814 ], [ 72.946941248973033, 19.231082167251873 ] ] ] } },
{ "type": "Feature", "properties": { "grid_id": "MUM_001728", "locality": "Vikhroli East", "centroid_lat": 19.133965, "centroid_lon": 72.945769, "area_sqkm": 0.088 }, "geometry": { "type": "Polygon", "coordinates": [ [ [ 72.952868041779425, 19.136302538219422 ], [ 72.952812358137152, 19.140818413804208 ], [ 72.955140687043865, 19.140844335010247 ], [ 72.955, 19.14 ], [ 72.953770491914327, 19.136312586388442 ], [ 72.952868041779425, 19.136302538219422 ] ] ] } },
{ "type": "Feature", "properties": { "grid_id": "MUM_001729", "locality": "Vikhroli East", "centroid_lat": 19.138481, "centroid_lon": 72.945713, "area_sqkm": 0.1438 }, "geometry": { "type": "Polygon", "coordinates": [ [ [ 72.952812358137152, 19.140818413804208 ], [ 72.952756658819368, 19.145334287017128 ], [ 72.955894662277146, 19.145369223307153 ], [ 72.955140687043865, 19.140844335010247 ], [ 72.952812358137152, 19.140818413804208 ] ] ] } },
{ "type": "Feature", "properties": { "grid_id": "MUM_001730", "locality": "Mulund West", "centroid_lat": 19.142997, "centroid_lon": 72.945657, "area_sqkm": 0.1864 }, "geometry": { "type": "Polygon", "coordinates": [ [ [ 72.952756658819368, 19.145334287017128 ], [ 72.952700943824127, 19.149850157857667 ], [ 72.956648666297056, 19.149894110241089 ], [ 72.955894662277146, 19.145369223307153 ], [ 72.952756658819368, 19.145334287017128 ] ] ] } },
{ "type": "Feature", "properties": { "grid_id": "MUM_001731", "locality": "Mulund West", "centroid_lat": 19.147513, "centroid_lon": 72.945601, "area_sqkm": 0.229 }, "geometry": { "type": "Polygon", "coordinates": [ [ [ 72.952700943824127, 19.149850157857667 ], [ 72.952645213149452, 19.154366026325363 ], [ 72.957397169902947, 19.154418934318826 ], [ 72.957397549663966, 19.154388094960051 ], [ 72.956648666297056, 19.149894110241089 ], [ 72.952700943824127, 19.149850157857667 ] ] ] } },
{ "type": "Feature", "properties": { "grid_id": "MUM_001732", "locality": "Mulund West", "centroid_lat": 19.152029, "centroid_lon": 72.945545, "area_sqkm": 0.25 }, "geometry": { "type": "Polygon", "coordinates": [ [ [ 72.952645213149452, 19.154366026325363 ], [ 72.952589466793412, 19.158881892419711 ], [ 72.95734155271586, 19.158934813832825 ], [ 72.957397169902947, 19.154418934318826 ], [ 72.952645213149452, 19.154366026325363 ] ] ] } },
{ "type": "Feature", "properties": { "grid_id": "MUM_001733", "locality": "Mulund West", "centroid_lat": 19.156544, "centroid_lon": 72.945489, "area_sqkm": 0.25 }, "geometry": { "type": "Polygon", "coordinates": [ [ [ 72.952589466793412, 19.158881892419711 ], [ 72.952533704754018, 19.163397756140228 ], [ 72.957285919881755, 19.163450690973693 ], [ 72.95734155271586, 19.158934813832825 ], [ 72.952589466793412, 19.158881892419711 ] ] ] } },
{ "type": "Feature", "properties": { "grid_id": "MUM_001734", "locality": "Mulund West", "centroid_lat": 19.16106, "centroid_lon": 72.945433, "area_sqkm": 0.25 }, "geometry": { "type": "Polygon", "coordinates": [ [ [ 72.952533704754018, 19.163397756140228 ], [ 72.952477927029321, 19.167913617486416 ], [ 72.957230271398657, 19.167966565740947 ], [ 72.957285919881755, 19.163450690973693 ], [ 72.952533704754018, 19.163397756140228 ] ] ] } },
{ "type": "Feature", "properties": { "grid_id": "MUM_001735", "locality": "Mulund West", "centroid_lat": 19.165576, "centroid_lon": 72.945377, "area_sqkm": 0.25 }, "geometry": { "type": "Polygon", "coordinates": [ [ [ 72.952477927029321, 19.167913617486416 ], [ 72.952422133617347, 19.172429476457793 ], [ 72.957174607264633, 19.172482438134093 ], [ 72.957230271398657, 19.167966565740947 ], [ 72.952477927029321, 19.167913617486416 ] ] ] } },
{ "type": "Feature", "properties": { "grid_id": "MUM_001736", "locality": "Mulund West", "centroid_lat": 19.170092, "centroid_lon": 72.945321, "area_sqkm": 0.25 }, "geometry": { "type": "Polygon", "coordinates": [ [ [ 72.952422133617347, 19.172429476457793 ], [ 72.952366324516149, 19.176945333053876 ], [ 72.957118927477723, 19.176998308152651 ], [ 72.957174607264633, 19.172482438134093 ], [ 72.952422133617347, 19.172429476457793 ] ] ] } },
{ "type": "Feature", "properties": { "grid_id": "MUM_001737", "locality": "Mulund West", "centroid_lat": 19.174608, "centroid_lon": 72.945265, "area_sqkm": 0.25 }, "geometry": { "type": "Polygon", "coordinates": [ [ [ 72.952366324516149, 19.176945333053876 ], [ 72.952310499723765, 19.181461187274163 ], [ 72.957063232035949, 19.181514175796121 ], [ 72.957118927477723, 19.176998308152651 ], [ 72.952366324516149, 19.176945333053876 ] ] ] } },
{ "type": "Feature", "properties": { "grid_id": "MUM_001738", "locality": "Mulund West", "centroid_lat": 19.179124, "centroid_lon": 72.945209, "area_sqkm": 0.25 }, "geometry": { "type": "Polygon", "coordinates": [ [ [ 72.952310499723765, 19.181461187274163 ], [ 72.952254659238235, 19.185977039118185 ], [ 72.957007520937367, 19.186030041064026 ], [ 72.957063232035949, 19.181514175796121 ], [ 72.952310499723765, 19.181461187274163 ] ] ] } },
{ "type": "Feature", "properties": { "grid_id": "MUM_001739", "locality": "Mulund West", "centroid_lat": 19.183639, "centroid_lon": 72.945153, "area_sqkm": 0.25 }, "geometry": { "type": "Polygon", "coordinates": [ [ [ 72.952254659238235, 19.185977039118185 ], [ 72.95219880305757, 19.190492888585432 ], [ 72.956951794180029, 19.190545903955861 ], [ 72.957007520937367, 19.186030041064026 ], [ 72.952254659238235, 19.185977039118185 ] ] ] } },
{ "type": "Feature", "properties": { "grid_id": "MUM_001740", "locality": "Mulund West", "centroid_lat": 19.188155, "centroid_lon": 72.945097, "area_sqkm": 0.25 }, "geometry": { "type": "Polygon", "coordinates": [ [ [ 72.95219880305757, 19.190492888585432 ], [ 72.952142931179836, 19.195008735675426 ], [ 72.95689605176193, 19.195061764471152 ], [ 72.956951794180029, 19.190545903955861 ], [ 72.95219880305757, 19.190492888585432 ] ] ] } },
{ "type": "Feature", "properties": { "grid_id": "MUM_001741", "locality": "Mulund West", "centroid_lat": 19.192671, "centroid_lon": 72.945041, "area_sqkm": 0.25 }, "geometry": { "type": "Polygon", "coordinates": [ [ [ 72.952142931179836, 19.195008735675426 ], [ 72.952087043603044, 19.199524580387678 ], [ 72.956840293681168, 19.199577622609411 ], [ 72.95689605176193, 19.195061764471152 ], [ 72.952142931179836, 19.195008735675426 ] ] ] } },
{ "type": "Feature", "properties": { "grid_id": "MUM_001742", "locality": "Mulund West", "centroid_lat": 19.197187, "centroid_lon": 72.944985, "area_sqkm": 0.25 }, "geometry": { "type": "Polygon", "coordinates": [ [ [ 72.952087043603044, 19.199524580387678 ], [ 72.952031140325246, 19.2040404227217 ], [ 72.956784519935752, 19.204093478370151 ], [ 72.956840293681168, 19.199577622609411 ], [ 72.952087043603044, 19.199524580387678 ] ] ] } },
{ "type": "Feature", "properties": { "grid_id": "MUM_001743", "locality": "Mulund West", "centroid_lat": 19.201703, "centroid_lon": 72.944929, "area_sqkm": 0.25 }, "geometry": { "type": "Polygon", "coordinates": [ [ [ 72.952031140325246, 19.2040404227217 ], [ 72.951975221344455, 19.208556262676993 ], [ 72.956728730523707, 19.208609331752868 ], [ 72.956784519935752, 19.204093478370151 ], [ 72.952031140325246, 19.2040404227217 ] ] ] } },
{ "type": "Feature", "properties": { "grid_id": "MUM_001744", "locality": "Mulund West", "centroid_lat": 19.206219, "centroid_lon": 72.944873, "area_sqkm": 0.25 }, "geometry": { "type": "Polygon", "coordinates": [ [ [ 72.951975221344455, 19.208556262676993 ], [ 72.951919286658722, 19.213072100253083 ], [ 72.956672925443101, 19.213125182757082 ], [ 72.956728730523707, 19.208609331752868 ], [ 72.951975221344455, 19.208556262676993 ] ] ] } },
{ "type": "Feature", "properties": { "grid_id": "MUM_001745", "locality": "Mulund West", "centroid_lat": 19.210734, "centroid_lon": 72.944817, "area_sqkm": 0.2478 }, "geometry": { "type": "Polygon", "coordinates": [ [ [ 72.956672925443101, 19.213125182757082 ], [ 72.951919286658722, 19.213072100253083 ], [ 72.951863336266072, 19.217587935449473 ], [ 72.956184717404085, 19.217636207049296 ], [ 72.95662812980197, 19.216749210540595 ], [ 72.956672925443101, 19.213125182757082 ] ] ] } },
{ "type": "Feature", "properties": { "grid_id": "MUM_001746", "locality": "Mulund West", "centroid_lat": 19.21525, "centroid_lon": 72.944761, "area_sqkm": 0.1697 }, "geometry": { "type": "Polygon", "coordinates": [ [ [ 72.951863336266072, 19.217587935449473 ], [ 72.951807370164531, 19.222103768265679 ], [ 72.953939363710617, 19.222127601625576 ], [ 72.956184717404085, 19.217636207049296 ], [ 72.951863336266072, 19.217587935449473 ] ] ] } },
{ "type": "Feature", "properties": { "grid_id": "MUM_001747", "locality": "Mulund West", "centroid_lat": 19.219766, "centroid_lon": 72.944705, "area_sqkm": 0.0546 }, "geometry": { "type": "Polygon", "coordinates": [ [ [ 72.951807370164531, 19.222103768265679 ], [ 72.951752858950343, 19.226500987623535 ], [ 72.953939363710617, 19.222127601625576 ], [ 72.951807370164531, 19.222103768265679 ] ] ] } },
{ "type": "Feature", "properties": { "grid_id": "MUM_001748", "locality": "Mulund West", "centroid_lat": 19.224282, "centroid_lon": 72.944648, "area_sqkm": 0.0642 }, "geometry": { "type": "Polygon", "coordinates": [ [ [ 72.95734155271586, 19.158934813832825 ], [ 72.957285919881755, 19.163450690973693 ], [ 72.958910851242564, 19.163468762836544 ], [ 72.958156760763174, 19.158943880008625 ], [ 72.95734155271586, 19.158934813832825 ] ] ] } },
{ "type": "Feature", "properties": { "grid_id": "MUM_001749", "locality": "Mulund West", "centroid_lat": 19.228798, "centroid_lon": 72.944592, "area_sqkm": 0.1068 }, "geometry": { "type": "Polygon", "coordinates": [ [ [ 72.957285919881755, 19.163450690973693 ], [ 72.957230271398657, 19.167966565740947 ], [ 72.959664970575005, 19.167993644290092 ], [ 72.958910851242564, 19.163468762836544 ], [ 72.957285919881755, 19.163450690973693 ] ] ] } },
{ "type": "Feature", "properties": { "grid_id": "MUM_001750", "locality": "Mulund West", "centroid_lat": 19.233313, "centroid_lon": 72.944536, "area_sqkm": 0.1494 }, "geometry": { "type": "Polygon", "coordinates": [ [ [ 72.957230271398657, 19.167966565740947 ], [ 72.957174607264633, 19.172482438134093 ], [ 72.960419118777082, 19.172518524366424 ], [ 72.959664970575005, 19.167993644290092 ], [ 72.957230271398657, 19.167966565740947 ] ] ] } },
{ "type": "Feature", "properties": { "grid_id": "MUM_001751", "locality": "Mulund West", "centroid_lat": 19.237629, "centroid_lon": 72.944127, "area_sqkm": 0.192 }, "geometry": { "type": "Polygon", "coordinates": [ [ [ 72.957174607264633, 19.172482438134093 ], [ 72.957118927477723, 19.176998308152651 ], [ 72.961173295865407, 19.177043403062694 ], [ 72.960419118777082, 19.172518524366424 ], [ 72.957174607264633, 19.172482438134093 ] ] ] } },
{ "type": "Feature", "properties": { "grid_id": "MUM_001752", "locality": "Mulund West", "centroid_lat": 19.241869, "centroid_lon": 72.943058, "area_sqkm": 0.2342 }, "geometry": { "type": "Polygon", "coordinates": [ [ [ 72.957118927477723, 19.176998308152651 ], [ 72.957063232035949, 19.181514175796121 ], [ 72.961815980004928, 19.181567041378809 ], [ 72.961823633315504, 19.180945128902106 ], [ 72.961173295865407, 19.177043403062694 ], [ 72.957118927477723, 19.176998308152651 ] ] ] } },
{ "type": "Feature", "properties": { "grid_id": "MUM_001753", "locality": "Mumbai Central", "centroid_lat": null, "centroid_lon": null, "area_sqkm": 0.25 }, "geometry": { "type": "Polygon", "coordinates": [ [ [ 72.957063232035949, 19.181514175796121 ], [ 72.957007520937367, 19.186030041064026 ], [ 72.961760398295269, 19.18608292003946 ], [ 72.961815980004928, 19.181567041378809 ], [ 72.957063232035949, 19.181514175796121 ] ] ] } },
{ "type": "Feature", "properties": { "grid_id": "MUM_001754", "locality": "Mumbai Central", "centroid_lat": null, "centroid_lon": null, "area_sqkm": 0.25 }, "geometry": { "type": "Polygon", "coordinates": [ [ [ 72.957007520937367, 19.186030041064026 ], [ 72.956951794180029, 19.190545903955861 ], [ 72.96170480096319, 19.190598796324757 ], [ 72.961760398295269, 19.18608292003946 ], [ 72.957007520937367, 19.186030041064026 ] ] ] } },
{ "type": "Feature", "properties": { "grid_id": "MUM_001755", "locality": "Vikhroli East", "centroid_lat": 19.12531, "centroid_lon": 72.949179, "area_sqkm": 0.25 }, "geometry": { "type": "Polygon", "coordinates": [ [ [ 72.956951794180029, 19.190545903955861 ], [ 72.95689605176193, 19.195061764471152 ], [ 72.961649188006731, 19.195114670234204 ], [ 72.96170480096319, 19.190598796324757 ], [ 72.956951794180029, 19.190545903955861 ] ] ] } },
{ "type": "Feature", "properties": { "grid_id": "MUM_001756", "locality": "Vikhroli East", "centroid_lat": 19.129673, "centroid_lon": 72.949881, "area_sqkm": 0.25 }, "geometry": { "type": "Polygon", "coordinates": [ [ [ 72.95689605176193, 19.195061764471152 ], [ 72.956840293681168, 19.199577622609411 ], [ 72.961593559423946, 19.199630541767327 ], [ 72.961649188006731, 19.195114670234204 ], [ 72.95689605176193, 19.195061764471152 ] ] ] } },
{ "type": "Feature", "properties": { "grid_id": "MUM_001757", "locality": "Vikhroli East", "centroid_lat": 19.134067, "centroid_lon": 72.950454, "area_sqkm": 0.25 }, "geometry": { "type": "Polygon", "coordinates": [ [ [ 72.956840293681168, 19.199577622609411 ], [ 72.956784519935752, 19.204093478370151 ], [ 72.961537915212872, 19.204146410923634 ], [ 72.961593559423946, 19.199630541767327 ], [ 72.956840293681168, 19.199577622609411 ] ] ] } },
{ "type": "Feature", "properties": { "grid_id": "MUM_001758", "locality": "Vikhroli East", "centroid_lat": 19.138534, "centroid_lon": 72.950464, "area_sqkm": 0.2422 }, "geometry": { "type": "Polygon", "coordinates": [ [ [ 72.961537915212872, 19.204146410923634 ], [ 72.956784519935752, 19.204093478370151 ], [ 72.956728730523707, 19.208609331752868 ], [ 72.960675029480086, 19.208653295309993 ], [ 72.961502779431342, 19.206997240811258 ], [ 72.961537915212872, 19.204146410923634 ] ] ] } },
{ "type": "Feature", "properties": { "grid_id": "MUM_001759", "locality": "Mulund West", "centroid_lat": 19.14305, "centroid_lon": 72.950409, "area_sqkm": 0.15 }, "geometry": { "type": "Polygon", "coordinates": [ [ [ 72.956728730523707, 19.208609331752868 ], [ 72.956672925443101, 19.213125182757082 ], [ 72.958429939311429, 19.21314477160373 ], [ 72.960675029480086, 19.208653295309993 ], [ 72.956728730523707, 19.208609331752868 ] ] ] } },
{ "type": "Feature", "properties": { "grid_id": "MUM_001760", "locality": "Mulund West", "centroid_lat": 19.147566, "centroid_lon": 72.950353, "area_sqkm": 0.0371 }, "geometry": { "type": "Polygon", "coordinates": [ [ [ 72.956672925443101, 19.213125182757082 ], [ 72.95662812980197, 19.216749210540595 ], [ 72.958429939311429, 19.21314477160373 ], [ 72.956672925443101, 19.213125182757082 ] ] ] } },
{ "type": "Feature", "properties": { "grid_id": "MUM_001761", "locality": "Mulund West", "centroid_lat": 19.152082, "centroid_lon": 72.950297, "area_sqkm": 0.0272 }, "geometry": { "type": "Polygon", "coordinates": [ [ [ 72.961815980004928, 19.181567041378809 ], [ 72.961760398295269, 19.18608292003946 ], [ 72.962681736767223, 19.186093156303649 ], [ 72.961927501856579, 19.181568280376048 ], [ 72.961815980004928, 19.181567041378809 ] ] ] } },
{ "type": "Feature", "properties": { "grid_id": "MUM_001762", "locality": "Mulund West", "centroid_lat": 19.156597, "centroid_lon": 72.950241, "area_sqkm": 0.0698 }, "geometry": { "type": "Polygon", "coordinates": [ [ [ 72.961760398295269, 19.18608292003946 ], [ 72.96170480096319, 19.190598796324757 ], [ 72.963436000613967, 19.190618030842629 ], [ 72.962681736767223, 19.186093156303649 ], [ 72.961760398295269, 19.18608292003946 ] ] ] } },
{ "type": "Feature", "properties": { "grid_id": "MUM_001763", "locality": "Mulund West", "centroid_lat": 19.161113, "centroid_lon": 72.950186, "area_sqkm": 0.1124 }, "geometry": { "type": "Polygon", "coordinates": [ [ [ 72.96170480096319, 19.190598796324757 ], [ 72.961649188006731, 19.195114670234204 ], [ 72.964190293413395, 19.195142903990149 ], [ 72.963436000613967, 19.190618030842629 ], [ 72.96170480096319, 19.190598796324757 ] ] ] } },
{ "type": "Feature", "properties": { "grid_id": "MUM_001764", "locality": "Mulund West", "centroid_lat": 19.165629, "centroid_lon": 72.95013, "area_sqkm": 0.155 }, "geometry": { "type": "Polygon", "coordinates": [ [ [ 72.961649188006731, 19.195114670234204 ], [ 72.961593559423946, 19.199630541767327 ], [ 72.964944615182148, 19.199667775743368 ], [ 72.964190293413395, 19.195142903990149 ], [ 72.961649188006731, 19.195114670234204 ] ] ] } },
{ "type": "Feature", "properties": { "grid_id": "MUM_001765", "locality": "Mulund West", "centroid_lat": 19.170145, "centroid_lon": 72.950074, "area_sqkm": 0.1298 }, "geometry": { "type": "Polygon", "coordinates": [ [ [ 72.961593559423946, 19.199630541767327 ], [ 72.961537915212872, 19.204146410923634 ], [ 72.962919987957463, 19.204161778189217 ], [ 72.965, 19.2 ], [ 72.964944615182148, 19.199667775743368 ], [ 72.961593559423946, 19.199630541767327 ] ] ] } }
]
}
